"Title","Collateral Type","Collateral Manager","Bloomberg Deal Name","Intex Deal","Intex Preprice","Deal Documents"
" AGL CLO 29","BSL","AGL CLO Credit Management LLC",,,,
" GoldenTree Loan Management US CLO 28","BSL","GoldenTree Loan Management II, LP",,,,
"1988 CLO 2","BSL",,,,,
"1988 CLO 3","BSL","1988 Asset Management, LLC","MUZ88 2023-3A",,,"/:f:/r/sites/abs-struc-credit/CLO%20Deal%20Documents/1988%20CLO%203?csf=1&web=1&e=RE2wuF"
"1988 CLO 5","BSL",,,,,
"1988 CLO 6","BSL",,,,,
"1988 CLO 7","BSL","1988 CLO LP",,,,"/:f:/r/sites/abs-struc-credit/CLO%20Deal%20Documents/1988%20CLO%207?csf=1&web=1&e=JIVXTG"
"37 Capital CLO  1","BSL","The Putnam Advisory Company, LLC","PUTNM 2021-1A","capc37c1",,
"37 Capital CLO 2","BSL","The Putnam Advisory Company, LLC","PUTNM 2022-1A","capc37c2","citiputnam37capitalrefipricing|9Y3X
",
"37 Capital CLO 3","BSL","The Putnam Advisory Company, LLC","PUTNM 2023-1A","capc37c3",,
"37 Capital CLO 4","BSL","Franklin Advisers, Inc.","PUTNM 2023-2A",,,
"522 Funding CLO 2019-5","BSL","Morgan Stanley | Eaton Vance CLO Manager LLC","MORGN 2019-5A",,,"/:f:/r/sites/abs-struc-credit/CLO%20Deal%20Documents/522%20Funding%20CLO%202019-5?csf=1&web=1&e=9VULo3"
"720 East CLO 2022-I","BSL","Northwestern Mutual Investment Management Company, LLC","NWML 2022-1A","e72022i",,
"720 East CLO 2023-I","BSL","Northwestern Mutual Investment Management Company, LLC","NWML 2023-IA","e720231",,
"720 East CLO 2023-II","BSL","Northwestern Mutual Investment Management Company, LLC","NWML 2023-2A","e720232",,"/:f:/r/sites/abs-struc-credit/CLO%20Deal%20Documents/720%20East%20CLO%202023-II?csf=1&web=1&e=aSEvFz"
"720 East CLO IV","BSL","Northwestern Mutual Investment Management Company, LLC","NWML 2024-1A","e720244",,"/:f:/r/sites/abs-struc-credit/CLO%20Deal%20Documents/720%20East%20CLO%20IV?csf=1&web=1&e=EXTIO8"
"720 East CLO IX","BSL","Northwestern Mutual Investment Management Company, LLC","NWML 2026-1A",,,"/:f:/r/sites/abs-struc-credit/CLO%20Deal%20Documents/720%20East%20CLO%20IX?csf=1&web=1&e=BiibKI"
"720 East CLO V","BSL","Northwestern Mutual Investment Management Company, LLC","NWML 2024-2A","e720245",,
"720 East CLO VI","BSL","Northwestern Mutual Investment Management Company, LLC","NWML 2024-3A",,,
"720 East CLO VII","BSL","Northwestern Mutual Investment Management Company, LLC",,,,
"720 East CLO VIII","BSL","Northwestern Mutual Investment Management Company, LLC","NWML 2025-8A",,,"/:f:/r/sites/abs-struc-credit/CLO%20Deal%20Documents/720%20East%20CLO%20VIII?csf=1&web=1&e=5SGi8z"
"AB BSL CLO 1","BSL","AB Broadly Syndicated Loan Manager LLC","ABBSL 2020-1A",,,"/:f:/r/sites/abs-struc-credit/CLO%20Deal%20Documents/AB%20BSL%20CLO%201?csf=1&web=1&e=FK8PaI"
"AB BSL CLO 3","BSL",,,,,
"AB BSL CLO 4","BSL",,,,,
"AB BSL CLO 5","BSL",,,,,
"AB BSL CLO 6","BSL",,,,,
"ABPCI Direct Lending Fund CLO 21","MM",,,,,
"ABPCI Direct Lending Fund CLO 22","MM"," AB Private Credit Investors LLC",,,,
"ABPCI Direct Lending Fund CLO II","MM",,,,,
"ABPCI Direct Lending Fund CLO VI","MM",,,,,
"ABPCI Direct Lending Fund CLO XI","MM",,,,,
"ABPCI Direct Lending Fund CLO XII","MM",,,,,
"ABPCI Direct Lending Fund CLO XIX","MM",,,,,
"ABPCI Direct Lending Fund CLO XVI","MM"," AB Private Credit Investors LLC","ABPCI 2023-16A",,,"/:f:/r/sites/abs-struc-credit/CLO%20Deal%20Documents/ABPCI%20Direct%20Lending%20Fund%20XVI?csf=1&web=1&e=jPU7MS"
"ABPCI Direct Lending Fund CLO XVII","MM",,,,,
"ABPCI Direct Lending Fund CLO XVIII","MM",,,,,
"ABPCI Direct Lending Fund CLO XX","MM",,,,,
"ABPCI Direct Lending Fund CLO XXI","MM",,,,,
"Abry Liquid Credit CLO 2025-1","BSL","Abry Partners III, LLC","ALC 2025-1A",,,"/:f:/r/sites/abs-struc-credit/CLO%20Deal%20Documents/Abry%20Liquid%20Credit%20CLO%202025-1?csf=1&web=1&e=yLRfpQ"
"Abry Liquid Credit CLO 2025-2","BSL","Abry Partners III, LLC","ALC 2025-2A",,,"/:f:/r/sites/abs-struc-credit/CLO%20Deal%20Documents/Abry%20Liquid%20Credit%20CLO%202025-2?csf=1&web=1&e=Kv5CFU"
"Abry Liquid Credit CLO 2026-3","BSL","Abry Partners III, LLC","ALC 2026-3A",,,"/:f:/r/sites/abs-struc-credit/CLO%20Deal%20Documents/Abry%20Liquid%20Credit%20CLO%202026-3?csf=1&web=1&e=UEz0l8"
"ADL CLO 2","MM","Apollo Debt Solutions BDC",,,,"/:f:/r/sites/abs-struc-credit/CLO%20Deal%20Documents/ADL%20CLO%202?csf=1&web=1&e=6ArzKW"
"ADS CLO 1","BSL",,,,,
"ADS CLO 2","BSL",,,,,
"AGL CLO 10","BSL","AGL CLO Credit Management LLC",,,,"/:f:/r/sites/abs-struc-credit/CLO%20Deal%20Documents/AGL%20CLO%2010?csf=1&web=1&e=8oSa6s"
"AGL CLO 11","BSL","AGL CLO Credit Management LLC","AGL 2021-11A",,,"/:f:/r/sites/abs-struc-credit/CLO%20Deal%20Documents/AGL%20CLO%2011?csf=1&web=1&e=HsJ84a"
"AGL CLO 12","BSL","AGL CLO Credit Management LLC",,,,"/:f:/r/sites/abs-struc-credit/CLO%20Deal%20Documents/AGL%20CLO%2012?csf=1&web=1&e=ILFoV3"
"AGL CLO 13","BSL","AGL CLO Credit Management LLC","AGL 2021-13A",,,"/:f:/r/sites/abs-struc-credit/CLO%20Deal%20Documents/AGL%20CLO%2013?csf=1&web=1&e=8PjDWJ"
"AGL CLO 14","BSL",,,,,
"AGL CLO 15","BSL","AGL CLO Credit Management LLC","AGL 2021-15A",,,"/:f:/r/sites/abs-struc-credit/CLO%20Deal%20Documents/AGL%20CLO%2015?csf=1&web=1&e=wi23FF"
"AGL CLO 16","BSL",,,,,
"AGL CLO 17","BSL",,,,,
"AGL CLO 19","BSL",,,,,
"AGL CLO 20","BSL",,,,,
"AGL CLO 21","BSL",,,,,
"AGL CLO 22","BSL",,,,,
"AGL CLO 23","BSL",,,,,
"AGL CLO 24","BSL",,,,,
"AGL CLO 25","BSL",,,,,
"AGL CLO 26","BSL","AGL CLO Credit Management LLC","AGL 2023-26A",,,"/:f:/r/sites/abs-struc-credit/CLO%20Deal%20Documents/AGL%20CLO%2026?csf=1&web=1&e=Uy0SmY"
"AGL CLO 3","BSL",,,,,
"AGL CLO 32","BSL",,,,,
"AGL CLO 33","BSL",,,,,
"AGL CLO 34","BSL",,,,,
"AGL CLO 35","BSL",,,,,
"AGL CLO 37","BSL",,,,,
"AGL CLO 39","BSL",,,,,
"AGL CLO 40","BSL",,,,,
"AGL CLO 41","BSL",,,,,
"AGL CLO 42","BSL",,,,,
"AGL CLO 43","BSL","AGL CLO Credit Management LLC",,,,"/:f:/r/sites/abs-struc-credit/CLO%20Deal%20Documents/AGL%20CLO%2043?csf=1&web=1&e=XyKa1G"
"AGL CLO 44","BSL","AGL CLO Credit Management LLC",,,,"/:f:/r/sites/abs-struc-credit/CLO%20Deal%20Documents/AGL%20CLO%2044?csf=1&web=1&e=kLfU6s"
"AGL CLO 45","BSL","AGL CLO Credit Management LLC","AGL 2025-45A",,,"/:f:/r/sites/abs-struc-credit/CLO%20Deal%20Documents/AGL%20CLO%2045?csf=1&web=1&e=LrfVop"
"AGL CLO 46","BSL","AGL CLO Credit Management LLC"," AGL 2025-46A",,,
"AGL CLO 5","BSL","AGL CLO Credit Management LLC",,,,
"AGL CLO 6","BSL",,,,,
"AGL CLO 7","BSL","AGL CLO Credit Management LLC","AGL 2020-7A",,,"/:f:/r/sites/abs-struc-credit/CLO%20Deal%20Documents/AGL%20CLO%207?csf=1&web=1&e=eJglWo"
"AGL CLO I","BSL",,,,,
"AGL Core CLO 15","BSL","AGL CLO Credit Management LLC","AGL 2021-15A",,,"/:f:/r/sites/abs-struc-credit/CLO%20Deal%20Documents/AGL%20Core%20CLO%2015?csf=1&web=1&e=M5m9DW"
"AGL Core CLO 2","BSL",,,,,
"AGL Core CLO 27","BSL","AGL CLO Credit Management LLC","AGL 2023-27A",,,"/:f:/r/sites/abs-struc-credit/CLO%20Deal%20Documents/AGL%20Core%20CLO%2027?csf=1&web=1&e=TExVRC"
"AGL Core CLO 31","BSL",,,,,
"AGL Core CLO 36","BSL",,,,,
"AGL Core CLO 38","BSL",,,,,
"AGL Core CLO 4","BSL",,,,,
"AGL Core CLO 8","BSL",,,,,
"AIMCO CLO 10","BSL",,,,,
"AIMCO CLO 11","BSL",,,,,
"AIMCO CLO 14","BSL","Allstate Investment Management Company","AIMCO 2021-14A",,,"/:f:/r/sites/abs-struc-credit/CLO%20Deal%20Documents/AIMCO%20CLO%2014?csf=1&web=1&e=L0wfTv"
"AIMCO CLO 15","BSL",,,,,
"AIMCO CLO 16","BSL",,,,,
"AIMCO CLO 17","BSL",,,,,
"AIMCO CLO 18","BSL",,,,,
"AIMCO CLO 19","BSL",,,,,
"AIMCO CLO 20","BSL","Allstate Investment Management Company","AIMCO 2023-20A",,,"/:f:/r/sites/abs-struc-credit/CLO%20Deal%20Documents/AIMCO%20CLO%2020?csf=1&web=1&e=nKs7Xe"
"AIMCO CLO 23","BSL",,,,,
"AIMCO CLO 24","BSL",,,,,
"AIMCO CLO 27","BSL","Allstate Investment Management Company","AIMCO 2026-27A",,"nmnaimco_clo_27_02052026_debt|2JUA","/:f:/r/sites/abs-struc-credit/CLO%20Deal%20Documents/AIMCO%20CLO%2027?csf=1&web=1&e=DYRgCU"
"AIMCO CLO 28","BSL","Allstate Investment Management Company","AIMCO 2025-28A",,,"/:f:/r/sites/abs-struc-credit/CLO%20Deal%20Documents/AIMCO%20CLO%2028?csf=1&web=1&e=H5h5Zi"
"AIMCO CLO, Series 2015-A","BSL","Allstate Investment Management Company","AIMCO 2015-AA",,,"/:f:/r/sites/abs-struc-credit/CLO%20Deal%20Documents/AIMCO%20CLO,%20Series%202015-A?csf=1&web=1&e=BvLluz"
"AIMCO CLO, Series 2017-A","BSL",,,,,
"AIMCO CLO, Series 2018-A","BSL",,,,,
"Alinea CLO","BSL",,,,,
"Allegany Park CLO","BSL","Blackstone CLO Management LLC","ALLPK 2019-1A",,,"/:f:/r/sites/abs-struc-credit/CLO%20Deal%20Documents/Allegany%20Park%20CLO?csf=1&web=1&e=VOzSMl"
"Allegro CLO VII","BSL",,,,,
"Allegro CLO VIII-S","BSL",,,,,
"Allegro CLO V-S","BSL",,,,,
"Allegro CLO X","BSL",,,,,
"Allegro CLO XI","BSL",,,,,
"Allegro CLO XII","BSL",,,,,
"Allegro CLO XIII","BSL","AXA Investment Managers US Inc.","ALLEG 2021-1A",,,"/:f:/r/sites/abs-struc-credit/CLO%20Deal%20Documents/Allegro%20CLO%20XIII?csf=1&web=1&e=Pr4qje"
"Allegro CLO XIV","BSL","AXA Investment Managers US Inc.","ALLEG 2021-2A",,,"/:f:/r/sites/abs-struc-credit/CLO%20Deal%20Documents/Allegro%20CLO%20XIV?csf=1&web=1&e=tblTpl"
"Allegro CLO XIX","BSL",,,,,
"Allegro CLO XV","BSL",,,,,
"Allegro CLO XVII","BSL",,,,,
"Allegro CLO XVIII","BSL",,,,,
"Alphite CLO 2025-1","BSL",,,,,
"AMMC CLO 22","BSL",,,,,
"AMMC CLO 23","BSL",,,,,
"AMMC CLO 24","BSL",,,,,
"AMMC CLO 25","BSL","American Money Management Corporation","AMMC 2022-25A",,,"/:f:/r/sites/abs-struc-credit/CLO%20Deal%20Documents/AMMC%20CLO%2025?csf=1&web=1&e=xeuTbu"
"AMMC CLO 26","BSL","American Money Management Corporation","AMMC 2023-26A",,,
"AMMC CLO 27","BSL",,,,,
"AMMC CLO 28","BSL","American Money Management Corporation","AMMC 2024-28A",,,
"AMMC CLO 30","BSL","American Money Management Corporation","AMMC 2024-30A",,,"/:f:/r/sites/abs-struc-credit/CLO%20Deal%20Documents/AMMC%20CLO%2030?csf=1&web=1&e=C9Sumd"
"AMMC CLO 31","BSL",,,,,
"AMMC CLO 32","BSL","American Money Management Corporation","AMMC 2025-32A",,,"/:f:/r/sites/abs-struc-credit/CLO%20Deal%20Documents/AMMC%20CLO%2032?csf=1&web=1&e=hwL3zu"
"AMMC CLO 33","BSL","American Money Management Corporation","AMMC 2025-33",,,
"AMMC CLO XIII","BSL",,,,,
"AMMC CLO XV","BSL",,,,,
"AMMC CLO XV","BSL","American Money Management Corporation","AMMC 2014-15A",,,
"Anchorage Capital CLO 10","BSL",,,,,
"Anchorage Capital CLO 11","BSL",,,,,
"Anchorage Capital CLO 13","BSL",,,,,
"Anchorage Capital CLO 15","BSL",,,,,
"Anchorage Capital CLO 16","BSL",,,,,
"Anchorage Capital CLO 17","BSL",,,,,
"Anchorage Capital CLO 19","BSL","Anchorage Capital Advisors, LP","ANCHC 2021-19A",,,"/:f:/r/sites/abs-struc-credit/CLO%20Deal%20Documents/Anchorage%20Capital%20CLO%2019?csf=1&web=1&e=pTnccC"
"Anchorage Capital CLO 20","BSL",,,,,
"Anchorage Capital CLO 2026-22 (f/k/a 610 Debt Funding CLO 2)","BSL","Anchorage Capital Advisors, LP",,,,"/:f:/r/sites/abs-struc-credit/CLO%20Deal%20Documents/Anchorage%20Capital%20CLO%202026-22%20(fka%20610%20Funding%20CLO%202)?csf=1&web=1&e=5gNq2v"
"Anchorage Capital CLO 21","BSL",,,,,
"Anchorage Capital CLO 24","BSL",,,,,
"Anchorage Capital CLO 25","BSL","Anchorage Collateral Management, LLC","ANCHC 2022-25A",,,"/:f:/r/sites/abs-struc-credit/CLO%20Deal%20Documents/Anchorage%20Capital%20CLO%2025?csf=1&web=1&e=7tWWik"
"Anchorage Capital CLO 26","BSL",,,,,
"Anchorage Capital CLO 28","BSL","Anchorage Collateral Management, LLC","ANCHC 2024-28A",,,"/:f:/r/sites/abs-struc-credit/CLO%20Deal%20Documents/Anchorage%20Capital%20CLO%2028?csf=1&web=1&e=k8bcue"
"Anchorage Capital CLO 30","BSL",,,,,
"Anchorage Capital CLO 31","BSL","Anchorage Collateral Management, LLC",,,,"/:f:/r/sites/abs-struc-credit/CLO%20Deal%20Documents/Anchorage%20Capital%20CLO%2031?csf=1&web=1&e=rjiado"
"Anchorage Capital CLO 32","BSL",,,,,
"Anchorage Capital CLO 33","BSL",,,,,
"Anchorage Capital CLO 34","BSL","Anchorage Collateral Management, LLC","ANCHC 2025-34A",,,"/:f:/r/sites/abs-struc-credit/CLO%20Deal%20Documents/Anchorage%20Capital%20CLO%2034?csf=1&web=1&e=czorvK"
"Anchorage Capital CLO 37","BSL","Anchorage Collateral Management, LLC",,,,"/:f:/r/sites/abs-struc-credit/CLO%20Deal%20Documents/Anchorage%20Capital%20CLO%2037?csf=1&web=1&e=4B6qCb"
"Anchorage Capital CLO 6","BSL","Anchorage Capital Advisors, LP","ANCHC 2015-6A",,,"/:f:/r/sites/abs-struc-credit/CLO%20Deal%20Documents/Anchorage%20Capital%20CLO%206?csf=1&web=1&e=BSm5sH"
"Anchorage Capital CLO 7","BSL",,,,,
"Anchorage Capital CLO 8","BSL","Anchorage Collateral Management, LLC","ANCHC 2016-8A",,,"/:f:/r/sites/abs-struc-credit/CLO%20Deal%20Documents/Anchorage%20Capital%20CLO%208?csf=1&web=1&e=XNoZtE"
"Anchorage Capital CLO 9","BSL",,,,,
"Annisa CLO","BSL",,,,,
"Antares CLO 2017-1","MM",,,,,
"Antares CLO 2017-2","MM",,,,,
"Antares CLO 2018-1","BSL",,,,,
"Antares CLO 2018-2","MM","Antares Capital Advisers LLC",,,,"/:f:/r/sites/abs-struc-credit/CLO%20Deal%20Documents/Antares%20CLO%202018-2?csf=1&web=1&e=CZzXnQ"
"Antares CLO 2018-3","MM",,,,,
"Antares CLO 2019-1","MM","Antares Capital Advisers LLC",,,,
"Antares CLO 2021-1","MM","Antares Capital Advisers LLC","ANTR 2021-1A",,,"/:f:/r/sites/abs-struc-credit/CLO%20Deal%20Documents/Antares%20CLO%202021-1?csf=1&web=1&e=Vk0Kan"
"Antares CLO 2023-1","MM",,,,,
"Antares CLO 2024-2","MM",,,,,
"Antares CLO 2024-3","MM",,,,,
"Antares CLO 2024-5","MM",,,,,
"Antares CLO 2024-6","MM",,,,,
"Antares CLO 2025-1","MM","Antares Capital Advisers LLC",,,"bofa_anatres25-1_debt_20251027 | B2XK",
"Antares CLO 2026-1","MM","Antares Capital Advisers LLC",,,,"/:f:/r/sites/abs-struc-credit/CLO%20Deal%20Documents/Antares%20CLO%202026-1?csf=1&web=1&e=OCeRZr"
"Anthelion CLO 2025-1","BSL",,,,,
"Anthelion CLO 2025-2","BSL","Anthelion Capital Partners LLC",,,,"/:f:/r/sites/abs-struc-credit/CLO%20Deal%20Documents/Anthelion%20CLO%202025-2?csf=1&web=1&e=Hm2pdj"
"Anthelion CLO 2026-1","BSL","Anthelion Capital Partners LLC",,,,"/:f:/r/sites/abs-struc-credit/CLO%20Deal%20Documents/Anthelion%20CLO%202026-1?csf=1&web=1&e=UdCyxR"
"Apex Credit CLO 12","BSL",,,,,
"Apex Credit CLO 13","BSL","Apex Credit Partners LLC",,,,"/:f:/r/sites/abs-struc-credit/CLO%20Deal%20Documents/Apex%20Credit%20CLO%2013?csf=1&web=1&e=yAtO6f"
"Apex Credit CLO 2018-1","BSL",,,,,
"Apex Credit CLO 2018-II","BSL",,,,,
"Apex Credit CLO 2019-1","BSL",,,,,
"Apex Credit CLO 2019-2","BSL",,,,,
"Apex Credit CLO 2020-1","BSL",,,,,
"Apex Credit CLO 2020-2","BSL","Apex Credit Partners LLC","APEXC 2020-2A",,,"/:f:/r/sites/abs-struc-credit/CLO%20Deal%20Documents/Apex%20Credit%20CLO%202020-2?csf=1&web=1&e=9J92JN"
"Apex Credit CLO 2021","BSL","Apex Credit Holdings LLC","APEXC 2021-1A",,,"/:f:/r/sites/abs-struc-credit/CLO%20Deal%20Documents/Apex%20Credit%20CLO%202021?csf=1&web=1&e=655avQ"
"Apex Credit CLO 2021-2","BSL","Apex Credit Partners LLC",,,,"/:f:/r/sites/abs-struc-credit/CLO%20Deal%20Documents/Apex%20Credit%20CLO%202021-2?csf=1&web=1&e=4LEKMI"
"Apex Credit CLO 2022-I","BSL","Apex Credit Partners LLC",,,,"/:f:/r/sites/abs-struc-credit/CLO%20Deal%20Documents/Apex%20Credit%20CLO%202022-I?csf=1&web=1&e=qO2vy5"
"Apex Credit Partners 2024-2","BSL",,,,,
"Apidos CLO L","BSL",,,,,
"Apidos CLO LI","BSL",,,,,
"Apidos CLO LII","BSL",,,,,
"Apidos CLO LIII","BSL",,,,,
"Apidos CLO LIV","BSL","CVC Credit Partners, LLC","APID 2025-54A",,,
"Apidos CLO LV","BSL","CVC Credit Partners U.S. CLO Management LLC","APID 2025-55A",,,"/:f:/r/sites/abs-struc-credit/CLO%20Deal%20Documents/Apidos%20CLO%20LV?csf=1&web=1&e=CzSDe2"
"Apidos CLO LVI","BSL","CVC Credit Partners, LLC",,,,"/:f:/r/sites/abs-struc-credit/CLO%20Deal%20Documents/Apidos%20CLO%20LVI?csf=1&web=1&e=0KaP1v"
"Apidos CLO XI","BSL",,,,,
"Apidos CLO XII","BSL",,,,,
"Apidos CLO XL","BSL",,,,,
"Apidos CLO XLI","BSL",,,,,
"Apidos CLO XLII","BSL",,,,,
"Apidos CLO XLIII","BSL",,,,,
"Apidos CLO XLIV","BSL","CVC Credit Partners, LLC","APID 2023-44A",,,
"Apidos CLO XLIX","BSL",,,,,
"Apidos CLO XLV","BSL",,,,,
"Apidos CLO XLVI","BSL","CVC Credit Partners, LLC",,,,"/:f:/r/sites/abs-struc-credit/CLO%20Deal%20Documents/Apidos%20CLO%20XLVI?csf=1&web=1&e=m1oQPl"
"Apidos CLO XLVIII","BSL",,,,,
"Apidos CLO XV","BSL","CVC Credit Partners, LLC","APID 2013-15A",,,
"Apidos CLO XVIII-R","BSL",,,,,
"Apidos CLO XX","BSL","CVC Credit Partners, LLC","APID 2015-20A",,,
"Apidos CLO XXII","BSL","CVC Credit Partners, LLC","APID 2015-22A",,,
"Apidos CLO XXIII","BSL",,,,,
"Apidos CLO XXIX","BSL",,,,,
"Apidos CLO XXV","BSL",,,,,
"Apidos CLO XXVIII","BSL","CVC Credit Partners, LLC","APID 2017-28A",,,"/:f:/r/sites/abs-struc-credit/CLO%20Deal%20Documents/Apidos%20CLO%20XXVIII?csf=1&web=1&e=2tPAUH"
"Apidos CLO XXX","BSL",,,,,
"Apidos CLO XXXI","BSL","CVC Credit Partners U.S. CLO Management LLC","APID XXXI",,,"/:f:/r/sites/abs-struc-credit/CLO%20Deal%20Documents/Apidos%20CLO%20XXXI?csf=1&web=1&e=CazdfO"
"Apidos CLO XXXII","BSL",,,,,
"Apidos CLO XXXIII","BSL","CVC Credit Partners U.S. CLO Management LLC","APID 2020-33A",,,
"Apidos CLO XXXIV","BSL","CVC Credit Partners U.S. CLO Management LLC","APID 2020-34A",,,"/:f:/r/sites/abs-struc-credit/CLO%20Deal%20Documents/Apidos%20CLO%20XXXIV?csf=1&web=1&e=JH5FHX"
"Apidos CLO XXXIX","BSL","CVC Credit Partners, LLC",,,,"/:f:/r/sites/abs-struc-credit/CLO%20Deal%20Documents/Apidos%20CLO%20XXXIX?csf=1&web=1&e=aYEGPH"
"Apidos CLO XXXV","BSL","CVC Credit Partners U.S. CLO Management LLC","APID 2021-35A",,,
"Apidos CLO XXXVI","BSL","CVC Credit Partners, LLC",,,,"/:f:/r/sites/abs-struc-credit/CLO%20Deal%20Documents/Apidos%20CLO%20XXXVI?csf=1&web=1&e=DUOOrx"
"Apidos Loan Fund 2024-1","BSL","CVC Credit Partners, LLC",,,,"/:f:/r/sites/abs-struc-credit/CLO%20Deal%20Documents/Apidos%20Loan%20Fund%202024-1?csf=1&web=1&e=9zyOIS"
"Apollo Direct Lending CLO 1","MM",,,,,
"Ares Direct Lending CLO 2","MM",,,,,
"Ares Direct Lending CLO 3","MM",,,,,
"Ares Direct Lending CLO 4","MM",,,,,
"Ares Direct Lending CLO 5","MM",,,,,
"Ares Direct Lending CLO 6","MM","Ares Capital Management LLC",,,,"/:f:/r/sites/abs-struc-credit/CLO%20Deal%20Documents/Ares%20Direct%20Lending%20CLO%206?csf=1&web=1&e=gIluFj"
"Ares Direct Lending CLO 7","MM","Ares Capital Management LLC","ARESDL 2025-3A",,,"/:f:/r/sites/abs-struc-credit/CLO%20Deal%20Documents/Ares%20Direct%20Lending%20CLO%207?csf=1&web=1&e=wQt7ZL"
"Ares III CLO","BSL","Ares CLO Management LLC","ARES 2019-53A",,,
"Ares LI CLO","BSL",,,,,
"Ares LII CLO","BSL",,,,,
"Ares LIII CLO","BSL",,"ARES 2019-53A",,,
"Ares LIV CLO","BSL",,,,,
"Ares LIX CLO","BSL","Ares CLO Management LLC","ARES 2021-59A","ares59",,
"Ares Loan Funding I","BSL","Ares CLO Management LLC",,,,"/:f:/r/sites/abs-struc-credit/CLO%20Deal%20Documents/Ares%20Loan%20Funding%20I?csf=1&web=1&e=UlOHGo"
"Ares Loan Funding II","BSL","Ares CLO Management LLC","ARES 2022-ALF2A",,,"/:f:/r/sites/abs-struc-credit/CLO%20Deal%20Documents/Ares%20Loan%20Funding%20II?csf=1&web=1&e=YIgn49"
"Ares Loan Funding III","BSL",,,,,
"Ares Loan Funding IV","BSL","Ares CLO Management LLC","ARES 2023-ALF4A","areslf4",,"/:f:/r/sites/abs-struc-credit/CLO%20Deal%20Documents/Ares%20Loan%20Funding%20IV?csf=1&web=1&e=mWu5mY"
"Ares Loan Funding IX","BSL",,,,,
"Ares Loan Funding VI","BSL",,,,,
"Ares Loan Funding VII","BSL",,,,,
"Ares Loan Funding VIII","BSL",,,,,
"Ares LV CLO","BSL",,,,,
"Ares LVI CLO","BSL",,,,,
"Ares LVII CLO","BSL","Ares CLO Management LLC","ARES 2020-57A","ares57",,"/:f:/r/sites/abs-struc-credit/CLO%20Deal%20Documents/Ares%20LVII%20CLO?csf=1&web=1&e=Cs9a3o"
"Ares LVIII CLO","BSL",,,,,
"Ares LX CLO","BSL","Ares U.S. CLO Management III LLC - Series A","ARES 2021-60A",,,"/:f:/r/sites/abs-struc-credit/CLO%20Deal%20Documents/Ares%20LX%20CLO?csf=1&web=1&e=dvHqfj"
"Ares LXII CLO","BSL","Ares U.S. CLO Management III LLC - Series A","ARES 2021-62A",,,"/:f:/r/sites/abs-struc-credit/CLO%20Deal%20Documents/Ares%20LXII%20CLO?csf=1&web=1&e=9vqUoj"
"Ares LXIII CLO","BSL","Ares CLO Management LLC","ARES 2022-63A","ares63","socares_63_reset_-_pricing|BXKY","/:f:/r/sites/abs-struc-credit/CLO%20Deal%20Documents/Ares%20LXIII%20CLO?csf=1&web=1&e=dKF0ja"
"Ares LXIV CLO","BSL",,,,,
"Ares LXV CLO","BSL","Ares CLO Management LLC","ARES 2022-65A",,,"/:f:/r/sites/abs-struc-credit/CLO%20Deal%20Documents/Ares%20LXV%20CLO?csf=1&web=1&e=qiUz9d"
"Ares LXVI CLO","BSL","Ares CLO Management LLC","ARES 2022-66A",,,"/:f:/r/sites/abs-struc-credit/CLO%20Deal%20Documents/Ares%20LXVI%20CLO?csf=1&web=1&e=eDocCJ"
"Ares LXVII CLO","BSL",,,,,
"Ares LXVIII CLO","BSL",,,,,
"Ares LXX CLO","BSL","Ares U.S. CLO Management III LLC - Series A","ARES 2023-70",,,
"Ares LXXII CLO","BSL",,,,,
"Ares LXXIV CLO","BSL",,,,,
"Ares LXXIX CLO","BSL","Ares CLO Management LLC","ARES 2026-79A",,,"/:f:/r/sites/abs-struc-credit/CLO%20Deal%20Documents/Ares%20LXXIX%20CLO?csf=1&web=1&e=8b5RXd"
"Ares LXXV CLO","BSL",,,,,
"Ares LXXVI CLO","BSL",,,,,
"Ares LXXVI CLO","BSL",,,,,
"Ares LXXVII CLO","BSL",,,,,
"Ares LXXVIII CLO","BSL","Ares CLO Management LLC",,,,"/:f:/r/sites/abs-struc-credit/CLO%20Deal%20Documents/Ares%20LXXVIII%20CLO?csf=1&web=1&e=q9NZRu"
"Ares LXXX CLO","BSL","Ares Capital Management LLC","ARES 2026-80A",,,
"Ares XLI CLO","BSL","Ares CLO Management LLC","ARES 2016-41A","ares41",,
"Ares XLIII CLO","BSL",,,,,
"Ares XLIV CLO","BSL","Ares CLO Management II LLC","ARES 2017-44A","ares44",,"/:f:/r/sites/abs-struc-credit/CLO%20Deal%20Documents/Ares%20XLIV%20CLO?csf=1&web=1&e=gDdDpH"
"Ares XLIX CLO","BSL",,,,,
"Ares XLV CLO","BSL",,,,,
"Ares XXVII CLO","BSL",,,,,
"Ares XXVIII CLO","BSL",,,,,
"Ares XXXIV CLO","BSL","Ares CLO Management LLC","ARES 2015-2A",,,"/:f:/r/sites/abs-struc-credit/CLO%20Deal%20Documents/Ares%20XXXIV%20CLO?csf=1&web=1&e=c4jTQ3"
"Ares XXXIX CLO","BSL","Ares CLO Management LLC","ARES 2016-39A","ares39",,
"Ares XXXVII CLO","BSL",,,,,
"Arini US CLO I","BSL",,,,,
"Arini US CLO II","BSL","Arini Loan Management US LLC","ARIN 2A",,,"/:f:/r/sites/abs-struc-credit/CLO%20Deal%20Documents/Arini%20US%20CLO%20II?csf=1&web=1&e=0OT6b4"
"Arini US CLO III","BSL","Arini Loan Management US LLC",,,,"/:f:/r/sites/abs-struc-credit/CLO%20Deal%20Documents/Arini%20US%20CLO%20III?csf=1&web=1&e=M1KbDf"
"Arini US CLO IV","BSL","Arini Loan Management US LLC","ARIN 4",,,
"Arini US CLO V","BSL","Arini Loan Management US LLC",,,,"/:f:/r/sites/abs-struc-credit/CLO%20Deal%20Documents/Arini%20US%20CLO%20V?csf=1&web=1&e=XgFhST"
"ASP PIF CLO I","BSL","Adams Street Credit Advisors LP",,,,"/:f:/r/sites/abs-struc-credit/CLO%20Deal%20Documents/ASP%20PIF%20CLO%20I?csf=1&web=1&e=Vwf5jy"
"Athena CLO II","PC","Blue Owl Technology Credit Advisors LLC",,,,
"Athena CLO IV","MM",,,,,
"Athena CLO V","MM","Blue Owl Technology Credit Advisors LLC","AOWL 2025-5",,,"/:f:/r/sites/abs-struc-credit/CLO%20Deal%20Documents/Athena%20CLO%20V?csf=1&web=1&e=CGu43x"
"Atlantic Avenue 2023-1","BSL","Atlantic Avenue Management RR LLC","MCCP 2023-1",,,"/:f:/r/sites/abs-struc-credit/CLO%20Deal%20Documents/Atlantic%20Avenue%202023-1?csf=1&web=1&e=vXkUUH"
"Atlantic Avenue 2024-3","BSL",,,,,
"Atlantic Avenue 2025-4","MM","Atlantic Avenue Management RR LLC",,,,"/:f:/r/sites/abs-struc-credit/CLO%20Deal%20Documents/Atlantic%20Avenue%202025-4?csf=1&web=1&e=6LNEQM"
"Atlas Senior Loan Fund XV","BSL",,,,,
"Atlas Senior Loan Fund XVI","BSL","Crescent Capital Group LP","ATCLO 2021-16A",,,"/:f:/r/sites/abs-struc-credit/CLO%20Deal%20Documents/Atlas%20Senior%20Loan%20Fund%20XVI?csf=1&web=1&e=RV4qrc"
"Atlas Senior Loan Fund XVII","BSL",,,,,
"Atlas Senior Loan Fund XVIII","BSL",,,,,
"Atlas Senior Loan Fund XX","BSL",,,,,
"Atlas Senior Loan Fund XXI","BSL","Crescent Capital Group LP","ATCLO 2023-21A",,,"/:f:/r/sites/abs-struc-credit/CLO%20Deal%20Documents/Atlas%20Senior%20Loan%20Fund%20XXI?csf=1&web=1&e=TesYDs"
"Atlas Senior Loan Fund XXII ","BSL","Crescent Capital Group LP",,"ATCLO 2023-22",,
"Atlas Senior Loan Fund XXIII","BSL",,,,,
"Atlas Senior Loan Fund XXIV","BSL",,,,,
"Atlas Senior Loan Fund XXV","BSL",,,,,
"Atlas Senior Loan Fund XXVI","BSL","Crescent Capital Group LP",,,,"/:f:/r/sites/abs-struc-credit/CLO%20Deal%20Documents/Atlas%20Senior%20Loan%20Fund%20XXVI?csf=1&web=1&e=AeREx8"
"Atlas Senior Loan Fund XXVII","BSL","Crescent Capital Group LP",,,,"/:f:/r/sites/abs-struc-credit/CLO%20Deal%20Documents/Atlas%20Senior%20Loan%20Fund%20XXVII?csf=1&web=1&e=LPYpuo"
"Audax CLO I","MM",,,,,
"Audax Senior Debt CLO 10","MM",,,,,
"Audax Senior Debt CLO 11","MM",,,,,
"Audax Senior Debt CLO 12","MM",,,,,
"Audax Senior Debt CLO 13","MM","Audax Private Debt",,,,
"Audax Senior Debt CLO 4","MM",,,,,
"Audax Senior Debt CLO 6","MM","Audax Private Debt","AUDAX 2021-6A",,,"/:f:/r/sites/abs-struc-credit/CLO%20Deal%20Documents/Audax%20Senior%20Debt%20CLO%206?csf=1&web=1&e=Ia6NTX"
"Audax Senior Debt CLO 7","MM",,,,,
"Audax Senior Debt CLO 8","MM","Audax Private Debt",,,,"/:f:/r/sites/abs-struc-credit/CLO%20Deal%20Documents/Audax%20Senior%20Debt%20CLO%208?csf=1&web=1&e=x0bRAZ"
"Bain Capital Credit CLO 2017-2","BSL",,,,,
"Bain Capital Credit CLO 2018-2","BSL",,,,,
"Bain Capital Credit CLO 2019-1","BSL","Bain Capital Credit U.S. CLO Manager, LLC","BCC 2019-1A",,,"/:f:/r/sites/abs-struc-credit/CLO%20Deal%20Documents/Bain%20Capital%20Credit%20CLO%202019-1?csf=1&web=1&e=Lu8WGa"
"Bain Capital Credit CLO 2019-2","BSL",,,,,
"Bain Capital Credit CLO 2019-3","BSL",,,,,
"Bain Capital Credit CLO 2019-4","BSL",,,,,
"Bain Capital Credit CLO 2020-1","BSL","Bain Capital Credit U.S. CLO Manager, LLC","BCC 2020-1A",,,"/:f:/r/sites/abs-struc-credit/CLO%20Deal%20Documents/Bain%20Capital%20Credit%20CLO%202020-1?csf=1&web=1&e=JOcgll"
"Bain Capital Credit CLO 2020-2","BSL",,,,,
"Bain Capital Credit CLO 2020-3","BSL",,,,,
"Bain Capital Credit CLO 2020-4","BSL","Bain Capital Credit U.S. CLO Manager, LLC","BCC 2020-4A",,,"/:f:/r/sites/abs-struc-credit/CLO%20Deal%20Documents/Bain%20Capital%20Credit%20CLO%202020-4?csf=1&web=1&e=Mh6vi2"
"Bain Capital Credit CLO 2020-5","BSL","Bain Capital Credit U.S. CLO Manager, LLC","BCC 2020-5A",,,"/:f:/r/sites/abs-struc-credit/CLO%20Deal%20Documents/Bain%20Capital%20Credit%20CLO%202020-5?csf=1&web=1&e=V3Nz5x"
"Bain Capital Credit CLO 2021-1","BSL",,,,,
"Bain Capital Credit CLO 2021-2","BSL","Bain Capital Credit U.S. CLO Manager, LLC","BCC 2021-2A",,,"/:f:/r/sites/abs-struc-credit/CLO%20Deal%20Documents/Bain%20Capital%20Credit%20CLO%202021-2?csf=1&web=1&e=oWGJos"
"Bain Capital Credit CLO 2021-3","BSL",,,,,
"Bain Capital Credit CLO 2021-4","BSL","Bain Capital Credit U.S. CLO Manager, LLC","BCC 2021-4A",,,"/:f:/r/sites/abs-struc-credit/CLO%20Deal%20Documents/Bain%20Capital%20Credit%20CLO%202021-4?csf=1&web=1&e=LNahIJ"
"Bain Capital Credit CLO 2021-5","BSL",,,,,
"Bain Capital Credit CLO 2021-6","BSL",,,,,
"Bain Capital Credit CLO 2021-7","BSL",,,,,
"Bain Capital Credit CLO 2022-1","BSL","Bain Capital Credit, LP","BCC 2022-1A","BAIC221",,"/:f:/r/sites/abs-struc-credit/CLO%20Deal%20Documents/Bain%20Capital%20Credit%20CLO%202022-1?csf=1&web=1&e=Sfi37a"
"Bain Capital Credit CLO 2022-2","BSL",,,,,
"Bain Capital Credit CLO 2022-3","BSL",,,,,
"Bain Capital Credit CLO 2022-4","BSL",,,,,
"Bain Capital Credit CLO 2022-5","BSL","Bain Capital Credit U.S. CLO Manager II, LP","BCC 2022-5A",,,"/:f:/r/sites/abs-struc-credit/CLO%20Deal%20Documents/Bain%20Capital%20Credit%20CLO%202022-5?csf=1&web=1&e=lPoZzE"
"Bain Capital Credit CLO 2022-6","BSL",,,,,
"Bain Capital Credit CLO 2023-1","BSL",,,,,
"Bain Capital Credit CLO 2023-2","BSL","Bain Capital Credit U.S. CLO Manager II, LP","BCC 2023-2A",,,"/:f:/r/sites/abs-struc-credit/CLO%20Deal%20Documents/Bain%20Capital%20Credit%20CLO%202023-2?csf=1&web=1&e=gyi80D"
"Bain Capital Credit CLO 2023-3","BSL","Bain Capital Credit U.S. CLO Manager II, LP","BCC 2023-3A",,,"/:f:/r/sites/abs-struc-credit/CLO%20Deal%20Documents/Bain%20Capital%20Credit%20CLO%202023-3?csf=1&web=1&e=QRMzst"
"Bain Capital Credit CLO 2023-4","BSL",,,,,"/:f:/r/sites/abs-struc-credit/CLO%20Deal%20Documents/Bain%20Capital%20Credit%20CLO%202023-4?csf=1&web=1&e=aw6u6P"
"Bain Capital Credit CLO 2024-1","BSL","Bain Capital Credit, LP",,,,
"Bain Capital Credit CLO 2024-2","BSL","Bain Capital Credit U.S. CLO Manager, LLC","BCC 2024-2A","baic242",,
"Bain Capital Credit CLO 2024-3","BSL","Bain Capital Credit U.S. CLO Manager, LLC","BCC 2024-3A","baic243",,
"Bain Capital Credit CLO 2024-4","BSL",,,,,
"Bain Capital Credit CLO 2024-5","BSL",,,,,
"Bain Capital Credit CLO 2024-6","BSL","Bain Capital Credit U.S. CLO Manager II, LP","BCC 2024-6A","baic246",,
"Bain Capital Credit CLO 2025-1","BSL",,,,,
"Bain Capital Credit CLO 2025-2","BSL","Bain Capital Credit OneIM, LLC",,,,"/:f:/r/sites/abs-struc-credit/CLO%20Deal%20Documents/BCC%20Middle%20Market%20CLO%202025-2?csf=1&web=1&e=En2kcw"
"Bain Capital Credit CLO 2025-3","BSL",,,,,
"Bain Capital Credit CLO 2025-4","BSL","Bain Capital Credit U.S. CLO Manager III, LP","BCC 2025-4A",,,"/:f:/r/sites/abs-struc-credit/CLO%20Deal%20Documents/Bain%20Capital%20Credit%20CLO%202025-4?csf=1&web=1&e=dN1RfU"
"Bain Capital Credit CLO 2025-5","BSL","Bain Capital Credit U.S. CLO Manager III, LP","BCC 2025-5A",,,
"Bain Capital Credit CLO 2026-1","BSL","Bain Capital Credit CLO Management III DE LP",,,,"/:f:/r/sites/abs-struc-credit/CLO%20Deal%20Documents/Bain%20Capital%20Credit%20CLO%202026-1?csf=1&web=1&e=0FLtSr"
"Bain Capital Global Direct Lending Fund (U) II RN","MM Rated Feeder",,,,,
"Balboa Bay Loan Funding 2020-1","BSL",,,,,
"Balboa Bay Loan Funding 2021-1","BSL",,,,,
"Balboa Bay Loan Funding 2021-2","BSL",,,,,
"Balboa Bay Loan Funding 2022-1","BSL",,,,,
"Balboa Bay Loan Funding 2023-1","BSL",,,,,
"Balboa Bay Loan Funding 2023-2","BSL","Pacific Investment Management Company LLC",,,,"/:f:/r/sites/abs-struc-credit/CLO%20Deal%20Documents/Balboa%20Bay%20Loan%20Funding%202023-2?csf=1&web=1&e=PeOw21"
"Balboa Bay Loan Funding 2024-1","BSL",,,,,
"Balboa Bay Loan Funding 2024-2","BSL",,,,,
"Balboa Bay Loan Funding 2025-1","BSL",,,,,
"Balboa Bay Loan Funding 2025-2","BSL","Pacific Investment Management Company LLC","BOBA 2025-2A",,,
"Ballyrock 14 CLO","BSL",,,,,
"Ballyrock CLO 15","BSL",,,,,
"Ballyrock CLO 16","BSL",,,,,
"Ballyrock CLO 17","BSL","Ballyrock Investment Advisors LLC","BALLY 2021-17A",,,"/:f:/r/sites/abs-struc-credit/CLO%20Deal%20Documents/Ballyrock%20CLO%2017?csf=1&web=1&e=kIrfri"
"Ballyrock CLO 18","BSL",,,,,
"Ballyrock CLO 19","BSL","Ballyrock Investment Advisors LLC","BALLY 2022-19A",,,"/:f:/r/sites/abs-struc-credit/CLO%20Deal%20Documents/Ballyrock%20CLO%2019?csf=1&web=1&e=I0qomy"
"Ballyrock CLO 20","BSL","Ballyrock Investment Advisors LLC",,,,"/:f:/r/sites/abs-struc-credit/CLO%20Deal%20Documents/Ballyrock%20CLO%2020?csf=1&web=1&e=OwTbuy"
"Ballyrock CLO 2019-2","BSL","Ballyrock Investment Advisors LLC","BALLY 2019-2A",,,"/:f:/r/sites/abs-struc-credit/CLO%20Deal%20Documents/Ballyrock%20CLO%202019-2?csf=1&web=1&e=wbuZ3T"
"Ballyrock CLO 21","BSL",,,,,
"Ballyrock CLO 23","BSL",,,,,
"Ballyrock CLO 24","BSL",,,,,
"Ballyrock CLO 25","BSL",,,,,
"Ballyrock CLO 27","BSL",,,,,
"Ballyrock CLO 28","BSL",,,,,
"Ballyrock CLO 29","BSL",,,,,
"Ballyrock CLO 30","BSL","Ballyrock Investment Advisors LLC","BALLY 2025-30A",,,"/:f:/r/sites/abs-struc-credit/CLO%20Deal%20Documents/Ballyrock%20CLO%2030?csf=1&web=1&e=hs4f5u"
"Ballyrock CLO 31","BSL","Fidelity CLO Advisers LP",,,,"/:f:/r/sites/abs-struc-credit/CLO%20Deal%20Documents/Ballyrock%20CLO%2031?csf=1&web=1&e=qgTAtE"
"Ballyrock CLO 32","BSL","Ballyrock Investment Advisors LLC",,,,
"Bardin Hill CLO 2021-2","BSL","Bardin Hill Investment Partners LP","BARDN 2021-2A",,,"/:f:/r/sites/abs-struc-credit/CLO%20Deal%20Documents/Bardin%20Hill%20CLO%202021-2?csf=1&web=1&e=cNUVzf"
"Bardot CLO","BSL",,,,,
"Barings CLO 2015-I (fka Babson CLO 2015-I)","BSL","Barings LLC","BABSN 2015-IA","babs151",,
"Barings CLO 2018-II","BSL",,,,,
"Barings CLO 2019-I","BSL","Barings LLC","BABSN 2019-1A",,,"/:f:/r/sites/abs-struc-credit/CLO%20Deal%20Documents/Barings%20CLO%202019-I?csf=1&web=1&e=OObRS6"
"Barings CLO 2019-II","BSL",,,,,
"Barings CLO 2019-III","BSL",,,,,
"Barings CLO 2019-IV","BSL",,,,,
"Barings CLO 2020-I","BSL",,,,,
"Barings CLO 2020-II","BSL",,,,,
"Barings CLO 2020-IV","BSL",,,,,
"Barings CLO 2021-II","BSL","Barings LLC","BABSN 2021-2A",,,"/:f:/r/sites/abs-struc-credit/CLO%20Deal%20Documents/Barings%20CLO%202021-II?csf=1&web=1&e=fuH8eP"
"Barings CLO 2021-III","BSL","Barings LLC","BABSN 2021-3A","bas213",,"/:f:/r/sites/abs-struc-credit/CLO%20Deal%20Documents/Barings%20CLO%202021-III?csf=1&web=1&e=fYbsTh"
"Barings CLO 2022-I","BSL","Barings LLC","BABSN 2022-1A",,,"/:f:/r/sites/abs-struc-credit/CLO%20Deal%20Documents/Barings%20CLO%202022-I?csf=1&web=1&e=UiEGWG"
"Barings CLO 2022-II","BSL",,,,,
"Barings CLO 2022-III","BSL",,,,,
"Barings CLO 2022-IV","BSL","Barings LLC","BABSN 2022-4A","bas224",,
"Barings CLO 2023-I","BSL","Barings LLC","BABSN 2023-1A","bas231",,
"Barings CLO 2023-II","BSL","Barings LLC","BABSN 2023-2A",,,"/:f:/r/sites/abs-struc-credit/CLO%20Deal%20Documents/Barings%20CLO%202023-II?csf=1&web=1&e=oVnhZE"
"Barings CLO 2023-III","BSL","Barings LLC","BABSN 2023-3A",,,"/:f:/r/sites/abs-struc-credit/CLO%20Deal%20Documents/Barings%20CLO%202023-III?csf=1&web=1&e=mDwL2p"
"Barings CLO 2023-IV","BSL","Barings LLC","BABSN 2023-4A","bas234",,"/:f:/r/sites/abs-struc-credit/CLO%20Deal%20Documents/Barings%20CLO%202023-IV?csf=1&web=1&e=hvGGCb"
"Barings CLO 2024-I","BSL","Barings LLC","BABSN 2024-1A",,,"/:f:/r/sites/abs-struc-credit/CLO%20Deal%20Documents/Barings%20CLO%202024-I?csf=1&web=1&e=efSTBy"
"Barings CLO 2024-II","BSL",,,,,
"Barings CLO 2024-III","BSL",,,,,
"Barings CLO 2024-IV","BSL",,,,,
"Barings CLO 2024-V","BSL",,,,,
"Barings CLO 2025-1","BSL",,,,,
"Barings CLO 2025-2","BSL",,,,,
"Barings CLO 2025-III","BSL",,,,,
"Barings CLO 2025-IV","BSL","Barings LLC","BABSN 2025-4A",,,"/:f:/r/sites/abs-struc-credit/CLO%20Deal%20Documents/Barings%20CLO%202025-IV?csf=1&web=1&e=hkY8VW"
"Barings CLO 2025-V","BSL","Barings LLC","BABSN 2025-5A",,,"/:f:/r/sites/abs-struc-credit/CLO%20Deal%20Documents/Barings%20CLO%202025-V?csf=1&web=1&e=TmrOji"
"Barings CLO 2025-VI","BSL","Barings LLC","BABSN 2025-6A",,,"/:f:/r/sites/abs-struc-credit/CLO%20Deal%20Documents/Barings%20CLO%202025-VI?csf=1&web=1&e=OFPW3n"
"Barings CLO 2025-VII","BSL","Barings LLC","BABSN 2025-7A",,,"/:f:/r/sites/abs-struc-credit/CLO%20Deal%20Documents/Barings%20CLO%202025-VII?csf=1&web=1&e=rhipDx"
"Barings CLO 2025-VIII","BSL","Barings LLC","BABSN 2025-8A",,,
"Barings CLO 2026-1","BSL","Barings LLC",,,,
"Barings Infrastructure CLO 2025-1","Infra","Barings LLC","BARIF 2025-1A",,,"/:f:/r/sites/abs-struc-credit/CLO%20Deal%20Documents/Barings%20Infrastructure%20CLO%202025-1?csf=1&web=1&e=ig6EvO"
"Barings Loan Partners CLO 2","BSL",,,,,
"Barings Loan Partners CLO 3","BSL",,,,,
"Barings Loan Partners CLO 4","BSL",,,,,
"Barings Loan Partners CLO 5","BSL",,,,,
"Barings Middle Market CLO 2023-II","MM","Barings LLC","BMM 2023-IIA",,,"/:f:/r/sites/abs-struc-credit/CLO%20Deal%20Documents/Barings%20Middle%20Market%20CLO%202023-II?csf=1&web=1&e=vhc6ZC"
"Barings Middle Market CLO 2025-I","MM",,,,,
"Barings Middle Market Loan Partners 1","MM",,,,,
"Barings Middle Market Loan Partners 2","MM",,,,,
"Barings Private Credit Corporation CLO 2023-1","MM",,,,,
"Barrow Hanley CLO I","BSL",,,,,
"Barrow Hanley CLO II","BSL","BH Credit Management LLC","BARHN 2023-2A",,,"/:f:/r/sites/abs-struc-credit/CLO%20Deal%20Documents/Barrow%20Hanley%20CLO%20II?csf=1&web=1&e=xiKUGe"
"Basswood Park CLO","BSL","Blackstone CLO Management LLC","BARK 2021-1A",,,"/:f:/r/sites/abs-struc-credit/CLO%20Deal%20Documents/Basswood%20Park%20CLO?csf=1&web=1&e=Bcwxeh"
"Battalion CLO 17","BSL",,,,,
"Battalion CLO 18","BSL","Brigade Capital Management, L.P.","BATLN 2020-18A",,,"/:f:/r/sites/abs-struc-credit/CLO%20Deal%20Documents/Battalion%20CLO%2018?csf=1&web=1&e=FhnN3A"
"Battalion CLO 28","BSL",,,,,
"Battalion CLO 31","BSL","Brigade Capital Management, L.P.",,,,"/:f:/r/sites/abs-struc-credit/CLO%20Deal%20Documents/Battalion%20CLO%2031?csf=1&web=1&e=aA18Ns"
"Battalion CLO IX","BSL","Brigade Capital Management, L.P.","BATLN 2015-9A",,,"/:f:/r/sites/abs-struc-credit/CLO%20Deal%20Documents/Battalion%20CLO%20IX?csf=1&web=1&e=0VIYz2"
"Battalion CLO VIII","BSL","Brigade Capital Management, L.P.","BATLN 2015-8A",,,"/:f:/r/sites/abs-struc-credit/CLO%20Deal%20Documents/Battalion%20CLO%20VIII?csf=1&web=1&e=MD7SHN"
"Battalion CLO XI","BSL","Brigade Capital Management, L.P.","BATLN 2017-11A",,,"/:f:/r/sites/abs-struc-credit/CLO%20Deal%20Documents/Battalion%20CLO%20XI?csf=1&web=1&e=EXsqfX"
"Battalion CLO XII","BSL",,,,,
"Battalion CLO XIV","BSL","Brigade Capital Management, L.P.","BATLN 2019-14A",,,"/:f:/r/sites/abs-struc-credit/CLO%20Deal%20Documents/Battalion%20CLO%20XIV?csf=1&web=1&e=B4JgGN"
"Battalion CLO XV","BSL",,,,,
"Battalion CLO XVI","BSL",,,,,
"Battalion CLO XX","BSL",,,,,
"Battalion CLO XXI","BSL",,,,,
"Battalion CLO XXII","BSL",,,,,
"Battalion CLO XXIII","BSL",,,,,
"Battalion CLO XXIV","BSL",,,,,
"Battalion CLO XXIX","BSL",,,,,
"Battalion CLO XXVI","BSL",,,,,
"Battalion CLO XXVIII","BSL",,,,,
"Battalion CLO XXX","BSL","Brigade Capital Management, L.P.","BATLN 2025-30A",,,"/:f:/r/sites/abs-struc-credit/CLO%20Deal%20Documents/Battalion%20CLO%20XXX?csf=1&web=1&e=kwuVHc"
"Battery Park CLO","BSL",,,,,
"Battery Park CLO II","BSL",,,,,
"Bayard Park CLO","BSL",,,,,
"Bayfront IABS VII","Infra","Clifford Capital Markets Pte. Ltd.","BAYFRT 7A",,,"/:f:/r/sites/abs-struc-credit/CLO%20Deal%20Documents/Bayfront%20IABS%20VII?csf=1&web=1&e=TdQnoS"
"Bayswater Park CLO","BSL","Blackstone CLO Management LLC","BAYPK 2023-1A","baypk",,
"BBAM US CLO I","BSL",,,,,
"BBAM US CLO III","BSL","RBC Global Asset Management (U.S.) Inc.","BBAM 2023-3",,,"/:f:/r/sites/abs-struc-credit/CLO%20Deal%20Documents/BBAM%20US%20CLO%20III?csf=1&web=1&e=aOzozz"
"BBAM US CLO IV","BSL",,,,,
"BBAM US CLO V","BSL","RBC Global Asset Management (U.S.) Inc.","BBAM 2025-5A",,"nmnbbam_us_clo_v_07212025_debt|VV3B","/:f:/r/sites/abs-struc-credit/CLO%20Deal%20Documents/BBAM%20US%20CLO%20V?csf=1&web=1&e=UAew6E"
"BBAM US CLO VI","BSL","RBC Global Asset Management (U.S.) Inc.",,,,"/:f:/r/sites/abs-struc-credit/CLO%20Deal%20Documents/BBAM%20US%20CLO%20VI?csf=1&web=1&e=KtngXt"
"BCC Middle Market CLO 2018-1","MM","Bain Capital Senior Loan Program, LLC","BCMM 2018-1A","bcmmc181",,
"BCC Middle Market CLO 2019-1","MM",,,,,
"BCC Middle Market CLO 2023-1","MM","Bain Capital Senior Loan Program, LLC","BCMM 2023-1A",,,"/:f:/r/sites/abs-struc-credit/CLO%20Deal%20Documents/BCC%20Middle%20Market%20CLO%202023-1?csf=1&web=1&e=NcBi2m"
"BCC Middle Market CLO 2023-2","MM","Bain Capital Credit, LP","BCMM 2023-2A",,,"/:f:/r/sites/abs-struc-credit/CLO%20Deal%20Documents/BCC%20Middle%20Market%20CLO%202023-2?csf=1&web=1&e=ob1g5k"
"BCC Middle Market CLO 2025-1","MM",,,,,
"BCC Middle Market CLO 2025-2","MM","Bain Capital Credit OneIM, LLC","BCMM 2025-2A",,,"/:f:/r/sites/abs-struc-credit/CLO%20Deal%20Documents/BCC%20Middle%20Market%20CLO%202025-2?csf=1&web=1&e=M9qq6o"
"BCC Middle Market CLO 2026-1","MM","Bain Capital Senior Loan Program II, LLC",,,,"/:f:/r/sites/abs-struc-credit/CLO%20Deal%20Documents/Harvest%20US%20CLO%202023-1?csf=1&web=1&e=P92BeV"
"BCRED BSL Static CLO 2025-1","BSL",,,,,
"BCRED BSL Static CLO 2026-1","BSL","Blackstone Private Credit Fund",,,,
"BCRED CLO 2023-1","MM","Blackstone Private Credit Fund","BCRED 2023-1A","bcrd2301",,
"BCRED CLO 2024-1","MM","Blackstone Private Credit Fund","BCRED 2024-1A","bcrd2401",,
"BCRED CLO 2024-2","MM",,,,,
"BCRED CLO 2025-1","MM",,,,,
"BCRED CLO 2026-1","MM","Blackstone Private Credit Fund",,,,"/:f:/r/sites/abs-struc-credit/CLO%20Deal%20Documents/BCRED%20CLO%202026-1?csf=1&web=1&e=Hk6YIo"
"Bear Mountain Park CLO","BSL",,,,,
"Beckett Park CLO","BSL",,,,,
"Beechwood Park CLO","BSL","Blackstone CLO Management LLC","BCHPK 2019-1A",,,"/:f:/r/sites/abs-struc-credit/CLO%20Deal%20Documents/Beechwood%20Park%20CLO?csf=1&web=1&e=Xp0HBS"
"Benefit Street CLO 41","BSL",,,,,
"Benefit Street Partners CLO 42","BSL","BSP CLO Management LLC","BSP 2025-42A",,,"/:f:/r/sites/abs-struc-credit/CLO%20Deal%20Documents/Benefit%20Street%20Partners%20CLO%2042?csf=1&web=1&e=RQDNqh"
"Benefit Street Partners CLO 43","BSL","BSP CLO Management LLC","BSP 2025-43A",,,"/:f:/r/sites/abs-struc-credit/CLO%20Deal%20Documents/Benefit%20Street%20Partners%20CLO%2043?csf=1&web=1&e=CmRaJm"
"Benefit Street Partners CLO 47","BSL","BSP CLO Management LLC","BSP 2026-47A",,,"/:f:/r/sites/abs-struc-credit/CLO%20Deal%20Documents/Benefit%20Street%20Partners%20CLO%2047?csf=1&web=1&e=VWaUmH"
"Benefit Street Partners CLO 48","BSL","BSP CLO Management LLC",,,,"/:f:/r/sites/abs-struc-credit/CLO%20Deal%20Documents/Benefit%20Street%20Partners%20CLO%2048?csf=1&web=1&e=iT5qMw"
"Benefit Street Partners CLO IV","BSL","BSP CLO Management LLC","BSL 2014-IVA",,,"/:f:/r/sites/abs-struc-credit/CLO%20Deal%20Documents/Benefit%20Street%20Partners%20CLO%20IV?csf=1&web=1&e=1JJgC2"
"Benefit Street Partners CLO IX","BSL",,,,,
"Benefit Street Partners CLO V-B","BSL",,,,,
"Benefit Street Partners CLO VI-B","BSL",,,,,
"Benefit Street Partners CLO X","BSL","BSP CLO Management LLC","BSP 2016-10A",,,"/:f:/r/sites/abs-struc-credit/CLO%20Deal%20Documents/Benefit%20Street%20Partners%20CLO%20X?csf=1&web=1&e=icJWqO"
"Benefit Street Partners CLO XII-B","BSL",,,,,
"Benefit Street Partners CLO XIV","BSL",,,,,
"Benefit Street Partners CLO XIX","BSL",,,,,
"Benefit Street Partners CLO XL","BSL",,,,,
"Benefit Street Partners CLO XLI","BSL",,,,,
"Benefit Street Partners CLO XV","BSL",,,,,
"Benefit Street Partners CLO XVI","BSL",,,,,
"Benefit Street Partners CLO XVII","BSL",,,,,
"Benefit Street Partners CLO XVIII","BSL","BSP CLO Management LLC","BSL 2019-18A",,,"/:f:/r/sites/abs-struc-credit/CLO%20Deal%20Documents/Benefit%20Street%20Partners%20CLO%20XVIII?csf=1&web=1&e=DvQIbY"
"Benefit Street Partners CLO XX","BSL","BSP CLO Management LLC","BSP 2020-20A",,,"/:f:/r/sites/abs-struc-credit/CLO%20Deal%20Documents/Benefit%20Street%20Partners%20CLO%20XX?csf=1&web=1&e=N0AtIO"
"Benefit Street Partners CLO XXI","BSL","BSP CLO Management LLC","BSP 2020-21A",,,"/:f:/r/sites/abs-struc-credit/CLO%20Deal%20Documents/Benefit%20Street%20Partners%20CLO%20XXI?csf=1&web=1&e=wjhOph"
"Benefit Street Partners CLO XXII","BSL","BSP CLO Management LLC","BSP 2020-22A",,,
"Benefit Street Partners CLO XXIII","BSL",,,,,
"Benefit Street Partners CLO XXIV","BSL",,,,,
"Benefit Street Partners CLO XXIX","BSL",,,,,
"Benefit Street Partners CLO XXV","BSL",,,,,
"Benefit Street Partners CLO XXVI","BSL",,,,,
"Benefit Street Partners CLO XXVII","BSL",,,,,
"Benefit Street Partners CLO XXVIII","BSL",,,,,
"Benefit Street Partners CLO XXX","BSL",,,,,
"Benefit Street Partners CLO XXXI","BSL",,,,,
"Benefit Street Partners CLO XXXII","BSL","BSP CLO Management LLC","BSL 2023-32A",,,"/:f:/r/sites/abs-struc-credit/CLO%20Deal%20Documents/Benefit%20Street%20Partners%20CLO%20XXXII?csf=1&web=1&e=wRNUBQ"
"Benefit Street Partners CLO XXXIX","BSL",,,,,
"Benefit Street Partners CLO XXXVI","BSL",,,,,
"Benefit Street Partners CLO XXXVII","BSL",,,,,
"Benefit Street Partners CLO XXXVIII","BSL",,,,,
"Birch Gove CLO 11","BSL",,,,,
"Birch Grove CLO 10","BSL",,,,,
"Birch Grove CLO 12","BSL",,,,,
"Birch Grove CLO 13","BSL","Birch Grove Capital LP","BGCLO 2025-13A",,"jpm_birch_grove_13_2001_mkt|KKV7","/:f:/r/sites/abs-struc-credit/CLO%20Deal%20Documents/Birch%20Grove%20CLO%2013?csf=1&web=1&e=8U4f6R"
"Birch Grove CLO 14","BSL",,,,,
"Birch Grove CLO 15","BSL","Birch Grove Capital LP",,,,"/:f:/r/sites/abs-struc-credit/CLO%20Deal%20Documents/Birch%20Grove%20CLO%2015?csf=1&web=1&e=jUj6bs"
"Birch Grove CLO 2","BSL",,,,,
"Birch Grove CLO 3","BSL",,,,,
"Birch Grove CLO 5","BSL",,,,,
"Birch Grove CLO 6","BSL",,,,,
"Birch Grove CLO 7","BSL","Birch Grove Capital LP","BGCLO 2023-7A",,,"/:f:/r/sites/abs-struc-credit/CLO%20Deal%20Documents/Birch%20Grove%20CLO%207?csf=1&web=1&e=RHxVgD"
"Birch Grove CLO 9","BSL",,,,,
"Birch Grove CLO IV","BSL",,,,,
"Black Diamond 2024-1 CLO","BSL",,,,,
"Black Diamond 2025-1 CLO","BSL",,,,,
"Black Diamond CLO 2019-2","BSL",,,,,
"Black Diamond CLO 2021-1","BSL","Black Diamond Capital Management, LLC","BLACK 2021-1A",,,"/:f:/r/sites/abs-struc-credit/CLO%20Deal%20Documents/Black%20Diamond%20CLO%202021-1?csf=1&web=1&e=VlEyeP"
"Black Diamond CLO 2025-2","BSL","Black Diamond Capital Management, LLC",,,,"/:f:/r/sites/abs-struc-credit/CLO%20Deal%20Documents/Black%20Diamond%20CLO%202025-2?csf=1&web=1&e=QecqbH"
"BlackRock Capital Investment Advisors, LLC","MM","BlackRock Capital Investment Advisors, LLC","BLKMM 2021-8A",,"blkmm211","/:f:/r/sites/abs-struc-credit/CLO%20Deal%20Documents/BlackRock%20Baker%20CLO%202021-1?csf=1&web=1&e=HNrbQP"
"BlackRock DLF IX-L CLO 2026 Static","MM","BlackRock Capital Investment Advisors, LLC",,,,"/:f:/r/sites/abs-struc-credit/CLO%20Deal%20Documents/BlackRock%20DLF%20IX-L%20CLO%202026%20Static?csf=1&web=1&e=dNsso0"
"BlackRock DLF X 2025-C CLO","MM","BlackRock Capital Investment Advisors, LLC",,,,"/:f:/r/sites/abs-struc-credit/CLO%20Deal%20Documents/BlackRock%20DLF%20X%202025-C%20CLO?csf=1&web=1&e=XhjMzQ"
"BlackRock Maroon Bells CLO XI","MM",,,,,
"BlackRock Mt. Hood CLO X","MM","BlackRock Capital Investment Advisors, LLC",,,,"/:f:/r/sites/abs-struc-credit/CLO%20Deal%20Documents/BlackRock%20Mt.%20Hood%20CLO%20X?csf=1&web=1&e=p02Kvi"
"BlackRock Mt. Lassen CLO XV","MM",,,,,
"BlackRock Rainier CLO VI","MM",,,,,
"BlackRock Shasta CLO XIV","MM",,,,,
"Blue Owl BSL 2025-1","BSL","Blue Owl Liquid Credit Advisors LLC",,,,"/:f:/r/sites/abs-struc-credit/CLO%20Deal%20Documents/Blue%20Owl%20BSL%202025-1?csf=1&web=1&e=XBkBvj"
"Blueberry Park CLO","BSL","Blackstone Liquid Credit Strategies LLC","BERRY 2024-1A","bluepk",,
"BlueMountain CLO 2015-4","BSL","Sound Point Capital Management, LP",,,,"/:f:/r/sites/abs-struc-credit/CLO%20Deal%20Documents/BlueMountain%20CLO%202015-4?csf=1&web=1&e=MAweQm"
"BlueMountain CLO XXIII","BSL",,,,,
"BlueMountain CLO XXV","BSL",,,,,
"BlueMountain CLO XXVIII","BSL",,,,,
"BlueMountain CLO XXX","BSL","Sound Point Capital Management, LP",,,,"/:f:/r/sites/abs-struc-credit/CLO%20Deal%20Documents/BlueMountain%20CLO%20XXX?csf=1&web=1&e=fywzxY"
"BlueMountain CLO XXXI","BSL","Sound Point Capital Management, LP",,,,"/:f:/r/sites/abs-struc-credit/CLO%20Deal%20Documents/BlueMountain%20CLO%20XXXI?csf=1&web=1&e=adwKva"
"BlueMountain CLO XXXII","BSL",,,,,
"BlueMountain CLO XXXIII","BSL","Sound Point Capital Management, LP","BLUEM 2021-33A",,,"/:f:/r/sites/abs-struc-credit/CLO%20Deal%20Documents/BlueMountain%20CLO%20XXXIII?csf=1&web=1&e=f3NzVR"
"BlueMountain CLO XXXIV","BSL","Sound Point Capital Management, LP",,,,"/:f:/r/sites/abs-struc-credit/CLO%20Deal%20Documents/BlueMountain%20XXXIV?csf=1&web=1&e=ef5VOt"
"BlueMountain CLO XXXV","BSL",,,,,
"Bowling Green Park CLO (fka Clover CLO 2019-1)","BSL",,,,,
"Brant Point CLO 2023-1","BSL","Sound Point CLO C-MOA, LLC","BRTPT 2023-1A",,,"/:f:/r/sites/abs-struc-credit/CLO%20Deal%20Documents/Brant%20Point%20CLO%202023-1?csf=1&web=1&e=LbypeA"
"Brant Point CLO 2023-2","BSL","Sound Point CLO C-MOA, LLC","BRTPT 2023-2A",,,"/:f:/r/sites/abs-struc-credit/CLO%20Deal%20Documents/Brant%20Point%20CLO%202023-2?csf=1&web=1&e=a8BjD5"
"Brant Point CLO 2024-3","BSL","Sound Point CLO C-MOA, LLC","BRTPT 2024-3A",,,"/:f:/r/sites/abs-struc-credit/CLO%20Deal%20Documents/Brant%20Point%20CLO%202024-3?csf=1&web=1&e=c6eO8e"
"Brant Point CLO 2025-7","BSL",,,,,
"Brant Point CLO 2025-8","BSL","Sound Point CLO C-MOA, LLC",,,,"/:f:/r/sites/abs-struc-credit/CLO%20Deal%20Documents/Brant%20Point%20CLO%202025-8?csf=1&web=1&e=x0JVkG"
"Brant Point CLO 2025-9","BSL","Sound Point Capital Management, LP",,,,
"Bridge Street CLO I","BSL",,,,,
"Bridge Street CLO III","BSL",,,,,
"Bridge Street CLO IV","BSL",,,,,
"Bridge Street CLO V","BSL",,,,,
"Bridge Street CLO VI","BSL","FS Structured Products Advisor, LLC","BRDGS 2025-2A",,,"/:f:/r/sites/abs-struc-credit/CLO%20Deal%20Documents/Bridge%20Street%20CLO%20VI?csf=1&web=1&e=o7Khqe"
"Brightwood Capital Fund V-U Offshore RN","MM Rated Feeder",,,,,
"Brightwood Capital MM CLO 2019-1","MM",,,,,
"Brightwood Capital MM CLO 2023-1","MM","Brightwood SPV Advisors, LLC","BWCAP 2023-1A",,,"/:f:/r/sites/abs-struc-credit/CLO%20Deal%20Documents/Brightwood%20Capital%20MM%20CLO%202023-1?csf=1&web=1&e=CzNq8v"
"Brightwood MM CLO 2025-1","MM",,,,,
"Broad River BSL Funding CLO 2020-1","BSL","Jocassee Partners LLC","BDRVR 2020-1A","brbf2001",,
"Bryant Park Funding 2021-17R (fka Marathon CLO 2021-17)","BSL",,,,,
"Bryant Park Funding 2023-19","BSL",,,,,
"Bryant Park Funding 2023-20","BSL",,,,,
"Bryant Park Funding 2023-21","BSL","Marathon Asset Management, L.P.","BRYPK 2023-21A",,,"/:f:/r/sites/abs-struc-credit/CLO%20Deal%20Documents/Bryant%20Park%20Funding%202023-21?csf=1&web=1&e=hD81dV"
"Bryant Park Funding 2024-22","BSL","Marathon Asset Management, L.P.","BRYPK 2024-22A","bpf2422",,
"Bryant Park Funding 2024-24","BSL",,,,,
"Bryant Park Funding 2024-25","BSL","Marathon Asset Management, L.P.","BRYPK 2024-25A","bpf2425",,"/:f:/r/sites/abs-struc-credit/CLO%20Deal%20Documents/Bryant%20Park%20Funding%202024-25?csf=1&web=1&e=smeCTh"
"Bryant Park Funding 2025-26","BSL",,,,,
"Bryant Park Funding 2025-27","BSL","Marathon Asset Management, L.P.","BRYPK 2025-27A",,,"/:f:/r/sites/abs-struc-credit/CLO%20Deal%20Documents/Bryant%20Park%20Funding%202025-27?csf=1&web=1&e=mqM4VK"
"Bryant Park Funding 2025-28","BSL","Marathon Asset Management, L.P.","BRYPK 2025-28A",,,"/:f:/r/sites/abs-struc-credit/CLO%20Deal%20Documents/Bryant%20Park%20Funding%202025-28?csf=1&web=1&e=aJmb0I"
"Bryant Park Funding 2026-29","BSL","Marathon Asset Management, L.P.","BRYPK 2026-29A",,,"/:f:/r/sites/abs-struc-credit/CLO%20Deal%20Documents/Bryant%20Park%20Funding%202026-29?csf=1&web=1&e=SgPGxc"
"Buckhorn Park CLO","BSL",,,,,
"Buttermilk Park CLO","BSL",,,,,
"BXDL Static CLO 2025-1","PC","Blackstone Private Credit Strategies LLC","BXDL 2025-1A",,,
"BXSL CLO 2024-1","MM",,,,,
"California Street CLO IX (fka Symphony CLO IX)","BSL",,,,,
"Canyon CLO 2019-1","BSL",,,,,
"Canyon CLO 2019-2","BSL",,,,,
"Canyon CLO 2020-1","BSL",,,,,
"Canyon CLO 2020-2","BSL",,,,,
"Canyon CLO 2020-3","BSL",,,,,
"Canyon CLO 2021-1","BSL","Canyon CLO Advisors L.P.","CANYC 2021-1A",,,"/:f:/r/sites/abs-struc-credit/CLO%20Deal%20Documents/Canyon%20CLO%202021-1?csf=1&web=1&e=IyFYr5"
"Canyon CLO 2021-3","BSL","Canyon CLO Advisors L.P.","CANYC 2021-3A",,,"/:f:/r/sites/abs-struc-credit/CLO%20Deal%20Documents/Canyon%20CLO%202021-3?csf=1&web=1&e=z5rfgu"
"Canyon CLO 2021-4","BSL","Canyon CLO Advisors L.P.","CANYC 2021-4A",,,"/:f:/r/sites/abs-struc-credit/CLO%20Deal%20Documents/Canyon%20CLO%202021-4?csf=1&web=1&e=UaZPlt"
"Canyon CLO 2022-2","BSL",,,,,
"Canyon CLO 2023-1","BSL","Canyon CLO Advisors L.P.","CANYC 2023-1A",,,"/:f:/r/sites/abs-struc-credit/CLO%20Deal%20Documents/Canyon%20CLO%202023-1?csf=1&web=1&e=fYoSOF"
"Canyon CLO 2024-2","BSL",,,,,
"Canyon CLO 2025-1","BSL",,,,,
"Canyon CLO 2025-2","BSL","Canyon CLO Advisors L.P.","CANYC 2025-2A",,,"/:f:/r/sites/abs-struc-credit/CLO%20Deal%20Documents/Canyon%20CLO%202025-2?csf=1&web=1&e=7ZKJ9i"
"Canyon CLO 2025-3","BSL","Canyon CLO Advisors L.P.","CANYC 2025-3A",,,"/:f:/r/sites/abs-struc-credit/CLO%20Deal%20Documents/Canyon%20CLO%202025-3?csf=1&web=1&e=jFPp6Z"
"Canyon CLO 2026-1","BSL","Canyon CLO Advisors L.P.",,,,"/:f:/r/sites/abs-struc-credit/CLO%20Deal%20Documents/Canyon%20CLO%202026-1?csf=1&web=1&e=jhcSgn"
"Canyon CLO 32","BSL","Canyon CLO Advisors L.P.",,,,"/:f:/r/sites/abs-struc-credit/CLO%20Deal%20Documents/Canyon%20CLO%2032?csf=1&web=1&e=HjvUGR"
"Capital Four CLO IV","BSL","Capital Four US CLO Management LLC","C4US 2025-4A",,,"/:f:/r/sites/abs-struc-credit/CLO%20Deal%20Documents/Capital%20Four%20CLO%20IV?csf=1&web=1&e=J4I6b4"
"Capital Four CLO V","BSL",,,,"bpa25_0917_capfour_clo_v_reset_dmp|V92A",
"Capital Four US CLO I","BSL","Capital Four US CLO Management LLC","C4US 2021-1A",,,"/:f:/r/sites/abs-struc-credit/CLO%20Deal%20Documents/Capital%20Four%20US%20CLO%20I?csf=1&web=1&e=EB67c4"
"Capital Four US CLO III","BSL",,,,,
"Carlyle Direct Lending CLO 2015-1","MM",,,,,
"Carlyle Direct Lending CLO 2024-1","MM",,,,,
"Carlyle Direct Lending CLO 2025-1","MM",,,,"ms_carlyle_dl_25_i_a5_DT |3Y63","/:f:/r/sites/abs-struc-credit/CLO%20Deal%20Documents/Carlyle%20Direct%20Lending%20CLO%202025-1?csf=1&web=1&e=Svfr45"
"Carlyle Direct Lending CLO 2026-1","MM","Carlyle Investment Management LLC",,,,"/:f:/r/sites/abs-struc-credit/CLO%20Deal%20Documents/Carlyle%20Direct%20Lending%20CLO%202026-1?csf=1&web=1&e=3r2689"
"Carlyle Global Market Strategies CLO 2012-4","BSL",,,,,
"Carlyle Global Market Strategies CLO 2015-4","BSL","Carlyle CLO Management LLC","CGMS 2015-4A",,,"/:f:/r/sites/abs-struc-credit/CLO%20Deal%20Documents/Carlyle%20Global%20Market%20Strategies%20CLO%202015-4?csf=1&web=1&e=SWixEg"
"Carlyle Global Market Strategies CLO 2015-5","BSL",,,,,"/:f:/r/sites/abs-struc-credit/CLO%20Deal%20Documents/Carlyle%20Global%20Market%20Strategies%20CLO%202015-5?csf=1&web=1&e=9l5KLE"
"Carlyle Global Market Strategies CLO 2015-5","BSL","Carlyle CLO Management LLC","CGMS 2015-5A","CARLG155",,"/:f:/r/sites/abs-struc-credit/CLO%20Deal%20Documents/Carlyle%20Global%20Market%20Strategies%20CLO%202015-5?csf=1&web=1&e=Ko9tFo"
"Carlyle Global Market Strategies CLO 2016-1","BSL","Carlyle CLO Management LLC","CGMS 2016-1A","carlg161",,
"Carlyle Global Market Strategies CLO 2016-3","BSL",,,,,
"Carlyle US CLO 2017-2","BSL",,,,,
"Carlyle US CLO 2017-3","BSL",,,,,
"Carlyle US CLO 2018-4","BSL",,,,,
"Carlyle US CLO 2019-1","BSL","Carlyle CLO Management LLC","CGMS 2019-1A",,,"/:f:/r/sites/abs-struc-credit/CLO%20Deal%20Documents/Carlyle%20US%20CLO%202019-1?csf=1&web=1&e=gyGcpQ"
"Carlyle US CLO 2019-2","BSL",,,,,
"Carlyle US CLO 2019-3","BSL","Carlyle CLO Management LLC",,,,
"Carlyle US CLO 2019-4","BSL","Carlyle CLO Management LLC","CGMS 2019-4A","carlg194",,
"Carlyle US CLO 2020-1","BSL","Carlyle CLO Management LLC","CGMS 2020-1A","carlg201",,
"Carlyle US CLO 2020-2","BSL","Carlyle CLO Management LLC","CGMS 2020-2A","carlg202",,"/:f:/r/sites/abs-struc-credit/CLO%20Deal%20Documents/Carlyle%20US%20CLO%202020-2?csf=1&web=1&e=sWxhNA"
"Carlyle US CLO 2021-1","BSL","Carlyle CLO Management LLC","CGMS 2021-1A","carlg211",,
"Carlyle US CLO 2021-10","BSL",,,,,
"Carlyle US CLO 2021-11","BSL",,,,,
"Carlyle US CLO 2021-2","BSL",,,,,
"Carlyle US CLO 2021-5","BSL","Carlyle CLO Management LLC","CGMS 2021-5A",,,"/:f:/r/sites/abs-struc-credit/CLO%20Deal%20Documents/Carlyle%20US%20CLO%202021-5?csf=1&web=1&e=9ULF5p"
"Carlyle US CLO 2021-6","BSL",,,,,
"Carlyle US CLO 2021-7","BSL","Carlyle CLO Management LLC","CGMS 2021-7A",,"bcgcarlg217_pricing|49KK
",
"Carlyle US CLO 2021-8","BSL","Carlyle CLO Management LLC","CGMS 2021-8A",,,"/:f:/r/sites/abs-struc-credit/CLO%20Deal%20Documents/Carlyle%20US%20CLO%202021-8?csf=1&web=1&e=azFM5T"
"Carlyle US CLO 2021-9","BSL","Carlyle CLO Management LLC","CGMS 2021-9A",,,"/:f:/r/sites/abs-struc-credit/CLO%20Deal%20Documents/Carlyle%20US%20CLO%202021-9/2025.07.25%20-%20Refinancing%20(1NC1)%20-%20Citigroup?csf=1&web=1&e=5aw8Bk"
"Carlyle US CLO 2022-1","BSL","Carlyle CLO Management LLC","CGMS 2022-1A",,,"/:f:/r/sites/abs-struc-credit/CLO%20Deal%20Documents/Carlyle%20US%20CLO%202022-1?csf=1&web=1&e=FE1Fp4"
"Carlyle US CLO 2022-2","BSL",,,,,
"Carlyle US CLO 2022-3","BSL","Carlyle CLO Management LLC","CGMS 2022-3A",,,"/:f:/r/sites/abs-struc-credit/CLO%20Deal%20Documents/Carlyle%20US%20CLO%202022-3?csf=1&web=1&e=OEdscy"
"Carlyle US CLO 2022-4","BSL",,,,,
"Carlyle US CLO 2022-5","BSL",,,,,
"Carlyle US CLO 2022-6","BSL","Carlyle CLO Management LLC","CGMS 2022-6A","carlg226","jpm_cgms_2022_6_reset_2004_dx|BV3K","/:f:/r/sites/abs-struc-credit/CLO%20Deal%20Documents/Carlyle%20US%20CLO%202022-6?csf=1&web=1&e=yYdaVW"
"Carlyle US CLO 2023-1","BSL",,,,,
"Carlyle US CLO 2023-2","BSL",,,,,
"Carlyle US CLO 2023-3","BSL","Carlyle CLO Management LLC","CGMS 2023-3A",,,"/:f:/r/sites/abs-struc-credit/CLO%20Deal%20Documents/Carlyle%20US%20CLO%202023-3?csf=1&web=1&e=E0ZbgB"
"Carlyle US CLO 2023-4","BSL","Carlyle CLO Management LLC","CGMS 2023-4A",,,"/:f:/r/sites/abs-struc-credit/CLO%20Deal%20Documents/Carlyle%20US%20CLO%202023-4?csf=1&web=1&e=bemP8q"
"Carlyle US CLO 2024-4","BSL",,,,,
"Carlyle US CLO 2024-5","BSL",,,,,
"Carlyle US CLO 2024-6","BSL",,,,,
"Carlyle US CLO 2024-7","BSL",,,,,
"Carlyle US CLO 2024-8","BSL",,,,,
"Carlyle US CLO 2025-1","BSL",,,,,
"Carlyle US CLO 2025-2","BSL",,,,,
"Carlyle US CLO 2025-3","BSL",,,,,
"Carlyle US CLO 2025-4","BSL","Carlyle CLO Management LLC","CGMS 2025-4A",,,"/:f:/r/sites/abs-struc-credit/CLO%20Deal%20Documents/Carlyle%20US%20CLO%202025-4?csf=1&web=1&e=s16ieh"
"Carlyle US CLO 2025-5","BSL","Carlyle CLO Management LLC","CGMS 2025-5A",,,"/:f:/r/sites/abs-struc-credit/CLO%20Deal%20Documents/Carlyle%20US%20CLO%202025-5?csf=1&web=1&e=7C08VF"
"Carlyle US CLO 2025-6","BSL","Carlyle CLO Management LLC","CGMS 2025-6A",,,
"Carlyle US CLO 2025-7","BSL","Carlyle CLO Management LLC",,,,
"Carlyle US CLO 2026-1","BSL","Carlyle CLO Management LLC","CGMS 2026-1A",,,"/:f:/r/sites/abs-struc-credit/CLO%20Deal%20Documents/Carlyle%20US%20CLO%202026-1?csf=1&web=1&e=We8jaV"
"Carlyle US CLO 2026-2","BSL","Carlyle CLO Management LLC",,,,
"Carlyle US CLO 2026-3","BSL","Carlyle CLO Management LLC",,,,
"CarVal CLO II","BSL",,,,,
"CarVal CLO III","BSL",,,,,
"CarVal CLO IV","BSL","Carlyle CLO Management LLC",,,,"/:f:/r/sites/abs-struc-credit/CLO%20Deal%20Documents/CarVal%20CLO%20IV?csf=1&web=1&e=HxfocP"
"CarVal CLO VII-C","BSL",,,,,
"CarVal CLO VIII-C","BSL",,,,,
"CarVal CLO X-C","BSL",,,,,
"CarVal CLO XI-C","BSL",,,,,
"CarVal CLO XII-C","BSL",,,,,
"Cathedral Lake VI","BSL","Whitestar Asset Management LLC","CATLK 2021-6A",,,"/:f:/r/sites/abs-struc-credit/CLO%20Deal%20Documents/Cathedral%20Lake%20VI?csf=1&web=1&e=VQp5Rr"
"Cathedral Lake VII","BSL",,,,,
"Cathedral Lake VIII","BSL","Clearlake Capital Asset Management, LLC","CATLK 2021-8A",,,"/:f:/r/sites/abs-struc-credit/CLO%20Deal%20Documents/Cathedral%20Lake%20VIII?csf=1&web=1&e=9LOh1F"
"Cayuga Park CLO","BSL","GSO / Blackstone Debt Funds Management LLC","CYGPK 2020-1A",,,"/:f:/r/sites/abs-struc-credit/CLO%20Deal%20Documents/Cayuga%20Park%20CLO?csf=1&web=1&e=XOeo8u"
"CBAM 2017-1","BSL",,,,,
"CBAM 2018-5","BSL","CBAM CLO Management LLC","CBAM 2018-5",,,"/:f:/r/sites/abs-struc-credit/CLO%20Deal%20Documents/CBAMR%202018-5?csf=1&web=1&e=vifMoR"
"CBAM 2018-8","BSL",,,,,
"CBAMR 2018-6","BSL",,,,,
"CBAMR 2021-14","BSL","Carlyle CLO Management LLC","CBAMR 2021-14A",,,"/:f:/r/sites/abs-struc-credit/CLO%20Deal%20Documents/Benefit%20Street%20Partners%20CLO%2043?csf=1&web=1&e=CmRaJm"
"CBAMR 2021-15","BSL",,,,,
"CBAMR 4 CLO","BSL",,,,,
"Cedar Funding II CLO","BSL","Aegon USA Investment Management, LLC","CEDF 2013-1A","cedarf2",,"/:f:/r/sites/abs-struc-credit/CLO%20Deal%20Documents/Cedar%20Funding%20II%20CLO?csf=1&web=1&e=Vc2dFy"
"Cedar Funding IV CLO","BSL","Aegon USA Investment Management, LLC","CEDF 2014-4A",,,
"Cedar Funding IX CLO","BSL","Aegon USA Investment Management, LLC","CEDF 2018-9A","cedarf9",,
"Cedar Funding V CLO","BSL","Aegon USA Investment Management, LLC","CEDF 2016-5A",,,"/:f:/r/sites/abs-struc-credit/CLO%20Deal%20Documents/Cedar%20Funding%20V%20CLO?csf=1&web=1&e=ycS4O5"
"Cedar Funding VI CLO","BSL","Aegon USA Investment Management, LLC","CEDF 2016-6A",,,"/:f:/r/sites/abs-struc-credit/CLO%20Deal%20Documents/Cedar%20Funding%20VI%20CLO?csf=1&web=1&e=o1YDvg"
"Cedar Funding VII CLO","BSL","Aegon USA Investment Management, LLC","CEDF 2018-7A",,,"/:f:/r/sites/abs-struc-credit/CLO%20Deal%20Documents/Cedar%20Funding%20VII%20CLO?csf=1&web=1&e=v96Bn4"
"Cedar Funding VIII CLO","BSL","Aegon USA Investment Management, LLC","CEDF 2017-8A","cedarf8",,
"Cedar Funding X CLO","BSL","Aegon USA Investment Management, LLC","CEDF 2019-10A","cedarf10",,
"Cedar Funding XI CLO","BSL","Aegon USA Investment Management, LLC","CEDF 2019-11A",,,
"Cedar Funding XII CLO","BSL","Aegon USA Investment Management, LLC","CEDF 2020-12A","cedarf12",,"/:f:/r/sites/abs-struc-credit/CLO%20Deal%20Documents/Cedar%20Funding%20XII%20CLO?csf=1&web=1&e=OZfz1w"
"Cedar Funding XIV CLO","BSL","Aegon USA Investment Management, LLC","CEDF 2021-14A","cedarf14",,
"Cedar Funding XIX CLO","BSL","Aegon USA Investment Management, LLC","CEDF 2024-19A",,,
"Cedar Funding XVII CLO","BSL","Aegon USA Investment Management, LLC","CEDF 2023-17A",,,
"Cedar Funding XVIII CLO","BSL","Aegon USA Investment Management, LLC","CEDF 2024-18A","cedarf18",,
"CENT CLO 29","BSL","Columbia Cent CLO Advisers, LLC","CECLO 2020-29A",,,"/:f:/r/sites/abs-struc-credit/CLO%20Deal%20Documents/CENT%20CLO%2029?csf=1&web=1&e=GIcbHu"
"CENT CLO 30","BSL","Columbia Cent CLO Advisers, LLC","CECLO 2020-30A",,,"/:f:/r/sites/abs-struc-credit/CLO%20Deal%20Documents/CENT%20CLO%2030?csf=1&web=1&e=pcLmH8"
"CENT CLO 31","BSL",,,,,
"CENT CLO 32","BSL","Columbia Management Investment Advisers, LLC","CECLO 2022-32A",,,"/:f:/r/sites/abs-struc-credit/CLO%20Deal%20Documents/CENT%20CLO%2032?csf=1&web=1&e=zCMhAo"
"CENT CLO 34","BSL",,,,,
"CENT CLO 35","BSL",,,,,
"Cerberus Loan Funding 50","MM",,,,,
"Cerberus Loan Funding 51","MM","Cerberus Business Finance, LLC","CERB 2025-2A",,,"/:f:/r/sites/abs-struc-credit/CLO%20Deal%20Documents/Cerberus%20Loan%20Funding%2051?csf=1&web=1&e=U9pO4a"
"Cerberus Loan Funding 52","MM","Cerberus Business Finance, LLC","CERB 2025-3A",,,"/:f:/r/sites/abs-struc-credit/CLO%20Deal%20Documents/Cerberus%20Loan%20Funding%2052?csf=1&web=1&e=gicAGg"
"Cerberus Loan Funding 53","MM","Cerberus Business Finance, LLC",,,,"/:f:/r/sites/abs-struc-credit/CLO%20Deal%20Documents/Cerberus%20Loan%20Funding%2053?csf=1&web=1&e=zgqJNC"
"Cerberus Loan Funding XLII","MM","Cerberus Business Finance, LLC",,,,"/:f:/r/sites/abs-struc-credit/CLO%20Deal%20Documents/Cerberus%20Loan%20Funding%20XLII?csf=1&web=1&e=xLxYG0"
"Cerberus Loan Funding XLIII","MM","Cerberus Business Finance, LLC","CERB 2023-4A",,,"/:f:/r/sites/abs-struc-credit/CLO%20Deal%20Documents/Cerberus%20Loan%20Funding%20XLIIII?csf=1&web=1&e=bGGyKt"
"Cerberus Loan Funding XLIX","MM",,,,,
"Cerberus Loan Funding XLVII","MM",,,,,
"Cerberus Loan Funding XLVIII","MM",,,,,
"Cerberus Loan Funding XXIV","MM",,,,,
"Cerberus Loan Funding XXXIX","MM",,,,,
"Chamonix Infrastructure Funding I CLO","Infra","Chamonix Partners Capital Management LLC",,,,"/:f:/r/sites/abs-struc-credit/CLO%20Deal%20Documents/Chamonix%20Infrastructure%20Funding%20I%20CLO?csf=1&web=1&e=kyFl0v"
"Chenango Park CLO","BSL",,,,,
"Churchill MA CLO 2025-1","MM","Churchill Asset Management LLC",,,,"/:f:/r/sites/abs-struc-credit/CLO%20Deal%20Documents/Churchill%20MA%20CLO%202025-1?csf=1&web=1&e=JtkHNB"
"Churchill Middle Market CLO V","MM",,,,,
"Churchill MMSLF CLO-III","MM","Churchill Asset Management LLC","CHMML 2023-3A",,,"/:f:/r/sites/abs-struc-credit/CLO%20Deal%20Documents/Churchill%20MMSLF%20CLO-III?csf=1&web=1&e=hvRzwr"
"Churchill MMSLF CLO-IV","MM",,,,,
"Churchill NCDLC CLO-I","MM",,,,,
"Churchill NCPCIF CLO-I","MM",,,,,
"Churchill NCPCIF CLO-II","MM",,,,,
"CIFC Funding 2013-III-R","BSL",,,,,
"CIFC Funding 2013-IV","BSL",,,,,
"CIFC Funding 2014-III","BSL",,,,,
"CIFC Funding 2014-II-R","BSL",,,,,
"CIFC Funding 2014-IV-R","BSL",,,,,
"CIFC Funding 2014-V","BSL",,,,,
"CIFC Funding 2015-I","BSL",,,,,
"CIFC Funding 2016-I","BSL",,,,,
"CIFC Funding 2017-V","BSL",,,,,
"CIFC Funding 2018-1","BSL",,,,,
"CIFC Funding 2018-II","BSL",,,,,
"CIFC Funding 2018-III","BSL","CIFC Asset Management LLC","CIFC 2018-3A",,,"/:f:/r/sites/abs-struc-credit/CLO%20Deal%20Documents/CIFC%20Funding%202018-III?csf=1&web=1&e=ahf61c"
"CIFC Funding 2018-IV","BSL",,,,,
"CIFC Funding 2018-V","BSL",,,,,
"CIFC Funding 2019-1","BSL",,,,,
"CIFC Funding 2019-II","BSL","CIFC Asset Management LLC","CIFC 2019-2A",,,"/:f:/r/sites/abs-struc-credit/CLO%20Deal%20Documents/CIFC%20Funding%202019-II?csf=1&web=1&e=MM048T"
"CIFC Funding 2019-III","BSL",,,,,
"CIFC Funding 2019-IV","BSL",,,,,
"CIFC Funding 2019-V","BSL","CIFC Asset Management LLC","CIFC 2019-5A",,,"/:f:/r/sites/abs-struc-credit/CLO%20Deal%20Documents/CIFC%20Funding%202019-V?csf=1&web=1&e=KDeLfH"
"CIFC Funding 2019-VI","BSL",,,,,
"CIFC Funding 2019-VII","BSL","CIFC Asset Management LLC","CIFC 2019-7A",,"jpm_cifc_funding_2019-vii_r-6007-dx_mkt|YAY7","/:f:/r/sites/abs-struc-credit/CLO%20Deal%20Documents/CIFC%20Funding%202019-VII?csf=1&web=1&e=DDVLpQ"
"CIFC Funding 2020-III","BSL","CIFC Asset Management LLC",,,,"/:f:/r/sites/abs-struc-credit/CLO%20Deal%20Documents/CIFC%20Funding%202020-III?csf=1&web=1&e=SxBp5s"
"CIFC Funding 2020-IV","BSL",,,,,
"CIFC Funding 2021-I","BSL",,,,,
"CIFC Funding 2021-II","BSL","CIFC Asset Management LLC",,,,
"CIFC Funding 2021-III","BSL",,"CIFC 2021-3","CIFC213",,
"CIFC Funding 2021-IV","BSL",,,,,
"CIFC Funding 2021-V","BSL",,,,,
"CIFC Funding 2021-VII","BSL","CIFC Asset Management LLC","CIFC 2021-7A",,,"/:f:/r/sites/abs-struc-credit/CLO%20Deal%20Documents/CIFC%20Funding%202021-VII?csf=1&web=1&e=v17ra7"
"CIFC Funding 2022-II","BSL",,,,,
"CIFC Funding 2022-III","BSL","CIFC Asset Management LLC","CIFC 2022-3A",,,"/:f:/r/sites/abs-struc-credit/CLO%20Deal%20Documents/CIFC%20Funding%202022-III?csf=1&web=1&e=VUqcV6"
"CIFC Funding 2022-IV","BSL","CIFC Asset Management LLC","CIFC 2022-4A",,,"/:f:/r/sites/abs-struc-credit/CLO%20Deal%20Documents/CIFC%20Funding%202022-IV?csf=1&web=1&e=oncBNY"
"CIFC Funding 2022-V","BSL","CIFC Asset Management LLC",,,,
"CIFC Funding 2022-VI","BSL",,,,,
"CIFC Funding 2022-VII","BSL",,,,,
"CIFC Funding 2023-I","BSL","CIFC Asset Management LLC","CIFC 2023-1A",,,"/:f:/r/sites/abs-struc-credit/CLO%20Deal%20Documents/CIFC%20Funding%202023-I?csf=1&web=1&e=OuBRO4"
"CIFC Funding 2023-II","BSL","CIFC Asset Management LLC","CIFC 2023-2A",,,"/:f:/r/sites/abs-struc-credit/CLO%20Deal%20Documents/CIFC%20Funding%202023-II?csf=1&web=1&e=w5SvRd"
"CIFC Funding 2023-III","BSL","CIFC Asset Management LLC","CIFC 2023-3A",,,"/:f:/r/sites/abs-struc-credit/CLO%20Deal%20Documents/CIFC%20Funding%202023-III?csf=1&web=1&e=ewPWb1"
"CIFC Funding 2024-III","BSL",,,,,
"CIFC Funding 2024-IV","BSL",,,,,
"CIFC Funding 2024-V","BSL",,,,,
"CIFC Funding 2025-I","BSL",,,,,
"CIFC Funding 2025-II","BSL",,,,,
"CIFC Funding 2025-III","BSL",,,,,
"CIFC Funding 2025-IV","BSL","CIFC Asset Management LLC","CIFC 2025-4A",,,"/:f:/r/sites/abs-struc-credit/CLO%20Deal%20Documents/CIFC%20Funding%202025-IV/2025.08.21%20-%20New%20Issue%20(5NC2)%20-%20RBC?csf=1&web=1&e=YJkIiI"
"CIFC Funding 2025-IX","BSL","CIFC Asset Management LLC",,,,
"CIFC Funding 2025-V","BSL","CIFC Asset Management LLC","CIFC 2025-5A",,,"/:f:/r/sites/abs-struc-credit/CLO%20Deal%20Documents/CIFC%20Funding%202025-V?csf=1&web=1&e=Q4VezZ"
"CIFC Funding 2025-VI","BSL","CIFC Asset Management LLC","CIFC 2025-6A",,,"/:f:/r/sites/abs-struc-credit/CLO%20Deal%20Documents/CIFC%20Funding%202025-VI?csf=1&web=1&e=r9pmjp"
"CIFC Funding 2025-VII","BSL","CIFC Asset Management LLC",,,,"/:f:/r/sites/abs-struc-credit/CLO%20Deal%20Documents/CIFC%20Funding%202025-VII?csf=1&web=1&e=hGbmgn"
"CIFC Funding 2025-VIII","BSL","CIFC Asset Management LLC","CIFC 2025-8A",,,"/:f:/r/sites/abs-struc-credit/CLO%20Deal%20Documents/CIFC%20Funding%202025-VIII?csf=1&web=1&e=VzYJSy"
"CIFC Funding 2026-I","BSL","CIFC Asset Management LLC",,,,"/:f:/r/sites/abs-struc-credit/CLO%20Deal%20Documents/CIFC%20Funding%202026-I?csf=1&web=1&e=XCrS6I"
"CIFC-LBC Middle Market CLO 2023-1","MM","CIFC Asset Management LLC","CLBC 2023-1A",,,"/:f:/r/sites/abs-struc-credit/CLO%20Deal%20Documents/CIFC-LBC%20Middle%20Market%20CLO%202023-1?csf=1&web=1&e=6R4iEf"
"Clermont Park CLO","BSL",,,,,
"Clover CLO 2020-1","BSL",,,,,
"Clover CLO 2021-3","BSL",,,,,
"Comvest Credit 2024-1 CLO","MM",,,,,
"Comvest Credit 2024-2 CLO","MM",,,,,
"Comvest Credit 2025-1 CLO","MM",,,,,
"Comvest Credit 2025-2 CLO","MM","Comvest Capital Advisory Services LLC","COVST 2025-2A",,,"/:f:/r/sites/abs-struc-credit/CLO%20Deal%20Documents/Comvest%20Credit%202025-2%20CLO?csf=1&web=1&e=FHC8ht"
"Comvest Credit 2025-3 CLO","MM","Comvest Capital Advisory Services LLC",,,,"/:f:/r/sites/abs-struc-credit/CLO%20Deal%20Documents/Comvest%20Credit%202025-3%20CLO?csf=1&web=1&e=ltyCHG"
"CQS CLO US 2021-1","BSL",,,,,
"CQS CLO US 2025-4","BSL",,,,,
"CQS CLO US 2025-5","BSL","CQS (US), LLC","CQS 2025-5A",,,"/:f:/r/sites/abs-struc-credit/CLO%20Deal%20Documents/CQS%20CLO%20US%202025-5?csf=1&web=1&e=cDkcMz"
"CQS US CLO 6","BSL","CQS (US), LLC",,,,"/:f:/r/sites/abs-struc-credit/CLO%20Deal%20Documents/CQS%20US%20CLO%206?csf=1&web=1&e=clPNkv"
"CreekSource 2024-1 (Dunes Creek) CLO","BSL",,,,,
"Crestline Denali CLO XVII","BSL",,,,,
"Crestline Direct Lending CLO I","MM",,,,,
"Crown City CLO I","BSL","Western Asset Management Company, LLC","CCITY 2020-1A",,"mscrwnc1r_debt_D|2BKY","/:f:/r/sites/abs-struc-credit/CLO%20Deal%20Documents/Crown%20City%20CLO%20I?csf=1&web=1&e=hwKAAF"
"Crown City CLO VI","BSL",,,,,
"Crown Point CLO 11","BSL",,,,,
"Crown Point CLO 7","BSL",,,,,
"CTM CLO 2025-1","BSL","CTM Asset Management",,,,
"CTM CLO 2025-2","BSL","CTM Asset Management",,,,"/:f:/r/sites/abs-struc-credit/CLO%20Deal%20Documents/CTM%20CLO%202025-2?csf=1&web=1&e=vg3Uhd"
"CTM CLO 2026-3","BSL","CTM Asset Management","CTM 2026-3A",,,"/:f:/r/sites/abs-struc-credit/CLO%20Deal%20Documents/CTM%20CLO%202026-3?csf=1&web=1&e=Pzkzft"
"Danby Park CLO","BSL","Blackstone Liquid Credit Strategies LLC","DANBY 2022-1A","dnpk",,
"Davis Park CLO","BSL",,,,,
"Deerpath Capital CLO 2018-1","MM",,,,,
"Deerpath Capital CLO 2021-1","MM",,,,,
"Deerpath Capital CLO 2021-2","MM","Deerpath Capital Management, LP","DPATH 2021-2A",,,"/:f:/r/sites/abs-struc-credit/CLO%20Deal%20Documents/Deerpath%20Capital%20CLO%202021-2?csf=1&web=1&e=xerKhA"
"Deerpath Capital CLO 2022-1","MM",,,,,
"Deerpath Capital CLO 2023-1","MM",,,,,
"Deerpath Capital CLO 2025-1","MM","Deerpath Capital Management, LP","DPATH 2025-1A",,,"/:f:/r/sites/abs-struc-credit/CLO%20Deal%20Documents/Deerpath%20Capital%20CLO%202025-1?csf=1&web=1&e=Z1aYAX"
"Dewolf Park CLO","BSL","Blackstone CLO Management LLC","DWOLF 2017-1A",,,"/:f:/r/sites/abs-struc-credit/CLO%20Deal%20Documents/Dewolf%20Park%20CLO?csf=1&web=1&e=ffwAm2"
"Diameter Capital CLO 1","BSL",,,,,
"Diameter Capital CLO 10","BSL",,,,,
"Diameter Capital CLO 11","BSL","Diameter Captial Partners LP",,,,"/:f:/r/sites/abs-struc-credit/CLO%20Deal%20Documents/Diameter%20Capital%20CLO%2011?csf=1&web=1&e=dmiw73"
"Diameter Capital CLO 12","BSL","Diameter Captial Partners LP",,,,"/:f:/r/sites/abs-struc-credit/CLO%20Deal%20Documents/Diameter%20Capital%20CLO%2012?csf=1&web=1&e=z9sWC9"
"Diameter Capital CLO 13","BSL","Diameter Captial Partners LP",,,"msdclo13_debt_a |A2V3",
"Diameter Capital CLO 2","BSL",,,,,
"Diameter Capital CLO 3","BSL",,,,,
"Diameter Capital CLO 4","BSL","Diameter Captial Partners LP","DCLO 2022-4A",,,"/:f:/r/sites/abs-struc-credit/CLO%20Deal%20Documents/Diameter%20Capital%20CLO%204?csf=1&web=1&e=ah1Di6"
"Diameter Capital CLO 5","BSL","Diameter Captial Partners LP","DCLO 2023-5A",,,"/:f:/r/sites/abs-struc-credit/CLO%20Deal%20Documents/Diameter%20Capital%20CLO%205?csf=1&web=1&e=LseZRt"
"Diameter Capital CLO 7","BSL",,,,,
"Diameter Capital CLO 8","BSL",,,,,
"Diameter Capital CLO 9","BSL",,,,,
"Diameter PC CLO 1","MM","Diameter Captial Partners LP",,,,"/:f:/r/sites/abs-struc-credit/CLO%20Deal%20Documents/Diameter%20PC%20CLO%201?csf=1&web=1&e=r5gIfL"
"Dryden 102 CLO","BSL","PGIM, Inc.","DRSLF 2023-102A",,,"/:f:/r/sites/abs-struc-credit/CLO%20Deal%20Documents/Dryden%20102%20CLO?csf=1&web=1&e=areBro"
"Dryden 104 CLO","BSL",,,,,
"Dryden 105 CLO","BSL",,,,,
"Dryden 106 CLO","BSL",,,,,
"Dryden 107 CLO","BSL","PGIM, Inc.","DRSLF 2023-107A",,"gsxdryden107r_b_var|K24X","/:f:/r/sites/abs-struc-credit/CLO%20Deal%20Documents/Dryden%20107%20CLO?csf=1&web=1&e=4HIzcq"
"Dryden 108 CLO","BSL",,,,,
"Dryden 109 CLO","BSL",,,,,
"Dryden 112 CLO","BSL","PGIM, Inc.",,,,"/:f:/r/sites/abs-struc-credit/CLO%20Deal%20Documents/Dryden%20112%20CLO?csf=1&web=1&e=qz6Hgf"
"Dryden 113 CLO","BSL","PGIM, Inc.","DRSLF 2022-113A",,,"/:f:/r/sites/abs-struc-credit/CLO%20Deal%20Documents/Dryden%20113%20CLO?csf=1&web=1&e=geXU78"
"Dryden 114 CLO","BSL","PGIM, Inc.",,,,
"Dryden 120 CLO","BSL","PGIM, Inc.","DRSLF 2025-120A",,,
"Dryden 121 CLO","BSL",,,,,
"Dryden 123 CLO","BSL","PGIM, Inc.","DRSLF 2025-123A",,"gsxdryden123_j_var|BY7V
",
"Dryden 124 CLO","BSL",,,,,
"Dryden 130 CLO","BSL",,,,,
"Dryden 40 Senior Loan Fund","BSL",,,,,
"Dryden 42 Senior Loan Fund","BSL",,,,,
"Dryden 43 Senior Loan Fund","BSL",,,,,
"Dryden 45 Senior Loan Fund","BSL",,,,,
"Dryden 53 CLO","BSL","PGIM, Inc.","DRSLF 2017-53A",,,"/:f:/r/sites/abs-struc-credit/CLO%20Deal%20Documents/Dryden%2053%20CLO?csf=1&web=1&e=kgxjkF"
"Dryden 58 CLO","BSL",,,,,
"Dryden 61 CLO","BSL","PGIM, Inc.","DRSLF 2018-61A","drydn61",,
"Dryden 68 CLO","BSL",,,,,
"Dryden 70 CLO","BSL","PGIM, Inc.","DRSLF 2018-70A","drydn70",,
"Dryden 72 CLO","BSL",,,,,
"Dryden 75 CLO","BSL","PGIM, Inc.","DRSLF 2019-75A","drydn75",,"/:f:/r/sites/abs-struc-credit/CLO%20Deal%20Documents/Dryden%2075%20CLO?csf=1&web=1&e=fagTS9"
"Dryden 76 CLO","BSL","PGIM, Inc.","DRSLF 2019-76A","drydn76",,
"Dryden 77 CLO","BSL","PGIM, Inc.","DRSLF 2020-77A","drydn77",,
"Dryden 78 CLO","BSL","PGIM, Inc.","DRSLF 2020-78A","drydn78",,
"Dryden 80 CLO","BSL","PGIM, Inc.","DRSLF 2019-80A",,,"/:f:/r/sites/abs-struc-credit/CLO%20Deal%20Documents/Dryden%2080%20CLO?csf=1&web=1&e=RBYMZX"
"Dryden 85 CLO","BSL",,,,,
"Dryden 86 CLO","BSL","PGIM, Inc.","DRSLF 2020-86A","drydn86",,
"Dryden 87 CLO","BSL","PGIM, Inc.","DRSLF 2021-87A",,,"/:f:/r/sites/abs-struc-credit/CLO%20Deal%20Documents/Dryden%2087%20CLO?csf=1&web=1&e=ul3Yg4"
"Dryden 90 CLO","BSL","PGIM, Inc.","DRSLF 2019-90A",,,"/:f:/r/sites/abs-struc-credit/CLO%20Deal%20Documents/Dryden%2090%20CLO?csf=1&web=1&e=FVKiuw"
"Dryden 93 CLO","BSL",,,,,
"Dryden 94 CLO","BSL",,,,,
"Dryden 95 CLO","BSL",,,,,
"Dryden 97 CLO","BSL","PGIM, Inc.","DRSLF 2022-97A",,,"/:f:/r/sites/abs-struc-credit/CLO%20Deal%20Documents/Dryden%2097%20CLO?csf=1&web=1&e=KygeUC"
"Dryden 98 CLO","BSL","PGIM, Inc.",,,,"/:f:/r/sites/abs-struc-credit/CLO%20Deal%20Documents/Dryden%2098%20CLO?csf=1&web=1&e=cVQYyJ"
"Eaton Vance CLO 2013-1","BSL","Morgan Stanley | Eaton Vance CLO Manager LLC","EATON 2013-1A",,,"/:f:/r/sites/abs-struc-credit/CLO%20Deal%20Documents/Eaton%20Vance%20CLO%202013-1?csf=1&web=1&e=N7sHiA"
"Eaton Vance CLO 2019-1","BSL",,,,,
"Eaton Vance CLO 2020-1","BSL",,,,,
"Eaton Vance CLO 2020-2","BSL",,,,,
"Eldridge CLO 2025-1","BSL","Eldridge CLO Manager, LLC",,,,"/:f:/r/sites/abs-struc-credit/CLO%20Deal%20Documents/Eldridge%20CLO%202025-1?csf=1&web=1&e=iPYF8V"
"Eldridge CLO 2025-2","BSL","Eldridge CLO Manager, LLC","ELD 2025-2A",,,
"Eldridge CLO 2026-3","BSL","Eldridge CLO Manager, LLC",,,,"/:f:/r/sites/abs-struc-credit/CLO%20Deal%20Documents/Eldridge%20CLO%202026-3?csf=1&web=1&e=8KdiqO"
"Eldridge MMPC CLO 2025-2","MM","Eldridge Credit Advisers, LLC","ELDMM 2025-2A",,,"/:f:/r/sites/abs-struc-credit/CLO%20Deal%20Documents/Eldridge%20MMPC%20CLO%202025-2?csf=1&web=1&e=2arglH"
"Eldridge MMPC CLO 2026-1 (fka Maranon Loan Funding 2023-2)","MM","Eldridge Credit Advisers, LLC",,,,"/:f:/r/sites/abs-struc-credit/CLO%20Deal%20Documents/Eldridge%20MMPC%20CLO%202026-1%20(fka%20Maranon%20Loan%20Funding%202023-2)?csf=1&web=1&e=sLTWBe"
"Elevation 2016-5","BSL",,,,,
"Elevation 2020-11","BSL",,,,,
"Elevation 2022-16","BSL",,,,,
"Elevation CLO 2018-10","BSL",,,,,
"Elevation CLO 2021-13","BSL",,,,,
"Elevation CLO 2021-14","BSL",,,,,
"Elevation CLO 2023-17","BSL",,"AWPT 2023-17",,,
"Elevation CLO 2023-17","BSL","ArrowMark Colorado Holdings LLC","AWPT 2023-17A",,,"/:f:/r/sites/abs-struc-credit/CLO%20Deal%20Documents/Elevation%20CLO%202023-17?csf=1&web=1&e=XTS6SF"
"Elevation CLO 2025-18","BSL",,,,,
"Elmwood CLO 14","BSL","Elmwood Asset Management LLC","ELM14 2022-1A",,,
"Elmwood CLO 15","BSL",,,,,
"Elmwood CLO 16","BSL","Elmwood Asset Management LLC","ELM16 2022-3A",,,"/:f:/r/sites/abs-struc-credit/CLO%20Deal%20Documents/Elmwood%20CLO%2016?csf=1&web=1&e=Vi9PCh"
"Elmwood CLO 17","BSL",,,,,
"Elmwood CLO 18","BSL",,,,,
"Elmwood CLO 19","BSL","Elmwood Asset Management LLC",,,,"/:f:/r/sites/abs-struc-credit/CLO%20Deal%20Documents/Elmwood%20CLO%2019?csf=1&web=1&e=WQ3zb0"
"Elmwood CLO 20","BSL","Elmwood Asset Management LLC","ELM20 2022-7A",,,"/:f:/r/sites/abs-struc-credit/CLO%20Deal%20Documents/Elmwood%20CLO%2020?csf=1&web=1&e=ieh8UN"
"Elmwood CLO 21","BSL","Elmwood Asset Management LLC","ELM21 2022-8A",,,"/:f:/r/sites/abs-struc-credit/CLO%20Deal%20Documents/Elmwood%20CLO%2021?csf=1&web=1&e=Dbs9nO"
"Elmwood CLO 22","BSL","Elmwood Asset Management LLC","ELM22 2023-1A","elmw22",,
"Elmwood CLO 23","BSL",,,,,
"Elmwood CLO 24","BSL",,,,,
"Elmwood CLO 26","BSL","Elmwood Asset Management LLC","ELM26 2024-1A","elmw26",,"/:f:/r/sites/abs-struc-credit/CLO%20Deal%20Documents/Elmwood%20CLO%2026?csf=1&web=1&e=Rhn8W7"
"Elmwood CLO 30","BSL",,,,,
"Elmwood CLO 31","BSL",,,,,
"Elmwood CLO 32","BSL",,,,,
"Elmwood CLO 33","BSL",,,,,
"Elmwood CLO 34","BSL",,,,,
"Elmwood CLO 35","BSL",,,,,
"Elmwood CLO 36 (f/k/a Logan CLO II)","BSL",,,,,
"Elmwood CLO 37","BSL",,,,,
"Elmwood CLO 38","BSL","Elmwood Asset Management LLC","ELM38 2025-1A","elmw38","nmnelmwood_clo_38_01152025_debt|222V
",
"Elmwood CLO 39","BSL",,,,,
"Elmwood CLO 40","BSL",,,,,
"Elmwood CLO 41","BSL",,,,,
"Elmwood CLO 42","BSL",,,,,
"Elmwood CLO 43","BSL",,,,,
"Elmwood CLO 44","BSL","Elmwood Asset Management LLC",,,,"/:f:/r/sites/abs-struc-credit/CLO%20Deal%20Documents/Elmwood%20CLO%2044?csf=1&web=1&e=IyULqj"
"Elmwood CLO 45","BSL","Elmwood Asset Management LLC","ELM45 2025-8A",,,"/:f:/r/sites/abs-struc-credit/CLO%20Deal%20Documents/Elmwood%20CLO%2045?csf=1&web=1&e=uqClxN"
"Elmwood CLO 46","BSL","Elmwood Asset Management LLC",,,,"/:f:/r/sites/abs-struc-credit/CLO%20Deal%20Documents/Elmwood%20CLO%2046?csf=1&web=1&e=djmal9"
"Elmwood CLO 48","BSL","Elmwood Asset Management LLC",,,,
"Elmwood CLO I","BSL","Elmwood Asset Management LLC","ELMW1 2019-1A",,,"/:f:/r/sites/abs-struc-credit/CLO%20Deal%20Documents/Elmwood%20CLO%20I?csf=1&web=1&e=7ts6pc"
"Elmwood CLO II","BSL",,,,,
"Elmwood CLO III","BSL",,,,,
"Elmwood CLO IV","BSL",,,,,
"Elmwood CLO IX","BSL",,,,,
"Elmwood CLO V","BSL",,,,,
"Elmwood CLO VI","BSL",,,,,
"Elmwood CLO VII","BSL",,,,,
"Elmwood CLO X","BSL","Elmwood Asset Management LLC","ELM10 2021-3A",,,
"Elmwood CLO XI","BSL",,,,,
"Elmwood CLO XII","BSL","Elmwood Asset Management LLC","ELM12 2021-5A","elmw12",,
"Empower CLO 2022-1","BSL",,,,,
"Empower CLO 2023-1","BSL",,,,,
"Empower CLO 2023-2","BSL","Empower Capital Management, LLC","EMPWR 2023-2A",,,"/:f:/r/sites/abs-struc-credit/CLO%20Deal%20Documents/Empower%20CLO%202023-2?csf=1&web=1&e=uwpAlt"
"Empower CLO 2023-3","BSL","Empower Capital Management, LLC","EMPWR 2023-3A",,,
"Empower CLO 2024-2","BSL",,,,,
"Empower CLO 2025-1","BSL",,,,,
"Flatiron CLO 19","BSL",,,,,
"Flatiron CLO 20","BSL","NYL Investors LLC","FLAT 2020-1A",,,"/:f:/r/sites/abs-struc-credit/CLO%20Deal%20Documents/Flatiron%20CLO%2020?csf=1&web=1&e=rG0Ubj"
"Flatiron CLO 21","BSL",,,,,
"Flatiron CLO 22","BSL",,,,,
"Flatiron CLO 23","BSL",,,,,
"Flatiron CLO 24","BSL","NYL Investors LLC",,,,
"Flatiron CLO 25","BSL",,,,,
"Flatiron CLO 26","BSL",,,,,
"Flatiron CLO 28","BSL","NYL Investors LLC",,,,"/:f:/r/sites/abs-struc-credit/CLO%20Deal%20Documents/Flatiron%20CLO%2028?csf=1&web=1&e=DNWQq7"
"Flatiron CLO 30","BSL",,,,,
"Flatiron CLO 31","BSL","NYL Investors LLC",,,"msfltir31_debt_a  / Password: KA2V",
"Flatiron CLO 31","BSL","NYL Investors LLC",,,,"/:f:/r/sites/abs-struc-credit/CLO%20Deal%20Documents/Flatiron%20CLO%2031?csf=1&web=1&e=3OAq0j"
"Flatiron CLO 32","BSL",,,,,
"Flatiron RR CLO 27","BSL",,,,,
"Fort Greene Park CLO (fka Clover CLO 2021-1)","BSL",,,,,
"Fort Washington CLO 2019-1","BSL",,,,,
"Fortress Credit BSL IX","BSL","FC BSL IX Management LLC","FCBSL 2020-1A",,,"/:f:/r/sites/abs-struc-credit/CLO%20Deal%20Documents/Fortress%20Credit%20BSL%20IX?csf=1&web=1&e=mUCoKS"
"Fortress Credit BSL VII","BSL",,,,,
"Fortress Credit BSL VIII","BSL",,,,,
"Fortress Credit BSL X","BSL","FC BSL X Management LLC","FCBSL 2021-1A","fortcb10",,"/:f:/r/sites/abs-struc-credit/CLO%20Deal%20Documents/Fortress%20Credit%20BSL%20X?csf=1&web=1&e=0qhFQW"
"Fortress Credit BSL XIX","BSL","FC BSL CLO Manager IV LLC","FCBSL 2023-2A",,,"/:f:/r/sites/abs-struc-credit/CLO%20Deal%20Documents/Fortress%20Credit%20BSL%20XIX?csf=1&web=1&e=YiGGSO"
"Fortress Credit BSL XV","BSL",,,,,
"Fortress Credit BSL XVI","BSL",,,,,
"Fortress Credit BSL XVIII","BSL",,,,,
"Fortress Credit BSL XX","BSL","FC BSL CLO Manager IV LLC","FCBSL 2023-3",,,
"Fortress Credit BSL XXI","BSL",,,,,
"Fortress Credit BSL XXII","BSL",,,,,
"Fortress Credit BSL XXIII","BSL","FC BSL CLO Manager V LLC","FCBSL 2025-2A",,,"/:f:/r/sites/abs-struc-credit/CLO%20Deal%20Documents/Fortress%20Credit%20BSL%20XXIII?csf=1&web=1&e=uPLoXO"
"Fortress Credit BSL XXIV","BSL",,,,,
"Fortress Credit BSL XXV","BSL",,,,,
"Fortress Credit BSL XXVI","BSL",,,,,
"Fortress Credit BSL XXVIII","BSL","FC BSL CLO Manager V LLC",,,,
"Fortress Credit Opportunities VI CLO","MM",,,,,
"Fortress Credit Opportunities VIII CLO","MM","FCOO CLO Management LLC","FCO 2023-8",,"scotia_fco8_reset_nonndadebt|KJK2","/:f:/r/sites/abs-struc-credit/CLO%20Deal%20Documents/Fortress%20Credit%20Opportunities%20VIII%20CLO?csf=1&web=1&e=zNg575"
"Fortress Credit Opportunities XIX CLO","MM",,,,,
"Fortress Credit Opportunities XXI CLO","MM",,,,,
"Fortress Credit Opportunities XXIX CLO","MM",,,,,
"Fortress Credit Opportunities XXV CLO","MM",,,,,
"Fortress Credit Opportunities XXXI CLO","MM",,,,,
"Fortress Credit Opportunities XXXV CLO","BSL",,,,,
"Fortress Credit Opportunities XXXVII CLO","MM","FCO XXXVII CLO CM LLC","FCO 2025-37A",,,"/:f:/r/sites/abs-struc-credit/CLO%20Deal%20Documents/Fortress%20Credit%20Opportunities%20XXXVII%20CLO/2025.08.07%20-%20New%20Issue%20(0NC1)%20-%20Goldman%20Sachs?csf=1&web=1&e=uxT5eT"
"Franklin Park Place CLO I","BSL","Franklin Advisers, Inc.","FPPC 2022-1A","frpp1",,
"Franklin Park Place CLO VI","BSL",,,,,
"Galaxy 30 CLO","BSL",,,,,
"Galaxy 31 CLO","BSL",,,,,
"Galaxy 32 CLO","BSL","PineBridge Investments LLC","GALXY 2023-32A",,,"/:f:/r/sites/abs-struc-credit/CLO%20Deal%20Documents/Galaxy%2032%20CLO?csf=1&web=1&e=voDq6i"
"Galaxy 34 CLO","BSL",,,,,
"Galaxy 35 CLO","BSL",,,,,
"Galaxy 36 CLO","BSL","PineBridge Galaxy LLC",,,"msgalax36_debt_a|6KBV","/:f:/r/sites/abs-struc-credit/CLO%20Deal%20Documents/Galaxy%2036%20CLO?csf=1&web=1&e=EJu2Og"
"Galaxy CLO XXII","BSL",,,,,
"Galaxy XXII CLO","BSL","PineBridge Galaxy LLC","GALXY 2016-22A",,,"/:f:/r/sites/abs-struc-credit/CLO%20Deal%20Documents/Galaxy%20XXII%20CLO?csf=1&web=1&e=FdaCNj"
"Galaxy XXV CLO","BSL",,"GALXY 2018-25A",,,"/:f:/r/sites/abs-struc-credit/CLO%20Deal%20Documents/Galaxy%20XXV%20CLO?csf=1&web=1&e=AUJtxt"
"Galaxy XXVI","BSL",,,,,
"Gallatin CLO X 2023-1","BSL",,"GALL 2023-1A",,,
"Gallatin CLO XI","BSL",,,,,
"Garnet CLO 2","BSL","Garnet Credit Management LLC","GARNET 2025-2A",,,"/:f:/r/sites/abs-struc-credit/CLO%20Deal%20Documents/Garnet%20CLO%202?csf=1&web=1&e=XURf7c"
"Garnet CLO 2025-1","BSL","Garnet Credit Management LLC",,,,
"Garnet CLO 3","BSL","Garnet Credit Management LLC","GARNET 2025-3A",,,"/:f:/r/sites/abs-struc-credit/CLO%20Deal%20Documents/Garnet%20CLO%203?csf=1&web=1&e=8WAnLP"
"Garnet CLO 4","BSL","Garnet Credit Management LLC",,,,"/:f:/r/sites/abs-struc-credit/CLO%20Deal%20Documents/Garnet%20CLO%204?csf=1&web=1&e=mMPEq6"
"Garnet CLO 5","BSL","Garnet Credit Management LLC",,,,"/:f:/r/sites/abs-struc-credit/CLO%20Deal%20Documents/Garnet%20CLO%205?csf=1&web=1&e=pdqrMH"
"Garnet CLO 6","BSL","Garnet Credit Management LLC","GARNET 2026-6A",,"bofa_garnet6|6JK3","/:f:/r/sites/abs-struc-credit/CLO%20Deal%20Documents/Garnet%20CLO%206?csf=1&web=1&e=7c4t0p"
"Generate CL0 19","BSL",,,,,
"Generate CLO 10","BSL",,,,,
"Generate CLO 11","BSL",,,,,
"Generate CLO 12","BSL","Generate Advisors, LLC","GNRT 2023-12A",,,"/:f:/r/sites/abs-struc-credit/CLO%20Deal%20Documents/Generate%20CLO%2012?csf=1&web=1&e=FBZghF"
"Generate CLO 16","BSL",,,,,
"Generate CLO 17","BSL",,,,,
"Generate CLO 18","BSL",,,,,
"Generate CLO 2","BSL",,,,,
"Generate CLO 20","BSL",,,,,
"Generate CLO 21","BSL",,,,,
"Generate CLO 22","BSL",,,,,
"Generate CLO 4","BSL",,,,,
"Generate CLO 5","BSL",,,,,
"Generate CLO 6","BSL",,,,,
"Generate CLO 8","BSL",,,,,
"Generate CLO 9","BSL",,,,,
"GOCAP 2020-47A","MM",,,,,
"GoldenTree Loan Management US CLO 1","BSL",,,,,
"GoldenTree Loan Management US CLO 10","BSL",,,,,
"GoldenTree Loan Management US CLO 11","BSL",,,,,
"GoldenTree Loan Management US CLO 12","BSL",,,,,
"GoldenTree Loan Management US CLO 14","BSL",,,,,
"GoldenTree Loan Management US CLO 15","BSL","GoldenTree Loan Management II, LP",,,"msgoldmu15r_debt_e|3A3V","/:f:/r/sites/abs-struc-credit/CLO%20Deal%20Documents/GoldenTree%20Loan%20Management%20US%20CLO%2015?csf=1&web=1&e=8XUzCU"
"GoldenTree Loan Management US CLO 16","BSL",,,,,
"GoldenTree Loan Management US CLO 17","BSL",,,,,
"GoldenTree Loan Management US CLO 19","BSL","GLM III, LP","GLM 2024-19A",,,"/:f:/r/sites/abs-struc-credit/CLO%20Deal%20Documents/GoldenTree%20Loan%20Management%20US%20CLO%2019?csf=1&web=1&e=NONeYJ"
"GoldenTree Loan Management US CLO 21","BSL",,,,,
"GoldenTree Loan Management US CLO 22","BSL",,,,,
"GoldenTree Loan Management US CLO 23","BSL",,,,,
"GoldenTree Loan Management US CLO 24","BSL",,,,,
"GoldenTree Loan Management US CLO 25","BSL",,,,,
"GoldenTree Loan Management US CLO 26","BSL",,,,,
"GoldenTree Loan Management US CLO 27","BSL","GLM III, LP","GLM 2025-27A",,,"/:f:/r/sites/abs-struc-credit/CLO%20Deal%20Documents/GoldenTree%20Loan%20Management%20US%20CLO%2027?csf=1&web=1&e=CosalQ"
"GoldenTree Loan Management US CLO 5","BSL",,,,,
"GoldenTree Loan Management US CLO 6","BSL",,,,,
"GoldenTree Loan Management US CLO 7","BSL",,,,,
"GoldenTree Loan Management US CLO 8","BSL",,,,,
"GoldenTree Loan Management US CLO 9","BSL","GoldenTree Loan Management II, LP","GLM 2021-9A","goldmu9",,"/:f:/r/sites/abs-struc-credit/CLO%20Deal%20Documents/GoldenTree%20Loan%20Management%20US%20CLO%209?csf=1&web=1&e=MKgeqe"
"Golub Capital BDC 4 CLO 1","MM",,,,,
"Golub Capital BDC CLO 8","MM",,,,,
"Golub Capital CLO 84(B)","BSL","Golub Capital Liquid Credit Advisors LLC","GCBSL 2025-84A",,,"/:f:/r/sites/abs-struc-credit/CLO%20Deal%20Documents/Golub%20Capital%20CLO%2084(B)?csf=1&web=1&e=YAas5H"
"Golub Capital Partners CLO 16(M)-R3","MM","GC Investment Management LLC","GOCAP 2013-16A",,,"/:f:/r/sites/abs-struc-credit/CLO%20Deal%20Documents/Golub%20Capital%20Partners%20CLO%2016(M)-R3?csf=1&web=1&e=uEMEfz"
"Golub Capital Partners CLO 17(M)","MM",,,,,
"Golub Capital Partners CLO 19(B)-R3","BSL","OPAL BSL LLC","GOCAP 2017-19RA",,,"/:f:/r/sites/abs-struc-credit/CLO%20Deal%20Documents/Golub%20Capital%20Partners%20CLO%2019(B)-R3?csf=1&web=1&e=3AI3Nd"
"Golub Capital Partners CLO 28(M)-R2","MM",,,,,
"Golub Capital Partners CLO 31(M)-R2","MM",,,,,
"Golub Capital Partners CLO 38(M)-R","MM",,,,,
"Golub Capital Partners CLO 41(B)-R2","BSL","OPAL BSL LLC","GCBSL 2019-41A",,,"/:f:/r/sites/abs-struc-credit/CLO%20Deal%20Documents/Golub%20Capital%20Partners%20CLO%2041(B)-R2?csf=1&web=1&e=Ouzrlu"
"Golub Capital Partners CLO 42(M)-R2","MM","Golub Capital Liquid Credit Advisors LLC",,,,
"Golub Capital Partners CLO 43(B)","BSL",,,,,
"Golub Capital Partners CLO 44(M)-R","MM",,,,,
"Golub Capital Partners CLO 45(M)-R","MM",,,,,
"Golub Capital Partners CLO 46(M)","MM",,,,,
"Golub Capital Partners CLO 47(M)-R","MM",,,,,
"Golub Capital Partners CLO 48(B)-R","BSL",,,,,
"Golub Capital Partners CLO 49(M)-R2","MM",,,,,
"Golub Capital Partners CLO 50(B)","BSL","OPAL BSL LLC","GCBSL 2020-20A",,,"/:f:/r/sites/abs-struc-credit/CLO%20Deal%20Documents/Golub%20Capital%20Partners%20CLO%2050(B)?csf=1&web=1&e=gDtpzD"
"Golub Capital Partners CLO 51(M)-R","MM",,,,,
"Golub Capital Partners CLO 53(B)-R","BSL",,,,,
"Golub Capital Partners CLO 54(M)-R","MM","GC Investment Management LLC","GOCAP 2021-54A",,,"/:f:/r/sites/abs-struc-credit/CLO%20Deal%20Documents/Golub%20Capital%20Partners%20CLO%2054(M)-R?csf=1&web=1&e=uFCD0K"
"Golub Capital Partners CLO 55(B)-R","BSL","OPAL BSL LLC","GCGSL 2021-55A",,,"/:f:/r/sites/abs-struc-credit/CLO%20Deal%20Documents/Golub%20Capital%20Partners%20CLO%2055(B)-R?csf=1&web=1&e=tNygLc"
"Golub Capital Partners CLO 57(M)-R","MM",,,,,
"Golub Capital Partners CLO 58(B)-R","BSL","OPAL BSL LLC",,,,"/:f:/r/sites/abs-struc-credit/CLO%20Deal%20Documents/Golub%20Capital%20Partners%20CLO%2058(B)-R?csf=1&web=1&e=uXqfhY"
"Golub Capital Partners CLO 59(M)-R","MM",,,,,
"Golub Capital Partners CLO 60(B)","BSL",,,,,
"Golub Capital Partners CLO 60(B)-R","BSL","OPAL BSL LLC","GCBSL 2021-60A",,,"/:f:/r/sites/abs-struc-credit/CLO%20Deal%20Documents/Golub%20Capital%20Partners%20CLO%2060(B)-R?csf=1&web=1&e=QRx1kd"
"Golub Capital Partners CLO 61(M)","MM",,,,,
"Golub Capital Partners CLO 62(B)-R","BSL",,,,,
"Golub Capital Partners CLO 64(B)","BSL",,,,,
"Golub Capital Partners CLO 65(M)","MM",,,,,
"Golub Capital Partners CLO 66(B)","BSL",,,,,
"Golub Capital Partners CLO 67(M)","MM","GC Investment Management LLC","GOCAP 2023-67A",,,"/:f:/r/sites/abs-struc-credit/CLO%20Deal%20Documents/Golub%20Capital%20Partners%20CLO%2067(M)?csf=1&web=1&e=M7grco"
"Golub Capital Partners CLO 68(B)","BSL",,,,,
"Golub Capital Partners CLO 69(M)-R","MM","GC Investment Management LLC",,,,"/:f:/r/sites/abs-struc-credit/CLO%20Deal%20Documents/Golub%20Capital%20Partners%20CLO%2069(M)-R?csf=1&web=1&e=KHLoIH"
"Golub Capital Partners CLO 70(B)-R","BSL","OPAL BSL LLC","GCBSL 2023-70A",,"smbc_golup70b_reset_debt_20251007|UBVA","/:f:/r/sites/abs-struc-credit/CLO%20Deal%20Documents/Golub%20Capital%20Partners%20CLO%2070(B)-R?csf=1&web=1&e=ca1Tjr"
"Golub Capital Partners CLO 71(M)-R","MM","GC Investment Management LLC",,,,"/:f:/r/sites/abs-struc-credit/CLO%20Deal%20Documents/Golub%20Capital%20Partners%20CLO%2071(M)-R?csf=1&web=1&e=eVCbcR"
"Golub Capital Partners CLO 73(M)","MM",,,,,
"Golub Capital Partners CLO 74(B)","BSL",,,,,
"Golub Capital Partners CLO 75(B)","BSL",,,,,
"Golub Capital Partners CLO 76(B)","BSL",,,,,
"Golub Capital Partners CLO 77(B)","BSL",,,,,
"Golub Capital Partners CLO 78(M)","MM",,,,,
"Golub Capital Partners CLO 79(B)","BSL",,,,,
"Golub Capital Partners CLO 80(M)","MM",,,,,
"Golub Capital Partners CLO 81(B)","BSL",,,,,
"Golub Capital Partners CLO 82(B)","BSL","Golub Capital Liquid Credit Advisors LLC","GCBSL 2025-82A",,,"/:f:/r/sites/abs-struc-credit/CLO%20Deal%20Documents/Golub%20Capital%20Partners%20CLO%2082(B)?csf=1&web=1&e=2fvHof"
"Golub Capital Partners CLO 83(M)","MM","GC Investment Management LLC","GOCAP 2025-83",,,"/:f:/r/sites/abs-struc-credit/CLO%20Deal%20Documents/Golub%20Capital%20Partners%20CLO%2083(M)?csf=1&web=1&e=I0n1ld"
"Golub Capital Partners CLO 85(M)","MM","GC Investment Management LLC",,,,"/:f:/r/sites/abs-struc-credit/CLO%20Deal%20Documents/Golub%20Capital%20Partners%20CLO%2085(M)?csf=1&web=1&e=lEBO8u"
"Golub Capital Partners CLO 86(B)","BSL","Golub Capital Liquid Credit Advisors LLC",,,,"/:f:/r/sites/abs-struc-credit/CLO%20Deal%20Documents/Golub%20Capital%20Partners%20CLO%2086(B)?csf=1&web=1&e=eNFRJh"
"Golub Capital Partners CLO 87(B)","BSL","Golub Capital Liquid Credit Advisors LLC",,,,"/:f:/r/sites/abs-struc-credit/CLO%20Deal%20Documents/Golub%20Capital%20Partners%20CLO%2087(B)?csf=1&web=1&e=UGRlLe"
"Golub Capital Partners Long Duration 2025-1","MM","GC Investment Management LLC","GLONG 2025-1A",,,"/:f:/r/sites/abs-struc-credit/CLO%20Deal%20Documents/Golub%20Capital%20Partners%20Long%20Duration%202025-1?csf=1&web=1&e=7N2hVT"
"Golub Capital Partners Short Duration 2022-1","MM",,,,,
"Golub Capital Partners Static 2024-1","BSL","OPAL BSL LLC","GOST 2024-1A",,,"/:f:/r/sites/abs-struc-credit/CLO%20Deal%20Documents/Golub%20Capital%20Partners%20Static%202024-1?csf=1&web=1&e=3CLhtv"
"Golub Capital Partners Static 2025-1","BSL",,,,,
"Golub Capital Private Credit Fund CLO 1-R","MM","GC Advisors LLC",,,,"/:f:/r/sites/abs-struc-credit/CLO%20Deal%20Documents/Golub%20Private%20Credit%20Fund%20CLO%201-R?csf=1&web=1&e=Bu1h8j"
"Golub Capital Private Credit Fund CLO 2","MM","GC Advisors LLC",,,,"/:f:/r/sites/abs-struc-credit/CLO%20Deal%20Documents/Golub%20Capital%20Private%20Credit%20Fund%20CLO%202?csf=1&web=1&e=tiwb1x"
"GOLUB CREDIT STATIC BSL (GCRED BSL CLO 1)","BSL","GC Advisors LLC",,,,
"Great Lakes CLO 2019-1","MM",,,,,
"Great Lakes CLO IX","MM","BMO Asset Management Corp.",,,,"/:f:/r/sites/abs-struc-credit/CLO%20Deal%20Documents/Great%20Lakes%20CLO%20IX?csf=1&web=1&e=fW71Rf"
"Great Lakes CLO V","MM","BMO Asset Management Corp.","GRTLK 2021-5A",,,"/:f:/r/sites/abs-struc-credit/CLO%20Deal%20Documents/Great%20Lakes%20CLO%20V?csf=1&web=1&e=MZGS7Y"
"Great Lakes VI CLO","MM",,,,,
"Great Lakes VIII CLO","MM",,,,,
"Green Lakes Park","BSL",,,,,
"Greenacre Park CLO (fka Clover CLO 2021-2)","BSL",,,,,
"Greywolf CLO III","BSL",,,,,
"Greywolf CLO IV","BSL","Greywolf Loan Management LP","GWOLF 2019-1A",,,"/:f:/r/sites/abs-struc-credit/CLO%20Deal%20Documents/Greywolf%20CLO%20IV?csf=1&web=1&e=9dAInF"
"Grippen Park CLO","BSL",,,,,
"GT Loan Financing I","BSL","GoldenTree Asset Management LP","GTLNF 2013-1A",,,"/:f:/r/sites/abs-struc-credit/CLO%20Deal%20Documents/GT%20Loan%20Financing%20I?csf=1&web=1&e=86Bob1"
"Guggenheim CLO 2022-2","BSL",,,,,
"Guggenheim Investments Private Debt Fund IV Rated Note Feeder","MM Rated Feeder",,,,,
"Guggenheim MM CLO 2021-4","MM","Guggenheim Corporate Funding, LLC","GUGG 2021-4A",,,"/:f:/r/sites/abs-struc-credit/CLO%20Deal%20Documents/Guggenheim%20MM%20CLO%202021-4?csf=1&web=1&e=51Apuy"
"Guggenheim MM CLO 2023-6","MM","Guggenheim Corporate Funding, LLC","GCF 2023-6A","gumm2306",,
"Guggenheim MM CLO 2024-7","MM","Guggenheim Corporate Funding, LLC","GCF 2024-7A","gumm2407",,
"H.I.G. Whitehorse Trinity CLO","MM",,,,,
"HalseyPoint CLO 3","BSL",,,,,
"HalseyPoint CLO 6","BSL",,,,,
"HalseyPoint CLO 7","BSL",,,,,
"HalseyPoint CLO I","BSL",,,,,
"HalseyPoint CLO II","BSL",,,,,
"Hamlin Park CLO","BSL",,,,,
"Harbor Park CLO","BSL","Blackstone CLO Management LLC","HARB 2018-1A",,,"/:f:/r/sites/abs-struc-credit/CLO%20Deal%20Documents/Harbor%20Park%20CLO?csf=1&web=1&e=AbrRC0"
"Harmony-Peace Park CLO","BSL",,,,,
"Harriman Park CLO","BSL",,,,,
"Hartwick Park CLO","BSL",,,,,
"Harvest US CLO 2023-1","BSL","Investcorp Credit Management US LLC","HARUS 2023-1A",,,"/:f:/r/sites/abs-struc-credit/CLO%20Deal%20Documents/Harvest%20US%20CLO%202023-1?csf=1&web=1&e=6aM4az"
"Harvest US CLO 2024-2","BSL",,,,,
"Harvest US CLO 2024-3","BSL",,,,,
"Harvest US CLO 2025-1","BSL",,,,,
"Harvest US CLO 2025-2","BSL",,,,,
"Harvest US CLO 2025-3","BSL","Investcorp Credit Management US LLC","HARUS 2025-3A",,,
"Harvest US CLO 2026-1","BSL","Investcorp Credit Management US LLC",,,,"/:f:/r/sites/abs-struc-credit/CLO%20Deal%20Documents/Harvest%20US%20CLO%202026-1?csf=1&web=1&e=KXk7pU"
"Hayfin US XII","BSL",,,,,
"Hayfin US XIV","BSL","Hayfin Capital Management LLC",,,,"/:f:/r/sites/abs-struc-credit/CLO%20Deal%20Documents/Hayfin%20US%20XIV?csf=1&web=1&e=b281XW"
"Hayfin US XV","BSL",,,,,
"Higley Park CLO","BSL",,,,,
"HLEND CLO 2023-1","MM","HPS Investment Partners, LLC","HLEND 2023-1A",,,"/:f:/r/sites/abs-struc-credit/CLO%20Deal%20Documents/HLEND%20CLO%202023-1?csf=1&web=1&e=mUbYHB"
"HLEND CLO 2025-3","MM",,,,,
"HLEND CLO 2025-4","MM",,,,,
"HLEND CLO 2026-5","MM","HPS Investment Partners, LLC",,,,"/:f:/r/sites/abs-struc-credit/CLO%20Deal%20Documents/HLEND%20CLO%202026-5?csf=1&web=1&e=mkMwTW"
"Honey Hill Park CLO","BSL","Blackstone CLO Management LLC",,,,"/:f:/r/sites/abs-struc-credit/CLO%20Deal%20Documents/Honey%20Hill%20Park%20CLO?csf=1&web=1&e=ZgoXg8"
"Hook Park CLO","BSL",,,,,
"HPS CLO 21","BSL",,,,,
"HPS CLO 24","BSL",,,,,
"HPS CX-2 Specialty Loan Financing CLO I","MM","HPS Investment Partners, LLC","CX2 2024-1A",,"dbhpscx201_v2001_aug08_pricing|YY27
","/:f:/r/sites/abs-struc-credit/CLO%20Deal%20Documents/HPS%20CX-2%20Specialty%20Loan%20Financing%20CLO%20I?csf=1&web=1&e=LgMTka"
"HPS Loan Management 10-2016","BSL","HPS Investment Partners, LLC",,,,
"HPS Loan Management 13-2018","BSL",,,,,
"HPS Loan Management 15-2019","BSL","HPS Investment Partners, LLC",,,,"/:f:/r/sites/abs-struc-credit/CLO%20Deal%20Documents/HPS%20Loan%20Management%2015-2019?csf=1&web=1&e=DkKfVa"
"HPS Loan Management 2021-16","BSL","HPS Investment Partners, LLC","HLM 2021-16A","hpsl2116",,"/:f:/r/sites/abs-struc-credit/CLO%20Deal%20Documents/HPS%20Loan%20Management%202021-16?csf=1&web=1&e=UASPUh"
"HPS Loan Management 2023-17","BSL",,,,,
"HPS Loan Management 2023-18","BSL",,,,,
"HPS Loan Management 2024-20","BSL",,,,,
"HPS Loan Management 2024-22","BSL",,,,,
"HPS Loan Management 2025-23","BSL",,,,,
"HPS Loan Management 2025-25","BSL",,,,,
"HPS Loan Management 2025-26","BSL","HPS Investment Partners, LLC","HLM 2025-26A",,,"/:f:/r/sites/abs-struc-credit/CLO%20Deal%20Documents/HPS%20Loan%20Management%202025-26?csf=1&web=1&e=uLCwuH"
"HPS Loan Management 2026-27","BSL","HPS Investment Partners, LLC","HLM 2026-27A",,,"/:f:/r/sites/abs-struc-credit/CLO%20Deal%20Documents/HPS%20Loan%20Management%202026-27?csf=1&web=1&e=rPsel3"
"HPS Loan Management 5-2015","BSL",,,,,
"HPS Loan Managment 2025-24","BSL",,,,,
"HPS Private Credit CLO 2023-1","MM","HPS Investment Partners, LLC","HPSPR 2023-1A","hpsp2301",,"/:f:/r/sites/abs-struc-credit/CLO%20Deal%20Documents/HPS%20Private%20Credit%20CLO%202023-1?csf=1&web=1&e=WNn4Ns"
"HPS Private Credit CLO 2024-2","MM","HPS Investment Partners, LLC","HPSPR 2024-2A","hpsp2402",,"/:f:/r/sites/abs-struc-credit/CLO%20Deal%20Documents/HPS%20Private%20Credit%20CLO%202024-2?csf=1&web=1&e=VpxXwc"
"HPS Private Credit CLO 2025-3","MM",,,,,
"ICG US CLO 2015-2","BSL",,,,,
"ICG US CLO 2016-1","BSL","ICG Debt Advisors LLC - Manager Series","ICG 2016-1A",,,"/:f:/r/sites/abs-struc-credit/CLO%20Deal%20Documents/ICG%20US%20CLO%202016-1?csf=1&web=1&e=dbfeZ6"
"ICG US CLO 2017-1","BSL","ICG Debt Advisors LLC - Manager Series","ICG US CLO 2017-1",,,
"ICG US CLO 2020-1","BSL",,,,,
"ICG US CLO 2021-1","BSL",,,,,
"ICG US CLO 2021-3","BSL",,,,,
"ICG US CLO 2022-1(i)","BSL","ICG Debt Advisors LLC - Manager Series",,,,"/:f:/r/sites/abs-struc-credit/CLO%20Deal%20Documents/ICG%20US%20CLO%202022-1(i)?csf=1&web=1&e=6V6G7P"
"ICG US CLO 2023-1","BSL",,,,,
"ICG US CLO 2024-R1 (fka ICG US CLO 2014-3R)","BSL",,,,,
"ICG US CLO 2025-1","BSL","ICG Debt Advisors LLC - Manager Series",,,,"/:f:/r/sites/abs-struc-credit/CLO%20Deal%20Documents/ICG%20US%20CLO%202025-1?csf=1&web=1&e=wl2h5m"
"ICG US CLO 2025-2","BSL","ICG Debt Advisors LLC - Manager Series","ICG 2025-2A",,,"/:f:/r/sites/abs-struc-credit/CLO%20Deal%20Documents/ICG%20US%20CLO%202025-2?csf=1&web=1&e=wcDKOv"
"IFC EM Securitization 2025-1","EM","International Finance Corporation",,,,"/:f:/r/sites/abs-struc-credit/CLO%20Deal%20Documents/IFC%20EM%20Securitization%202025-1?csf=1&web=1&e=6wZPbu"
"Invesco 2021-1","BSL","Invesco CLO Equity Fund 3 LP","INVCO 2021-1A","inves211",,
"Invesco CLO 2021-2","BSL","Invesco CLO Equity Fund 3 LP","INVCO 2021-2A","inves212",,"/:f:/r/sites/abs-struc-credit/CLO%20Deal%20Documents/Invesco%20CLO%202021-2?csf=1&web=1&e=lbThNl"
"Invesco CLO 2021-3","BSL","Invesco CLO Equity Fund 3 LP","INVCO 2021-3A",,,"/:f:/r/sites/abs-struc-credit/CLO%20Deal%20Documents/Invesco%20CLO%202021-3?csf=1&web=1&e=kotTuc"
"Invesco U.S. CLO 2022-3","BSL","Invesco CLO Equity Fund 3 LP","INVCO 2022-3A","inves223",,
"Invesco U.S. CLO 2024-1 (fka Lucali CLO)","BSL","Invesco CLO Equity Fund 3 LP","INVCO 2024-1RA","lucali",,
"Invesco U.S. CLO 2024-3","BSL",,,,,
"Invesco US CLO 2022-2","BSL","Invesco CLO Equity Fund 3 LP","INVCO 2022-2A",,,"/:f:/r/sites/abs-struc-credit/CLO%20Deal%20Documents/Invesco%20US%20CLO%202022-2?csf=1&web=1&e=Eekzi5"
"Invesco US CLO 2023-1","BSL","Invesco CLO Equity Fund 3 LP","INVCO 2023-1A",,,"/:f:/r/sites/abs-struc-credit/CLO%20Deal%20Documents/Invesco%20US%20CLO%202023-1?csf=1&web=1&e=0dudEj"
"Invesco US CLO 2023-2","BSL",,,,,
"Invesco US CLO 2023-3","BSL",,,,,
"Invesco US CLO 2023-4","BSL","Invesco CLO Equity Fund 3 LP","INVCO 2023-4A",,,"/:f:/r/sites/abs-struc-credit/CLO%20Deal%20Documents/Invesco%20US%20CLO%202023-4?csf=1&web=1&e=9fC6ua"
"Invesco US CLO 2024-4","BSL",,,,,
"Invesco US CLO 2025-1","BSL",,,,,
"Invesco US CLO 2025-2","BSL","Invesco CLO Equity Fund 5 LP","INVCO 2025-2A",,,"/:f:/r/sites/abs-struc-credit/CLO%20Deal%20Documents/Invesco%20US%20CLO%202025-2?csf=1&web=1&e=d51Sqa"
"Invesco US CLO 2025-3","BSL","Invesco CLO Equity Fund 5 LP",,,,"/:f:/r/sites/abs-struc-credit/CLO%20Deal%20Documents/Invesco%20US%20CLO%202025-3?csf=1&web=1&e=tAO9Pg"
"Invesco US CLO 2026-1","BSL","Invesco CLO Equity Fund 5 LP",,,,
"ISQ Global Infrastructure Credit Fund II Rated Feeder","Infra Rated Feeder",,,,,
"Ivy Hill Middle Market Credit Fund IX-R","MM","Ivy Hill Asset Management, L.P.","IVYH 9A",,,"/:f:/r/sites/abs-struc-credit/CLO%20Deal%20Documents/Ivy%20Hill%20Middle%20Market%20Credit%20Fund%20IX-R?csf=1&web=1&e=4iMLrx"
"Ivy Hill Middle Market Credit Fund VII","MM",,,,,
"Ivy Hill Middle Market Credit Fund XII","MM",,,,,
"Ivy Hill Middle Market Credit Fund XVIII","MM",,,,,
"Ivy Hill Middle Market Credit Fund XX","MM",,,,,
"Ivy Hill Middle Market Credit Fund XXII","MM","Ivy Hill Asset Management, L.P.","IVYH 2024-22A","ivyhm22",,
"Ivy Hill Middle Market Credit Fund XXIII","MM","Ivy Hill Asset Management, L.P.",,,,"/:f:/r/sites/abs-struc-credit/CLO%20Deal%20Documents/Ivy%20Hill%20Middle%20Market%20Credit%20Fund%20XXIII?csf=1&web=1&e=ywqJIS"
"Jamestown CLO IX","BSL","Investcorp Credit Management US LLC","JTWN 2016-9A",,,"/:f:/r/sites/abs-struc-credit/CLO%20Deal%20Documents/Jamestown%20CLO%20IX?csf=1&web=1&e=yhmIds"
"Jamestown CLO XII","BSL","Investcorp Credit Management US LLC","JTWN 2019-1A",,,"/:f:/r/sites/abs-struc-credit/CLO%20Deal%20Documents/Jamestown%20CLO%20XII?csf=1&web=1&e=87XpNv"
"Jamestown CLO XIV","BSL",,,,,
"Jamestown CLO XV","BSL","Investcorp Credit Management US LLC","JTWN 2020-15A",,,"/:f:/r/sites/abs-struc-credit/CLO%20Deal%20Documents/Jamestown%20CLO%20XV?csf=1&web=1&e=44yp5I"
"Jamestown CLO XVI","BSL",,,,,
"Jamestown CLO XVII","BSL",,,,,
"Jamestown CLO XVIII","BSL",,,,,
"Jefferies Credit Partners BDC CLO I","MM","Jefferies Credit Management LLC","JCPBD 2025-1A",,"jpm_jefferiesbdc_pclo_6001_dx_nonnda|A4Y6
",
"Jefferies Credit Partners BDC CLO II","MM","Jefferies Credit Partners LLC",,,,"/:f:/r/sites/abs-struc-credit/CLO%20Deal%20Documents/Jefferies%20Credit%20Partners%20BDC%20CLO%20II?csf=1&web=1&e=PaK5t7"
"Jefferies Credit Partners Direct Lending CLO 2023-1","MM","Jefferies Credit Partners LLC",,,,"/:f:/r/sites/abs-struc-credit/CLO%20Deal%20Documents/Jefferies%20Credit%20Partners%20Direct%20Lending%20CLO%202023-1?csf=1&web=1&e=idEDCe"
"Jefferies Credit Partners Direct Lending CLO 2024-1","MM",,,,,
"Jefferies Credit Partners Direct Lending CLO 2024-II","MM",,,,,
"Jefferies Credit Partners Direct Lending CLO 2025-1","MM","Jefferies Credit Partners LLC","JCPDL 2025-1A",,,"/:f:/r/sites/abs-struc-credit/CLO%20Deal%20Documents/Jefferies%20Credit%20Partners%20Direct%20Lending%20CLO%202025-1?csf=1&web=1&e=WPqxju"
"Jefferies Credit Partners Direct Lending CLO 2025-2","MM","Jefferies Credit Partners LLC","JCPDL 2025-2A",,,"/:f:/r/sites/abs-struc-credit/CLO%20Deal%20Documents/Jefferies%20Credit%20Partners%20Direct%20Lending%20CLO%202025-2?csf=1&web=1&e=yYvFIY"
"Jefferson Mill 2015-1","BSL",,,,,
"Juniper Valley Park CLO","BSL","Blackstone CLO Management LLC","JNPPK 2023-1A",,,"/:f:/r/sites/abs-struc-credit/CLO%20Deal%20Documents/Juniper%20Valley%20Park%20CLO?csf=1&web=1&e=TnhgN0"
"Kennedy Lewis CLO 13","BSL","Kennedy Lewis Loan Management LLC","KLLM 2023-13A",,,"/:f:/r/sites/abs-struc-credit/CLO%20Deal%20Documents/Kennedy%20Lewis%20CLO%2013?csf=1&web=1&e=0AchMP"
"Kennedy Lewis CLO 23","BSL","Generate Advisors, LLC","KLLM 2025-23A",,,"/:f:/r/sites/abs-struc-credit/CLO%20Deal%20Documents/Kennedy%20Lewis%20CLO%2023?csf=1&web=1&e=IANV3b"
"Kennedy Lewis CLO 3 (Generate CLO 3)","BSL","Generate Advisors, LLC",,"GNRT 3",,
"KIMM CLO 2","MM","KKR Financial Advisors II, LLC",,,,"/:f:/r/sites/abs-struc-credit/CLO%20Deal%20Documents/KIMM%20CLO%202?csf=1&web=1&e=yZnhK7"
"KIMM CLO I","MM",,,,,
"Kings Park","BSL","Blackstone CLO Management LLC","KINGP 2021-1A",,,
"Kings Point 2021-1","BSL",,,,,
"KKR - FSK CLO 2","MM",,,,,
"KKR CLO 15","BSL",,,,,
"KKR CLO 16","BSL","KKR Financial Advisors II, LLC",,,,
"KKR CLO 18","BSL","KKR Financial Advisors II, LLC","KKR 18A",,,"/:f:/r/sites/abs-struc-credit/CLO%20Deal%20Documents/KKR%20CLO%2018?csf=1&web=1&e=K0W6Pb"
"KKR CLO 20","BSL",,,,,
"KKR CLO 2013-1","BSL","KKR Financial Advisors II, LLC",,,,"/:f:/r/sites/abs-struc-credit/CLO%20Deal%20Documents/KKR%20CLO%202013-1?csf=1&web=1&e=XUex72"
"KKR CLO 23","BSL",,,,,
"KKR CLO 25","BSL",,,,,
"KKR CLO 26","BSL","KKR Financial Advisors II, LLC",,,,"/:f:/r/sites/abs-struc-credit/CLO%20Deal%20Documents/KKR%20CLO%2026?csf=1&web=1&e=soBcKG"
"KKR CLO 27","BSL",,,,,
"KKR CLO 28","BSL","KKR Financial Advisors II, LLC","KKR 28A",,,"/:f:/r/sites/abs-struc-credit/CLO%20Deal%20Documents/KKR%20CLO%2028?csf=1&web=1&e=VNoMd4"
"KKR CLO 30","BSL",,,,,
"KKR CLO 34","BSL","KKR Financial Advisors II, LLC",,,,"/:f:/r/sites/abs-struc-credit/CLO%20Deal%20Documents/KKR%20CLO%2034?csf=1&web=1&e=pwaVVG"
"KKR CLO 35","BSL",,,,,
"KKR CLO 36","BSL","KKR Financial Advisors II, LLC","KKR 36A",,,"/:f:/r/sites/abs-struc-credit/CLO%20Deal%20Documents/KKR%20CLO%2036?csf=1&web=1&e=mziDea"
"KKR CLO 37","BSL",,,,,
"KKR CLO 40","BSL",,,,,
"KKR CLO 42","BSL","KKR Financial Advisors II, LLC","KKR 42A",,,"/:f:/r/sites/abs-struc-credit/CLO%20Deal%20Documents/KKR%20CLO%2042?csf=1&web=1&e=llJ6sa"
"KKR CLO 43","KKR","KKR Financial Advisors II, LLC","KKR 2022-43A",,,"/:f:/r/sites/abs-struc-credit/CLO%20Deal%20Documents/KKR%20CLO%2043?csf=1&web=1&e=adhhvF"
"KKR CLO 44","BSL",,,,,
"KKR CLO 45a","BSL","KKR Financial Advisors II, LLC","KKR 2024-45A",,,"/:f:/r/sites/abs-struc-credit/CLO%20Deal%20Documents/KKR%20CLO%2045a?csf=1&web=1&e=PvMxoH"
"KKR CLO 46","BSL",,,,,
"KKR CLO 47","BSL",,,,,
"KKR CLO 48","BSL","KKR Financial Advisors II, LLC","KKR 48A",,"bofa_kkr_48_reset_20250902_debt|UVJ2","/:f:/r/sites/abs-struc-credit/CLO%20Deal%20Documents/KKR%20CLO%2048?csf=1&web=1&e=LnFKnM"
"KKR CLO 49","BSL",,,,,
"KKR CLO 51","BSL",,,,,
"KKR CLO 52","BSL",,,,,
"KKR CLO 53","BSL",,,,,
"KKR CLO 54","BSL",,,,,
"KKR CLO 55","BSL","KKR Financial Advisors II, LLC","KKR 2025-55A",,,
"KKR CLO 56","BSL",,,,,
"KKR CLO 57","BSL",,,,,
"KKR CLO 58","BSL","KKR Financial Advisors II, LLC",,,,"/:f:/r/sites/abs-struc-credit/CLO%20Deal%20Documents/KKR%20CLO%2058?csf=1&web=1&e=6evMyB"
"KKR CLO 59","BSL","KKR Financial Advisors II, LLC",,,,"/:f:/r/sites/abs-struc-credit/CLO%20Deal%20Documents/KKR%20CLO%2059?csf=1&web=1&e=UCdpzf"
"KKR CLO 60","BSL",,,,,
"KKR CLO 61","BSL",,,,,
"KKR CLO 62","KKR","KKR Financial Advisors II, LLC",,,,"/:f:/r/sites/abs-struc-credit/CLO%20Deal%20Documents/KKR%20CLO%2062?csf=1&web=1&e=MTh86k"
"KKR Static CLO I","BSL",,,,,
"Kohlberg Credit CLO 2025-1","MM","Kohlberg & Co., LLC",,,,
"Kohlberg Credit CLO 2026-1","MM","Kohlberg & Co., LLC",,,,"/:f:/r/sites/abs-struc-credit/CLO%20Deal%20Documents/Kohlberg%20Credit%20CLO%202026-1?csf=1&web=1&e=QIQmqp"
"Lake George Park CLO","BSL",,,,,
"Lake Shore MM CLO II","MM",,,,,
"Lake Shore MM CLO IV","MM",,,,,
"Lake Shore MM CLO V","MM",,,,,
"Lakeside Park CLO","BSL",,,,,
"LCM 26","BSL","LCM Asset Management LLC","LCM 26A","lcm26",,
"LCM 27","BSL","LCM Asset Management LLC","LCM 27A","lcm27",,
"LCM 31","BSL",,,,,
"LCM 33","BSL","LCM EURO LLC","LCM 33A","lcm33",,"/:f:/r/sites/abs-struc-credit/CLO%20Deal%20Documents/LCM%2033?csf=1&web=1&e=r7edTT"
"LCM 34","BSL","LCM Asset Management LLC","LCM 34A","lcm34",,
"LCM 35","BSL",,,,,
"LCM 36","BSL",,,,,
"LCM 37","BSL",,,,,
"LCM 38","BSL","LCM Asset Management LLC","LCM 38A","lcm38",,"/:f:/r/sites/abs-struc-credit/CLO%20Deal%20Documents/LCM%2038?csf=1&web=1&e=8HPLNC"
"LCM 39","BSL",,,,,
"LCM 40","BSL","LCM Asset Management LLC","LCM 40A","lcm40",,
"LCM 41","BSL",,,,,
"LCM 42","BSL",,,,,
"LCM XVI","BSL","LCM Asset Management LLC","LCM 16A","lcm16",,
"Lewey Park CLO","BSL",,,,,
"Lighthouse Park CLO","BSL","Blackstone CLO Management LLC","LITPK 2025-1A",,,"/:f:/r/sites/abs-struc-credit/CLO%20Deal%20Documents/Lighthouse%20Park%20CLO?csf=1&web=1&e=QMeIz4"
"Lodi Park CLO","BSL",,,,,
"Lucali CLO","BSL",,,,,
"Madison Park Funding L","BSL","UBS Asset Management (Americas), LLC","MDPK 2021-50A",,,"/:f:/r/sites/abs-struc-credit/CLO%20Deal%20Documents/Madison%20Park%20Funding%20L?csf=1&web=1&e=f53iTr"
"Madison Park Funding LI","BSL","UBS Asset Management (Americas), LLC","MDPK 2021-51A",,,"/:f:/r/sites/abs-struc-credit/CLO%20Deal%20Documents/Madison%20Park%20Funding%20LI?csf=1&web=1&e=1RdzO2"
"Madison Park Funding LII","BSL","UBS Asset Management (Americas), LLC","MDPK 2021-52A",,,"/:f:/r/sites/abs-struc-credit/CLO%20Deal%20Documents/Madison%20Park%20Funding%20LII?csf=1&web=1&e=Uh1Tl8"
"Madison Park Funding LIII","BSL","UBS Asset Management (Americas), LLC","MDPK 2022-53A","madpk53",,"/:f:/r/sites/abs-struc-credit/CLO%20Deal%20Documents/Madison%20Park%20Funding%20LIII?csf=1&web=1&e=zW5pIu"
"Madison Park Funding LIV","BSL",,,,,
"Madison Park Funding LIX","BSL",,,,,
"Madison Park Funding LV","BSL",,,,,
"Madison Park Funding LVII","BSL",,,,,
"Madison Park Funding LX","BSL","Credit Suisse Asset Management, LLC","MDPK 2022-60A","madpk60",,
"Madison Park Funding LXI","BSL","Credit Suisse Asset Management, LLC","MDPK 2023-61A","madpk61",,"/:f:/r/sites/abs-struc-credit/CLO%20Deal%20Documents/Madison%20Park%20Funding%20LXI?csf=1&web=1&e=QH6VNq"
"Madison Park Funding LXII","BSL","UBS Asset Management (Americas), LLC","MDPK 2022-62A",,,"/:f:/r/sites/abs-struc-credit/CLO%20Deal%20Documents/Madison%20Park%20Funding%20LXII?csf=1&web=1&e=hgHWGA"
"Madison Park Funding LXIII","BSL",,,,,
"Madison Park Funding LXV","BSL",,,,,
"Madison Park Funding LXVI","BSL",,,,,
"Madison Park Funding LXVIII","BSL",,,,,
"Madison Park Funding LXX","BSL","UBS Asset Management (Americas), LLC","MDPK 2025-70A",,,"/:f:/r/sites/abs-struc-credit/CLO%20Deal%20Documents/Madison%20Park%20Funding%20LXX?csf=1&web=1&e=nYF0NF"
"Madison Park Funding LXXI","BSL",,,,,
"Madison Park Funding LXXII","BSL",,,,,
"Madison Park Funding LXXIII","BSL","UBS Asset Management (Americas), LLC","MDPK 2025-73A",,,"/:f:/r/sites/abs-struc-credit/CLO%20Deal%20Documents/Madison%20Park%20Funding%20LXXIII?csf=1&web=1&e=nrykcU"
"Madison Park Funding LXXV","BSL","UBS Asset Management (Americas), LLC","MDPK 2025-75A",,,"/:f:/r/sites/abs-struc-credit/CLO%20Deal%20Documents/Madison%20Park%20Funding%20LXXV?csf=1&web=1&e=imA9N9"
"Madison Park Funding LXXVII","BSL","UBS Asset Management (Americas), LLC",,,,"/:f:/r/sites/abs-struc-credit/CLO%20Deal%20Documents/Madison%20Park%20Funding%20LXXVII?csf=1&web=1&e=AZifN5"
"Madison Park Funding XIV","BSL",,,,,
"Madison Park Funding XL (fka Atrium IX)","BSL",,,,,
"Madison Park Funding XLII (fka Atrium XIII)","BSL","UBS Asset Management (Americas), LLC","ATRM 13A",,,"/:f:/r/sites/abs-struc-credit/CLO%20Deal%20Documents/Madison%20Park%20Funding%20XLII%20(fka%20Atrium%20XIII)?csf=1&web=1&e=Qo2uOq"
"Madison Park Funding XLIII (f/k/a Atrium XIV)","BSL",,,,,
"Madison Park Funding XLIV (f/k/a Atrium XV)","BSL","Credit Suisse Asset Management, LLC","ATRM 15A","atr15cdo",,
"Madison Park Funding XLIX","BSL",,,,,
"Madison Park Funding XL-R","BSL","UBS Asset Management (Americas), LLC",,,,"/:f:/r/sites/abs-struc-credit/CLO%20Deal%20Documents/Madison%20Park%20Funding%20XL-R?csf=1&web=1&e=pQbZhb"
"Madison Park Funding XLV","BSL",,,,,
"Madison Park Funding XLVI","BSL",,,,,
"MADISON PARK FUNDING XLVIII (48)","BSL","UBS Asset Management (Americas), LLC","MDPK 2021-48A",,"smbc_mp48_v42_8_debt_20251031|6U4J",
"Madison Park Funding XVII","BSL",,,,,
"Madison Park Funding XXI","BSL","Credit Suisse Asset Management, LLC","MDPK 2016-21A","madpk21",,
"Madison Park Funding XXII","BSL",,,,,
"Madison Park Funding XXIV","BSL",,,,,
"Madison Park Funding XXIX","BSL",,,,,
"Madison Park Funding XXVII","BSL",,,,,
"Madison Park Funding XXVIII","BSL",,,,,
"Madison Park Funding XXX","BSL",,,,,
"Madison Park Funding XXXI","BSL",,,,,
"Madison Park Funding XXXII","BSL",,,,,
"Madison Park Funding XXXIV","BSL",,,,,
"Madison Park Funding XXXIX","BSL",,,,,
"Madison Park Funding XXXV","BSL","UBS Asset Management (Americas), LLC","MDPK 2019-35A",,,"/:f:/r/sites/abs-struc-credit/CLO%20Deal%20Documents/Madison%20Park%20Funding%20XXXV/2026.02.13%20-%20Reset%20(5nc2)%20-%20Bank%20of%20America?csf=1&web=1&e=WiLebm"
"Madison Park Funding XXXVI","BSL",,,,,
"Madison Park Funding XXXVIII","BSL","UBS Asset Management (Americas), LLC","MDPK 2021-38A",,,"/:f:/r/sites/abs-struc-credit/CLO%20Deal%20Documents/Madison%20Park%20Funding%20XXXVIII?csf=1&web=1&e=boo72U"
"Madison Park LXV","BSL",,,,,
"Madison Park XX","BSL",,,,,
"Magnetite L","BSL",,,,,
"Magnetite LI ","BSL","BlackRock Financial Management, Inc.",,,,"/:f:/r/sites/abs-struc-credit/CLO%20Deal%20Documents/Magnetite%20LI?csf=1&web=1&e=OGOSaR"
"Magnetite LII","BSL"," BlackRock US Loan Funding LLC.",,,,
"Magnetite LIV","BSL"," BlackRock US Loan Funding LLC.",,,,
"Magnetite LV","BSL","BlackRock Financial Management, Inc.","MAGNE 2026-55A",,,"/:f:/r/sites/abs-struc-credit/CLO%20Deal%20Documents/Magnetite%20LV?csf=1&web=1&e=04dvOA"
"Magnetite XIX","BSL",,,,,
"Magnetite XL","BSL",,,,,
"Magnetite XLI","BSL",,,,,
"Magnetite XLII","BSL",,,,,
"Magnetite XLIII","BSL",,,,,
"Magnetite XLIV","BSL",,,,,
"Magnetite XLV","BSL",,,,,
"Magnetite XLVII","BSL",,,,,
"Magnetite XLVIII","BSL","BlackRock Financial Management, Inc.","MAGNE 2025-48A",,,"/:f:/r/sites/abs-struc-credit/CLO%20Deal%20Documents/Magnetite%20XLVIII?csf=1&web=1&e=4dS1BY"
"Magnetite XVII","BSL","BlackRock Financial Management, Inc.","MAGNE 2016-17A","magnet17",,
"Magnetite XVIII","BSL",,,,,
"Magnetite XXII","BSL",,,,,
"Magnetite XXIX","BSL","BlackRock Financial Management, Inc.","MAGNE 2021-29A","magnet29",,
"Magnetite XXVI","BSL",,,,,
"Magnetite XXVII","BSL","BlackRock Financial Management, Inc.","MAGNE 2020-27A","magnet27","SANCAP_MAG_27_RESET_0917_DEBT_PRICING|JAK3","/:f:/r/sites/abs-struc-credit/CLO%20Deal%20Documents/Magnetite%20XXVII?csf=1&web=1&e=zcZiyV"
"Magnetite XXVIII","BSL",,,,,
"Magnetite XXX","BSL",,,,,
"Magnetite XXXI","BSL","BlackRock Financial Management, Inc.","MAGNE 2021-31A",,,"/:f:/r/sites/abs-struc-credit/CLO%20Deal%20Documents/Magnetite%20XXXI?csf=1&web=1&e=fbNtR4"
"Magnetite XXXII","BSL","BlackRock Financial Management, Inc.","MAGNE 2022-32A","magnet32",,"/:f:/r/sites/abs-struc-credit/CLO%20Deal%20Documents/Magnetite%20XXXII?csf=1&web=1&e=ZcjcpW"
"Magnetite XXXIII","BSL",,,,,
"Magnetite XXXIV","BSL",,,,,
"Magnetite XXXIX","BSL",,,,,
"Magnetite XXXV","BSL","BlackRock Financial Management, Inc.",,,,
"Magnetite XXXVI","BSL",,,,,
"Magnetite XXXVII","BSL","BlackRock Financial Management, Inc.","MAGNE 2023-37A",,,"/:f:/r/sites/abs-struc-credit/CLO%20Deal%20Documents/Magnetite%20XXXVII?csf=1&web=1&e=HYdN9U"
"Man US CLO 2024-1","BSL",,,,,
"Maranon Loan Funding 2021-3","MM",,,,,
"Maranon Loan Funding 2022-1","MM",,,,,
"Maranon Loan Funding 2023-1","MM",,,,,
"Maranon Loan Funding 2024-1","MM",,,,,
"Maranon Loan Funding 2025-1","MM","Eldridge Credit Advisers, LLC","MRNON 2025-1A",,,"/:f:/r/sites/abs-struc-credit/CLO%20Deal%20Documents/Maranon%20Loan%20Funding%202025-1?csf=1&web=1&e=IUvTfg"
"Marathon CLO 14","BSL",,,,,
"Marathon CLO 2020-15","BSL","Marathon Asset Management, L.P.","MCLO 2020-15A","marath15",,
"Marathon CLO 2021-16","BSL",,,,,
"Marble Point CLO XIX","BSL","Marble Point CLO Management LLC","MP19 2020-3A",,,"/:f:/r/sites/abs-struc-credit/CLO%20Deal%20Documents/Marble%20Point%20CLO%20XIX?csf=1&web=1&e=L6swOT"
"Marble Point CLO XV","BSL",,,,,
"Marble Point CLO XVII","BSL",,,,,
"Marble Point CLO XVIII","BSL",,,,,
"Marble Point CLO XXI","BSL","Marble Point CLO Management LLC",,,,"/:f:/r/sites/abs-struc-credit/CLO%20Deal%20Documents/Marble%20Point%20CLO%20XXI?csf=1&web=1&e=cCkiTT"
"Marble Point CLO XXII","BSL","Marble Point CLO Management LLC","MP22 2021-2A",,,"/:f:/r/sites/abs-struc-credit/CLO%20Deal%20Documents/Marble%20Point%20CLO%20XXII?csf=1&web=1&e=qEAdas"
"Marble Point CLO XXIII","BSL","Marble Point CLO Management LLC",,,,"/:f:/r/sites/abs-struc-credit/CLO%20Deal%20Documents/Marble%20Point%20CLO%20XXIII?csf=1&web=1&e=imkXXm"
"Marble Point CLO XXIV","BSL","Marble Point CLO Management LLC","MP24 2022-1A",,,"/:f:/r/sites/abs-struc-credit/CLO%20Deal%20Documents/Marble%20Point%20CLO%20XXIV?csf=1&web=1&e=rnkbqZ"
"Marble Point CLO XXV","BSL","Marble Point CLO Management LLC","MP25 2022-2A",,,"/:f:/r/sites/abs-struc-credit/CLO%20Deal%20Documents/Marble%20Point%20CLO%20XXV?csf=1&web=1&e=7ahvjy"
"Market Street CLO I","BSL","Macquarie Asset Management",,,,
"Market Street CLO II","BSL","Macquarie Asset Management",,,,"/:f:/r/sites/abs-struc-credit/CLO%20Deal%20Documents/Market%20Street%20CLO%20II?csf=1&web=1&e=djwlKB"
"MCF CLO 10","MM",,,,,
"MCF CLO 11","MM","Apogem Capital LLC","MCFCL 2026-1A",,,"/:f:/r/sites/abs-struc-credit/CLO%20Deal%20Documents/MCF%20CLO%2011?csf=1&web=1&e=XX68N9"
"MCF CLO IV","MM","Apogem Capital LLC","MCFCL 2014-1A",,,"/:f:/r/sites/abs-struc-credit/CLO%20Deal%20Documents/MCF%20CLO%20IV?csf=1&web=1&e=Ubnx1Z"
"MCF CLO V","MM",,,,,
"MCF CLO VII","MM","Apogem Capital LLC","MCFCL 2017-3A",,,"/:f:/r/sites/abs-struc-credit/CLO%20Deal%20Documents/MCF%20CLO%20VII?csf=1&web=1&e=rnVfkY"
"Meacham Park CLO","BSL",,,,,
"Menlo CLO I","BSL",,,,,
"Menlo CLO II","BSL",,,,,
"Menlo CLO III","BSL","Permira US CLO Manager LLC",,,,"/:f:/r/sites/abs-struc-credit/CLO%20Deal%20Documents/Menlo%20CLO%20III?csf=1&web=1&e=BdwdF4"
"Menlo CLO IV","BSL","Permira US CLO Manager LLC",,,,"/:f:/r/sites/abs-struc-credit/CLO%20Deal%20Documents/Menlo%20CLO%20IV?csf=1&web=1&e=guZiHb"
"MFIC Bethesda CLO 1","MM","MidCap Financial Services Capital Management, LLC",,,,"/:f:/r/sites/abs-struc-credit/CLO%20Deal%20Documents/MFIC%20Bethesda%20CLO%20I?csf=1&web=1&e=pno2rs"
"MFIC Bethesda CLO 2","MM",,,,,
"MidOcean CLO XVI","BSL",,,,,
"MidOcean CLO XX","BSL","MidOcean Credit RR Manager LLC",,,,"/:f:/r/sites/abs-struc-credit/CLO%20Deal%20Documents/MidOcean%20CLO%20XX?csf=1&web=1&e=8a9zQD"
"MidOcean CLO XXI","BSL","MidOcean Credit RR Manager LLC",,,,"/:f:/r/sites/abs-struc-credit/CLO%20Deal%20Documents/MidOcean%20CLO%20XXI?csf=1&web=1&e=1fuRPj"
"MidOcean CLO XXII","BSL","MidOcean Credit RR Manager LLC",,,,"/:f:/r/sites/abs-struc-credit/CLO%20Deal%20Documents/MidOcean%20CLO%20XXII?csf=1&web=1&e=yhwFua"
"MidOcean Credit CLO VI","BSL",,,,,
"MidOcean Credit CLO X","BSL",,,,,
"MidOcean Credit CLO XI","BSL",,,,,
"MidOcean Credit CLO XII","BSL",,,,,
"MidOcean Credit CLO XIII","BSL","MidOcean Credit RR Manager LLC","MIDO 2023-13A",,,"/:f:/r/sites/abs-struc-credit/CLO%20Deal%20Documents/MidOcean%20Credit%20CLO%20XIII?csf=1&web=1&e=i58wjr"
"MidOcean Credit CLO XIX","BSL",,,,,
"MidOcean Credit CLO XV","BSL",,,,,
"MidOcean Credit CLO XVII","BSL",,,,,
"MidOcean Credit CLO XVIII","BSL",,,,,
"MidOcean XXII CLO","BSL","MidOcean Credit RR Manager LLC",,,,
"Milford Park CLO","BSL","Blackstone Liquid Credit Strategies LLC","MLFPK 2022-1A",,,
"Monroe Capital 1M 2023-1","MM",,,,,
"Monroe Capital MML CLO X","MM",,,,,
"Monroe Capital MML CLO XIV","MM",,,,,
"Monroe Capital MML CLO XV","MM","Monroe Capital, LLC","MCMML 2023-1A",,,"/:f:/r/sites/abs-struc-credit/CLO%20Deal%20Documents/Monroe%20MM%20CLO%20XV?csf=1&web=1&e=T99cWA"
"Monroe Capital MML CLO XVI","MM",,,,,
"Monroe Capital MML CLO XVII","MM",,,,,
"Montauk Park CLO","BSL","Blackstone CLO Management LLC",,,,
"Morgan Stanley Eaton Vance 2020-6 (fka 522 Funding)","BSL",,,,,
"Morgan Stanley Eaton Vance CLO 2021-1","BSL","Morgan Stanley | Eaton Vance CLO Manager LLC","MSEV 2021-1A",,,"/:f:/r/sites/abs-struc-credit/CLO%20Deal%20Documents/Morgan%20Stanley%20Eaton%20Vance%20CLO%202021-1?csf=1&web=1&e=F5APSS"
"Morgan Stanley Eaton Vance CLO 2022-17A","BSL",,,,,
"Morgan Stanley Eaton Vance CLO 2022-18","BSL",,,,,
"Morgan Stanley Eaton Vance CLO 2023-19","BSL",,,,,
"Morgan Stanley Eaton Vance CLO 2025-21","BSL",,,,,
"Mountain Point CLO 1","BSL","Mountain Point Credit Management LLC","MTNPT 2026-1A",,,"/:f:/r/sites/abs-struc-credit/CLO%20Deal%20Documents/Mountain%20Point%20CLO%201?csf=1&web=1&e=OcXIz5"
"Mountain View CLO 2016-1","BSL",,,,,
"Mountain View CLO XIX","BSL","Seix Investment Advisors LLC","MVEW 2025-1A",,,"/:f:/r/sites/abs-struc-credit/CLO%20Deal%20Documents/Mountain%20View%20CLO%20XIX?csf=1&web=1&e=658FtF"
"Mountain View CLO XV","BSL",,,,,
"Mountain View CLO XVI","BSL","Seix Investment Advisors LLC",,,,
"Mountain View CLO XVII","BSL","Seix Investment Advisors LLC",,,"ms_mtnv17_r_08292025_debt|X339","/:f:/r/sites/abs-struc-credit/CLO%20Deal%20Documents/Mountain%20View%20CLO%20XVII?csf=1&web=1&e=FnwOvJ"
"Mountain View CLO XVIII","BSL",,,,,
"Muzinich CLO 1","BSL",,,,,
"Nassau 2021-I","BSL",,,,,
"Nassau 2024-1","BSL",,,,,
"Navesink CLO 1","BSL",,,,,
"Navesink CLO 2","BSL",,,,,
"Navesink CLO 3","BSL",,,,,
"Navesink CLO 4","BSL","ZAIS Leveraged Loan Master Manager, LLC",,,,"/:f:/r/sites/abs-struc-credit/CLO%20Deal%20Documents/Navesink%20CLO%204?csf=1&web=1&e=SF1Hcn"
"Navesink CLO 5","BSL","ZAIS Leveraged Loan Master Manager, LLC",,,,"/:f:/r/sites/abs-struc-credit/CLO%20Deal%20Documents/Navesink%20CLO%205?csf=1&web=1&e=C8PqZo"
"Navesink CLO 6","BSL","ZAIS Leveraged Loan Master Manager, LLC",,,,
"NBLA LaSalle Street Lending CLO I","BSL","Neuberger Berman Loan Advisers LLC","NEUBL 2023-1A",,,"/:f:/r/sites/abs-struc-credit/CLO%20Deal%20Documents/NBLA%20LaSalle%20Street%20Lending%20CLO%20I?csf=1&web=1&e=bWKMd7"
"Neuberger Berman CLO XVII","BSL","Neuberger Berman Investment Advisers LLC","NEUB 2014-17A","neub17",,
"Neuberger Berman CLO XVI-S","BSL",,,,,
"Neuberger Berman CLO XX","BSL",,,,,
"Neuberger Berman CLO XXI","BSL",,,,,
"Neuberger Berman Loan Advisers CLO 24","BSL",,,,,
"Neuberger Berman Loan Advisers CLO 25","BSL",,,,,
"Neuberger Berman Loan Advisers CLO 26","BSL",,,,,
"Neuberger Berman Loan Advisers CLO 27","BSL",,,,,
"Neuberger Berman Loan Advisers CLO 28","BSL",,,,,
"Neuberger Berman Loan Advisers CLO 29","BSL",,,,,
"Neuberger Berman Loan Advisers CLO 30","BSL",,,,,
"Neuberger Berman Loan Advisers CLO 31","BSL",,,,,
"Neuberger Berman Loan Advisers CLO 32","BSL","Neuberger Berman Loan Advisers LLC","NEUB 2019-32A","neub32",,
"Neuberger Berman Loan Advisers CLO 32R","BSL","Neuberger Berman Investment Advisers LLC","NEUB 2019-32RA",,,"/:f:/r/sites/abs-struc-credit/CLO%20Deal%20Documents/Neuberger%20Berman%20Loan%20Advisers%20CLO%2032R?csf=1&web=1&e=tfq5GX"
"Neuberger Berman Loan Advisers CLO 33","BSL",,,,,
"Neuberger Berman Loan Advisers CLO 34","BSL","Neuberger Berman Loan Advisers LLC","NEUB 2019-34A",,,"/:f:/r/sites/abs-struc-credit/CLO%20Deal%20Documents/Neuberger%20Berman%20Loan%20Advisers%20CLO%2034?csf=1&web=1&e=wCxj68"
"Neuberger Berman Loan Advisers CLO 35","BSL",,,,,
"Neuberger Berman Loan Advisers CLO 36","BSL","Neuberger Berman Loan Advisers LLC","NEUB 2020-36A","neub36",,
"Neuberger Berman Loan Advisers CLO 36R","BSL","Neuberger Berman Loan Advisers IV LLC",,,,"/:f:/r/sites/abs-struc-credit/CLO%20Deal%20Documents/Neuberger%20Berman%20Loan%20Advisers%20CLO%2036R?csf=1&web=1&e=0Kn7D5"
"Neuberger Berman Loan Advisers CLO 37","BSL",,,,,
"Neuberger Berman Loan Advisers CLO 38","BSL",,,,,
"Neuberger Berman Loan Advisers CLO 39","BSL","Neuberger Berman Loan Advisers II LLC","NEUB 2020-39A","neub39",,
"Neuberger Berman Loan Advisers CLO 40","BSL","Neuberger Berman Loan Advisers II LLC","NEUB 2021-40A","neub40",,"/:f:/r/sites/abs-struc-credit/CLO%20Deal%20Documents/Neuberger%20Berman%20Loan%20Advisers%20CLO%2040?csf=1&web=1&e=9TnROn"
"Neuberger Berman Loan Advisers CLO 41","BSL","Neuberger Berman Loan Advisers II LLC","NEUB 2021-41A",,,"/:f:/r/sites/abs-struc-credit/CLO%20Deal%20Documents/Neuberger%20Berman%20Loan%20Advisers%20CLO%2041?csf=1&web=1&e=uNmlRn"
"Neuberger Berman Loan Advisers CLO 42","BSL",,,,,
"Neuberger Berman Loan Advisers CLO 43","BSL",,,,,
"Neuberger Berman Loan Advisers CLO 44","BSL",,,,,
"Neuberger Berman Loan Advisers CLO 45","BSL",,,,,
"Neuberger Berman Loan Advisers CLO 46","BSL",,,,,
"Neuberger Berman Loan Advisers CLO 47","BSL","Neuberger Berman Loan Advisers II LLC","NEUB 2022-47A",,,"/:f:/r/sites/abs-struc-credit/CLO%20Deal%20Documents/Neuberger%20Berman%20Loan%20Advisers%20CLO%2047?csf=1&web=1&e=KvWCNa"
"Neuberger Berman Loan Advisers CLO 48","BSL","Neuberger Berman Investment Advisers LLC","NEUB 2022-48A",,,"/:f:/r/sites/abs-struc-credit/CLO%20Deal%20Documents/Neuberger%20Berman%20Loan%20Advisers%20CLO%2048?csf=1&web=1&e=VlHw2d"
"Neuberger Berman Loan Advisers CLO 49","BSL","Neuberger Berman Loan Advisers II LLC","NEUB 2022-49A",,,"/:f:/r/sites/abs-struc-credit/CLO%20Deal%20Documents/Neuberger%20Berman%20Loan%20Advisers%20CLO%2049?csf=1&web=1&e=hhMO4d"
"Neuberger Berman Loan Advisers CLO 50","BSL","Neuberger Berman Loan Advisers II LLC","NEUB 2022-50A",,,"/:f:/r/sites/abs-struc-credit/CLO%20Deal%20Documents/Neuberger%20Berman%20Loan%20Advisers%20CLO%2050?csf=1&web=1&e=ZcYt81"
"Neuberger Berman Loan Advisers CLO 51","BSL","Neuberger Berman Loan Advisers II LLC","NEUB 2022-51A",,,"/:f:/r/sites/abs-struc-credit/CLO%20Deal%20Documents/Neuberger%20Berman%20Loan%20Advisers%20CLO%2051?csf=1&web=1&e=ApfA6B"
"Neuberger Berman Loan Advisers CLO 52","BSL","Neuberger Berman Loan Advisers II LLC","NEUB 2022-52A","neub52",,
"Neuberger Berman Loan Advisers CLO 53","BSL",,,,,
"Neuberger Berman Loan Advisers CLO 54","BSL","Neuberger Berman Loan Advisers IV LLC",,,,
"Neuberger Berman Loan Advisers CLO 56","BSL",,,,,
"Neuberger Berman Loan Advisers CLO 57","BSL",,,,,
"Neuberger Berman Loan Advisers CLO 58","BSL","Neuberger Berman Loan Advisers IV LLC","NEUB 2024-58A",,,
"Neuberger Berman Loan Advisers CLO 59","BSL",,,,,
"Neuberger Berman Loan Advisers CLO 60","BSL","Neuberger Berman Loan Advisers IV LLC","NEUB 2025-60A",,"gsxnb_60_j_var|BYY3
",
"Neuberger Berman Loan Advisers CLO 61","BSL",,,,,
"Neuberger Berman Loan Advisers CLO 62","BSL","Neuberger Berman Loan Advisers IV LLC","NEUB 2025-62A",,,"/:f:/r/sites/abs-struc-credit/CLO%20Deal%20Documents/Neuberger%20Berman%20Loan%20Advisers%20CLO%2062?csf=1&web=1&e=4bhIUF"
"Neuberger Berman Loan Advisers CLO 63","BSL","Neuberger Berman Loan Advisers IV LLC","NEUB 2026-1A",,,"/:f:/r/sites/abs-struc-credit/CLO%20Deal%20Documents/Neuberger%20Berman%20Loan%20Advisers%20CLO%2063?csf=1&web=1&e=qqmkl4"
"Neuberger Berman Loan Advisers CLO 66","BSL","Neuberger Berman Loan Advisers IV LLC","NEUB 2025-62A",,,"/:f:/r/sites/abs-struc-credit/CLO%20Deal%20Documents/Neuberger%20Berman%20Loan%20Advisers%20CLO%2062?csf=1&web=1&e=0bWPDv"
"New Mountain CLO 1","BSL",,,,,
"New Mountain CLO 2","BSL",,,,,
"New Mountain CLO 3","BSL","New Mountain Credit CLO Advisers, LLC","NMC CLO-3A",,"jpm_nm_clo_3_reset_1004_mkt|3A93","/:f:/r/sites/abs-struc-credit/CLO%20Deal%20Documents/New%20Mountain%20CLO%203?csf=1&web=1&e=s0fWBo"
"New Mountain CLO 4","BSL",,,,,
"New Mountain CLO 5","BSL","New Mountain Credit CLO Advisers, LLC","NMC CLO-5A",,,"/:f:/r/sites/abs-struc-credit/CLO%20Deal%20Documents/New%20Mountain%20CLO%205?csf=1&web=1&e=o2NcUO"
"New Mountain CLO 6","BSL",,,,,
"New Mountain CLO 7","BSL",,,,,
"New Mountain CLO 8","BSL","New Mountain Credit CLO Advisers, LLC","NMC CLO-8A",,,"/:f:/r/sites/abs-struc-credit/CLO%20Deal%20Documents/New%20Mountain%20CLO%208?csf=1&web=1&e=1gNIWi"
"New Mountain CLO 9","BSL","New Mountain Credit CLO Advisers, LLC",,,,"/:f:/r/sites/abs-struc-credit/CLO%20Deal%20Documents/New%20Mountain%20CLO%209?csf=1&web=1&e=dHPhHs"
"New Mountain Guardian IV Rated Feeder III","MM Rated Feeder",,,,,
"NGC CLO 2025-2","BSL",,,,,
"Niagara Park CLO","BSL",,,,,
"North Haven Private Credit CLO 1","PC",,,,,"/:f:/r/sites/abs-struc-credit/CLO%20Deal%20Documents/North%20Haven%20Private%20Credit%20CLO%201%20LLC?csf=1&web=1&e=y6e7EM"
"Northwoods Capital 20","BSL","Angelo, Gordon & Co., L.P.","WOODS 2019-20A",,,"/:f:/r/sites/abs-struc-credit/CLO%20Deal%20Documents/Northwoods%20Capital%2020?csf=1&web=1&e=L2tqlo"
"Northwoods Capital 25","BSL","TPG Angelo Gordon","WOODS 2021-25A",,,"/:f:/r/sites/abs-struc-credit/CLO%20Deal%20Documents/Northwoods%20Capital%2025?csf=1&web=1&e=in4OgU"
"Northwoods Capital 27","BSL","TPG Angelo Gordon",,,,"/:f:/r/sites/abs-struc-credit/CLO%20Deal%20Documents/Northwoods%20Capital%2027?csf=1&web=1&e=Zk1ZRA"
"Northwoods Capital CLO 22","BSL","TPG Angelo Gordon","WOODS 2020-22A",,,"/:f:/r/sites/abs-struc-credit/CLO%20Deal%20Documents/Northwoods%20Capital%2022?csf=1&web=1&e=WWUPGC"
"Northwoods Capital CLO XI-B","BSL",,,,,
"Northwoods Capital XII-B","BSL",,,,,
"Northwoods Capital XIV-B","BSL",,,,,
"Northwoods Capital XV","BSL",,,,,
"NXT Capital CLO 2024-1","MM",,,,,
"Nyack Park CLO","BSL","Blackstone CLO Management LLC","NYKPK 2021-1A",,,"/:f:/r/sites/abs-struc-credit/CLO%20Deal%20Documents/Nyack%20Park%20CLO?csf=1&web=1&e=gaoQlH"
"Oaktree (New Issue - TBD)","BSL",,,,,
"Oaktree CLO 2019-2","BSL",,,,,
"Oaktree CLO 2019-3","BSL",,,,,
"Oaktree CLO 2019-4","BSL",,,,,
"Oaktree CLO 2020-1","BSL",,,,,
"Oaktree CLO 2021-1","BSL",,,,,
"Oaktree CLO 2021-2","BSL",,,,,
"Oaktree CLO 2022-1","BSL",,,,,
"Oaktree CLO 2022-2","BSL",,,,,
"Oaktree CLO 2022-3","BSL",,,,,
"Oaktree CLO 2023-1","BSL",,,,,
"Oaktree CLO 2023-2","BSL","Oaktree Capital Management, LP","OAKCL 2023-2A",,,
"Oaktree CLO 2024-27","BSL",,,,,
"Oaktree CLO 2024-28","BSL",,,,,
"Oaktree CLO 2025-29","BSL",,,,,
"Oaktree CLO 2025-30","BSL",,,,,
"Oaktree CLO 2025-31","BSL",,,,,
"Oaktree CLO 2025-32","BSL",,,,,
"Oaktree CLO 2025-33","BSL","Oaktree Capital Management, LP",,,,"/:f:/r/sites/abs-struc-credit/CLO%20Deal%20Documents/Oaktree%20CLO%202025-33/New%20Issue%20(5nc2)%20-%20Citigroup?csf=1&web=1&e=HSSZGf"
"OBRA CLO 1","BSL",,,,,
"OBRA CLO 2","BSL",,,,,
"OBRA CLO 3","BSL","Obra CLO Management LLC",,,,"/:f:/r/sites/abs-struc-credit/CLO%20Deal%20Documents/Obra%20CLO%203?csf=1&web=1&e=TRBdb5"
"Ocean Trails CLO 8","BSL",,,,,
"Ocean Trails CLO IX","BSL",,,,,
"Ocean Trails CLO XI","BSL",,,,,
"Ocean Trails CLO XII","BSL",,,,,
"Ocean Trails X","BSL",,,,,
"Ocean Trails XIV","BSL",,,,,
"Ocean Trails XVI","BSL",,,,,
"Ocean Trails XVII","BSL","Five Arrows North America LLC","OCTR 2025-17A",,,"/:f:/r/sites/abs-struc-credit/CLO%20Deal%20Documents/Ocean%20Trails%20CLO%20XVII?csf=1&web=1&e=s9pcja"
"OCP Aegis CLO 2023-29","BSL",,,,,
"OCP Aegis CLO 2024-39","BSL",,,,,
"OCP Aegis CLO 2025-41","BSL",,,,,
"OCP Aegis CLO 2025-47","BSL","Onex Credit Partners, LLC",,,,"/:f:/r/sites/abs-struc-credit/CLO%20Deal%20Documents/OCP%20Aegis%20CLO%202025-47?csf=1&web=1&e=ohV1Hk"
"OCP CLO 2015-10","BSL",,,,,
"OCP CLO 2015-9","BSL",,,,,
"OCP CLO 2016-11","BSL",,,,,
"OCP CLO 2016-12","BSL",,,,,
"OCP CLO 2017-13","BSL",,,,,
"OCP CLO 2017-14","BSL",,,,,
"OCP CLO 2018-15","BSL",,,,,
"OCP CLO 2019-17","BSL",,,,,
"OCP CLO 2020-18","BSL",,,,,
"OCP CLO 2020-19","BSL",,,,,
"OCP CLO 2020-8R","BSL","Onex Credit Partners, LLC",,,,"/:f:/r/sites/abs-struc-credit/CLO%20Deal%20Documents/OCP%20CLO%202020-8R?csf=1&web=1&e=HAwpO9"
"OCP CLO 2021-21","BSL",,,,,
"OCP CLO 2021-22","BSL",,,,,
"OCP CLO 2021-23","BSL",,,,,
"OCP CLO 2022-24","BSL",,,,,
"OCP CLO 2022-25","BSL",,,,,
"OCP CLO 2023-26","BSL",,,,,
"OCP CLO 2023-27","BSL","Onex Credit Partners, LLC","OCP 2023-27A",,,"/:f:/r/sites/abs-struc-credit/CLO%20Deal%20Documents/OCP%20CLO%202023-27?csf=1&web=1&e=MTob8y"
"OCP CLO 2023-28","BSL",,,,,
"OCP CLO 2024-31","BSL","Onex Credit Partners, LLC","OCP 2024-31A",,,"/:f:/r/sites/abs-struc-credit/CLO%20Deal%20Documents/OCP%20CLO%202024-31?csf=1&web=1&e=voYmKl"
"OCP CLO 2024-33","BSL",,,,,
"OCP CLO 2024-34","BSL",,,,,
"OCP CLO 2024-35","BSL",,,,,
"OCP CLO 2024-36","BSL",,,,,
"OCP CLO 2024-37","BSL",,,,,
"OCP CLO 2024-38","BSL",,,,,
"OCP CLO 2025-40","BSL",,,,,
"OCP CLO 2025-42","BSL",,,,,
"OCP CLO 2025-43","BSL",,,,,
"OCP CLO 2025-44","BSL","Onex Credit Partners, LLC","OCP 2025-44A",,,
"OCP CLO 2025-45","BSL","Onex Credit Partners, LLC",,,,"/:f:/r/sites/abs-struc-credit/CLO%20Deal%20Documents/OCP%20CLO%202025-45?csf=1&web=1&e=m6bAnw"
"OCP CLO 2025-46","BSL","Onex Credit Partners, LLC",,,,"/:f:/r/sites/abs-struc-credit/CLO%20Deal%20Documents/OCP%20CLO%202025-46?csf=1&web=1&e=DeFLjU"
"OCP CLO 2025-48","BSL","Onex Credit Partners, LLC","OCP 2025-48A",,,"/:f:/r/sites/abs-struc-credit/CLO%20Deal%20Documents/OCP%20CLO%202025-48?csf=1&web=1&e=EYQyPM"
"OCP CLO 2026-49","BSL","Onex Credit Partners, LLC",,,,"/:f:/r/sites/abs-struc-credit/CLO%20Deal%20Documents/OCP%20CLO%202026-49?csf=1&web=1&e=oOQcMF"
"Octagon 29","BSL",,,,,
"Octagon 32","BSL",,,,,
"Octagon 38","BSL",,,,,
"Octagon 48","BSL",,,,,
"Octagon 50","BSL","Octagon Credit Investors, LLC","OCT50 2020-4A",,,"/:f:/r/sites/abs-struc-credit/CLO%20Deal%20Documents/Octagon%2050?csf=1&web=1&e=uijIio"
"Octagon 51","BSL",,,,,
"Octagon 52","BSL",,,,,
"Octagon 55","BSL","Octagon Credit Investors, LLC","OCT55 2021-1A",,,"/:f:/r/sites/abs-struc-credit/CLO%20Deal%20Documents/Octagon%2055?csf=1&web=1&e=9fDbkH"
"Octagon 57","BSL","Octagon Credit Investors, LLC","OCT57 2021-1A",,,"/:f:/r/sites/abs-struc-credit/CLO%20Deal%20Documents/Octagon%2057?csf=1&web=1&e=W0ojcI"
"Octagon 58","BSL",,,,,
"Octagon 60","BSL",,,,,
"Octagon 61","BSL",,,,,
"Octagon 62","BSL",,,,,
"Octagon 63","BSL",,,,,
"Octagon 64","BSL",,,,,
"Octagon 65","BSL",,,,,
"Octagon 66","BSL","Octagon Credit Investors, LLC","OCT66 2022-1A",,,
"Octagon 67","BSL",,,,,
"Octagon 68","BSL","Octagon Credit Investors, LLC","OCT68 2023-1A",,,"/:f:/r/sites/abs-struc-credit/CLO%20Deal%20Documents/Octagon%2068?csf=1&web=1&e=l2zYuK"
"Octagon 69","BSL",,,,,
"Octagon 70","BSL","Octagon Credit Investors, LLC","OCT70 2023-1A",,,"/:f:/r/sites/abs-struc-credit/CLO%20Deal%20Documents/Octagon%2070?csf=1&web=1&e=1baayC"
"Octagon 73","BSL","Octagon Credit Investors, LLC","OCT73 2025-1A",,,"/:f:/r/sites/abs-struc-credit/CLO%20Deal%20Documents/Octagon%2073?csf=1&web=1&e=BuIUmx"
"Octagon 74","BSL",,,,,
"Octagon 75","BSL",,,,,
"Octagon 78","BSL","Octagon Credit Investors, LLC","OCT78 2025-3A",,,"/:f:/r/sites/abs-struc-credit/CLO%20Deal%20Documents/Octagon%2078?csf=1&web=1&e=al8eUy"
"Octagon Investment Partners 20-R","BSL",,,,,
"Octagon Investment Partners 40","BSL",,,,,
"Octagon Investment Partners 41","BSL",,,,,
"Octagon Investment Partners 42","BSL",,,,,
"Octagon Investment Partners 43","BSL","Octagon Credit Investors, LLC","OCT43 2019-1A",,,"/:f:/r/sites/abs-struc-credit/CLO%20Deal%20Documents/Octagon%20Investment%20Partners%2043?csf=1&web=1&e=5s8Anl"
"Octagon Investment Partners 44","BSL","Octagon Credit Investors, LLC","OCT44 2019-1A",,,"/:f:/r/sites/abs-struc-credit/CLO%20Deal%20Documents/Octagon%20Investment%20Partners%2044/2025.07.29%20-%20Refinancing%20(1NC0.5)%20-%20SocGen?csf=1&web=1&e=05aefg"
"Octagon Investment Partners 45","BSL","Octagon Credit Investors, LLC","OCT45 2019-1A",,,"/:f:/r/sites/abs-struc-credit/CLO%20Deal%20Documents/Octagon%20Investment%20Partners%2045?csf=1&web=1&e=iZwt0m"
"Octagon Investment Partners 47","BSL",,,,,
"Octagon Investment Partners 49","BSL","Octagon Credit Investors, LLC","OCT49 2020-5A",,,"/:f:/r/sites/abs-struc-credit/CLO%20Deal%20Documents/Octagon%20Investment%20Partners%2049?csf=1&web=1&e=DLJDKG"
"Octagon Investment Partners XXI","BSL",,,,,
"OFSI BSL IX CLO","BSL",,,,,
"OFSI BSL X CLO","BSL",,,,,
"OFSI BSL XI CLO","BSL","OFS CLO Management LLC","OFSBS 2022-11A",,,"/:f:/r/sites/abs-struc-credit/CLO%20Deal%20Documents/OFSI%20BSL%20CLO%20XI?csf=1&web=1&e=gvH6f3"
"OFSI BSL XII CLO","BSL",,,,,
"OFSI BSL XIV CLO","BSL",,,,,
"OFSI BSL XV CLO","BSL",,,,,
"OHA Credit Funding 1","BSL",,,,,
"OHA Credit Funding 10-R","BSL","Oak Hill Advisors, LP",,,,"/:f:/r/sites/abs-struc-credit/CLO%20Deal%20Documents/OHA%20Credit%20Funding%2010-R?csf=1&web=1&e=Lx2vcZ"
"OHA Credit Funding 11","BSL","Oak Hill Advisors, LP","OAKC 2022-11A","ohacf11",,
"OHA Credit Funding 12-R","BSL",,,,,
"OHA Credit Funding 13","BSL",,,,,
"OHA Credit Funding 14-R","BSL","Oak Hill Advisors, LP","OAKC 2023-14RA",,,
"OHA Credit Funding 15-R","BSL",,,,,
"OHA Credit Funding 16-R","BSL","Oak Hill Advisors, LP","OAKC 2023-16RA",,,"/:f:/r/sites/abs-struc-credit/CLO%20Deal%20Documents/OHA%20Credit%20Funding%2016-R?csf=1&web=1&e=qKn8xR"
"OHA Credit Funding 17-R","BSL","Oak Hill Advisors, LP","OAKC 2024-17RA",,,"/:f:/r/sites/abs-struc-credit/CLO%20Deal%20Documents/OHA%20Credit%20Funding%2017-R?csf=1&web=1&e=0koHbE"
"OHA Credit Funding 19","BSL",,,,,
"OHA Credit Funding 2","BSL",,,,,
"OHA Credit Funding 20","BSL",,,,,
"OHA Credit Funding 21","BSL","Oak Hill Advisors, LP",,,,"/:f:/r/sites/abs-struc-credit/CLO%20Deal%20Documents/OHA%20Credit%20Funding%2021?csf=1&web=1&e=fi0LAY"
"OHA Credit Funding 22","BSL",,,,,
"OHA Credit Funding 23","BSL","Oak Hill Advisors, LP",,,,"/:f:/r/sites/abs-struc-credit/CLO%20Deal%20Documents/OHA%20Credit%20Funding%2023?csf=1&web=1&e=LKET3M"
"OHA Credit Funding 24","BSL","Oak Hill Advisors, LP",,,,"/:f:/r/sites/abs-struc-credit/CLO%20Deal%20Documents/OHA%20Credit%20Funding%2024?csf=1&web=1&e=ghf70n"
"OHA Credit Funding 25","BSL","Oak Hill Advisors, LP",,,,"/:f:/r/sites/abs-struc-credit/CLO%20Deal%20Documents/OHA%20Credit%20Funding%2025?csf=1&web=1&e=0v9zh4"
"OHA Credit Funding 3","BSL",,,,,
"OHA Credit Funding 4","BSL",,,,,
"OHA Credit Funding 5","BSL",,,,,
"OHA Credit Funding 6","BSL",,,,,
"OHA Credit Funding 7","BSL",,,,,
"OHA Credit Funding 8","BSL",,,,,
"OHA Credit Funding 9","BSL",,,,,
"OHA Credit Partners VII","BSL",,,,,
"OHA Credit Partners XI","BSL","Oak Hill Advisors, LP","OAKC 2015-11A","ohacp11",,
"OHA Credit Partners XIII","BSL",,,,,
"OHA Credit Partners XIV","BSL",,,,,
"OHA Credit Partners X-R","BSL",,,,,
"OHA Credit Partners XV","BSL",,,,,
"OHA Credit Partners XVI","BSL",,,,,
"OHA Credit Partners XVII","BSL",,,,,
"OHA Loan Funding 2013-1","BSL","Oak Hill Advisors, LP","OHALF 2013-1A","ohalf131","citioha_lf_2013-1_reset_pricing|6U2Y
",
"OHA Loan Funding 2013-2","BSL","Oak Hill Advisors, LP","OHALF 2013-2A",,,"/:f:/r/sites/abs-struc-credit/CLO%20Deal%20Documents/OHA%20Loan%20Funding%202013-2?csf=1&web=1&e=t5RHPL"
"OHA Loan Funding 2015-1","BSL","Oak Hill Advisors, LP","OHALF 2015-1A",,,"/:f:/r/sites/abs-struc-credit/CLO%20Deal%20Documents/OHA%20Loan%20Funding%202015-1?csf=1&web=1&e=C1z2zR"
"OHA Loan Funding 2016-1","BSL",,,,,
"Onex OSD CLO 2021-23","BSL",,,,,
"Orchard Park CLO","BSL",,,,,
"Orion CLO 2023-1","BSL","Antares Liquid Credit Strategies LLC",,,,"/:f:/r/sites/abs-struc-credit/CLO%20Deal%20Documents/Orion%20CLO%202023-1?csf=1&web=1&e=VacDTa"
"Orion CLO 2023-2","BSL","Antares Liquid Credit Strategies LLC",,,,
"Orion CLO 2024-3","BSL",,,,,
"Orion CLO 2024-4","BSL",,,,,
"Orion CLO 2025-5","BSL",,,,,
"Orion CLO 2025-6","BSL","Antares Liquid Credit Strategies LLC","ANTOR 2025-6A",,,"/:f:/r/sites/abs-struc-credit/CLO%20Deal%20Documents/Orion%20CLO%202025-6?csf=1&web=1&e=FbPf0l"
"Orion CLO 2026-7","BSL","Antares Liquid Credit Strategies LLC","ANTOR 2026-7A",,,"/:f:/r/sites/abs-struc-credit/CLO%20Deal%20Documents/Orion%20CLO%202026-7?csf=1&web=1&e=6osB4I"
"Owl Rock CLO I","MM","Owl Rock Capital Advisors LLC","OR 2019-1A","owlr1",,
"Owl Rock CLO III","MM",,,,,
"Owl Rock CLO IX","MM",,,,,
"Owl Rock CLO VII","MM",,,,,
"Owl Rock CLO VIII","MM",,,,,
"Owl Rock CLO X","MM",,,,,
"Owl Rock CLO XIV","MM","Blue Owl Diversified Credit Advisors LLC","OR 2023-14A","owlr14",,
"Owl Rock CLO XIX","MM",,,,,
"Owl Rock CLO XVI","MM","Blue Owl Credit Advisors LLC","OR 2024-16A","owlr16",,
"Owl Rock CLO XVII","MM",,,,,
"Owl Rock CLO XVIII","MM",,,,,
"Owl Rock CLO XX","MM",,,,,
"Owl Rock CLO XXI","MM",,,,,
"Owl Rock CLO XXII","MM","Blue Owl Credit Advisors LLC","OR 2025-22A",,,"/:f:/r/sites/abs-struc-credit/CLO%20Deal%20Documents/Owl%20Rock%20CLO%20XXII?csf=1&web=1&e=PTq2St"
"Owl Rock CLO XXIII","MM","Blue Owl Diversified Credit Advisors LLC","OR 2025-23A",,,"/:f:/r/sites/abs-struc-credit/CLO%20Deal%20Documents/Owl%20Rock%20CLO%20XXIII?csf=1&web=1&e=pBdqMo"
"Owl Rock CLO XXIV","MM","Blue Owl Credit Advisors LLC","OR 2026-24A",,,"/:f:/r/sites/abs-struc-credit/CLO%20Deal%20Documents/Owl%20Rock%20CLO%20XXIV?csf=1&web=1&e=cRmbI7"
"OZLM Funding II","BSL",,,,,
"OZLM VI","BSL",,,,,
"OZLM XIV","BSL",,,,,
"OZLM XIX","BSL","Sculptor CLO Management LLC","OZLM 2017-19A",,,"/:f:/r/sites/abs-struc-credit/CLO%20Deal%20Documents/OZLM%20XIX?csf=1&web=1&e=gN3lNY"
"OZLM XV","BSL",,,,,
"OZLM XXIII","BSL",,,,,
"Palmer Square CLO 2015-1","BSL",,,,,
"Palmer Square CLO 2019-1","BSL","Palmer Square Capital Management LLC","PLMRS 2019-1A",,,"/:f:/r/sites/abs-struc-credit/CLO%20Deal%20Documents/Palmer%20Square%20CLO%202019-1?csf=1&web=1&e=Uv8lXA"
"Palmer Square CLO 2020-3","BSL","Palmer Square Europe Capital Management LLC","PLMRS 2020-3A",,,"/:f:/r/sites/abs-struc-credit/CLO%20Deal%20Documents/Palmer%20Square%20CLO%202020-3?csf=1&web=1&e=PQlcGK"
"Palmer Square CLO 2021-1","BSL",,,,,
"Palmer Square CLO 2021-2","BSL",,,,,
"Palmer Square CLO 2021-3","BSL","Palmer Square Capital Management LLC","PLMRS 2021-3A",,,"/:f:/r/sites/abs-struc-credit/CLO%20Deal%20Documents/Palmer%20Square%20CLO%202021-3?csf=1&web=1&e=pCrt0U"
"Palmer Square CLO 2021-4","BSL",,,,,
"Palmer Square CLO 2022-1","BSL","Palmer Square Capital Management LLC","PLMRS 2022-1A",,,"/:f:/r/sites/abs-struc-credit/CLO%20Deal%20Documents/Palmer%20Square%20CLO%202022-1?csf=1&web=1&e=Jrlh39"
"Palmer Square CLO 2022-2","BSL",,,,,
"Palmer Square CLO 2022-3","BSL",,,,,
"Palmer Square CLO 2022-4","BSL",,,,,
"Palmer Square CLO 2022-5","BSL",,,,,
"Palmer Square CLO 2023-1","BSL",,,,,
"Palmer Square CLO 2023-2","BSL",,,,,
"Palmer Square CLO 2023-4","BSL",,,,,
"Palmer Square CLO 2024-2","BSL",,,,,
"Palmer Square CLO 2024-3","BSL",,,,,
"Palmer Square CLO 2024-4","BSL",,,,,
"Palmer Square CLO 2025-1","BSL",,,,,
"Palmer Square CLO 2025-2","BSL",,,,,
"Palmer Square CLO 2025-3","BSL",,,,,
"Palmer Square CLO 2025-4","BSL","Palmer Square Capital Management LLC",,,,"/:f:/r/sites/abs-struc-credit/CLO%20Deal%20Documents/Palmer%20Square%20CLO%202025-4?csf=1&web=1&e=SWgWVZ"
"Palmer Square CLO 2025-5","BSL","Palmer Square Capital Management LLC",,,,"/:f:/r/sites/abs-struc-credit/CLO%20Deal%20Documents/Palmer%20Square%20CLO%202025-5?csf=1&web=1&e=3Ytudf"
"Palmer Square Loan Funding 2022-4","BSL",,,,,
"Palmer Square Loan Funding 2023-2","BSL",,,,,
"Palmer Square Loan Funding 2024-1","BSL","Palmer Square Capital Management LLC","PSTAT 2024-1A",,,"/:f:/r/sites/abs-struc-credit/CLO%20Deal%20Documents/Palmer%20Square%20Loan%20Funding%202024-1?csf=1&web=1&e=JtAj1W"
"Palmer Square Loan Funding 2024-2","BSL",,,,,
"Palmer Square Loan Funding 2024-3","BSL","Palmer Square Capital Management LLC","PSTAT 2024-3A",,,"/:f:/r/sites/abs-struc-credit/CLO%20Deal%20Documents/Palmer%20Square%20Loan%20Funding%202024-3?csf=1&web=1&e=xzZR1j"
"Palmer Square Loan Funding 2025-1","BSL",,,,,
"Palmer Square Loan Funding 2025-2","BSL","Palmer Square Capital Management LLC",,,,"/:f:/r/sites/abs-struc-credit/CLO%20Deal%20Documents/Palmer%20Square%20Loan%20Funding%202025-2?csf=1&web=1&e=d6maA0"
"Palmer Square Loan Funding 2025-3","BSL","Palmer Square Capital Management LLC","PSTAT 2025-3A",,,"/:f:/r/sites/abs-struc-credit/CLO%20Deal%20Documents/Palmer%20Square%20Loan%20Funding%202025-3?csf=1&web=1&e=AGrQCF"
"Parallel 2021-1","BSL",,,,,
"Parallel 2021-2","BSL",,,,,
"Parallel 2023-1","BSL",,,,,
"Parallel 2024-1","BSL",,,,,
"Park Avenue Institutional Advisers CLO 2017-1","BSL","HPS Investment Partners, LLC","PAIA 2017-1A",,,"/:f:/r/sites/abs-struc-credit/CLO%20Deal%20Documents/Park%20Avenue%20Institutional%20Advisers%20CLO%202017-1?csf=1&web=1&e=kOOdpx"
"Park Avenue Institutional Advisers CLO 2019-2","BSL","HPS Investment Partners, LLC","PAIA 2019-2A",,,
"Park Avenue Institutional Advisers CLO 2021-1","BSL","HPS Investment Partners, LLC","PAIA 2021-1A",,,"/:f:/r/sites/abs-struc-credit/CLO%20Deal%20Documents/Park%20Avenue%20Institutional%20Advisers%20CLO%202021-1?csf=1&web=1&e=Bhg7Ao"
"Park Blue 2022-I","BSL",,,,,
"Park Blue 2022-II","BSL",,,,,
"Park Blue CLO 2023-III","BSL",,,,,
"Park Blue CLO 2024-V","BSL",,,,,
"Park Blue CLO 2024-VI","BSL",,,,,
"Park Blue CLO 2025-IX","BSL","Centerbridge Credit Funding Advisors, LLC","PKBLU 2025-9A",,,"/:f:/r/sites/abs-struc-credit/CLO%20Deal%20Documents/Park%20Blue%20CLO%202025-IX?csf=1&web=1&e=5DeC8j"
"Park Blue CLO 2025-VII","BSL",,,,,
"Park Blue CLO 2025-VIII","BSL","Centerbridge Credit Funding Advisors, LLC",,,,"/:f:/r/sites/abs-struc-credit/CLO%20Deal%20Documents/Park%20Blue%20CLO%202025-VIII?csf=1&web=1&e=VTlVI3"
"Park Blue CLO 2025-X","BSL","Centerbridge Credit Funding Advisors, LLC",,,,"/:f:/r/sites/abs-struc-credit/CLO%20Deal%20Documents/Park%20Blue%20CLO%202025-X?csf=1&web=1&e=Evsjy1"
"Peace Park CLO","BSL",,"PCEPK 2021-1A",,,"/:f:/r/sites/abs-struc-credit/CLO%20Deal%20Documents/Peace%20Park%20CLO?csf=1&web=1&e=BhK79D"
"PennantPark CLO 11","MM",,,,,
"PennantPark CLO 12","MM",,,,,
"PennantPark CLO I","MM",,,,,
"PennantPark CLO II","MM",,,,,
"PennantPark CLO IX","MM",,,,,
"PennantPark CLO VI","MM",,,,,
"PennantPark CLO VII","MM","PennantPark Senior Loan Fund, LLC","PNTPK 2023-7A",,,"/:f:/r/sites/abs-struc-credit/CLO%20Deal%20Documents/PennantPark%20CLO%20VII?csf=1&web=1&e=H4tzCM"
"PennantPark CLO VIII","MM","PennantPark Investment Advisers, LLC","PNTPK 2024-8A",,,"/:f:/r/sites/abs-struc-credit/CLO%20Deal%20Documents/PennantPark%20CLO%20VIII?csf=1&web=1&e=VNDtwV"
"PennantPark CLO X","MM",,,,,
"Pikes Peak CLO 10","BSL",,,,,
"Pikes Peak CLO 11","BSL",,,,,
"Pikes Peak CLO 12","BSL",,,,,
"Pikes Peak CLO 14","BSL",,,,,
"Pikes Peak CLO 15","BSL","Partners Group CLO Advisers LP","PIPK 2023-15A",,,"/:f:/r/sites/abs-struc-credit/CLO%20Deal%20Documents/Pikes%20Peak%20CLO%2015?csf=1&web=1&e=ruPFrT"
"Pikes Peak CLO 16","BSL",,,,,
"Pikes Peak CLO 17","BSL",,,,,
"Pikes Peak CLO 18","BSL",,,,,
"Pikes Peak CLO 19","BSL",,,,,
"Pikes Peak CLO 2","BSL",,,,,
"Pikes Peak CLO 2","BSL",,,,,
"Pikes Peak CLO 20","BSL","Partners Group CLO Advisers LP","PIPK 2025-20A",,,"/:f:/r/sites/abs-struc-credit/CLO%20Deal%20Documents/Pikes%20Peak%20CLO%2020?csf=1&web=1&e=0dRlkv"
"Pikes Peak CLO 21","BSL","Partners Group CLO Advisers LP",,,,"/:f:/r/sites/abs-struc-credit/CLO%20Deal%20Documents/Pikes%20Peak%20CLO%2021?csf=1&web=1&e=KLIzuJ"
"Pikes Peak CLO 22","BSL","Partners Group CLO Advisers LP",,,,"/:f:/r/sites/abs-struc-credit/CLO%20Deal%20Documents/Pikes%20Peak%20CLO%2022?csf=1&web=1&e=gMdoT3"
"Pikes Peak CLO 4","BSL",,,,,
"Pikes Peak CLO 5","BSL",,,,,
"Pikes Peak CLO 6","BSL",,,,,
"Pikes Peak CLO 8","BSL",,,,,
"Pikes Peak CLO 9","BSL","Partners Group US Management CLO LLC","PIPK 2021-9A",,,"/:f:/r/sites/abs-struc-credit/CLO%20Deal%20Documents/Pikes%20Peak%20CLO%209?csf=1&web=1&e=O6KaNX"
"Point Au Roche Park CLO","BSL","Blackstone CLO Management LLC","PARPK 2021-1A",,,"/:f:/r/sites/abs-struc-credit/CLO%20Deal%20Documents/Point%20Au%20Roche%20Park%20CLO?csf=1&web=1&e=SNUoPv"
"Polen Capital CLO 2025-1","BSL",,,,,
"Polen Capital CLO 2025-2","BSL","Polen Capital CLO Management, LLC",,,,"/:f:/r/sites/abs-struc-credit/CLO%20Deal%20Documents/Polen%20Capital%20CLO%202025-2?csf=1&web=1&e=fQgeUE"
"Polus US CLO I","BSL",,,,,
"Polus US CLO II","BSL",,,,,
"Post CLO 2018-1","BSL",,,,,
"Post CLO 2021-1","BSL",,,,,
"Post CLO 2022-1","BSL","Post Advisory Group LLC","POST 2022-1A",,,
"Post CLO 2023-1","BSL","Post Advisory Group LLC","POST 2023-1",,,"/:f:/r/sites/abs-struc-credit/CLO%20Deal%20Documents/Post%20CLO%202023-1?csf=1&web=1&e=rsrF97"
"Post CLO VI","BSL",,,,,
"Post CLO VII","BSL","Post Advisory Group LLC",,,,"/:f:/r/sites/abs-struc-credit/CLO%20Deal%20Documents/Post%20CLO%20VII?csf=1&web=1&e=M2hOK0"
"PPM CLO 4","BSL","PPM Loan Management Company, LLC","PPMC 2020-4A",,,"/:f:/r/sites/abs-struc-credit/CLO%20Deal%20Documents/PPM%20CLO%204?csf=1&web=1&e=pvtrYh"
"PPM CLO 5","BSL","PPM Loan Management Company, LLC","PPMC 2021-5A",,,"/:f:/r/sites/abs-struc-credit/CLO%20Deal%20Documents/PPM%20CLO%205?csf=1&web=1&e=85n3r2"
"PPM CLO 7","BSL",,,,,
"PPM CLO 8","BSL",,,,,
"RAD CLO 12","BSL","Redding Ridge Asset Management LLC","RAD 2021-12A",,,"/:f:/r/sites/abs-struc-credit/CLO%20Deal%20Documents/RAD%20CLO%2012?csf=1&web=1&e=JlSwwK"
"RAD CLO 15","BSL","Redding Ridge Asset Management LLC","RAD 2021-15A",,,"/:f:/r/sites/abs-struc-credit/CLO%20Deal%20Documents/RAD%20CLO%2015?csf=1&web=1&e=t3ftNN"
"RAD CLO 16","BSL",,,,,
"RAD CLO 17","BSL",,,,,
"RAD CLO 18","BSL",,,,,
"RAD CLO 19","BSL",,,,,
"RAD CLO 20","BSL",,,,,
"RAD CLO 21","BSL",,,,,
"RAD CLO 25","BSL",,,,,
"RAD CLO 26","BSL",,,,,
"RAD CLO 27","BSL",,,,,
"RAD CLO 28","BSL",,,,,
"RAD CLO 29","BSL",,,,,
"RAD CLO 3","BSL",,,,,
"RAD CLO 30","BSL","Redding Ridge Asset Management LLC","RAD 2025-30A",,,"/:f:/r/sites/abs-struc-credit/CLO%20Deal%20Documents/RAD%20CLO%2030?csf=1&web=1&e=XLzuzJ"
"RAD CLO 31","BSL","Redding Ridge Asset Management LLC",,,,"/:f:/r/sites/abs-struc-credit/CLO%20Deal%20Documents/RAD%20CLO%2031?csf=1&web=1&e=Z3h4zV"
"RAD CLO 6","BSL",,,,,
"RAD CLO 9","BSL",,,,,
"Recette CLO","BSL","Invesco Senior Secured Management, Inc.","RCTTE 2015-1A","rece",,"/:f:/r/sites/abs-struc-credit/CLO%20Deal%20Documents/Recette%20CLO?csf=1&web=1&e=VmZZI3"
"Redding Ridge 2023-22 CLO (RAD 2023-22 CLO)","BSL","Redding Ridge Asset Management LLC","RAD 2023-22A",,,
"Reese Park CLO","BSL","Blackstone / GSO CLO Management LLC","RESPK 2020-1A","reesepk",,
"Regatta 30 Funding","BSL",,,,,
"Regatta 31 Funding","BSL",,,,,
"Regatta 32 Funding","BSL",,,,,
"Regatta 33 Funding","BSL",,,,,
"Regatta 34 Funding","BSL",,,,,
"Regatta 35 Funding","BSL","Napier Park Global Capital (US) LP",,,,"/:f:/r/sites/abs-struc-credit/CLO%20Deal%20Documents/Regatta%2035%20Funding?csf=1&web=1&e=naXeMD"
"Regatta VI Funding","BSL","Napier Park Global Capital (US) LP","REGT6 2016-1A",,,"/:f:/r/sites/abs-struc-credit/CLO%20Deal%20Documents/Regatta%20VI%20Funding?csf=1&web=1&e=0FSOYi"
"Regatta VII Funding","BSL","Regatta Loan Management LLC","REGT7 2016-1A",,,"/:f:/r/sites/abs-struc-credit/CLO%20Deal%20Documents/Regatta%20VII%20Funding?csf=1&web=1&e=3hz2db"
"Regatta X Funding","BSL",,,,,
"Regatta XI Funding","BSL",,,,,
"Regatta XII Funding","BSL",,,,,
"Regatta XIII Funding","BSL",,,,,
"Regatta XIV Funding","BSL",,,,,
"Regatta XIX Funding","BSL","Napier Park Global Capital (US) LP",,,,"/:f:/r/sites/abs-struc-credit/CLO%20Deal%20Documents/Regatta%20XIX%20Funding?csf=1&web=1&e=FhYqBx"
"Regatta XV Funding","BSL",,,,,
"Regatta XVI Funding","BSL","Regatta Loan Management LLC",,,,"/:f:/r/sites/abs-struc-credit/CLO%20Deal%20Documents/Regatta%20XVI%20Funding?csf=1&web=1&e=IIIm1B"
"Regatta XVII Funding","BSL",,,,,
"Regatta XVIII Funding","BSL",,,,,
"Regatta XX Funding","BSL",,,,,
"Regatta XXI Funding","BSL",,,,,
"Regatta XXII Funding","BSL",,,,,
"Regatta XXIII Funding","BSL","Napier Park Global Capital (US) LP","REG23 2021-4A",,,"/:f:/r/sites/abs-struc-credit/CLO%20Deal%20Documents/Regatta%20XXIII%20Funding?csf=1&web=1&e=YAACJx"
"Regatta XXIV Funding","BSL",,,,,
"Regatta XXIX Funding","BSL",,,,,
"Regatta XXV Funding","BSL",,,,,
"REGATTA XXVI FUNDING","BSL","Napier Park Global Capital (US) LP","REG26 2023-2A",,"nmnregatta_xxvi_reset_1106_debt (PW: 2VV3)",
"RIN I","Infra",,,,,
"RIN II","Infra",,"RIN 2019-1A",,,
"RIN IV","Infra","RREEF America LLC","RIN 2021-1A",,,"/:f:/r/sites/abs-struc-credit/CLO%20Deal%20Documents/RIN%20IV?csf=1&web=1&e=1rJOOU"
"RIN IX","Infra",,,,,
"RIN V","Infra","RREEF America LLC","RIN 2023-2A",,,"/:f:/r/sites/abs-struc-credit/CLO%20Deal%20Documents/RIN%20V?csf=1&web=1&e=KRlVow"
"RIN VI","Infra",,,,,
"RIN VIII","Infra",,,,,
"RIN X","Infra","RREEF America LLC","RIN 2025-2A",,,"/:f:/r/sites/abs-struc-credit/CLO%20Deal%20Documents/RIN%20X?csf=1&web=1&e=d9GU5G"
"RIN XII","Infra",,,,,
"RIN XIII","Infra","RREEF America LLC","RIN 2026-1A",,,"/:f:/r/sites/abs-struc-credit/CLO%20Deal%20Documents/RIN%20XIII?csf=1&web=1&e=bchKuf"
"Riserva CLO","BSL","Invesco RR Fund LP","RSRVA 2016-3A","risrv",,
"Riverbank Park CLO","BSL",,,,,
"Rockford Tower CLO 2019-1","BSL","King Street Capital Management, LP","ROCKT 2019-1A","roct191",,"/:f:/r/sites/abs-struc-credit/CLO%20Deal%20Documents/Rockford%20Tower%20CLO%202019-1?csf=1&web=1&e=czU1pD"
"Rockford Tower CLO 2019-2","BSL",,,,,
"Rockford Tower CLO 2020-1","BSL",,,,,
"Rockford Tower CLO 2021-2","BSL","Rockford Tower Capital Management, LLC","ROCKT 2021-2A",,,"/:f:/r/sites/abs-struc-credit/CLO%20Deal%20Documents/Rockford%20Tower%20CLO%202021-2?csf=1&web=1&e=Tt2if4"
"Rockford Tower CLO 2021-3","BSL",,,,,
"Rockford Tower CLO 2022-1","BSL","Rockford Tower Capital Management, LLC","ROCKT 2022-1A",,,"/:f:/r/sites/abs-struc-credit/CLO%20Deal%20Documents/Rockford%20Tower%20CLO%202022-1?csf=1&web=1&e=DQVlPY"
"Rockford Tower CLO 2022-2","BSL","Rockford Tower Capital Management, LLC","ROCKT 2022-2A",,,"/:f:/r/sites/abs-struc-credit/CLO%20Deal%20Documents/Rockford%20Tower%20CLO%202022-2?csf=1&web=1&e=ovgrb8"
"Rockford Tower CLO 2022-3","BSL",,,,,
"Rockford Tower CLO 2023-1","BSL","Rockford Tower Capital Management, LLC","ROCKT 2023-1",,,"/:f:/r/sites/abs-struc-credit/CLO%20Deal%20Documents/Rockford%20Tower%20CLO%202023-1?csf=1&web=1&e=PuC1e4"
"Rockford Tower CLO 2024-2","BSL",,,,,
"Rockford Tower CLO 2025-1","BSL",,,,,
"Rockford Tower CLO 2025-2","BSL","Rockford Tower Capital Management, LLC","ROCKT 2025-2A",,,"/:f:/r/sites/abs-struc-credit/CLO%20Deal%20Documents/Rockford%20Tower%20CLO%202025-2?csf=1&web=1&e=DjJV7R"
"Rockland Park CLO","BSL","Blackstone CLO Management LLC","ROCKP 2021-1A",,,"/:f:/r/sites/abs-struc-credit/CLO%20Deal%20Documents/Rockland%20Park%20CLO?csf=1&web=1&e=FA14aB"
"Romark CLO II","BSL",,,,,
"Romark CLO V","BSL","Romark CLO Advisors LLC","RMRK 2021-5A",,,"/:f:/r/sites/abs-struc-credit/CLO%20Deal%20Documents/Romark%20CLO%20V?csf=1&web=1&e=d7CGuH"
"Romark CLO-4","BSL","Romark CLO Advisors LLC","RMRK 2021-4A",,,"/:f:/r/sites/abs-struc-credit/CLO%20Deal%20Documents/Romark%20CLO-4?csf=1&web=1&e=LzQqDX"
"RR 1 (fka ALM X)","BSL",,,,,
"RR 12","BSL",,,,,
"RR 16","BSL","Redding Ridge Asset Management LLC","RRAM 2021-16A",,,"/:f:/r/sites/abs-struc-credit/CLO%20Deal%20Documents/RR%2016?csf=1&web=1&e=bdfbgz"
"RR 17","BSL","Redding Ridge Asset Management LLC","RRAM 2021-17A",,,"/:f:/r/sites/abs-struc-credit/CLO%20Deal%20Documents/RR%2017?csf=1&web=1&e=8LOuMc"
"RR 18","BSL","Redding Ridge Asset Management LLC","RRAM 2021-18A",,,"/:f:/r/sites/abs-struc-credit/CLO%20Deal%20Documents/RR%2018?csf=1&web=1&e=4yKjEf"
"RR 19","BSL","Redding Ridge Asset Management LLC","RRAM 2021-19A","rrcl19",,
"RR 20","BSL",,,,,
"RR 21","BSL","Redding Ridge Asset Management LLC","RRAM 2022-21A","rrcl21",,
"RR 23","BSL",,,,,
"RR 24","BSL","Redding Ridge Asset Management LLC","RRAM 2022-24A","rrcl24",,
"RR 25","BSL","Redding Ridge Asset Management LLC","RRAM 2023-25A","rrcl25","bofa_rr25_reset_debt|KB3Y
","/:f:/r/sites/abs-struc-credit/CLO%20Deal%20Documents/RR%2025/TBD%20-%20Reset%20-%20Bank%20of%20America?csf=1&web=1&e=TVxXig"
"RR 26","BSL",,,,,
"RR 27","BSL","Redding Ridge Asset Management LLC","RRAM 2023-27A",,,"/:f:/r/sites/abs-struc-credit/CLO%20Deal%20Documents/RR%2027?csf=1&web=1&e=ctbT4D"
"RR 28","BSL","Redding Ridge Asset Management LLC",,,,
"RR 29 (fka RRX 3)","BSL",,,,,
"RR 3 (fka ALM XIV)","BSL",,,,,
"RR 30","BSL",,,,,
"RR 31","BSL",,,,,
"RR 33","BSL",,,,,
"RR 34 (fka RRX 5)","BSL",,,,,
"RR 35","BSL",,,,,
"RR 36 (fka RRX 6)","BSL",,,,,
"RR 37","BSL",,,,,
"RR 38 (fka RR 1)","BSL","Redding Ridge Asset Management LLC","RRAM 2025-38A",,,
"RR 39","BSL",,,,,
"RR 40","BSL",,,,,
"RR 41","BSL","Redding Ridge Asset Management LLC",,,,"/:f:/r/sites/abs-struc-credit/CLO%20Deal%20Documents/RR%2041?csf=1&web=1&e=jvZcON"
"RR 42 (fka RRX7)","BSL","Redding Ridge Asset Management LLC","RRAMX 2022-7A",,"scotia_rr42_reset_debt_10_9_2025|7U2Y","/:f:/r/sites/abs-struc-credit/CLO%20Deal%20Documents/RR%2042%20(fka%20RRX7)?csf=1&web=1&e=Vxx6yf"
"RR 43","BSL","Redding Ridge Asset Management LLC",,,,"/:f:/r/sites/abs-struc-credit/CLO%20Deal%20Documents/RR%2043?csf=1&web=1&e=dSM0eF"
"RR 44","BSL","Redding Ridge Asset Management LLC",,,,"/:f:/r/sites/abs-struc-credit/CLO%20Deal%20Documents/RR%2044?csf=1&web=1&e=XRd0WW"
"RR 7","BSL","Redding Ridge Asset Management LLC","RRAM 2019-7A","rrcl7",,
"RR 8","BSL",,,,,
"RR 8","BSL","Redding Ridge Asset Management LLC","RRAM 2020-8A",,,
"Sagard-HalseyPoint CLO 10","BSL","Sagard HalseyPoint CLO Management LP",,,,"/:f:/r/sites/abs-struc-credit/CLO%20Deal%20Documents/Sagard-HalseyPoint%20CLO%2010?csf=1&web=1&e=SbTiSi"
"Sagard-HalseyPoint CLO 8","BSL",,,,,
"Sagard-HalseyPoint CLO 9","BSL",,,,,
"Sandstone Peak CLO I","BSL","Beach Point CLO Management LLC","SAND 2021-1A",,,"/:f:/r/sites/abs-struc-credit/CLO%20Deal%20Documents/Sandstone%20Peak%20CLO%20I?csf=1&web=1&e=lKS3Ik"
"Sandstone Peak II","BSL",,,,,
"Sandstone Peak IV","BSL","Beach Point CLO Management LLC",,,,"/:f:/r/sites/abs-struc-credit/CLO%20Deal%20Documents/Sandstone%20Peak%20IV?csf=1&web=1&e=l75c1o"
"Saratoga Investment Corp Senior Loan Fund 2022-1","MM","Saratoga Senior Loan Fund I JV, LLC","SARAT 2022-1A",,,"/:f:/r/sites/abs-struc-credit/CLO%20Deal%20Documents/Saratoga%20Investment%20Corp%20Senior%20Loan%20Fund%202022-1?csf=1&web=1&e=oRMeNO"
"Saratoga Investment Corp. CLO 2013-1","BSL",,,,,
"Sculptor CLO XXIX","BSL","Sculptor CLO Advisors LLC","SCUL 29A",,,"/:f:/r/sites/abs-struc-credit/CLO%20Deal%20Documents/Sculptor%20CLO%20XXIX?csf=1&web=1&e=UHAbUN"
"Sculptor CLO XXVI","BSL",,,,,
"Sculptor CLO XXVII","BSL","Sculptor CLO Management LLC",,,,"/:f:/r/sites/abs-struc-credit/CLO%20Deal%20Documents/Sculptor%20CLO%20XXVII?csf=1&web=1&e=yUIm43"
"Sculptor CLO XXVIII","BSL",,,,,
"Sculptor CLO XXX","BSL",,,,,
"Sculptor CLO XXXIII","BSL",,,,,
"Sculptor CLO XXXIV","BSL",,,,,
"Sculptor CLO XXXV","BSL",,,,,
"Sculptor CLO XXXVII","BSL","Sculptor CLO Advisors LLC",,,,"/:f:/r/sites/abs-struc-credit/CLO%20Deal%20Documents/Sculptor%20CLO%20XXXVII?csf=1&web=1&e=EchLou"
"Serenity-Peace Park CLO","BSL","Blackstone CLO Management LLC",,,,"/:f:/r/sites/abs-struc-credit/CLO%20Deal%20Documents/Serenity%20Peace%20Park%20CLO?csf=1&web=1&e=40hr1c"
"Shackleton 2015-VII-R","BSL",,,,,
"Shackleton 2019-XIV","BSL",,,,,
"Signal Peak CLO 1","BSL",,,,,
"Signal Peak CLO 10","BSL",,,,,
"Signal Peak CLO 11","BSL",,,,,
"Signal Peak CLO 12","BSL",,,,,
"Signal Peak CLO 14","BSL",,,,,
"Signal Peak CLO 4","BSL","Orix Advisors, LLC","SPEAK 2017-4A",,,"/:f:/r/sites/abs-struc-credit/CLO%20Deal%20Documents/Signal%20Peak%20CLO%204?csf=1&web=1&e=Hn3L24"
"Signal Peak CLO 7","BSL",,,,,
"Signal Peak CLO 8","BSL",,,,,
"Signal Peak CLO 9","BSL",,,,,
"Silver Point CLO 1","BSL",,,,,
"Silver Point CLO 10","BSL",,,,,
"Silver Point CLO 11","BSL",,,,,
"Silver Point CLO 12","BSL","Silver Point Select C CLO Manager, LLC",,,,"/:f:/r/sites/abs-struc-credit/CLO%20Deal%20Documents/Silver%20Point%20CLO%2012?csf=1&web=1&e=V79Xvb"
"Silver Point CLO 13","BSL","Silver Point CLO Equity Fund II Manager, LLC","SPCLO 2025-13A",,,"/:f:/r/sites/abs-struc-credit/CLO%20Deal%20Documents/Silver%20Point%20CLO%2013?csf=1&web=1&e=ZYdVqX"
"Silver Point CLO 14","BSL","Silver Point Capital, L.P.","SPCLO 2025-14A",,,"/:f:/r/sites/abs-struc-credit/CLO%20Deal%20Documents/Silver%20Point%20CLO%2014?csf=1&web=1&e=58dTny"
"Silver Point CLO 15","BSL","Silver Point CLO Equity Fund II Manager, LLC",,,,
"Silver Point CLO 17","BSL",,"SPCLO 2026-17A",,,"/:f:/r/sites/abs-struc-credit/CLO%20Deal%20Documents/Silver%20Point%20CLO%2017?csf=1&web=1&e=LVNedV"
"Silver Point CLO 2","BSL",,,,,
"Silver Point CLO 3","BSL","Silver Point Capital, L.P.","SPCLO 2023-3A",,,
"Silver Point CLO 5","BSL",,,,,
"Silver Point CLO 6","BSL",,,,,
"Silver Point CLO 7","BSL",,,,,
"Silver Point CLO 8","BSL",,,,,
"Silver Point CLO 9","BSL",,,,,
"Silver Point SCF CLO III","MM",,,,,
"Silver Point SCF CLO IV","MM",,,,,
"Silver Point SCF CLO IX","MM","Silver Point Loan Funding Management, LLC","SPCSL 2026-1A",,,"/:f:/r/sites/abs-struc-credit/CLO%20Deal%20Documents/Silver%20Point%20SCF%20CLO%20IX?csf=1&web=1&e=igFDcp"
"Silver Point SCF CLO V","MM",,,,,
"Silver Point SCF CLO VI","MM",,,,,
"Silver Point SCF CLO VII","MM",,,,,
"Silver Point SCF CLO VIII","MM",,,,,"/:f:/r/sites/abs-struc-credit/CLO%20Deal%20Documents/Silver%20Point%20SCF%20CLO%20VIII?csf=1&web=1&e=4qMZJZ"
"Silver Rock CLO I","BSL",,,,,
"Silver Rock CLO II","BSL",,,,,
"Silver Rock CLO III","BSL","Silver Rock Management LLC","SLVRK 2023-3A",,,"/:f:/r/sites/abs-struc-credit/CLO%20Deal%20Documents/Silver%20Rock%20CLO%20III?csf=1&web=1&e=xl1qiy"
"Silver Rock CLO IV","BSL",,,,,
"Sixth Street CLO 26","BSL",,,,,
"Sixth Street CLO 27","BSL",,,,,
"Sixth Street CLO 28","BSL",,,,,
"Sixth Street CLO 29","BSL",,,,,
"Sixth Street CLO 30","BSL",,,,,
"Sixth Street CLO 31","BSL","Sixth Street CLO 31 Management LLC",,,,"/:f:/r/sites/abs-struc-credit/CLO%20Deal%20Documents/Sixth%20Street%20CLO%2031?csf=1&web=1&e=4WugJI"
"Sixth Street CLO 32","BSL",,,,,
"Sixth Street CLO IX","BSL",,,,,
"Sixth Street CLO VIII","BSL",,,,,
"Sixth Street CLO XII","BSL",,"SIXST 2018-12A",,,
"Sixth Street CLO XIII","BSL",,,,,
"Sixth Street CLO XIV","BSL",,,,,
"Sixth Street CLO XIX","BSL","Sixth Street CLO XIX Management, LLC","SIXST 2021-19A",,,"/:f:/r/sites/abs-struc-credit/CLO%20Deal%20Documents/Sixth%20Street%20CLO%20XIX?csf=1&web=1&e=qlbdM6"
"Sixth Street CLO XV","BSL",,,,,
"Sixth Street CLO XVI","BSL","Sixth Street CLO XVI Management, LLC","SIXST 2020-16A",,,"/:f:/r/sites/abs-struc-credit/CLO%20Deal%20Documents/Sixth%20Street%20CLO%20XVI?csf=1&web=1&e=dyMBuc"
"Sixth Street CLO XVII","BSL",,,,,
"Sixth Street CLO XVIII","BSL","Sixth Street CLO XVIII Management, LLC","SIXST 2021-18A",,,"/:f:/r/sites/abs-struc-credit/CLO%20Deal%20Documents/Sixth%20Street%20CLO%20XVIII?csf=1&web=1&e=V6LxlH"
"Sixth Street CLO XX","BSL",,,,,
"Sixth Street CLO XXI","BSL",,,,,
"Sixth Street CLO XXII","BSL",,,,,
"Sixth Street CLO XXIII","BSL","Sixth Street CLO XXIII Management LLC",,,,"/:f:/r/sites/abs-struc-credit/CLO%20Deal%20Documents/Sixth%20Street%20CLO%20XXIII?csf=1&web=1&e=bNcOsc"
"Sixth Street CLO XXV","BSL",,,,,
"Sound Point CLO 2025-2","BSL",,,,,
"Sound Point CLO 2025R-1","BSL",,,,,
"Sound Point CLO 35","BSL",,,,,
"Sound Point CLO 39","BSL",,,,,
"Sound Point CLO 40","BSL",,,,,
"Sound Point CLO 41","BSL",,,,,
"Sound Point CLO XXI","BSL",,,,,
"Sound Point CLO XXII","BSL",,,,,
"Sound Point CLO XXIX","BSL","Sound Point Capital Management, LP",,,,"/:f:/r/sites/abs-struc-credit/CLO%20Deal%20Documents/Sound%20Point%20CLO%20XXIX?csf=1&web=1&e=QJAyfs"
"South Cove 2025-3 CLO","MM","Comvest Capital Advisory Services LLC",,,,"/:f:/r/sites/abs-struc-credit/CLO%20Deal%20Documents/South%20Cove%202025-3%20CLO?csf=1&web=1&e=wNsnDz"
"Southwick Park CLO","BSL","Blackstone / GSO CLO Management LLC","STHWK 2019-4A","southwpk",,
"Starwood 2024-SIF4","Infra",,,,,
"Starwood 2025-SIF5","Infra",,,,,
"Starwood 2025-SIF6","Infra","STWD Investment Management, LLC",,,,"/:f:/r/sites/abs-struc-credit/CLO%20Deal%20Documents/Starwood%202025-SIF6?csf=1&web=1&e=HzEO7X"
"Starwood 2026-SIF7","Infra","Starwood Capital Group Management, L.L.C.","STWD 2026-SIF7A",,,"/:f:/r/sites/abs-struc-credit/CLO%20Deal%20Documents/Starwood%202026-SIF7?csf=1&web=1&e=2aqbPd"
"Steele Creek CLO 2019-1","BSL",,,,,
"Steele Creek CLO 2019-2","BSL",,,,,
"Steele Creek CLO 2022-1","BSL",,,,,
"StepStone CLO 2024-1","MM",,,,,
"StepStone CLO 2025-I","MM",,,,,"/:f:/r/sites/abs-struc-credit/CLO%20Deal%20Documents/StepStone%20CLO%202025-I?csf=1&web=1&e=eUowx1"
"Storm King Park CLO","BSL","Blackstone Liquid Credit Strategies LLC","STKPK 2022-1A","stkpk","citistorm_king_park_reset_pricing|YY43
",
"Strata CLO II","BSL","HPS Investment Partners, LLC","STRTA 2021-1A",,,"/:f:/r/sites/abs-struc-credit/CLO%20Deal%20Documents/Strata%20CLO%20II?csf=1&web=1&e=Znbge2"
"Stratus Funding CLO 2025-1","BSL",,,,,
"Stratus Static CLO 2022-3","BSL",,,,,
"Sycamore Tree CLO 2021-1","BSL",,,,,
"Sycamore Tree CLO 2023-2","BSL","Sycamore Tree CLO Advisors, LP","STCP 2023-2",,,
"Sycamore Tree CLO 2023-4","BSL","Sycamore Tree CLO Manager, LLC","STCP 2023-4A",,,"/:f:/r/sites/abs-struc-credit/CLO%20Deal%20Documents/Sycamore%20Tree%20CLO%202023-4?csf=1&web=1&e=JwTAKr"
"Sycamore Tree CLO 2024-5","BSL","Sycamore Tree CLO Advisors, LP","STCP 2024-5A",,,"/:f:/r/sites/abs-struc-credit/CLO%20Deal%20Documents/Sycamore%20Tree%20CLO%202024-5?csf=1&web=1&e=XgqACd"
"Sycamore Tree CLO 2025-6","BSL",,,,,
"Sycamore Tree CLO 2025-7","BSL","Sycamore Tree CLO Manager, LLC","STCP 2025-7A",,,"/:f:/r/sites/abs-struc-credit/CLO%20Deal%20Documents/Sycamore%20Tree%20CLO%202025-7?csf=1&web=1&e=1DPpFT"
"Symetra CLO 2025-1","BSL",,,,,
"Symphony CLO 28","BSL","Symphony Alternative Asset Management LLC","SYMP 2021-28A",,"scotia_symphony_clo_28_reset_3nc1_debt|7UK6",
"Symphony CLO 33","BSL",,,,,
"Symphony CLO 34","BSL",,,,,
"Symphony CLO 36","BSL",,,,,
"Symphony CLO 37","BSL","Symphony Alternative Asset Management LLC","SYMP 2022-37A",,,"/:f:/r/sites/abs-struc-credit/CLO%20Deal%20Documents/Symphony%20CLO%2037?csf=1&web=1&e=4JMFaW"
"Symphony CLO 38","BSL",,,,,
"Symphony CLO 39","BSL",,,,,
"Symphony CLO 40","BSL",,,,,
"Symphony CLO 41","BSL",,,,,
"Symphony CLO 44","BSL",,,,,
"Symphony CLO 45","BSL",,,,,
"Symphony CLO 46","BSL",,,,,
"Symphony CLO 47","BSL",,,,,
"Symphony CLO 48 ","BSL",,,,,
"Symphony CLO 49","BSL",,,,,
"Symphony CLO 50","BSL","Symphony Alternative Asset Management LLC",,,,"/:f:/r/sites/abs-struc-credit/CLO%20Deal%20Documents/Symphony%20CLO%2050?csf=1&web=1&e=DrtGs1"
"Symphony CLO LI","BSL","Symphony Alternative Asset Management LLC",,,,
"Symphony CLO XVI","BSL",,,,,
"Symphony CLO XVIII","BSL","Symphony Alternative Asset Management LLC","SYMP 2016-18A",,,"/:f:/r/sites/abs-struc-credit/CLO%20Deal%20Documents/Symphony%20CLO%20XVIII?csf=1&web=1&e=Np74Lw"
"Symphony CLO XX","BSL",,,,,
"Symphony CLO XXI","BSL",,,,,
"Symphony CLO XXII","BSL",,,,,
"Symphony CLO XXIII","BSL",,,,,
"Symphony CLO XXIV","BSL","Symphony Alternative Asset Management LLC","SYMP 2020-24A",,,"/:f:/r/sites/abs-struc-credit/CLO%20Deal%20Documents/Symphony%20CLO%20XXIV?csf=1&web=1&e=1p7Lcz"
"Symphony CLO XXIX","BSL","Symphony Alternative Asset Management LLC","SYMP 2021-29A",,,"/:f:/r/sites/abs-struc-credit/CLO%20Deal%20Documents/Symphony%20CLO%20XXIX?csf=1&web=1&e=ijYA6h"
"Symphony CLO XXXI","BSL",,,,,
"Symphony CLO XXXII","BSL","Symphony Alternative Asset Management LLC","SYMP 2022-32A",,,"/:f:/r/sites/abs-struc-credit/CLO%20Deal%20Documents/Symphony%20CLO%20XXXII?csf=1&web=1&e=faBfcQ"
"Symphony Loan Funding CLO 1","BSL",,,,,
"Tallman Park CLO","BSL",,,,,
"TCI-Flatiron CLO 2018-1","BSL","NYL Investors LLC","TFLAT 2018-1A",,,"/:f:/r/sites/abs-struc-credit/CLO%20Deal%20Documents/TCI-Flatiron%20CLO%202018-1?csf=1&web=1&e=C3qacO"
"TCP Whitney CLO","MM","BlackRock Capital Investment Advisors, LLC","TCP 2017-1A",,,"/:f:/r/sites/abs-struc-credit/CLO%20Deal%20Documents/TCP%20Whitney%20CLO?csf=1&web=1&e=Thmets"
"TCW CLO 2017-1","BSL",,"TCW 2017-1A",,,"/:f:/r/sites/abs-struc-credit/CLO%20Deal%20Documents/TCW%20CLO%202017-1?csf=1&web=1&e=6zHQcP"
"TCW CLO 2018-1","BSL",,,,,
"TCW CLO 2019-2","BSL",,,,,
"TCW CLO 2020-1","BSL",,,,,
"TCW CLO 2021-1","BSL",,,,,
"TCW CLO 2021-2","BSL",,,,,
"TCW CLO 2022-1","BSL",,,,,
"TCW CLO 2023-1","BSL",,,,,
"TCW CLO 2023-2","BSL","TCW Asset Management Company LLC",,,,
"TCW CLO 2024-1","BSL","TCW Asset Management Company LLC","TCW 2024-1A",,,"/:f:/r/sites/abs-struc-credit/CLO%20Deal%20Documents/TCW%20CLO%202024-1?csf=1&web=1&e=1PNqVi"
"TCW CLO 2024-2","BSL",,,,,
"TCW CLO 2024-3","BSL",,,,,
"TCW CLO 2025-1","BSL",,,,,
"TCW CLO 2025-2","BSL","TCW Asset Management Company LLC","TCW 2025-2A",,,"/:f:/r/sites/abs-struc-credit/CLO%20Deal%20Documents/TCW%20CLO%202025-2?csf=1&web=1&e=AkEqX0"
"Texas Debt Capital CLO 2023-I","BSL",,,,,
"Texas Debt Capital CLO 2023-II","BSL",,,,,
"Texas Debt Capital CLO 2025-I","BSL",,,,,
"Thompson Park CLO","BSL",,,,,
"TIAA CLO IV","BSL",,,,,
"TICP CLO IX","BSL",,,,,
"Tikehau US CLO II","BSL",,,,,
"Tikehau US CLO IV","BSL","Tikehau Structured Credit Management LLC","TKO 2023-1A",,,"/:f:/r/sites/abs-struc-credit/CLO%20Deal%20Documents/Tikehau%20US%20CLO%20IV?csf=1&web=1&e=jjHDNo"
"Tikehau US CLO VI","BSL",,,,,
"Tikehau US CLO VII","BSL",,,,,
"Tikehau US CLO VIII","BSL","Tikehau Structured Credit Management LLC",,,,"/:f:/r/sites/abs-struc-credit/CLO%20Deal%20Documents/Tikehau%20US%20CLO%20VIII?csf=1&web=1&e=OkDgsr"
"TPG CLO 2025-1","BSL","Angelo, Gordon & Co., L.P.","TPGCLO 2025-1A",,,"/:f:/r/sites/abs-struc-credit/CLO%20Deal%20Documents/TPG%20CLO%202025-1?csf=1&web=1&e=ZVA2sh"
"TPG CLO 2025-2","BSL","TPG Angelo Gordon",,,,"/:f:/r/sites/abs-struc-credit/CLO%20Deal%20Documents/TPG%20CLO%202025-2?csf=1&web=1&e=elEuH6"
"TPG CLO 2026-3","BSL","TPG Angelo Gordon",,,,
"Tralee CLO V","BSL",,,,,
"Tralee CLO VI","BSL",,,,,
"Trestles CLO I","BSL",,,,,
"Trestles CLO III","BSL",,,,,
"Trestles CLO IV","BSL","Aristotle Pacific Capital, LLC",,,,"/:f:/r/sites/abs-struc-credit/CLO%20Deal%20Documents/Trestles%20CLO%20IV?csf=1&web=1&e=cHShqm"
"Trestles CLO IX","BSL","APC Asset Development II, LP","TREST 2025-9A",,,"/:f:/r/sites/abs-struc-credit/CLO%20Deal%20Documents/Trestles%20CLO%20IX?csf=1&web=1&e=HCT7q9"
"Trestles CLO V","BSL",,,,,
"Trestles CLO VI","BSL",,,,,
"Trestles CLO VII","BSL",,,,,
"Trestles CLO VIII","BSL",,,,,
"Trestles CLO X","BSL","APC Asset Development II, LP",,,,"/:f:/r/sites/abs-struc-credit/CLO%20Deal%20Documents/Trestles%20CLO%20X?csf=1&web=1&e=fbGgSe"
"Trimaran CAVU 2019-1","BSL",,,,,
"Trimaran CAVU 2019-2","BSL","Trimaran Advisors, LLC","CAVU 2019-2A",,,"/:f:/r/sites/abs-struc-credit/CLO%20Deal%20Documents/Trimaran%20CAVU%202019-2?csf=1&web=1&e=H5ankL"
"Trimaran CAVU 2021-1","BSL",,,,,
"Trimaran CAVU 2021-2","BSL","Trimaran Advisors, LLC"," CAVU 2021-2",,,
"Trimaran CAVU 2021-2","BSL","Trimaran Advisors, LLC","CAVU 2021-2A",,,"/:f:/r/sites/abs-struc-credit/CLO%20Deal%20Documents/Trimaran%20CAVU%202021-2?csf=1&web=1&e=bRXufy"
"Trimaran CAVU 2022-1","BSL",,,,,
"Trimaran CAVU 2022-2","BSL",,,,,
"Trimaran CAVU 2023-1","BSL","Trimaran Advisors, LLC","CAVU 2023-1A",,,"/:f:/r/sites/abs-struc-credit/CLO%20Deal%20Documents/Trimaran%20CAVU%202023-1?csf=1&web=1&e=zYSE73"
"Trimaran CAVU 2023-1","BSL","Trimaran Advisors, LLC","CAVU 2023-1A",,,"/:f:/r/sites/abs-struc-credit/CLO%20Deal%20Documents/Trimaran%20CAVU%202023-1?csf=1&web=1&e=5PV0JP"
"Trimaran CAVU 2023-2","BSL","Trimaran Advisors, LLC","CAVU 2023-2A",,,"/:f:/r/sites/abs-struc-credit/CLO%20Deal%20Documents/Trimaran%20CAVU%202023-2?csf=1&web=1&e=jkbV6v"
"Trimaran CAVU 2024-1","BSL",,,,,
"Trimaran CAVU 2025-1","BSL",,,,,
"Trimaran CAVU 2025-2","BSL",,,,,
"TRIMARAN CAVU 2025-3","BSL","Trimaran Advisors, LLC","CAVU 2025-3",,,
"Trinitas CLO 25","BSL","Trinitas Capital Management, LLC","TRNTS 2023-25A",,,
"Trinitas CLO VI","BSL","Trinitas Capital Management, LLC","TRNTS 2017-6A",,,"/:f:/r/sites/abs-struc-credit/CLO%20Deal%20Documents/Trinitas%20CLO%20VI?csf=1&web=1&e=qcLbim"
"Trinitas CLO VII","BSL",,,,,
"Trinitas CLO X","BSL","Trinitas Capital Management, LLC","TRNTS 2019-10A",,,
"Trinitas CLO XII","BSL","Trinitas Capital Management, LLC","TRNTS 2020-12A",,,"/:f:/r/sites/abs-struc-credit/CLO%20Deal%20Documents/Trinitas%20CLO%20XII?csf=1&web=1&e=zPyqWD"
"Trinitas CLO XIV","BSL","Trinitas Capital Management, LLC","TRNTS 2020-14A",,,"/:f:/r/sites/abs-struc-credit/CLO%20Deal%20Documents/Trinitas%20CLO%20XIV?csf=1&web=1&e=mSJT2k"
"Trinitas CLO XV","BSL","Trinitas Capital Management, LLC","TRNTS 2021-15A",,,"/:f:/r/sites/abs-struc-credit/CLO%20Deal%20Documents/Trinitas%20CLO%20XV?csf=1&web=1&e=mXVKxr"
"Trinitas CLO XVI","BSL","Trinitas Capital Management, LLC","TRNTS 2021-16A",,,"/:f:/r/sites/abs-struc-credit/CLO%20Deal%20Documents/Trinitas%20CLO%20XVI?csf=1&web=1&e=cXYQTz"
"Trinitas CLO XVII","BSL","Trinitas Capital Management, LLC","TRNTS 2021-17A",,,"/:f:/r/sites/abs-struc-credit/CLO%20Deal%20Documents/Trinitas%20CLO%20XVII?csf=1&web=1&e=jGs2lk"
"Trinitas CLO XVIII","BSL","Trinitas Capital Management, LLC","TRNTS 2021-18A",,,"/:f:/r/sites/abs-struc-credit/CLO%20Deal%20Documents/Trinitas%20CLO%20XVIII?csf=1&web=1&e=iPZ3JW"
"Trinitas CLO XX","BSL",,,,,
"Trinitas CLO XXI","BSL",,,,,
"Trinitas CLO XXII","BSL","Trinitas Capital Management, LLC","TRNTS 2023-22A",,,"/:f:/r/sites/abs-struc-credit/CLO%20Deal%20Documents/Trinitas%20CLO%20XXII?csf=1&web=1&e=tnIama"
"Trinitas CLO XXIII","BSL","Trinitas Capital Management, LLC","TRNTS 2023-23A",,,"/:f:/r/sites/abs-struc-credit/CLO%20Deal%20Documents/Trinitas%20CLO%20XXIII?csf=1&web=1&e=yPHzg3"
"Trinitas CLO XXVI","BSL",,,,,
"Trinitas CLO XXX","BSL",,,,,
"Trinitas CLO XXXI","BSL",,,,,
"Trinitas CLO XXXII","BSL","Trinitas Capital Management, LLC","TRNTS 2025-32A",,,"/:f:/r/sites/abs-struc-credit/CLO%20Deal%20Documents/Trinitas%20CLO%20XXXII?csf=1&web=1&e=fbY0Sx"
"Trinitas CLO XXXIII","BSL",,,,,
"Trinitas CLO XXXIV","BSL",,,,,
"Trinitas CLO XXXV","BSL","Trinitas Capital Management, LLC","TRNTS 2026-35A",,,"/:f:/r/sites/abs-struc-credit/CLO%20Deal%20Documents/Trinitas%20CLO%20XXXV?csf=1&web=1&e=JNN4dH"
"Trinitas XXIX CLO","BSL",,,,,
"Trysail CLO 2021-1","BSL","Sancus Credit Advisors, LP","TRYSL 2021-1A",,,"/:f:/r/sites/abs-struc-credit/CLO%20Deal%20Documents/Trysail%20CLO%202021-1?csf=1&web=1&e=YxR5ZP"
"TSTAT 2022-1","BSL","Trinitas Capital Management, LLC","TSTAT 2022-1A",,,"/:f:/r/sites/abs-struc-credit/CLO%20Deal%20Documents/TSTAT%202022-1?csf=1&web=1&e=qYro0o"
"Twin Brook CLO 2024-2","MM",,,,,
"Twin Brook CLO 2025-1","MM",,,,,
"Twin Brook CLO 2025-2","MM","Angelo, Gordon & Co., L.P.","TWBRK 2025-2A",,,"/:f:/r/sites/abs-struc-credit/CLO%20Deal%20Documents/Twin%20Brook%20CLO%202025-2?csf=1&web=1&e=stYlka"
"Twin Brook CLO 2025-3","MM","Angelo, Gordon & Co., L.P.","TWBRK 2025-3A",,,"/:f:/r/sites/abs-struc-credit/CLO%20Deal%20Documents/Twin%20Brook%20CLO%202025-3?csf=1&web=1&e=IgS6sw"
"Unity-Peace Park CLO","BSL","Blackstone CLO Management LLC","UNPPK 2022-1A",,,
"Upland CLO","BSL","Invesco Senior Secured Management, Inc.","UPLND 2016-1A","uplnd",,"/:f:/r/sites/abs-struc-credit/CLO%20Deal%20Documents/Upland%20CLO?csf=1&web=1&e=y9EG4G"
"Valley Stream Park CLO","BSL",,,,,
"VCC CLO 1","BSL",,,,,
"Venture 28 CLO","BSL",,,,,
"Venture 34 CLO","BSL",,,,,
"Venture 37 CLO","BSL",,,,,
"Venture 38 CLO","BSL",,,,,
"Venture 41 CLO","BSL","MJX Asset Management LLC","VENTR 2021-41A",,,"/:f:/r/sites/abs-struc-credit/CLO%20Deal%20Documents/Venture%2041%20CLO?csf=1&web=1&e=uKRHoy"
"Venture 43 CLO","BSL",,,,,
"Venture 44 CLO","BSL",,,,,
"Venture 45 CLO","BSL","MJX Asset Management LLC","VENTR 2022-45A",,,"/:f:/r/sites/abs-struc-credit/CLO%20Deal%20Documents/Venture%2045%20CLO?csf=1&web=1&e=vpn3Fy"
"Venture 46 CLO","BSL",,,,,
"Venture 47 CLO","BSL",,,,,
"Venture 48 CLO","Jefferies","MJX Asset Management LLC","VENTR 2023-48A",,,"/:f:/r/sites/abs-struc-credit/CLO%20Deal%20Documents/Venture%2048%20CLO?csf=1&web=1&e=Bb1hSq"
"Venture 50 CLO","BSL",,,,,
"Verde CLO","BSL",,,,,
"Verdelite Static CLO 2024-1","BSL",,,,,
"Vibrant CLO IV-R","BSL",,,,,
"Vibrant CLO IX-R","BSL",,,,,
"Vibrant CLO XI","BSL","Vibrant Capital Partners, Inc.",,,,"/:f:/r/sites/abs-struc-credit/CLO%20Deal%20Documents/Vibrant%20CLO%20XI?csf=1&web=1&e=Cl4bDR"
"Vibrant CLO XII","BSL","Vibrant Capital Partners, Inc.","VIBR 2021-12A",,,"/:f:/r/sites/abs-struc-credit/CLO%20Deal%20Documents/Vibrant%20CLO%20XII?csf=1&web=1&e=iOarrA"
"Vibrant CLO XIII","BSL",,,,,
"Vibrant CLO XV","BSL",,,,,
"Vibrant CLO XVI","BSL",,,,,
"Voya 2015-3 CLO","BSL",,,,,
"Voya 2015-4 CLO","BSL",,,,,
"Voya 2024-2 CLO","BSL",,,,,
"Voya 2024-3 CLO","BSL",,,,,
"Voya CLO 2016-3","BSL",,,,,
"Voya CLO 2017-3","BSL",,,,,
"Voya CLO 2018-4","BSL",,,,,
"Voya CLO 2019-1","BSL",,,,,
"Voya CLO 2020-1","BSL","Voya Alternative Asset Management LLC","VOYA 2020-1A",,,"/:f:/r/sites/abs-struc-credit/CLO%20Deal%20Documents/Voya%20CLO%202020-1?csf=1&web=1&e=FEcgWd"
"Voya CLO 2020-2","BSL",,,,,
"Voya CLO 2020-3","BSL",,,,,
"Voya CLO 2021-1","BSL",,,,,
"Voya CLO 2021-2","BSL",,,,,
"Voya CLO 2021-3","BSL",,,,,
"Voya CLO 2022-1","BSL",,,,,
"Voya CLO 2022-3","BSL","Voya Alternative Asset Management LLC","VOYA 2022-3A",,,"/:f:/r/sites/abs-struc-credit/CLO%20Deal%20Documents/Voya%20CLO%202022-3?csf=1&web=1&e=fyvuCF"
"Voya CLO 2024-4","BSL",,,,,
"Voya CLO 2024-5","BSL",,,,,
"Voya CLO 2024-6","BSL",,,,,
"Voya CLO 2024-7","BSL",,,,,
"Voya CLO 2025-1","BSL",,,,,
"Voya CLO 2025-2","BSL",,,,,
"Voya CLO 2025-3","BSL",,,,,
"Voya CLO 2025-4","BSL","Voya Alternative Asset Management LLC","VOYA 2025-4A",,,"/:f:/r/sites/abs-struc-credit/CLO%20Deal%20Documents/Voya%20CLO%202025-4?csf=1&web=1&e=YGghGN"
"Voya CLO 2025-5","BSL","Voya Alternative Asset Management LLC","VOYA 2025-5A",,,
"Warwick Capital CLO 1","BSL","Warwick Capital CLO Management LLC","WWICK 2023-1A",,,"/:f:/r/sites/abs-struc-credit/CLO%20Deal%20Documents/Warwick%20Capital%20CLO%201?csf=1&web=1&e=p9MjXl"
"Warwick Capital CLO 4","BSL",,,,,
"Warwick Capital CLO 5","BSL",,,,,
"Warwick Capital CLO 6","BSL",,,,,
"Warwick Capital CLO 7","BSL","Warwick Capital CLO Management LLC",,,,"/:f:/r/sites/abs-struc-credit/CLO%20Deal%20Documents/Warwick%20Capital%20CLO%207?csf=1&web=1&e=ERpSfk"
"Wehle Park CLO","BSL","Blackstone CLO Management LLC","WEHPK 2022-1A",,,"/:f:/r/sites/abs-struc-credit/CLO%20Deal%20Documents/Wehle%20Park%20CLO?csf=1&web=1&e=LFYnvH"
"Wellesley Park CLO","BSL","Blackstone CLO Management LLC",,,,"/:f:/r/sites/abs-struc-credit/CLO%20Deal%20Documents/Wellesley%20Park%20CLO?csf=1&web=1&e=uesUnt"
"Wellfleet CLO 2018-2","BSL",,,,,
"Wellfleet CLO 2019-1","BSL","Blue Owl Liquid Credit Advisors LLC","WELF 2019-1A",,,"/:f:/r/sites/abs-struc-credit/CLO%20Deal%20Documents/Wellfleet%20CLO%202019-1?csf=1&web=1&e=OCK2PE"
"Wellfleet CLO 2020-1","BSL","Blue Owl Liquid Credit Advisors LLC","WELF 2020-1A",,,"/:f:/r/sites/abs-struc-credit/CLO%20Deal%20Documents/Wellfleet%20CLO%202020-1?csf=1&web=1&e=MH85VU"
"Wellfleet CLO 2021-1","BSL",,,,,
"Wellfleet CLO 2021-2","BSL","Blue Owl Liquid Credit Advisors LLC","WELF 2021-2A",,,"/:f:/r/sites/abs-struc-credit/CLO%20Deal%20Documents/Wellfleet%20CLO%202021-2?csf=1&web=1&e=NMiTKY"
"Wellfleet CLO 2021-3","BSL","Blue Owl Liquid Credit Advisors LLC","WELF 2021-3A",,,"/:f:/r/sites/abs-struc-credit/CLO%20Deal%20Documents/Wellfleet%20CLO%202021-3?csf=1&web=1&e=rnsWPA"
"Wellfleet CLO 2021-4","BSL","Blue Owl Credit Advisors LLC","WELF 2021-4A",,,"/:f:/r/sites/abs-struc-credit/CLO%20Deal%20Documents/Wellfleet%20CLO%202021-4?csf=1&web=1&e=tpVFeh"
"Wellfleet CLO 2022-1","BSL",,,,,
"Wellfleet CLO 2022-2","BSL",,,,,
"Wellfleet CLO 2024-1","BSL",,,,,
"Wellfleet CLO 2024-2","BSL","Blue Owl Liquid Credit Advisors LLC","WELF 2024-2A",,"mzwellfleet_2024-2_priced
",
"Wellfleet CLO X","BSL",,,,,
"Wellington Management CLO 1","BSL","Wellington Management CLO Advisors LLC","WELLI 2023-1A","wellm1",,"/:f:/r/sites/abs-struc-credit/CLO%20Deal%20Documents/Wellington%20Management%20CLO%201?csf=1&web=1&e=AHhKbL"
"Wellington Management CLO 2","BSL","Wellington Management CLO Advisors LLC","WELLI 2024-2A","wellm2",,"/:f:/r/sites/abs-struc-credit/CLO%20Deal%20Documents/Wellington%20Management%20CLO%202?csf=1&web=1&e=2kadcq"
"Wellington Management CLO 3","BSL","Wellington Management CLO Advisors LLC","WELLI 2024-3A","wellm3","jpm_wellington3_2103_dx|BVX6
","/:f:/r/sites/abs-struc-credit/CLO%20Deal%20Documents/Wellington%20Management%20CLO%203?csf=1&web=1&e=JUx9Sg"
"Wellington Management CLO 4","BSL","Wellington Management CLO Advisors LLC","WELLI 2025-4A","wellm4",,"/:f:/r/sites/abs-struc-credit/CLO%20Deal%20Documents/Wellington%20Management%20CLO%204?csf=1&web=1&e=0JP3h9"
"Wellington Management CLO 5","BSL","Wellington Management CLO Advisors LLC","WELLI 2025-5A",,,"/:f:/r/sites/abs-struc-credit/CLO%20Deal%20Documents/Wellington%20Management%20CLO%205?csf=1&web=1&e=iaTCuH"
"Wellman Park CLO","BSL","Blackstone Liquid Credit Strategies LLC","WLLMN 2021-1A","welmpk","mswellman_reset_px|7V2Y
",
"Whetstone Park CLO","BSL","Blackstone CLO Management LLC","WHTPK 2021-1A","wetspk",,
"Whitebox CLO I","BSL","Whitebox Capital Management LLC","WBOX 2019-1A",,,"/:f:/r/sites/abs-struc-credit/CLO%20Deal%20Documents/Whitebox%20CLO%20I?csf=1&web=1&e=b7STle"
"Whitebox CLO II","BSL",,,,,
"Whitebox CLO IV","BSL",,,,,
"Whitebox CLO V","BSL",,,,,
"Whitehorse CCCERA CLO","PC","H.I.G. Capital, LLC","WHCLO 2025-2",,"jpm_hig_ccera_pclo_ni_4104_non-nda_mkt|V44B","/:f:/r/sites/abs-struc-credit/CLO%20Deal%20Documents/Whitehorse%20CCCERA%20CLO,%20LLC?csf=1&web=1&e=ONUYsP"
"Whitehorse CCSSG CLO","MM","H.I.G. Capital, LLC","WHCLO 2025-2A",,,"/:f:/r/sites/abs-struc-credit/CLO%20Deal%20Documents/Whitehorse%20CCSSG%20CLO?csf=1&web=1&e=oqfpUR"
"Whitehorse Finance CLO I","PC",,,,,
"WhiteHorse Principal Lending CLO 2022-1","MM",,,,,
"Wildwood Park CLO","BSL",,,,,
"Willow Tree CLO I","MM",,,,,
"Willow Tree CLO II","MM",,,,,
"Wind River 2016-1K CLO","BSL",,,,,
"Wind River 2017-3","BSL","First Eagle Alternative Credit, LLC","WINDR 2017-3A",,,"/:f:/r/sites/abs-struc-credit/CLO%20Deal%20Documents/Wind%20River%202017-3?csf=1&web=1&e=EDeTne"
"Wind River 2018-2","BSL",,,,,
"Wind River 2019-3","BSL","First Eagle Alternative Credit, LLC","WINDR 2019-3A",,,"/:f:/r/sites/abs-struc-credit/CLO%20Deal%20Documents/Wind%20River%202019-3?csf=1&web=1&e=UBr7mi"
"Wind River 2020-1","BSL",,,,,
"Wind River 2021-1","BSL",,,,,
"Wind River 2021-2","BSL","First Eagle Alternative Credit, LLC","WINDR 2021-2A","wndrv212",,"/:f:/r/sites/abs-struc-credit/CLO%20Deal%20Documents/Wind%20River%202021-2%20CLO?csf=1&web=1&e=v2EtkJ"
"Wind River 2021-2 CLO","BSL","First Eagle Alternative Credit, LLC","WINDR 2021-2A",,,"/:f:/r/sites/abs-struc-credit/CLO%20Deal%20Documents/Wind%20River%202021-2%20CLO?csf=1&web=1&e=mkDigT"
"Wind River 2021-3","BSL",,,,,
"Wind River 2021-4 CLO","BSL",,,,,
"Wind River 2022-1","BSL",,,,,
"Wind River 2022-2","BSL",,,,,
"Wind River 2023-1 CLO","BSL",,,,,
"Windhill CLO 2","MM",,,,,
"Windhill CLO 3","MM",,,,,
"Windhill CLO 4","MM","PGIM, Inc.","WNDHL 2025-1A",,,"/:f:/r/sites/abs-struc-credit/CLO%20Deal%20Documents/Windhill%20CLO%204?csf=1&web=1&e=KOd7z8"
"Wise CLO 2023-1","BSL","Blue Owl Liquid Credit Advisors LLC","WYZE 2023-1A",,,"/:f:/r/sites/abs-struc-credit/CLO%20Deal%20Documents/Wise%20CLO%202023-1?csf=1&web=1&e=v0aL85"
"Wise CLO 2023-2","BSL","Blue Owl Liquid Credit Advisors LLC","WYZE 2023-2A",,,"/:f:/r/sites/abs-struc-credit/CLO%20Deal%20Documents/Wise%20CLO%202023-2?csf=1&web=1&e=adhBOc"
"Wise CLO 2024-1","BSL","Blue Owl Credit Income Senior Loan Fund LLC","WYZE 2024-1A","wisec241",,
"Wise CLO 2024-2","BSL","Blue Owl Credit Advisors LLC","WYZE 2024-2A","wisec242",,
"Wise CLO 2025-1","BSL","Blue Owl Credit SLF LLC","WYZE 2025-1A","wisec251",,
"Wise CLO 2025-2","BSL","Blue Owl Credit SLF LLC","WYZE 2025-2A","wisec252",,
"Wise CLO 2025-3","BSL","Blue Owl Credit SLF LLC","WYZE 2025-3A",,,"/:f:/r/sites/abs-struc-credit/CLO%20Deal%20Documents/Wise%20CLO%202025-3?csf=1&web=1&e=sKwCr8"
"Wise CLO 2025-4","BSL","Blue Owl Credit SLF LLC","WYZE 2025-4A",,,"/:f:/r/sites/abs-struc-credit/CLO%20Deal%20Documents/Wise%20CLO%202025-4?csf=1&web=1&e=cw8s9v"
"Wonder Lake Park CLO","BSL",,,,,
"Woodmont 2017-2 Trust","MM",,,,,
"Woodmont 2018-4 Trust","MM",,,,,
"Woodmont 2021-8 Trust","MM","MidCap Financial Services Capital Management, LLC","WDMNT 2021-8A",,,"/:f:/r/sites/abs-struc-credit/CLO%20Deal%20Documents/Woodmont%202021-8%20Trust?csf=1&web=1&e=hIits7"
"Woodmont 2022-10 Trust","MM",,,,,
"Woodmont 2022-9 Trust","MM",,,,,
"Woodmont 2023-11 Trust","MM",,,,,
"Woodmont 2023-12","MM",,,,,
"Woodmont 2025-13","MM","MidCap Financial Services Capital Management, LLC","WDMNT 2025-13A",,,"/:f:/r/sites/abs-struc-credit/CLO%20Deal%20Documents/Woodmont%202025-13?csf=1&web=1&e=wN3Kl7"
"Woodmont 2025-14","MM","MidCap Financial Services Capital Management, LLC",,,,"/:f:/r/sites/abs-struc-credit/CLO%20Deal%20Documents/Woodmont%202025-14?csf=1&web=1&e=1NByay"
"WOODS 2018-11BA","BSL",,,,,
"WOODS 2021-27","BSL",,,,,
"Z Capital Credit Partners CLO 2021-1","BSL",,,,,
"ZAIS CLO 11","BSL",,,,,
"ZAIS CLO 13","BSL",,,,,
"ZAIS CLO 14","BSL",,,,,
"ZAIS CLO 15","BSL",,,,,
"ZAIS CLO 16","BSL",,,,,
"ZAIS CLO 17","BSL",,,,,
"ZAIS CLO 18","BSL","ZAIS Leveraged Loan Master Manager, LLC","ZAIS 2022-18A",,,"/:f:/r/sites/abs-struc-credit/CLO%20Deal%20Documents/ZAIS%20CLO%2018?csf=1&web=1&e=Q2Pb9M"
