"Engaged","Executed","Deal","IPT","Final Pricing Details","Placement Agent","Term","Transaction Type","Status","Announcement Date","Priced Date","Title","Collateral Type","Collateral Manager"
"False","False","GoldenTree Loan Management US CLO 9","ARR (Sr AAA) @ 118 DM (448mm)
AJR (Jr AAA) @ 140 DM (7.7mm)
BRR (AA) @ 155 DM
CRR (A) @ 180 DM
DRR (Sr BBB) @ 290 DM (38.5mm)
DJR (Jr BBB) @ 440 DM (10.5mm)
ERR (BB) @ 580-590 DM
FR (B) retained",,"Wells Fargo","3nc1","Refinancing","Announced","3/18/2026",,"glm9_refi","BSL",
"True","False","Invesco U.S. CLO 2024-1 (fka Lucali CLO)","AR2 (AAA) @ 118-119 dm
BR2 (AA) A 170-175 dm
CR2 (A) @ 195-200 dm",,"Mizuho","3nc1","Reset","Announced","3/11/2026",,"invesco24-1_reset26","BSL",
"True","False","Ares LXXX CLO","A1 (Sr AAA) @ 122 dm
A2 (Jr AAA) @ 140a dm
B (AA) @ 150-155 dm
C (A) @ 175-180 dm
D (BBB) @ 280-285 dm",,"Mizuho","5nc2","New Issue","Upcoming","3/11/2026",,"ares90_newissue","BSL",
"False","False","Carlyle US CLO 2026-3","
A1 (Sr AAA) @ Pre-placed
A2 (Jr AAA) @ 145–150 DM
AA (AA)     @ 160–165 DM
A (A)       @ 180–190 DM
BBB (BBB)   @ 300a DM
BB (BB)     @ 590–600 DM
",,"Mitsubishi","5nc2","New Issue","Announced","3/11/2026",,"carlyle26-3_newissue","BSL",
"True","False","720 East CLO IV","AAA @ L120s DM",,"Nomura","5nc2","Reset","Announced","3/9/2026",,"720east4_reset","BSL",
"False","False","Elmwood CLO 48","A-1 (Sr AAA) @ 122 DM
A-2 (Jr AAA) @ 145–155 DM
AA (AA)      @ 160–165 DM
A (A)        @ 190–200 DM
BBB (BBB)    @ 300–310 DM
BB (BB)      @ 600–625 D",,"Citigroup","5nc2","New Issue","Announced","3/6/2026",,"elm48_newissue","BSL",
"False","False","BCRED BSL Static CLO 2026-1","A (AAA) @ M120",,"BNP Paribas","0nc1","New Issue","Announced","3/4/2026",,"bcred-static-26-1_newissue","BSL",
"True","False","Garnet CLO 6","A-1 (Sr AAA) @ 125 DM
A-2 (Jr AAA) @ 145 DM
AA (AA)      @ 170 DM
A (A)        @ 190 DM
BBB (BBB)    @ 300 DM
",,"Bank of America","5nc2","New Issue","Announced","3/4/2026",,"garnet6_newissue","BSL",
"True","False","BCC Middle Market CLO 2018-1","
Sr AAA (AAA) @ 148-150 DM
Jr AAA (AAA) @ 170a DM
AA (AA)      @ 185a DM
A (A)        @ 220a DM
BBB (BBB)    @ 325-350 DM
BB (BB)      @ MH700 DM",,"Citigroup","4nc2","Reset","Announced","3/2/2026",,"bccmm2018-1_reset_2026","MM",
"False","False","CIFC Funding 2022-V","A (AAA) @ 118a",,"Morgan Stanley","5nc2","Reset","Announced","3/2/2026",,"cifc22-5_reset","BSL",
"False","False","Barings CLO 2026-1","Sr AAA (AAA) @ 121 DM
Jr AAA (AAA) @ 145a DM
AA (AA) @ 160a DM
A (A)   @ 185a DM
BBB (BBB) @ 313 DM
BB (BB)   @ 600-615 DM",,"Goldman Sachs","5nc2","New Issue","Announced","2/27/2026",,"bar26-1_newissue","BSL",
"False","False","Sixth Street CLO 32","
A1 (Sr AAA) @ 117 DM
A2 (Jr AAA) @ 135a DM
B (AA)      @ 140–145 DM
C (A)       @ 170–180 DM
D (BBB)     @ 275–375 DM
E (BB)      @ 490–515 DM
","
A-1 Notes (Sr AAA) @ 117 DM
A-2 (Jr AAA)       @ 150 DM
AA (AA)            @ 165 DM
A (A)              @ 195 DM
BBB (BBB)          @ 321 DM
BB (BB)            @ 600 DM
","Citigroup","5nc2","New Issue","Priced","2/27/2026","3/11/2026","sixth32_newissue","BSL",
"False","False","TPG CLO 2026-3","
AAA      @ 123 DM
Jr AAA   @ 145a DM
AA       @ Preplaced
A        @ 200-210 DM
Sr BBB   @ 300-315 DM
Jr BBB   @ 425a DM
BB       @ 550-570 DM",,"JPMorgan","5nc2","New Issue","Announced","2/27/2026",,"tpg26-3_newisssue","BSL",
"False","False","Magnetite LIV","A-1 (Sr AAA) @ 117 DM
A-2 (Jr AAA) @ 135a DM
B (AA)       @ 150 DM
C (A)        @ 168 DM
D-1/D-2 (BBB) @ 279a DM
E (BB)       @ 500a DM",,"Bank of America","5nc2","New Issue","Announced","2/27/2026",,"mag54_newissue","BSL",
"False","False","Neuberger Berman Loan Advisers CLO 54","
A-1-R (Sr AAA) @ 119–120 DM
A-2-R (Jr AAA) @ 140 DM
B-R   (AA)     @ 150 DM
C-R   (A)      @ 180 DM
D     (BBB)    @ 290–380 DM
E-R   (BB)     @ 550 D",,"Wells Fargo","5nc2","Reset","Announced","2/26/2026",,"nb54_reset2026","BSL",
"False","False","RR 28","
A-1A-R2 (Sr AAA) @ 118–119 DM
A-1B-R2 (Jr AAA) @ 140 DM
A-2-R2  (AA)     @ 150 DM
B-R2     (A)     @ 180 DM
C        (BBB)   @ 290–380 DM
D-R2     (BB)    @ 550 DM","A-1A-R2 (Sr AAA) @ 124 DM
A-1B-R2 (Jr AAA) @ 150 DM
AA (AA)          @ 165 DM
A (A)            @ 200 DM
BBB (BBB)        @ 325 DM
BB (BB)          @ 625 DM","Citigroup","5nc2","Reset","Priced","2/26/2026","3/11/2026","rr28_reset","BSL",
"False","False","Montauk Park CLO","
A1 (Sr AAA) @ Pre-Placed
A2 (Jr AAA) @ 133–135 DM
B  (AA)     @ 145a DM
C  (A)      @ 165–170 DM
D  (BBB)    @ 265–375 DM
E  (BB)     @ 490–500 DM
",,"BNP Paribas","5nc2","New Issue","Announced","2/26/2026",,"bs_mtpark_newissue","BSL",
"False","False","Anchorage Capital CLO 20",,"
AAA @ 150 DM
AA  @ 180 DM
A   @ 215 DM
BBB @ 310 DM
BB  @ 550 DM
","GreensLedge","3nc1.5","Reset","Priced","2/25/2026","3/3/2026","anch20_reset26","BSL",
"False","False","Ares Loan Funding III",,"
A-1-R2 (Sr AAA) @ 119 DM
A-2-R2 (Jr AAA) @ 140 DM
AA (AA)         @ 150 DM
A (A)           @ 195 DM
BBB (BBB)       @ 347 DM
BB (BB)         @ 652 DM
","Nomura","5nc2","Reset","Priced","2/25/2026","3/11/2026","aresL3_reset26","BSL",
"False","False","OHA Credit Funding 1","A1R2 (Sr AAA) @ 115-117 DM",,"JPMorgan","5nc2","Reset","Announced","2/24/2026",,"oha1_reset","BSL",
"False","False","Carlyle US CLO 2026-2","A1 (Sr AAA) @ 115-116 DM","
A1 (Sr AAA)   @ 116 DM
A1-L (Jr AAA) @ 116 DM
A2 (Jr AAA)   @ 150 DM
AA (AA)       @ 155 DM
A (A)         @ 175 DM
BBB (BBB)     @ 315 DM
BB (BB)       @ 604 DM","JPMorgan","5nc2","New Issue","Priced","2/18/2026","3/11/2026","carlyle2026-2_newissue","BSL",
"False","False","OHA Credit Funding 25",,"
A-1 (Sr AAA) @ 113 DM
A-2 (Jr AAA) @ 130 DM
B-1 (AA)     @ 140 DM
C   (A)      @ 165 DM
D   (BBB)    @ 251 DM
E   (BB)     @ 450 DM
","Bank of America","5nc2","New Issue","Priced","2/18/2026","2/19/2026","OHA Credit Funding 25","BSL",
"False","False","Atlas Senior Loan Fund XXII ",,"
Sr AAA (AAA) @ 130 DM
Jr AAA (AAA) @ 150 DM
AA (AA) @ 175 DM
A (A) @ 200 DM
BBB (BBB-) @ 400-574 DM
BB (BB-) @ 775 DM
","Jefferies","5nc2","Reset","Priced","2/18/2026","3/3/2026","atlas22_reset","BSL",
"False","False","Bain Capital Credit CLO 2024-1",,"Sr AAA (AAA) @ 117 DM
Jr AAA (AAA) @ 147 DM
AA (AA)      @ 160 DM
A (A)        @ 175 DM
BBB (BBB)    @ 340-375 DM
BB (BB)      @ 659-735 DM","Mizuho","5nc2","Reset","Priced","2/18/2026","3/4/2026","bain24-1_newissue","BSL",
"False","False","Tikehau US CLO VIII","A1 (Sr AAA) @ 126 DM (252mm)
AJ (Jr AAA) @ 145 DM (12mm)
B (AA) @ 165-170 DM
C (A) @ 200 DM
D1 (Sr BBB) @ 300 DM (24mm)
D2 (Jr BBB) @ 400 DM (4mm)
E (BB) @ 550-575 DM",,"Societe Generale","5nc2","New Issue","Announced","2/17/2026",,"tikh8_newissue","BSL",
"False","False","Dryden 114 CLO","
A-1 (Sr AAA) @ 117 DM
A-2 (Jr AAA) @ 135 DM
B   (AA)     @ 143 DM
C   (A)      @ 168 DM
D   (BBB)    @ 260 DM
E   (BB)     @ 468 DM
F   (B)      @ 675 DM",,"Santander","5nc2","New Issue","Announced","2/17/2026",,"dry114_newissue","BSL",
"False","False","Navesink CLO 6","
Class A1 (Sr) (Sr AAA) @ 115 DM
Class A2 (Jr) (Jr AAA) @ 145 DM
Class B      (AA)      @ 158 DM
Class C      (A)       @ 185 DM
Class D      (BBB)     @ 319 DM
Class E      (BB)      @ 625 DM","Class A-1 (Sr) (Sr AAA) @ 115 DM
Class A-2 (Jr) (Jr AAA) @ 155 DM
Class B (AA)            @ 165 DM
Class C (A)             @ 185 DM
Class D-1 (Sr - pari FLT) (BBB) @ 375 DM
Class E (BB)            @ 675 DM","Morgan Stanley","3nc1.5","New Issue","Priced","2/17/2026","2/27/2026","nave6_newissue","BSL",
"False","False"," AGL CLO 29","A-1-R (Sr AAA) @ 116 DM
A-2-R (Jr AAA) @ 135 DM
B-R   (AA)     @ 143 DM
C-R   (A)      @ 173 DM
D     (BBB)    @ 279 DM
E-R   (BB)     @ 493 DM",,"JPMorgan","5nc2","Reset","Announced","2/17/2026",,"agl29_reset2026","BSL",
"False","False","Kohlberg Credit CLO 2026-1","
A (Sr AAA) @ 146–148 DM
B (AA)     @ 175 DM
C (A)      @ 205–210 DM
D (BBB)    @ 325–335 DM
","
A (AAA) @ 148 DM
B (AA)  @ 185 DM
C (A)   @ 225 DM
D (BBB) @ 385 DM
","Scotia","4nc2","New Issue","Priced","2/11/2026","3/2/2026","kohlberg2026-1_newissue","MM",
"False","False"," GoldenTree Loan Management US CLO 28","
Class A   (Sr AAA) @ 113–114 DM
Class A-J (Jr AAA) @ 130 DM
Class B   (AA)     @ 140 DM
Class C   (A)      @ 160–165 DM
Class D   (BBB)    @ 240–250 DM
Class D-J (BBB)    @ 340–350 DM
Class E   (BB)     @ 440–460 DM
Class F   (B)      @ 725 DM
",,"Wells Fargo","5nc2","New Issue","Announced","2/11/2026",,"glm28_newissue","BSL",
"False","False","Sycamore Tree CLO 2023-2","
A-1-R2 (Sr AAA) @ 115 DM
A-2-R2 (Jr AAA) @ 135 DM
B-R2   (AA)     @ 145 DM
C-R2   (A)      @ 175 DM
D-R2   (BBB)    @ 315 DM
E-R2   (BB)     @ 650 DM
","
A-1-R2 (Sr AAA) @ 115 DM
A-2-R2 (Jr AAA) @ 135 DM
B-R2   (AA)     @ 165 DM
C-R2   (A)      @ 210 DM
D-R2   (BBB)    @ 390 DM
E-R2   (BB)     @ 725 DM","Citigroup","3nc1.5","Refinancing","Priced","2/11/2026","2/25/2026","syctree23-2_refi","BSL",
"False","False","LCM 39","
A-1R2 (Sr AAA) @ 115 DM
A-2R2 (Jr AAA) @ 135 DM
B-R2  (AA)     @ 140 DM
C-R2  (A)      @ 170–175 DM
D-R2  (BBB)    @ 285–295 DM
E-R2  (BBB)    @ 675 DM
","
A-1R2 (Sr AAA) @ 104 DM
A-2R2 (Jr AAA) @ 130 DM
B-R2  (AA)     @ 145 DM
","Mitsubishi","1.65nc6m","Refinancing","Priced","2/10/2026","2/20/2026","lcm39_refi26","BSL",
"False","False","Invesco US CLO 2026-1","115a",,"Goldman Sachs","5nc2","New Issue","Announced","2/10/2026",,"invesco2026-1_newissue","BSL",
"False","False","Dryden 98 CLO",,"A‑R   (AAA) @ 102 DM
B‑1‑R (AA)  @ 155 DM
C‑R   (A)   @ 190 DM","Nomura","1nc6m","Refinancing","Priced","2/9/2026","2/26/2026","drydn98_refi","BSL",
"False","False","Arini US CLO V","A (AAA) @ 118-119 DM","
Sr AAA (AAA) @ 123 DM
AA (AA)      @ 155 DM
A (A)        @ 180 DM
BBB (BBB)    @ 295 DM
BB (BB)      @ 600 DM","Deutsche Bank","5nc2","New Issue","Priced","2/9/2026","3/4/2026","arini5_newissue","BSL",
"False","False","Jamestown CLO XV",,"A1-R2 (AAA) @ 105 DM
A2-R2 (AAA) @ 140 DM
B-R2 (AA)   @ 165 DM","SMBC","1nc6m","Refinancing","Priced","2/9/2026","3/3/2026","jtwn15_refi","BSL",
"True","True","Elmwood CLO 26",,"A-1-R (Sr AAA) @ 117 DM
A-2-R (Jr AAA) @ 135 DM
AA (AA)        @ 160 DM
A (A)          @ 200 DM
BBB (BBB)      @ 348 DM
BB (BB)        @ 650 DM
","Bank of America","5nc2","Reset","Priced","2/9/2026","3/11/2026","elmw26_reset","BSL",
"False","False","Elmwood CLO 16","AR2 (AAA) @ 108-109 DM
BR2 (AA) @ 135-140 DM
CR2 (A) @ 160-165 DM
DR2 (BBB) @ 265-275 DM
ER2 (B) @ 625-650 DM",,"Nomura","3nc1","Refinancing","Announced","2/9/2026",,"elm16_refi","BSL",
"False","False","Antares CLO 2026-1","A (AAA) @ 135-137 DM
B (AA) @ 165 DM
C (A) @ 190-195 DM
D (BBB) @ 290-300 DM
E (BB) @ 575-600 DM","A (AAA)         @ 135 DM
B (AA)          @ 175 DM
C (A)           @ 210 DM
D-1/D-2 (BBB)   @ 320 DM
E (BB)          @ 650 DM","Scotia","5nc2","New Issue","Priced","2/9/2026","2/27/2026","antr2026-1","MM",
"False","False","Pikes Peak CLO 22","A1 (Sr AAA) @ 118 DM (248mm)
A2 (Jr AAA) @ 135 DM (16mm)
B (AA) @ 140-145 DM
C (A) @ 170-175 DM
D1 (Sr BBB) @ 245-255 DM (24mm)
D2 (Jr BBB) @ 345-355 DM (4mm)
E (BB) @ 450-460 DM",,"Bank of America","5nc2","New Issue","Announced","2/9/2026",,"pipk22_newissue","BSL",
"False","False","Golub Capital Partners CLO 60(B)-R","AR2 (AAA) @ 114-115 DM
BR2 (AA) @ 140-145 DM
CR2 (A) @ 165-170 DM
D1R2 (Sr BBB) @ 250-260 DM (24mm)
D2R2 (Jr BBB) call desk
ER2 (BB) call desk",,"Wells Fargo","5nc2","Reset","Announced","2/6/2026",,"gcbsl60_reset","BSL",
"False","False","Anchorage Capital CLO 37","A1 (Sr AAA) @ 120 DM (244mm)
A2 (Jr AAA) @ 135-140 DM
B (AA) @ 145-150 DM
C (A) @ 170-175 DM
D (BBB) @ 265-275 DM
E (BB) @ 525-550 DM
F (B) not offered",,"Bank of America","5nc2","New Issue","Announced","2/6/2026",,"anchc37_newissue","BSL",
"False","False","Barings CLO 2024-I","tbd","A-1-R (Sr AAA) @ 117 DM
A-2-R (Jr AAA) @ 140 DM
B-R (AA)       @ 160 DM
C-R (A)        @ 175 DM
D-R (BBB)      @ 304 DM
E-R (BB)       @ 650 DM
","Morgan Stanley","5nc2","Reset","Priced","2/6/2026","3/4/2026","babsn2024-1_reset","BSL",
"False","False","Navesink CLO 5","A1 (Sr AAA) @ 127 DM (240mm)
A2 (Jr AAA) @ 145 DM (24mm)
B (AA) @ 150-155 DM
C (A) @ 185 DM
D1 (Sr BBB) @ 280-290 DM (24mm)
D2 (Jr BBB) @ 375-385 DM (4mm)
E (BB) @ 525-550 DM","
A-1 (Sr AAA) @ 127 DM
A-2 (Jr AAA) @ 145 DM
B   (AA)     @ 159 DM
C   (A)      @ 185 DM
D   (BBB)    @ 341 DM
E   (BB)     @ 625 DM","Morgan Stanley","5nc2","New Issue","Priced","2/6/2026","2/20/2026","navesink5_newissue","BSL",
"False","False","Ballyrock CLO 31","X @ 90 DM
A1 (AAA) @ 117 DM (256mm)
A2 (AA) @ 140-145 DM (48mm)
B (A) @ 165-170 DM
C1 (Sr BBB) @ 235-245 DM (24mm)
C2 (Jr BBB) @ 335-345 DM (4mm)
D (BB) @ 450 DM","
A-1   (AAA) @ 117 DM
A-2   (AA)  @ 140 DM
B     (A)   @ 165 DM
C     (BBB) @ 260 DM
D     (BB)  @ 495 DM","Bank of America","5nc2","New Issue","Priced","2/6/2026","2/19/2026","bally31_newissue","BSL",
"False","False","Battalion CLO 31","A1 (Sr AAA) @ 116-117 DM (256mm)
A2 (Jr AAA) @ 140 DM (8mm)
B (AA) @ 145 DM
C (A) @ 175 DM
D1 (Sr BBB) @ 260 DM (24mm)
D2 (Jr BBB) @ 360 DM (4mm)
E (BB) @ 480 DM","
Class A-1 Notes (Sr AAA) @ 117 DM
Class A-2 (Jr AAA)       @ 140 DM
Class B (AA)             @ 155 DM
Class C (A)              @ 195 DM
Class D-1 (BBB)          @ 305 DM
Class E (BB)             @ 650 DM
","Morgan Stanley","5nc2","New Issue","Priced","2/5/2026","2/27/2026","batln31_newissue","BSL",
"False","False","1988 CLO 7","A1 @ 115-117 DM","
A1 (Sr AAA) @ 117 DM
AL (Jr AAA) @ 117 DM
A2 (Jr AAA) @ 137 DM
B  (AA)     @ 145 DM
C  (A)      @ 170 DM
D  (BBB)    @ 283 DM
E  (BB)     @ 550 DM","BNP Paribas","5nc2","New Issue","Priced","2/5/2026","2/26/2026","1988clo7_newissue","BSL",
"False","False","AIMCO CLO 27","A1 (Sr AAA) @ 112-113 DM (320mm)
A2 (Jr AAA) @ 125-130 DM (10mm)
B (AA) @ 135-140 DM
C (A) @ 160-165 DM
D1 (Sr BBB) @ 225-235 DM (30mm)
D2 (Jr BBB) @ 335-345 DM (2.5mm)
E (BB) @ 435-445 DM","A-1 (Sr AAA) @ 114 DM
A-2 (Jr AAA) @ 130 DM
B (AA)       @ 140 DM
C (A)        @ 165 DM
D (BBB)      @ 271 DM
E (BB)       @ 480 DM","Nomura","5nc2","New Issue","Priced","2/5/2026","2/27/2026","aimco27_newissue","BSL",
"False","False","Magnetite LV","A1 (Sr AAA) @ 112-113 DM (320mm)
A2 (Jr AAA) @ 125-130 DM (5mm)
B (AA) @ 135-140 DM
C (A) @ 160-165 DM
D (BBB) @ 225-235 DM
E (BB) @ 415-425 DM
F (B) call desk","
A-1 (Sr AAA) @ 114 DM
A-2 (Jr AAA) @ 130 DM
B (AA)       @ 140 DM
C (A)        @ 165 DM
D (BBB)      @ 245 DM
E (BB)       @ 500 DM
","Nomura","5nc2","New Issue","Priced","2/5/2026","3/27/2026","magne55_newissue","BSL",
"False","False","Palmer Square Loan Funding 2024-1","A1R (AAA) @ 82 DM
A2R (AA) @ 115 DM
BR (A) @ 145 DM
CR (BBB) @ 185 DM
DR (BB) @ 375 DM
ER (B) @ 600 DM","
A1-R (Sr AAA) @ 82 DM
A2-R (Jr AAA) @ 115 DM
B-R  (A)      @ 145 DM
C-R  (BBB)    @ 185 DM
D-R  (BB)     @ 375 DM
E-R  (B)      @ 625 
","Citigroup","0nc0.5","Refinancing","Priced","2/5/2026","2/10/2026","pstat2024-1_refi","BSL",
"True","False","37 Capital CLO 2","
A-1R2 (Sr AAA) @ 123 DM
A-2R2 (Jr AAA) @ 145 DM
B-R2  (AA)     @ 150 DM
C-R2  (A)      @ 170 DM
D-R2  (BBB)    @ 310–320 DM
E-R2  (BB)     @ 600 DM
",,"Santander","5nc2","Reset","Announced","2/5/2026",,"37cap2_reset","BSL",
"False","False","CIFC Funding 2022-III","AR (AAA) @ 95 DM
BR (AA) @ 135-140 DM
CR (A) @ 155-165 DM
DR (BBB) @ 250-275 DM
ER (BB) @ 550-575 DM",,"SMBC","5nc2","Refinancing","Announced","2/4/2026",,"cifc2022-3_refi","BSL",
"False","False","CQS US CLO 6","A1 (Sr AAA) @ 125 DM (320mm)
A2 (Jr AAA) subject
B (AA) subject
C (A) @ 175-185 DM
D1 (Sr BBB) @ 255-270 DM (30mm)
D2 (Jr BBB) @ 375-385 DM (3.75mm)
E (BB) @ 525 DM",,"CIBC","5nc2","New Issue","Announced","2/4/2026",,"cqs6_newissue","BSL",
"False","False","Northwoods Capital CLO 22","A1R3 (Sr AAA) @ 123 DM (300mm)
A2R3 (Jr AAA) @ 145 DM (30mm)
BR3 (AA) @ 150 DM
CR3 (A) @ 180-190 DM
D1R3 (Sr BBB) @ 290-300 DM (27.5mm)
D2R3 (Jr BBB) @ 400-425 DM (7.5mm)
ER3 (BB) @ 650-675 DM","
A1R3 (Sr AAA) @ 123 DM
A2R3 (Jr AAA) @ 145 DM
BR3   (AA)    @ 150 DM
C      (A)    @ 210 DM
D      (BBB)  @ 395 DM
ER3   (BB)    @ 716 DM","Bank of America","5nc2","Reset","Priced","2/4/2026","2/26/2026","woods22_reset","BSL",
"False","False","522 Funding CLO 2019-5","AR2 (AAA) @ 102 DM
BR2 (AA) @ 150 DM
CR2 (A) @ 175 DM","AR2 (Jr AAA) @ 102 DM
BR2 (AA) @ 150 DM
CR2 (A) @ 175","Citigroup","1nc0.5","Refinancing","Priced","2/4/2026","2/11/2026","522funding5_refi","BSL",
"False","False","Eldridge CLO 2026-3","A1 (Sr AAA) @ 118-119 DM","A-1 (AAA) @ 122 DM
B (AA)    @ 160 DM
C (A)     @ 185 DM
D-1a/D-2 (BBB) @ 302 DM
E (BB)    @ 595 DM","Goldman Sachs","5nc2","New Issue","Priced","2/4/2026","3/2/2026","eldridge3_newissue","BSL",
"False","False","RR 25","A1AR2 (Sr AAA) @ 116-117 DM (384mm)
A1BR2 (Jr AAA) @ 130-135 DM (7.2mm)
A2R2 (AA) @ 140-145 DM
BR2 (A) @ 165-170 DM
C1R2 (Sr BBB) @ 240-250 DM (36mm)
C2R2 (Jr BBB) @ 340-350 DM (3.6mm)
DR2 (BB) @ 450-465 DM","
A-1A-R2 (Sr AAA) @ 118 DM
A-1B-R2 (Jr AAA) @ 135 DM
A-2-R2  (AA)     @ 150 DM
B-R2    (A)      @ 175 DM
C-R2    (BBB)    @ 279 DM
D-R2    (BB)     @ 545 DM
","Bank of America","5nc2","Reset","Priced","2/4/2026","2/20/2026","rr25_reset","BSL",
"False","False","Sandstone Peak CLO I","XR2 @ 90 DM
A1R2 (Sr AAA) @ 120-122 DM (279mm)
A2R2 (Jr AAA) @ 140 DM (13.5mm)
BR2 (AA) @ 150-155 DM
CR2 (A) @ 180 DM
DR2 (BBB) @ 270-280 DM
ER2 (BB) @ 525-550 DM
FR2 (B) call desk","A-1-R2 (Sr AAA) @ 117 DM
A-2-R2 (Jr AAA) @ 145 DM
B-R2 (AA)       @ 165 DM
C-1-R2 (A)      @ 210 DM
D-R2 (BBB)      @ 374 DM
E-R2 (BB)       @ 731 DM
","JPMorgan","5nc2","Reset","Priced","2/4/2026","2/27/2026","sand1_reset","BSL",
"False","False","Carlyle US CLO 2026-1","A1 (Sr AAA) @ 115 DM","A-1 (Sr AAA) @ 116 DM
A-2 (Jr AAA) @ 130 DM
B   (AA)     @ 140 DM
C   (A)      @ 165 DM
D   (BBB)    @ 260 DM
E   (BB)     @ 525 DM","Goldman Sachs","5nc2","New Issue","Priced","2/4/2026","2/24/2026","cgms2026-1_newissue","BSL",
"False","False","Neuberger Berman Loan Advisers CLO 51","AR2 (AAA) @ 100 DM
BR2 (AA) @ 135 DM
CR2 (A) @ 155 DM
D1R2 (Sr BBB) @ 240-250 DM (34.2mm)
D2R2 (Jr BBB) @ 340-350 DM (4.275mm)
ER2 (BB) @ 500-525 DM","
AAA @ 100 DM
AA  @ 140 DM
A   @ 175 DM
BBB @ 280 DM","Wells Fargo","1.5nc0.5","Refinancing","Priced","2/4/2026","2/27/2026","neub51_refi","BSL",
"False","False","Bain Capital Credit CLO 2021-4","A1R2 (Sr AAA) @ 97 DM (378mm)
A2R2 (Jr AAA) @ 120 DM (12mm)
BR2 (AA) @ 135 DM
CR2 (A) @ 155 DM","
Class A1RR Notes (Sr AAA) @ 100 DM
Class A2RR Notes (Jr AAA) @ 120 DM
Class BRR Notes  (AA)     @ 135 DM
Class CRR Notes  (A)      @ 155 DM","Jefferies","0.75nc0.5","Refinancing","Priced","2/3/2026","2/13/2026","bcc2021-4_refi","BSL",
"False","False","New Mountain CLO 9","AL (Sr AAA) @ 119 DM (256mm)
A2 (Jr AAA) @ 135 DM (8mm)
B (AA) @ 140-145 DM
C (A) @ 170-175 DM
D1 (Sr BBB) @ 240-250 DM (24mm)
D2 (Jr BBB) @ 350-360 DM (4mm)
E (BB) @ 465-475 DM","AL (Sr AAA) @ 119 DM
A-2 (AAA) @ 140 DM
B   (AA)  @ 157 DM
C   (A)   @ 185 DM
D   (BBB) @ 298 DM\","Wells Fargo","5nc2","New Issue","Priced","2/3/2026","2/17/2026","nmc9_newissue","BSL",
"False","False","Benefit Street Partners CLO 48","A @ 115 DM
B @ 140 DM
C @ 160-165 DM
D1 (Sr BBB) @ 230 DM (30mm)
D2 (Jr BBB) @ 330 DM (5mm)
E (BB) @ 420-430 DM","A (AAA)   @ 115 DM
B (AA)    @ 140 DM
C (A)     @ 165 DM
D (BBB)   @ 258 DM
E (BB)    @ 465 DM","Bank of America","5nc2","New Issue","Priced","2/3/2026","2/18/2026","bsp48_newissue","BSL",
"False","False","OHA Credit Funding 25","A1 (Sr AAA) @ 113 DM (320mm)
A2 (Jr AAA) @ 125-130 DM (15mm)
B1 (AA) @ 135-140 DM
C (A) @ 160-165 DM
D1 (Sr BBB) @ 220-225 DM (30mm)
D2 (Jr BBB) @ 315-320 DM (5mm)
E (BB) @ 410-420 DM",,"Bank of America","5nc2","New Issue","Announced","2/3/2026",,"ohacf25_newissue","BSL",
"False","False","Invesco US CLO 2023-1","AR2 (AAA) @ 109-111 DM
BR2 (AA) @ 135-140 DM
CR2 (A) @ 165-175 DM
DR2 (BBB) @ 250-260 DM
ER2 (BB) @ 600 DM","AR2 (AAA) @ 111 DM
BR2 (AA) @ 150 DM
CR2 (A) @ 175 DM
DR2 (BBB) @ 300 DM","CIBC","3nc1","Refinancing","Priced","2/2/2026","2/6/2026","invco2023-1_refi","BSL",
"False","False","Apidos CLO LVI","A1 (Sr AAA) @ 113-114 DM","A1 (AAA) @ 116 DM
A2 (AAA) @ 133 DM
B (AA)   @ 140 DM
C1 (A)   @ 160 DM
D1/D3 (BBB) @ 280 DM
E/F (BB)   @ 536 DM","BNP Paribas","5nc2","New Issue","Priced","2/2/2026","3/3/2026","apid56_newissue","BSL",
"False","False","Anchorage Capital CLO 25","X @ 90 DM
A1R (Sr AAA) @ 121 DM (244mm)
A2R (Jr AAA) @ 143 DM (18mm)
BR (AA) @ 150 DM
CR (A) @ 175-180 DM
DR (BBB) @ 265-275 DM
ER (BB) @ 535-550 DM",,"SMBC","5nc2","Reset","Announced","2/2/2026",,"anchc25_reset","BSL",
"False","False","Orion CLO 2026-7","A1 (Sr AAA) @ 115 DM (256mm)
A2 (Jr AAA) @ 135 DM (8mm)
B (AA) @ 140-145 DM
C (A) @ 165-170 DM
D1 (Sr BBB) @ 235-245 DM (24mm)
D2 (Jr BBB) @ 350 DM (4mm)
E (BB) @ 450 DM",,"SMBC","5nc2","New Issue","Announced","2/2/2026",,"antor7_newissue","BSL",
"False","False","Madison Park Funding LIII","A1R (Sr AAA) @ 115 DM",,"Goldman Sachs","5nc2","Reset","Announced","2/2/2026",,"mdpk53_reset","BSL",
"False","False","BCRED CLO 2026-1","A (AAA) @ 137 DM
B (AA) @ 170 DM
C (A) @ 195 DM","
A (Sr AAA) @ 137 DM
B (AA)     @ 170 DM
C (A)      @ 195 DM
","BNP Paribas","5nc2","New Issue","Priced","2/2/2026","2/10/2026","bcred2026-1_newissue","MM",
"False","False","HPS Loan Management 2026-27","A1 (Sr AAA) @ 115 DM (288mm)
A2 (Jr AAA) @ 125-130 DM (13.5mm)
B (AA) @ 135-140 DM
C (A @) 165-170 DM
D1 (Sr BBB) @ 230-240 DM (27mm)
D2 (Jr BBB) @ 335-345 DM (4.5mm)
E (BB) @ 430-440 DM","
A-1   (Sr AAA) @ 116 DM
A-1-L (Jr AAA) @ 116 DM
A-2   (Jr AAA) @ 136 DM
B     (AA)     @ 145 DM
C     (A)      @ 168 DM
D     (BBB)    @ 286 DM
E     (BB)     @ 535 DM","Nomura","5nc2","New Issue","Priced","2/2/2026","2/20/2026","hps27_newissue","BSL",
"False","False","Harvest US CLO 2026-1","A1 (Sr AAA) @ 119 DM (315mm)
A2 (Jr AAA) circled
B (AA) @ 145-150 DM
C (A) @ 170-180 DM
D1 (Sr BBB) @ 250-260 DM (30mm)
D2 (Jr BBB) @ 350-360 DM (5mm)
E (BB) @ 475-500 DM","
A1 (Sr AAA) @ 119 DM
A2 (Jr AAA) @ 138 DM
B (AA)      @ 150 DM
C (A)       @ 180 DM
D (BBB)     @ 316 DM
E (BB)      @ 525 DM
","Bank of America","5nc2","New Issue","Priced","2/2/2026","2/11/2026","harvest2026-1_newissue","BSL",
"False","False","OCP CLO 2024-31","AR (AAA) @ 115 DM
BR (AA) @ 135-140 DM
CR (A) @ 165-170 DM
D1R (Sr BBB) @ 230-235 DM (30mm)
D2R (Jr BBB) @ 325-335 DM (3.75mm)
ER (BB) @ 425-430 DM",,"CIBC","5nc2","Reset","Announced","2/2/2026",,"ocp31_reset","BSL",
"True","False","Golub Capital Partners CLO 71(M)-R","AR @ 135-137 DM
BR @ 170-175 DM
CR (A) @ 195-200 DM
DR (BBB) call desk",,"BNP Paribas","5nc2","Reset","Announced","2/2/2026",,"gocap71m_reset","MM",
"False","False","Silver Point CLO 17","AAA @ 118 DM",,"JPMorgan","5nc2","New Issue","Announced","2/2/2026",,"spclo17_newissue","BSL",
"False","False","KKR CLO 43","XR @ 100 DM
A1R (Sr AAA) @ 110 DM (246.4mm)
A2R (Jr AAA) @ 145 DM (7.7mm)
BR (AA) @ 155 DM
CR (A) @ 175 DM
D1R (Sr BBB) @ 290 DM (23.1mm)
D2R (Jr BBB) @ 400 DM (3.85mm)
ER (BB) @ 635 DM","A-1-R (AAA) @ 110 DM
A-2-R (Jr AAA) @ 145 DM
B-R (AA)    @ 165 DM
C-R (A)     @ 190 DM
D-1-R/D-2-R (BBB) @ 335 DM
E-R (BB)    @ 660 DM
","GreensLedge","3nc1","Reset","Priced","2/2/2026","3/2/2026","kkr43_reset","KKR",
"False","False","Orion CLO 2026-7",,"
A-1 (Sr AAA) @ 115 DM
A-2 (Jr AAA) @ 140 DM
B   (AA)     @ 145 DM
C   (A)      @ 170 DM
D   (BBB)    @ 286 DM
E   (BB)     @ 525 DM","SMBC","5nc2","New Issue","Priced","2/1/2026","2/13/2026","orion26-7","BSL",
"False","False","ABPCI Direct Lending Fund CLO XVI","A1 (Sr AAA) @ 138 DM (232mm)
A2 (Jr AAA) @ 155 DM (16mm)
B (AA) @ 165-170 DM
C (A) @ 190-195 DM
D (BBB) @ 290-300 DM
E (BB) @ 600-625 DM","A-1-R (Sr AAA)   @ 138 DM
A-2-R (Jr AAA)   @ 160 DM
B-R (AA)         @ 170 DM
C-R (A)          @ 225 DM
D-R (BBB)        @ 335 DM
E-R (BB)         @ 650 DM","Natixis","5nc2","Reset","Priced","1/30/2026","2/27/2026","abpci16_reset","MM",
"False","False","Brant Point CLO 2024-3","A1R (Sr AAA) @ 120-122 DM (248mm)
A2R (Jr AAA) @ 135-140 DM (16mm)
BR (AA) @ 150-155 DM
CR (A) @ 170-180 DM
D1R (Sr BBB) @ 260-270 DM (20mm)
D2R (Jr BBB) @ 390-400 DM (7mm)
ER (BB) @ 600 DM","
A1R (Sr AAA) @ 122 DM
A2R (Jr AAA) @ 140 DM
BR  (AA)     @ 155 DM
CR  (A)      @ 185 DM
D   (BBB)    @ 303 DM
ER  (BB)     @ 683 DM","Mitsubishi","5nc2","Reset","Announced","1/30/2026","2/13/2026","brtpt2024-3_reset","BSL",
"False","False","Carlyle US CLO 2022-1","A1R (AAA) @ 98 DM
BR (AA) @ 135 DM
CR (A) @ 155 DM
DR (BBB) @ 275 DM
ER (BB) @ 575 DM","
A1-R (AAA) @ 98 DM
B-R  (AA)  @ 142 DM
C-R  (A)   @ 170 DM
D-R  (BBB) @ 325 DM","Citigroup","1nc0.5","Refinancing","Priced","1/30/2026","2/11/2026","cgms2022-1_refi","BSL",
"True","True","Mountain Point CLO 1","AAA @ LM120s DM","
A-1 (Sr AAA) @ 123 DM
A-2 (Jr AAA) @ 145 DM
B   (AA)     @ 160 DM
C   (A)      @ 205 DM
D   (BBB)    @ 346 DM
E   (BB)     @ 600 DM","Bank of America","5nc2","New Issue","Priced","1/29/2026","2/20/2026","mtnpt1_newissue","BSL",
"False","False","TCW CLO 2024-1","XR @ 90 DM
AR (AAA) @ 119-120 DM
BR (AA) @ 150 DM
CR (A) @ 170 DM
D1R (Sr BBB) @ 285 DM (24mm)
D2R (Jr BBB) @ 385 DM (4mm)
ER (BB) retained
FR (B) retained",,"Jefferies","5nc2","Reset","Announced","1/29/2026",,"tcw2024-1_reset","BSL",
"False","False","Canyon CLO 2026-1","A1 (Sr AAA) @ 120 DM (320mm)
A2 (Jr AAA) @ 135 DM (10mm)
B (AA) @ 145 DM
C (A) @ 170-175 DM
D1 (Sr BBB) @ 245-255 DM (30mm)
D2 (Jr BBB) @ 355 DM (5mm)
E (BB) @ 455-465 DM
F (B) @ 700 DM","
A-1 (Sr AAA) @ 120 DM
A-2 (Jr AAA) @ 135 DM
B   (AA)     @ 150 DM
C   (A)      @ 175 DM
D   (BBB)    @ 290 DM
E   (BB)     @ 525 DM","Citigroup","5nc2","New Issue","Announced","1/29/2026",,"canyc2026-1_newissue","BSL",
"False","False","Ivy Hill Middle Market Credit Fund XXIII","Class A-1 Notes (Sr AAA) @ 135–137 DM
Class A-2 Notes (Jr AAA) @ 155 DM
Class B Notes   (AA)     @ 165–170 DM
Class C Notes   (A)      @ 190–195 DM
Class D-1 Notes (BBB)    @ 285–290 DM
Class D-2 Notes (BBB)    @ Call Desk
Class E Notes   (BB)     @ 575–600 DM","Class A-1 Notes (AAA) @ 135 DM
Class A-2 Notes (AAA) @ 160 DM
Class B Notes (AA)    @ 175 DM
Class C Notes (A)     @ 210 DM
Class D-1-A Notes / Class D-1-B Notes / Class D-2 Notes (BBB) @ 334 DM
Class E Notes (BB)    @ 575 DM","Societe Generale","5nc2","New Issue","Priced","1/29/2026","3/2/2026","ivyh23_newissue","MM",
"False","False","Galaxy 32 CLO","AR (AAA) @ 117 DM",,"Barclays","5nc2","Reset","Announced","1/28/2026",,"galxy32_reset","BSL",
"False","False","Honey Hill Park CLO","
A   (AAA) @ 115 DM
B   (AA)  @ 135 DM
C   (A)   @ 160 DM
D   (BBB) @ 243 DM
E   (BB)  @ 415 DM
",,"Santander","5nc2","New Issue","Announced","1/28/2026",,"bs_honeyhill_newissue","BSL",
"False","False","Pikes Peak CLO 21","
Class A-1 Notes (AAA) @ +117–118 DM
Class B Notes   (AA)  @ +140–145 DM
Class C Notes   (A)   @ +170–175 DM
Class D-1 Notes (BBB) @ +230–235 DM
","A1 (Sr AAA) @ 117 DM (288mm)
A2 (Jr AAA) @ 135 DM (9mm)
B (AA) @ 145 DM
C1 (A) @ 170 DM (20mm)
C2 (A; fixed) @ 5.46% (S+170; 7mm)
D1 (Sr BBB) @ 245 DM (27mm)
D2 (Jr BBB) @ 330 DM (3.375mm)
E (BB) @ 445 DM","Societe Generale","5nc2","New Issue","Priced","1/28/2026","2/6/2026","partners21_newissue","BSL",
"False","False","Bain Capital Credit CLO 2021-2",,"A1R2 (Sr AAA) @ 97 DM (246mm)
A2R2 (Jr AAA) @ 120 DM (20mm)
BR2 (AA) @ 135 DM
CR2 (A) @ 160 DM","JPMorgan","0.5nc0.5","Refinancing","Announced","1/28/2026",,"bcc2021-2_refi","BSL",
"False","False","TSTAT 2022-1",,"AR3 (AAA) @ 94 DM
BR3 (AA) @ 135 DM
CR3 (A) @ 155 DM
DR3 (BBB) @ 225 DM
ER3 (BB) @ 675 DM","Jefferies","0nc0.5","Reset","Priced","1/28/2026","2/6/2026","tstat2022-1_reset","BSL",
"False","False","Carlyle US CLO 2022-3","A-1-R2 (AAA) @ 115–116 DM
A-2-R2 (AAA) @ 130–135 DM
B-R2   (AA)  @ 140–145 DM
C-R2   (A)   @ 165–170 DM
D-1-R2 (BBB) @ 240–250 DM
D-2-R2 (BBB) @ 350–360 DM
E-R2   (BB)  @ 470–480 DM","
A-1-R2 (Sr AAA) @ 116 DM
A-2-R2 (Jr AAA) @ 135 DM
B-R2   (AA)     @ 140 DM
C-R2   (A)      @ 165 DM
D-1-R2 (BBB)    @ 280 DM
D-2-R2 (BBB)    @ 350 DM
E-R2   (BB)     @ 625 DM
","Nomura","5nc2","Reset","Priced","1/27/2026","2/10/2026","cgms2022-3_reset","BSL",
"False","False","Trimaran CAVU 2021-2","AAA @ 102 DM
AA  @ 140 DM
A   @ 168 DM
BBB @ 285 DM","AR @ 102 DM
B1R (AA) @ 140 DM
CR (A) @ 180 DM
D1R (Sr BBB) @ 250 DM (16mm)
D2R (Jr BBB; fixed) @ 7.347% (8mm)","CIBC","6Mnc9M","Refinancing","Priced","1/27/2026","1/30/2026","trim21-2_refi2026","BSL",
"False","False","Churchill MMSLF CLO-III","XR @ 90 DM
A1R (Sr AAA) preplaced
A2R (Jr AAA) @ 155 DM
BR (AA) @ 165-170 DM
CR (A) @ 190-195 DM
DR (BBB) @ 290-300 DM
ER (BB) @ 600-625 DM","
A1R (Sr AAA) @ 137 DM
A2R (Jr AAA) @ 160 DM
B (AA)       @ 170 DM
C (A)        @ 190 DM
D (BBB)      @ 337 DM
E (BB)       @ 625 DM","Wells Fargo","4nc2","Reset","Priced","1/27/2026","2/19/2026","chmml2023-3_reset","MM",
"False","False","RIN XIII","A1 (Sr AAA) @ 127-129 DM (288mm)
A2 (Jr AAA) @ 145 DM (9mm)
B (AA) @ 160-165 DM
C (A) @ 185 DM
D (BBB) @ 265-275 DM
E (BB) @ 525-540 DM","A1 (Sr AAA) @ 129 DM (288mm)
A2 (Jr AAA) @ 145 DM (9mm)
B (AA) @ 165 DM
C (A) @ 185 DM
D (BBB) @ 285 DM
E (BB) @ 530 DM","Mitsubishi","5nc2","New Issue","Priced","1/27/2026","2/9/2026","rin13_newissue","Infra",
"False","False","Trestles CLO X","Sr AAA @ 119-120 DM",,"Morgan Stanley","5nc2","New Issue","Announced","1/27/2026",,"trest10_newissue","BSL",
"False","False","Cerberus Loan Funding XLIII","A (AAA) not refinanced
BR (AA) @ 175 DM
CR (A) @ 200 DM
DR (BBB) @ 320 DM
","BR   (AA) @ 170 DM
C-1R (A)  @ 210 DM","Wells Fargo","1.75nc0.75","Refinancing","Priced","1/27/2026","2/20/2026","cerb2023-4_refi","MM",
"False","False","Garnet CLO 5","A1 (Sr AAA) @ 119 DM
A2 (Jr AAA) call desk
B (AA) @ 140-145 DM
C (A) @ 160-170 DM
D (BBB) @ 230 DM
E (BB) @ 430 DM
F (B) @ 650 DM","
Class A-1 (Sr AAA) @ 119 DM
Class A-2 (Jr AAA) @ 139 DM
Class B   (AA)     @ 140 DM
Class C   (A)      @ 175 DM
Class D   (BBB)    @ 230 DM
Class E   (BB)     @ 430 DM
Class F   (B)      @ 725 DM
","Morgan Stanley","5nc2","New Issue","Priced","1/27/2026","2/11/2026","garnet5_newissue","BSL",
"False","False","Silver Rock CLO III","XR @ 95 DM
A1R (Sr AAA) preplaced
A2R (Jr AAA) preplaced
BR (AA) preplaced
CR (A) @ 180 DM
D1R (Sr BBB) @ 270-280 DM (24mm)
D2R (Jr BBB) @ 365-375 DM (4mm)
ER (BB) @ 540 DM","
A-1-R (Sr AAA) @ 125 DM
A-2-R (Jr AAA) @ 150 DM
B      (AA)    @ 160 DM
C      (A)     @ 202 DM
D      (BBB)   @ 293 DM
E      (BB)    @ 595 DM
","JPMorgan","5nc2","Reset","Priced","1/27/2026","2/11/2026","slvrk3_reset","BSL",
"False","False","Bryant Park Funding 2026-29","AAA @ 118 DM
AA @ 140-145 DM
A @ 160-170 DM
Sr BBB @ 235-245 DM (24mm)
Jr BBB @ 335-345 DM (4mm)
BB @ 445-455 DM",,"Mitsubishi","5nc2","New Issue","Announced","1/26/2026",,"brypk29_newissue","BSL",
"False","False","Octagon Investment Partners 49","ARR (AAA) @ 112-113 DM
","
A-RR   (AAA) @ 112 DM
B-RR   (AA)  @ 155 DM
C      (A)   @ 195 DM
","Goldman Sachs","3nc1","Refinancing","Priced","1/26/2026","2/13/2026","oct49_refi","BSL",
"False","False","OHA Credit Funding 17-R","X @ 75-80 DM
A1 (Sr AAA) @ 114-115 DM (288mm)
A2 (Jr AAA) @ 130 DM (13.5mm)
B (AA) @ 135-140 DM
C (A) @ 165 DM
D1 (Sr BBB) @ 225-230 DM (27mm)
D2 (Jr BBB) @ 325 DM (4.5mm)
E (BB) @ 410-420 DM","X @ 80 DM
A1 (Sr AAA) @ 114 DM (288mm)
A2 (Jr AAA) @ 130 DM (13.5mm)
B (AA) @ 140 DM
C (A) @ 165 DM
D1 (Sr BBB) @ 230 DM (27mm)
D2 (Jr BBB) @ 325 DM (4.5mm)
E (BB) @ 425 DM","CIBC","5nc2","Re-Issue","Priced","1/26/2026","2/4/2026","oakc17_reissue","BSL",
"False","False","CTM CLO 2026-3","A1 (Sr AAA) @ 122 DM (256mm)
A2 (Jr AAA) @ 145 DM (4mm)
B (AA) @ 150-155 DM
C (A) @ 180-185 DM
D1 (Sr BBB) @ 260-270 DM (24mm)
D2 (Jr BBB) @ 375 DM (2mm)
E (BB) @ 500 DM",,"Wells Fargo","5nc2","New Issue","Announced","1/26/2026",,"ctm2026-3_newissue","BSL",
"False","False","Neuberger Berman Loan Advisers CLO 50","AR2 (AAA) @ 106 DM
BR2 (AA) @ 135 DM
CR2 (A) @ 155-160 DM
DR2 (BBB) @ 240-250 DM
ER2 (BB) @ 500-515 DM","AR2 (AAA) @ 104 DM
BR2 (AA) @ 135 DM
CR2 (A) @ 155 DM
DR2 (BBB) @ 250 DM
ER2 (BB) @ 500 DM","Wells Fargo","1.5nc0.5","Refinancing","Priced","1/26/2026","2/4/2026","neub50_refi","BSL",
"False","False","720 East CLO IX","A1 (Sr AAA) @ 118 DM","X @ 90 DM
A1 (Sr AAA) @ 118 DM (256mm)
A2 (Jr AAA) @ 135 DM (12mm)
B (AA) @ 140 DM
C (A) @ 170 DM
D1 (Sr BBB) @ 240 DM (24mm)
D2 (Jr BBB) @ 345 DM (4mm)
E (BB) @ 550 DM","Wells Fargo","5nc2","New Issue","Priced","1/26/2026","2/9/2026","nwml9_newissue","BSL",
"False","False","Carlyle Direct Lending CLO 2026-1","A1 (Sr AAA) @ 140a DM",,"Morgan Stanley","4nc2","New Issue","Announced","1/26/2026",,"carlyleMM2026-1_newissue","MM",
"False","False","Vibrant CLO XI","X @ 90 DM
A1RR1 (Sr AAA) @ 125-126 DM (252mm)
A1RR2 (Jr AAA) @ 142 DM (12mm0
A2RR (AA) @ 150-155 DM
BRR (A) @ 180-185 DM
C1RR (Sr BBB) @ 280-285 DM (24mm)
C2RR (Jr BBB) @ 380-390 DM (4mm)
DR (BB) @ 525-550 DM","X @ 100 DM
A1RR (Sr AAA) @ 126 DM (252mm)
A2RR (Jr AAA) @ 142 DM (12mm)
A2R2 (AA) @ 155 DM
BRR (A) @ 195 DM
C1RR (Sr BBB) @ 295 DM (20mm)
C2RR (Jr BBB) @ 500 DM (8mm)
DR (BB) @ 625 DM","BNP Paribas","5nc2","Reset","Priced","1/26/2026","2/9/2026","vibr11_reset","BSL",
"False","False","Palmer Square Loan Funding 2024-3",,"A1R (Sr AAA) @ 82 DM (362.317mm)
A2R (Jr AAA) @ 115 DM (120mm)
BR (AA) @ 145 DM
CR (BBB) @ 185 DM
DR (BB) @ 375 DM","Citigroup","0nc0.5","Refinancing","Priced","1/23/2026","1/30/2026","pstat2024-3_refi","BSL",
"False","False","OZLM XIX",,"A1AR3 (AAA) @ 100 DM
A2AR3 (AA) @ 140 DM
B1R3 (A) @ 160 DM
CR3 (BBB) @ 310 DM","Citigroup","1nc0.5","Refinancing","Announced","1/23/2026","2/2/2026","ozlm19_refi","BSL",
"False","False","Neuberger Berman Loan Advisers CLO 63",,"A1 (Sr AAA) @ 115 DM (300mm)
A2 (Jr AAA) @ 135 DM (30mm)
B (AA) @ 140 DM
C (A) @ 165 DM
D1 (Sr BBB) @ 240 DM (30mm)
D2 (Jr BBB) @ 325 DM (5mm)
E (BB) @ 440 DM","JPMorgan","5nc2","New Issue","Priced","1/23/2026","2/9/2026","neub63_newissue","BSL",
"False","False","MidOcean CLO XXII","AAA @ H110s",,"Bank of America",,"New Issue","Announced","1/22/2026",,"mido22_newissue","BSL",
"False","False","Fortress Credit BSL XXVIII","A‑1 (Sr AAA) @ 128–130
A‑2 (Jr AAA) @ 145–150
B (AA) @ Subject
C‑1 (A) @ Subject
D‑1 (Sr BBB) @ Subject
D‑2 (Jr BBB) @ 375a
E (BB‑) @ 560–575","
A1 (Sr AAA) @ 129 DM
A2 (Jr AAA) @ 145 DM
B  (AA)     @ 165 DM
C  (A)      @ 193 DM
D  (BBB)    @ 318 DM
E  (BB)     @ 570 DM","CIBC","5nc2","Reset","Priced","1/22/2026","1/28/2026","fort28_reset2026","BSL",
"False","False","CIFC Funding 2026-I","A‑1 (Sr AAA) @ 117 DM
A‑2 (Jr AAA) @ 130–135 DM
B (AA) @ 140–145 DM
C (A) @ 165 DM
D‑1 (Sr BBB) @ 230 DM
D‑2 (Jr BBB) @ 335 DM
E (BB) @ 430 DM","A1 (Sr AAA) @ 117 DM (320mm)
A2 (Jr AAA) @ 135 DM (10mm)
B (AA) @ 145 DM
C (A) @ 165 DM
D1 (Sr BBB) @ 230 DM (30mm)
D2 (Jr BBB) @ 330 DM (5mm)
E (BB) @ 430 DM","Barclays","5nc2","New Issue","Priced","1/22/2026","1/30/2026","cifc2026-1_newissue","BSL",
"False","False","Madison Park Funding LXXVII","A1 (Sr AAA) @ 120 DM (256mm)
A2 (Jr AAA) @ 135 DM (6mm)
B (AA) @ 140 DM
C (A) @ 165-170 DM
D1 (Sr BBB) @ 240-250 DM (24mm)
D2 (Jr BBB) @ 340-350 DM (4mm)
E (BB) @ 450 DM
F (B) @ 700 DM","
A-1 Notes (Sr AAA) @ 120 DM
A-2       (Jr AAA) @ 135 DM
B         (AA)     @ 140 DM
C         (A)      @ 170 DM
D         (BBB)    @ 265 DM
E         (BB)     @ 500 DM
F         (B)      @ 725 DM","Citigroup","5nc2","New Issue","Priced","1/22/2026","2/10/2026","mdpk77_newissue","BSL",
"False","False","AGL CLO 10",,"XR2 @ 87 DM
A1R2 (Sr AAA) @ 117 DM (320mm)
A2R2 (Jr AAA) @ 135 DM (10mm)
BR2 (AA) @ 145 DM
CR2 (A) @ 170 DM
D1R2 (Sr BBB) @ 255 DM (30mm)
D2R2 (Jr BBB) @ 365 DM (5mm)
ER2 (BB) @ 550 DM ","Citigroup","5nc2","Reset","Priced","1/22/2026","2/6/2026","agl10_reset","BSL",
"False","False","Abry Liquid Credit CLO 2026-3","AAA @ 123-125 DM","A1 (Sr AAA) @ 123 DM (252mm)
A2 (Jr AAA) @ 143 DM (12mm)
B (AA) @ 150 DM (40mm)
C (A) @ 185 DM (24mm)
D1 (Sr BBB) @ 280 DM (24mm)
D2 (Jr BBB) @ 380 DM (4mm)
E (BB) @ 490 DM","Bank of America","5nc2","New Issue","Priced","1/21/2026","2/4/2026","alc3_newissue","BSL",
"True","False","Barings CLO 2023-IV","XR @ 85 DM
A1R (Sr AAA) @ 117 DM (320mm)
A2R (Jr AAA) @ 135 DM (15mm)
BR (AA) @ 150 DM
CR (A) @ 170 DM
D1R (Sr BBB) @ 240 DM (30mm)
D2R (Jr BBB) @ 345 DM (5mm)
ER (BB) @ 450 DM
FR (B) call desk","XR @ 85 DM
A1R (Sr AAA) @ 117 DM (320mm)
A2R (Jr AAA) @ 135 DM (15mm)
BR (AA) @ 145 DM
CR (A) @ 170 DM
D1R (Sr BBB) @ 247 DM (30mm)
D2R (Jr BBB) @ 367 DM (5mm)
ER (BB) @ 460 DM
FR (B) @ S+7.42%","Santander","5nc2","Reset","Priced","1/21/2026","2/5/2026","babsn2023-4_reset","BSL",
"False","False","Menlo CLO IV","A1 (Sr AAA) @ 121 DM
A2 (Jr AAA) @ 135–140 DM
B (AA) @ 145–150 DM
C (A) @ 170–175 DM
D1 (Sr BBB) @ 250–260 DM
D2 (Jr BBB) @ 350–360 DM
E (BB) @ 475–490 DM","A1 (Sr AAA) @ 121 DM (300mm)
A2 (Jr AAA) @ 137 DM (30mm)
B (AA) @ 145 DM
C (A) @ 173 DM
D1 (Sr BBB) @ 250 DM (30mm)
D2 (Jr BBB) @ 355 DM (2.5mm)
E (BB) @ 465 DM
F (B) @ S+538 bps","BNP Paribas","5nc2","New Issue","Priced","1/21/2026","2/3/2026","menlo4_newissue","BSL",
"False","False","Apidos CLO XXXI","A‑1‑R2 (Sr AAA) @ 117 DM
A‑2‑R2 (Jr AAA) @ 135 DM
B‑R2 (AA) @ 145 DM
C‑R2 (A) @ 165 DM
D‑1‑R2 (Sr BBB) @ 240 DM
D‑2 (Jr BBB) @ 335 DM
E‑R2 (BB) @ 440 DM","XR2 @ 85 DM
AR2 (AAA) @ 117 DM
BR2 (AA) @ 145 DM
CR2 (A) @ 165 DM
D1R2 (Sr BBB) @ 240 DM (33mm)
D2R2 (Jr BBB) @ 335 DM (5.5mm)
ER2 (BB) @ 440 DM
FR2 (B) retained ","Wells Fargo","5nc2","Reset","Priced","1/21/2026","2/2/2026","apid31_reset2026","BSL",
"False","False","Elmwood CLO I","X3R @ 80 DM
A13R (Sr AAA) @ 112 DM (308.75mm)
A23R (Jr AAA) @ 130 DM (8.75mm)
B3R (AA) @ 140 DM
C3R (A) @ 160 DM
D3R (BBB) @ 245 DM
E3R (BB) @ 525 DM","A-1-3R (Sr AAA) @ 112 DM
A-2-3R (Jr AAA) @ 131 DM
B-3R   (AA)     @ 140 DM
C-3R   (A)      @ 160 DM
D-3R   (BBB)    @ 265 DM
E-3R   (BB)     @ 595 DM","Citigroup","3nc1","Refinancing","Priced","1/20/2026","1/27/2026","elmw1_refi","BSL",
"False","False","Marble Point CLO XXIV","A1R (Sr AAA) call desk
A2AR (Jr AAA) @ 140 DM
BR (AA) @ 150 DM
C1R (A) @ 170-175 DM
D2AR (Sr BBB) @ 245 DM
D2BR (Jr BBB) @ 400 DM
E (BB) @ 700 DM","
A1R (Sr AAA) @ 109 DM
A2AR (Jr AAA) @ 140 DM
B  (AA)       @ 150 DM
C  (A)        @ 170 DM
D  (BBB)      @ 325 DM
","Citigroup","1nc1","Refinancing","Priced","1/20/2026",,"mp24_refi","BSL",
"False","False","Regatta XVI Funding","A‑1‑R2 (Sr AAA) @ 118–120 DM
A‑2‑R2 (Jr AAA) @ 135–140 DM
B‑R2 (AA) @ 145–150 DM
C‑R2 (A) @ 175–180 DM
D‑1‑R2 (Sr BBB) @ 255–265 DM
D‑2‑R2 (Jr BBB) @ 370–380 DM
E‑R2 (BB) @ 485–500 DM
F‑R2 (B) @ 775–800 DM",,"BNP Paribas","5nc2","Reset","Announced","1/20/2026",,"reg16_reset2026","BSL",
"False","False","Golub Capital Partners CLO 86(B)","A1 (Sr AAA) call desk
A2 (Jr AAA) @ 133 DM
B (AA) @ 145-150 DM
C (A) @ 165-170 DM
D1 (Sr BBB) @ 230-235 DM (24mm)
D2 (Jr BBB) @ 330-335 DM (4m)
E (BB) @ 450 DM","A1 (Sr AAA) @ 117 DM (246mm)
A2 (Jr AAA) @ 133 DM (18mm)
B (AA) @ 145 DM
C (A) @ 170 DM
D1 (Sr BBB) @ 230 DM (24mm)
D2 (Jr BBB) @ 335 DM (4mm)
E (BB) @ 430 DM","Societe Generale","5nc2","New Issue","Priced","1/16/2026","1/30/2026","gocap86b_newissue","BSL",
"False","False","Regatta XVI Funding",,"XR @ 85 DM
A1R2 (Sr AAA) @ 119 DM (352mm)
A2R2 (Jr AAA) @ 138 DM (11mm)
BR2 (AA) @ 145 DM
CR2 (A) @ 180 DM
D1R2 (Sr BBB) @ 265 DM (30.25mm)
D2R2 (Jr BBB) @ 380 DM (8.25mm)
ER2 (BB) @ 565 DM
FR2 (B) @ 750 DM","BNP Paribas","5nc2","Reset","Priced","1/16/2026","1/30/2026","regattaxvi_reset","BSL",
"False","False","Bardin Hill CLO 2021-2","A1R (Sr AAA) @ 132 DM",,"Jefferies","5nc2","Reset","Announced","1/15/2026",,"bh2_reset","BSL",
"False","False","Anthelion CLO 2026-1","A1 (Sr AAA) preplaced
A2 (Jr AAA) @ 150 DM
B (AA) @ 160-165 DM
C (A) @ 190-200 DM
D1 (Sr BBB) @ 290-300 DM (24mm)
D2 (Jr BBB) @ 390-410 DM (2mm)
E (BB) @ 550-575 DM",,"Natixis","5nc2","New Issue","Announced","1/15/2026",,"anthe2026-1_newissue","BSL",
"False","False","Silver Point SCF CLO IX","A1 (Sr AAA) @ M140s DM",,"Wells Fargo","4nc2","New Issue","Announced","1/15/2026",,"spcsl2026-1_newissue","MM",
"False","False","Upland CLO","A (AAA) @ 100 DM B (AA) @ 200 DM C (A) @ 300 DM D (BBB) @ 400 DM E (BB) @ 500 DM",,"SMBC",,"Refinancing","Announced","1/15/2026",,"upland_refi","BSL",
"False","False","MidOcean Credit CLO XIII","XR @ 90 DM
AR1 (Sr AAA) @ 120-121 DM (255mm)
AR2 (Jr AAA) @ 140 DM (6mm)
BR (AA) @ 150 DM
DR1 (Sr BBB) @ 260 DM (20mm)
DR2 (Jr BBB) @ 380 DM (7mm)
ER (BB) @ 500 DM","XR @ 95 DM
AR1 (Sr AAA) @ 120 DM (255mm)
AR2 (Jr AAA) @ 145 DM (6mm)
BR (AA) @ 150 DM
CR (A) @ 185 DM
DR1 (Sr BBB) @ 260 DM (20mm)
DR2 (Jr BBB) @ 375 DM (7mm)
ER (BB) @ 500 DM","Wells Fargo","5nc2","Reset","Priced","1/15/2026","1/30/2026","mido13_reset","BSL",
"False","False","Point Au Roche Park CLO","A (AAA) @ 117 DM
B‑1 (AA) @ 145 DM
C (A) @ 165–170 DM
D‑1 (Sr BBB) @ 240–250 DM
D‑2 (Jr BBB) @ 340–355 DM
E (BB) @ 450–465 DM","X @ 90 DM
AR (AAA) @ 117 DM
B1R (AA) @ 145 DM
B2R (AA; fixed) @ 5.218% (+145 bps)
CR (A) @ 170 DM
D1R (Sr BBB) @ 245 DM (27mm)
D2R (Jr BBB; fixed) @ 7.362% (+350 bps; $2.25mm)
ER (BB) @ 490 DM","CIBC","5nc2","Reset","Priced","1/15/2026","1/27/2026","parpk_2021-1_reset2026","BSL",
"False","False","Flatiron CLO 24","Class A‑1‑R (Sr AAA) @ 119 DM
Class A2‑R (Jr AAA) @ 135–140 DM
Class B‑R (AA) @ 145–150 DM
Class C‑R (A) @ 160–165 DM
Class D‑1‑R (Sr BBB) @ 240–250 DM
Class D‑2‑R (Jr BBB) @ 330–340 DM
Class E‑R (BB) @ 440–450 DM","XR @ 85 DM
A1R (Sr AAA) @ 119 DM (256mm)
A2R (Jr AAA) @ 135 DM (8mm)
BR (AA) @ 140 DM
CR (A) @ 165 DM
D1R (Sr BBB) @ 235 DM (24mm)
D2R (Jr BBB) @ 355 DM (4mm)
ER (BB) @ 440 DM","Morgan Stanley","5nc2","Reset","Priced","1/15/2026","1/30/2026","flat24_reset2026","BSL",
"False","False","Galaxy XXII CLO","AR4 (AAA) call desk
BR4 (AA) @ 140 DM
CR4 (A) @ 160 DM
DR4 (BBB) @ 270-280 DM
ER4 (BB) @ 625-650 DM","AR4 (AAA) @ 102 DM
BR4 (AA) @ 140 DM
CR4 (A) @ 160 DM
DR4 (BBB) @ 250 DM
ER4 (BB) @ 525 DM","SMBC","0.25nc0.5","Refinancing","Priced","1/14/2026","1/20/2026","galaxy22_refi","BSL",
"False","False","KIMM CLO 2","A1 (Sr AAA) @ 145 DM","A1 (Sr AAA) @ 145 DM (232mm)
A2 (Jr AAA) @ 155 DM (12mm)
B (AA) @ 180 DM
C (A) @ 210 DM
D (BBB) retained","Bank of America","4nc2","New Issue","Priced","1/14/2026","2/6/2026","kimm2_newissue","MM",
"False","False","Sixth Street CLO XVI","XR2 @ 85 DM
A1R2 (Sr AAA) @ 119 DM (256mm)
A2R2 (Jr AAA) @ 135 DM (12mm)
BR2 (AA) @ 150 DM
CR2 (A) @ 170 DM
D1R2 (Sr BBB) @ 240 DM (24mm)
D2R2 (Jr BBB) @ 350 DM (2mm)
ER2 (BB) @ 450 DM","XR2 @ 85 DM
A1R2 (Sr AAA) @ 117 DM (256mm)
A2R2 (Jr AAA) @ 137 DM (12mm)
BR2 (AA) @ 145 DM
CR2 (A) @ 170 DM
D1R2 (Sr BBB) @ 240 DM (24mm)
D2R2 (Jr BBB) @ 350 DM (2mm)
ER2 (BB) @ S+450 bps","Santander","5nc2","Reset","Priced","1/14/2026","1/26/2026","sixst16_reset","BSL",
"False","False","Madison Park Funding L","AR (AAA) @ 98 DM
BR (AA) @ 140 DM
CR (A) @ 160 DM
DR (BBB) @ 270-275 DM","AR (AAA) @ 97 DM
BR (AA) @ 140 DM
CR (A) @ 167 DM
DR (BBB) @ 285 DM","Scotia","0.25nc0.5","Refinancing","Priced","1/14/2026","1/27/2026","mdpk50_refi","BSL",
"False","False","KKR CLO 62",,"AL (Sr AAA) @ 120 DM (288mm)
A2 (Jr AAA) @ 138 DM (9mm)
B (AA) @ 150 DM
C (A) @ 175 DM
D1 (Sr BBB) @ 255 DM (27mm)
D2 (Jr BBB) @ 370 DM (4.5mm)
E (BB) @ 485 DM","Bank of America","5nc2","New Issue","Priced","1/14/2026","1/30/2026","kkr62_newissue","KKR",
"False","False","Bain Capital Credit CLO 2026-1",,"A1 (Sr AAA) @ 117 DM (360mm)
A2 (Jr AAA) @ 135 DM (36mm)
B (AA) @ 145 DM
C (A) @ 170 DM
D1 (Sr BBB) @ 245 DM (36mm)
D2 (Jr BBB) @ 335 DM (6mm)
E (BB) @ 475 DM","BNP Paribas","5nc2","New Issue","Priced","1/14/2026","1/30/2026","bain2026-1_newissue","BSL",
"False","False","Kennedy Lewis CLO 13",,"A1R (Sr AAA) @ 114 DM (248.75mm)
A2R (Jr AAA) @ 140 DM (11.85mm)
BR (AA) @ 150 DM
C1R (A) @ 185 DM
C2R (A; fixed) @ 5.546%
DR (BBB) @ 325 DM
ER (BB) @ 675 DM","Goldman Sachs","3nc1","Refinancing","Priced","1/14/2026",,"kllm13_refi","BSL",
"False","False","GoldenTree Loan Management US CLO 19",,"XR @ 80 DM
AR (Sr AAA) @ 115 DM (416mm)
AJ (Jr AAA) @ 130 DM (13mm)
BR (AA) @ 140 DM
CR (A) @ 165 DM
DR (Sr BBB) @ 230 DM (39mm)
DJ (Jr BBB) @ 335 DM (6.5mm)
ER (BB) @ 425 DM
FR (B) retained","Bank of America","5nc2","Reset","Priced","1/14/2026","2/3/2026","glm19_reset","BSL",
"False","False","Bain Capital Credit CLO 2019-1","AR3 (AAA) @ 98 DM
BR3 (AA) @ 140 DM
CR3 (A) @ 160 DM
DR3 (BBB) @ 270 DM","Class AR3 Notes (AAA) @ 98 DM
Class BR3 Notes (AA) @ 140 DM
Class CR3 Notes (A) @ 160 DM
Class DR3 Notes (BBB) @ 270 DM","Jefferies","0.25nc0.5","Refinancing","Priced","1/13/2026","1/16/2026","bcc2019-1_refi2","BSL",
"False","False","Owl Rock CLO XXIV","A (AAA) @ 140 DM
B (AA) @ 170 DM
C (A) @ 190 DM","
A  (AAA) @ 139 DM
B  (AA)  @ 170 DM
C  (A)   @ 190 DM
","JPMorgan","4nc2","New Issue","Priced","1/13/2026","1/28/2026","or24_newissue","MM",
"False","False","Ballyrock CLO 20","A1AR3 (Sr AAA) @ 105 DM",,"Bank of America","1.75nc0.75","Refinancing","Announced","1/13/2026",,"bally20_refi","BSL",
"False","False","PennantPark CLO VIII","A1R (Sr AAA) @ 145 DM (203mm)
A2R (Jr AAA) @ 160 DM (14mm)
BR (AA) @ 175 DM
CR (A) @ 200-210 DM
DR (BBB) @ 310-320 DM","A1R (Sr AAA) @ 143 DM (223mm)
A2R (Jr AAA) @ 160 DM
BR (AA) @ 175 DM
CR (A) @ 215 DM
DR (BBB) @ 320 DM","GreensLedge","4nc2","Reset","Priced","1/13/2026","2/5/2026","pntpk8_reset","MM",
"False","False","Golub Capital Partners CLO 85(M)","AAA @ 137-140 DM","A1 (Sr AAA) @ 137 DM (232mm)
A2 (Jr AAA) @ 158 DM (16mm)
B (AA) @ 170 DM
C (A) @ 200 DM
D (BBB) retained","Societe Generale","5nc2","New Issue","Priced","1/12/2026","1/30/2026","gocap85m_newissue","MM",
"False","False","OCP CLO 2021-23","AR2 (AAA) @ 119 DM
B1R2 (AA) @ 150 DM
B2R2 (AA; fixed) @ 150 DM
CR2 (A) @ 170-175 DM
D1R2 (Sr BBB) @ 245-250 DM (24mm)
D2R2 (Jr BBB) @ 355-360 DM (3mm)
ER2 (BB) @ 455-465 DM","A‑R2 (AAA) @ 119 DM
B‑1R2 (Sr AA) @ 145 DM
B‑2R2 (Jr AA) @ 145 DM
C‑R2 (A) @ 170 DM
D‑1R2 (Sr BBB) @ 235 DM
D‑2R2 (Jr BBB) @ 350 DM
E‑R2 (BB) @ 450 DM","CIBC","5nc2","Reset","Priced","1/12/2026","1/16/2026","ocp2021-23_reset2","BSL",
"False","False","Trinitas CLO XXXV","A1 (Sr AAA) call desk
A2 (Jr AAA) @ 145 DM
B (AA) @ 155 DM
C (A) @ 180-185 DM
D (BBB) @ 250-260 DM
E (BB) @ 500-525 DM
F (B) call desk","A1 (Sr AAA) @ 122 DM (310mm)
A2 (Jr AAA) @ 142 DM (20mm)
B (AA) @ 150 DM
C (A) @ 180 DM
D1 (Sr BBB) @ 250 DM (27.5mm)
D2 (Jr BBB) @ 7.00% (7.5mm)
E (BB) @ 515 DM
F retained","SMBC","5nc2","New Issue","Priced","1/12/2026","1/26/2026","trnts35_newissue","BSL",
"False","False","Harvest US CLO 2023-1","A1R (Sr AAA) call desk
A2R (Jr AAA) @ 140-145 DM
BR (AA) @ 155-160 DM
CR (A) @ 175-180 DM
DR (BBB) @ 280-285 DM
ER (BB) @ 575-600 DM","A1R (Sr AAA) @ 115 DM (252mm)
A2R (Jr AAA) @ 145 DM (4mm)
BR (AA) @ 155 DM
CR (A) @ 175 DM
DR (BBB) @ 285 DM
ER (BB) @ S+610 bps","SMBC","3nc1","Refinancing","Priced","1/9/2026","1/16/2026","harus2023-1_refi","BSL",
"False","False","BCC Middle Market CLO 2026-1","A1 (Sr AAA) @ LM140s","Class A-1 (Sr AAA) @ 142 DM
Class A-2 (Jr AAA) @ 160 DM
Class B   (AA)     @ 170 DM
Class C   (A)      @ 200 DM
Class D   (BBB)    @ 300 DM","GreensLedge","4nc2","New Issue","Priced","1/9/2026","2/13/2026","bcc2026-1_newissue","MM",
"False","False","MCF CLO 11","A1 (Sr AAA) @ 142-144 DM
A2 (Jr AAA) @ 160 DM
B (AA) @ 175 DM
C (A) @ 200-210 DM
D (BBB) @ 310-320 DM
E (BB) @ 650 DM","A1 (Sr AAA) @ 142 DM (232mm)
A2 (Jr AAA) @ 160 DM (16mm)
B (AA) @ 175 DM
C (A) @ 205 DM
D1 (Sr BBB) @ 320 DM (22mm)
D2 (Jr BBB) @ 475 DM (10mm)
E (BB) @ 650 DM","SMBC","4nc2","New Issue","Priced","1/9/2026","1/23/2026","mcf11_newissue","MM",
"False","False","Atlas Senior Loan Fund XXVII","X @ 100 DM
A (AAA) @ 128 DM
B (AA) @ 160 DM
C (A) @ 185 DM
D1 (Sr BBB) @ 285 DM
DJ (Jr BBB) @ 385 DM
E (BB) @ 550 DM","Class A Notes (AAA) @ 128 DM
Class B Notes (AA) @ 160 DM
Class C Notes (A) @ 195 DM
Class D1 Notes (Sr BBB) @ 335 DM
Class DJ Notes (Jr BBB) @ 400 DM
Class E Notes (BB) @ 550 DM","Jefferies","5nc2","New Issue","Priced","1/8/2026","1/21/2026","atlas27_newissue","BSL",
"False","False","Ares LXXIX CLO","A1 (Sr AAA) @ 119-120 DM",,"Wells Fargo","5nc2","New Issue","Announced","1/8/2026",,"ares79_newissue","BSL",
"False","False","Antares CLO 2019-1","A1R (Sr AAA) @ 140DM
A2R (Jr AAA) @ 150-155 DM
BR (AA) @ 170aDM
CR (A) @ 190-195DM
DR (BBB) @ 290-300 DM
ER (BB) @ Call Desk","A1R (Sr AAA) @ 140 DM
A2R (Jr AAA) @ 160 DM
BR  (AA)     @ 170 DM
CR  (A)      @ 200 DM
DR  (BBB)    @ 300 DM","BNP Paribas","5nc2","Reset","Priced","1/8/2026","1/27/2026","ant2019-1_reset","MM",
"False","False","Symphony CLO 37","AR2 (AAA) @ 113 DM
BR2 (AA) @ 150 DM
CR2 (A) @ 175 DM
DR2 (BBB) @ 265 DM
ER2 (BB) @ 500",,"Santander","3nc1","Refinancing","Announced","1/8/2026",,"symp37_refi","BSL",
"False","False","RR 43","A1A (Sr AAA) call desk
A1B (Jr AAA) @ 140 DM
A2 (AA) @ 150-155 DM
B (A) @ 170 DM
C1 (Sr BBB) @ 240-245 DM
C2 (Jr BBB) @ 335 DM
D (BB) @ 460-470 DM",,"Scotia","5nc2","New Issue","Announced","1/8/2026",,"rr43_newissue","BSL",
"False","False","Anchorage Capital CLO 28","A1R (Sr AAA) @ 116 DM (250mm)
A2R (Jr AAA) @ 145 DM (10mm)
BR (AA) @ 160 DM
CR (A) @ 180-190 DM
DR (BBB) @ 290-300 DM
ER (BB) @ 550-575 DM
FR (B) @ 750-775 DM ($98)","A1R (Sr AAA) @ 116 DM
A2R (Jr AAA) @ 145 DM
BR (AA) @ 150 DM
CR (A) @ 170 DM
DR (BBB) @ 280 DM
ER (BB) @ 540 DM
FR (B) @ 820 DM","Morgan Stanley","2nc1.5","Refinancing","Priced","1/7/2026","1/14/2026","anchc28_refi","BSL",
"False","False","Invesco US CLO 2023-4","A1R (Sr AAA) @ 122-123 DM","A‑1R (Sr AAA) @ 122 DM
A‑2R (Jr AAA) @ 145 DM
B‑R (AA) @ 155 DM
C‑R (A) @ 185 DM
D‑1R (Sr BBB) @ 285 DM
D‑2A‑R (Jr BBB) @ 410 DM
E‑R (BB) @ 575 DM
F‑R (B) @ 709 DM","Barclays","5nc2","Reset","Priced","1/7/2026","1/20/2026","invco2023-4_reset","BSL",
"False","False","CIFC Funding 2023-II","AR (AAA) @ 113 DM
BR (AA) @ 150 DM
CR (A) @ 170 DM
D1R (BBB) @ 255-260 DM
ER (BB) @ 480-490 DM","A‑1‑R (Sr AAA) @ 120 DM
A‑2‑R (Jr AAA) @ 140 DM
B‑R (AA) @ 150 DM
C‑1‑R (A) @ 170 DM
D‑1‑R (Sr BBB) @ 240 DM
D‑2‑R (Jr BBB) @ 365 DM
E‑R (BB) @ 460 DM","JPMorgan","3nc1","Refinancing","Priced","1/7/2026","1/16/2026","cifc2023-2_refi","BSL",
"False","False","Elmwood CLO 20","AAA @ 120-122 DM","XR2 @ 90 DM
AR2 (AAA) @ 120 DM
BR2 (AA) @ 150 DM
CR2 (A) @ 175 DM
D1R2 (Sr BBB) @ 250 DM (28.13mm)
D2R2 (Jr BBB) @ 365 DM (1.58mm)
ER2 (BB) @ 475 DM
FR2 (B) @ S+725 bps","RBC","5nc2","Reset","Priced","1/7/2026","1/26/2026","elm20_reset","BSL",
"False","False","AGL CLO 15","A1R (Sr AAA) @ 120-121 DM (320mm)
A2R (Jr AAA) @ 140-145 DM (10mm)
BR (AA) @ 150-155 DM
CR (A) @ 170-175 DM
D1R (Sr BBB) @ 245-255 DM (30mm)
D2R (Jr BBB) @ 360-370 DM (5mm)
ER (BB) @ 460-475 DM","A1R (Sr AAA) @ 120 DM
A2R (Jr AAA) @ 140 DM
BR (AA) @ 153 DM
CR (A) @ 180 DM
D1R (Sr BBB) @ 260 DM
D2R (Jr BBB) @ 380 DM
ER (BB) @ 495 DM","BNP Paribas","5nc2","Reset","Priced","1/7/2026","1/21/2026","agl15_reset","BSL",
"False","False","Eldridge MMPC CLO 2026-1 (fka Maranon Loan Funding 2023-2)","A (AAA) @ 100 DM B (AA) @ 200 DM C (A) @ 300 DM D (BBB) @ 400 DM E (BB) @ 500 DM","A1R (Sr AAA) @ 140 DM (232mm)
A2R (Jr AAA) @ 165 DM (16mm)
BR (AA) @ 175 DM
C1R (Sr A) @ 210 DM (24mm)
C2R (Jr A; fixed)) @ 5.75% (8mm)
D1R (Sr BBB) @ 325 DM (24mm)
D2R (Jr BBB) @ 475 DM (8mm)
ER (BB) @ 675 DM","Societe Generale","4nc2","Reset","Priced","1/7/2026","2/6/2026","eldridgemm2026-1_reset","MM",
"False","False","Brant Point CLO 2023-2","A1R (Sr AAA) @ 125 DM
A2R (Jr AAA) @ 150 DM
BR (AA) @ 160 DM
CR (A) @ 185 DM
D1R (Sr BBB) @ 270-280 DM
D2R (Jr BBB) @ 385 DM
ER (BB) @ 550 DM","A1R (Sr AAA) @ 125 DM (248mm)
A2R (Jr AAA) @ 145 DM (12mm)
BR (AA) @ 160 DM
CR (A) @ 185 DM
D1R (Sr BBB) @ 275 DM (20mm)
D2R (Jr BBB; fixed) @ 8.022%
ER (BB) @ 615 DM","Barclays","5nc2","Reset","Priced","1/7/2026","1/21/2026","brtpt2023-2_reset","BSL",
"False","False","Benefit Street Partners CLO 47","A (AAA) call desk
B (AA) @ 150 DM
C (A) @ 165-170 DM
D1 (Sr BBB) @ 240-245 DM (30mm)
D2 (Jr BBB) @ 335 DM (5mm)
E (BB) @ 450-460 DM","A (AAA) @ 119 DM
B (AA) @ 145 DM
C (A) @ 170 DM
D1 (Sr BBB) @ 230 DM (30mm)
D2 (Jr BBB) @ 335 DM (5mm)
E (BB) @ 440 DM","SMBC","5nc2","New Issue","Priced","1/6/2026","1/16/2026","bsp47_newissue","BSL",
"False","False","Capital Four US CLO I","AR (AAA) @ 114 DM
B1R (AA) @ 160 DM
CR (A) @ 190-200 DM
DR (BBB) @ 300-315 DM","AR (AAA) @ 114 DM
BR (AA) @ 160 DM
CR (A) @ 200 DM
DR (BBB) @ 325 DM","Morgan Stanley","1nc1","Refinancing","Priced","1/6/2026","1/16/2026","c41_refi","BSL",
"False","False","Bain Capital Credit CLO 2022-5","XRR @ 90 DM
ARR (AAA) @ 114 DM
BRR (AA) @ 160 DM
CRR (A) @ 175 DM
DRR (BBB) @ 290 DM
ERR (BB) @ 600 DM",,"Jefferies","3nc1","Refinancing","Announced","1/6/2026",,"bcc2022-5_refi","BSL",
"False","False","Diameter Capital CLO 4","A1RR (Sr AAA) @ 123-124 DM","A‑RR (AAA) @ 123 DM
B‑RR (AA) @ 155 DM
C‑RR (A) @ 175 DM
D‑1‑RR (Sr BBB) @ 250 DM
D‑2‑RR (Jr BBB) @ 355 DM
E‑RR (BB) @ 455 DM","Goldman Sachs","5nc2","Reset","Priced","1/6/2026","1/20/2026","dclo4_reset","BSL",
"False","False","CIFC Funding 2023-III","XR @ 100 DM
A1R (Sr AAA) @ 120 DM
A2R (Jr AAA) @ 140-145 DM
BR (AA) @ 150 DM
CR (A) @ 170-175 DM
D1R (Sr BBB) @ 250 DM
D2R (Jr BBB) @ 365-370 DM
ER (BB) @ 465-475 DM","A‑1‑R (Sr AAA) @ 120 DM
A‑2‑R (Jr AAA) @ 140 DM
B‑R (AA) @ 150 DM
C‑1‑R (A) @ 170 DM
D‑1‑R (Sr BBB) @ 240 DM
D‑2‑R (Jr BBB) @ 365 DM
E‑R (BB) @ 460 DM","Bank of America","5nc2","Reset","Priced","1/6/2026","1/16/2026","cifc2023-3_reset","BSL",
"False","False","Diameter PC CLO 1","A1 (Sr AAA) @ 148-150 DM","
Class A-1 (Sr AAA) @ 149 DM
Class A-2 (Jr AAA) @ 170 DM
Class B   (AA)     @ 185 DM
","Morgan Stanley","4nc2","New Issue","Priced","1/6/2026","2/11/2026","dpcclo1_newissue","MM",
"False","False","Trimaran CAVU 2023-2","XR @ 85 DM
AR (AAA) @ 125 DM
BR (AA) @ 160-165 DM
CR (A) @ 180-185 DM
D1R (Sr BBB) @ 275-280 DM
D2R (Jr BBB) @ 380-390 DM
ER (BB) @ 540-560 DM","A‑R (AAA) @ 125 DM
B‑R (AA) @ 155 DM
C‑R (A) @ 180 DM
D‑1‑R (Sr BBB) @ 275 DM
D‑2‑R (Jr BBB) @ 380 DM
E‑R (BB) @ 540 DM","JPMorgan","5nc2","Reset","Priced","1/6/2026","1/20/2026","cavu2023-2_reset","BSL",
"False","False","HLEND CLO 2026-5","AAA @ 140s DM","A-1 (Sr AAA) @ 140 DM
A-2 (Jr AAA) @ 155 DM
B   (AA)     @ 170 DM","Scotia","4nc2","New Issue","Priced","1/5/2026","2/19/2026","hlend5_newissue","MM",
"False","False","AGL Core CLO 15","A (AAA) @ 100 DM B (AA) @ 200 DM C (A) @ 300 DM D (BBB) @ 400 DM E (BB) @ 500 DM",,"BNP Paribas","5nc2","Reset","Announced","1/5/2026",,"aglcore15_reset","BSL",
"False","False","Golub Capital Partners CLO 87(B)","Sr AAA @ 119-120 DM","A1 (Sr AAA) @ 119 DM
A2 (Jr AAA) @ 135 DM
B (AA) @ 150 DM
C (A) @ 170 DM
D1 (Sr BBB) @ 240 DM
D2 (Jr BBB) @ 345 DM
E (BB) @ 465 DM","BNP Paribas","5nc2","New Issue","Priced","1/5/2026","1/22/2026","gocap87b_newissue","BSL",
"False","False","Unity-Peace Park CLO",,"A1R (AAA) @ 106 DM
A2R (AAA) @ 125 DM
BR (AA) @ 140 DM
CR (A) @ 165 DM
DR (BBB) @ 285 DM
ER (BB) @ 700 DM","BNP Paribas","1nc6m","Refinancing","Priced","1/1/2026","1/22/2026","UNPPK_2022-1A_refi2026","BSL",
"False","False","Post CLO 2022-1",,"A‑R (AAA) @ 110 DM
B‑R (AA) @ 145 DM
C‑R (A) @ 170 DM
D‑R (BBB) @ 310 DM","SMBC","1nc1","Refinancing","Priced","1/1/2026","1/20/2026","post22-1_refi2026","BSL",
"False","False","Empower CLO 2023-3",,"A‑R (AAA) @ 125 DM
B‑R (AA) @ 155–160 DM
C‑R (A) @ 175–185 DM
D‑R1 (Sr BBB) @ 275–285 DM
D‑R2 (Jr BBB) @ 380–390 DM
E‑R (BB) @ 550–565 DM","Deutsche Bank","5nc2","Reset","Priced","1/1/2026","1/22/2026","emp2023-3_reset2026","BSL",
"False","False","Park Avenue Institutional Advisers CLO 2019-2",,"A‑1‑RR Notes (AAA) @ 105 DM
A‑2‑RR Notes (AA) @ 150 DM
B‑RR Notes (A) @ 170 DM
C‑RR Notes (BBB) @ 340 DM","Mizuho","8Mnc5M","Refinancing","Priced","1/1/2026","1/16/2026","paia2019-2_reset2026","BSL",
"False","False","Fortress Credit BSL XX",,"A‑R (AAA) @ 124 DM
B‑R (AA) @ 155 DM
C‑R (A) @ 175 DM
D‑R (BBB) @ 295 DM
E‑R (BB) @ 560 DM","Bank of America","2nc1.5","Refinancing","Priced","1/1/2026","1/16/2026","fort20_refi2026","BSL",
"False","False","Cedar Funding V CLO",,"AR2 (AAA) @ 126 DM
BR2 (AA) @ 165 DM
CR2 (A) @ 185 DM
D1R2 (BBB) @ 325 DM
E1R2 (Sr BB) @ 550 DM
E2R2 (Jr BB) @ 625 DM","Jefferies","5nc2","Reset","Priced","1/1/2026","1/13/2026","cedar5_reset2026","BSL",
"False","False","Carlyle US CLO 2019-3",,"
A-1-R3 (Sr AAA) @ 120 DM
A-2-R3 (Jr AAA) @ 135 DM
B-R3   (AA)     @ 145 DM
C-R3   (A)      @ 175 DM
D-R3   (BBB)    @ 282 DM
E-R3   (BB)     @ 495 DM
","Citigroup","5nc2","Reset","Priced","1/1/2026","1/29/2026","carlyle2019-3_reset2026","BSL",
"False","False","Ares Loan Funding I",,"X @ 85 DM
AR (AAA) @ 117 DM
BR (AA) @ 150 DM
C1R (Sr A) @ 170 DM (16mm)
C2R (Jr A) @ 200 DM (8mm)
D1R (Sr BBB) @ 285 DM (24mm)
D2R (Jr BBB) @ 400 DM (2mm)
ER (BB) @ 510 DM","BNP Paribas","5nc2","Reset","Priced","12/29/2025","2/6/2026","areslf1_reset","BSL",
"False","False","Dewolf Park CLO","AR2 (AAA) @ 120 DM
BR2 (AA) @ 155 DM
CR2 (A) @ 175 DM
D1R2 (Sr BBB) @ 225 DM (24mm)
D2R2 (Jr BBB) @ 335 DM (2mm)
ER (BB) @ 470 DM","AR2 (AAA) @ 121 DM
BR2 (AA) @ 158 DM
CR2 (A) @ 170 DM
D1R2 (Sr BBB) @ 255 DM
D2R2 (Jr BBB) @ 360 DM
ER2 (BB) @ 480 DM","Jefferies","5nc2","Reset","Priced","12/15/2025","1/16/2026","dewolf_reset","BSL",
"False","False","Magnetite XXXI",,"A1R (Sr AAA) @ 100 DM
BR (AA) @ 130 DM
CR (A) @ 155 DM
D (BBB) @ 235 DM
ER (BB) @ 450 DM
WACC: 141 bps","Nomura","0.5nc0.5","Refinancing","Priced","12/15/2025","12/23/2025","magne31_refi","BSL",
"False","False","Silver Point CLO 15","A (AAA) @ 124-125 DM
B (AA) @ 160-165 DM
C (A) @ 180-185 DM
D (BBB) @ 265-275 DM
E (BB) @ 520-530 DM","A (AAA) @ 125 DM
B (AA)  @ 160 DM
C (A)   @ 185 DM
D (BBB) @ 289 DM
E (BB)  @ 530 DM
WACC: 203 bps","Societe Generale","5nc2","New Issue","Priced","12/11/2025","12/19/2025","silpt15_newissue","BSL",
"False","False","GOLUB CREDIT STATIC BSL (GCRED BSL CLO 1)","A1 ( Sr AAA) @ 105 DM
A2 (Jr AAA) @ 130a DM
 (AA) @ 140-145 DM
C (A) @ 165-170 DM",,"Bank of America","0NC1","New Issue","Announced","12/10/2025",,"gcred1_newissue","BSL",
"False","False","Brant Point CLO 2025-9","A1 (Sr AAA) @ 125-126 DM
A2 (Jr AAA) @ 145-150 DM
B (AA) @ 160-165 DM
C (A) @ 185-190DM
D (Sr BBB) @ 280-290DM
E (BB) @ 550-575 DM",,"BNP Paribas","5nc2","New Issue","Announced","12/10/2025",,"brantpoint9_newissue","BSL",
"False","False","Barings CLO 2022-I","AR (AAA) @ 123 DM
BR (AA) @ 165a DM
CR (A) @ 185a DM
D1R (Sr BBB) @ 290a DM
D2R (Jr BBB) @ 400a DM
ER (BB) @ 600a DM","AR (AAA) @ 123 DM
BR (AA) @ 165 DM
CR (A) @ 185 DM
D1R (Sr BBB) @ 280 DM (16mm)
D2R (BBB) @ 325 DM (8mm)
D3R (Jr BBB) @ 410 DM (3mm)
ER (BB) @ 625 DM","Citigroup","5nc2","Reset","Priced","12/4/2025","12/22/2025"," babsn2022-1_reset_2025","BSL",
"False","True","Jefferies Credit Partners Direct Lending CLO 2025-2","A (AAA) @ 150aDM","A1 (Sr AAA) @ 153 DM
A2 (Jr AAA) @ 165 DM
B (AA) @ 185 DM
C (A) @ 220 DM
D (BBB) @ 363 DM
E (BB) @ 685 DM
WACC: 209 bps","Societe Generale","4nc2","New Issue","Announced","12/4/2025","12/23/2025","jcp2025-2_newissue","MM",
"False","False","Kennedy Lewis CLO 3 (Generate CLO 3)","A1R3 (Sr AAA) @ Call Desk
A2R3 (Jr AAA) @ 135 DM
BR3 (AA) @ 160 DM
CR3 (A) @ 190 DM
DR3 (BBB) @ 300a DM
ER3 (BB) @ 700a DM",,"Citigroup","3nc1.5","Refinancing","Announced","12/4/2025",,"klgen3_refi","BSL",
"False","False","Eldridge CLO 2025-2","A (AAA) @ 100 DM B (AA) @ 200 DM C (A) @ 300 DM D (BBB) @ 400 DM E (BB) @ 500 DM","
A-1 (Sr AAA) @ 128 DM
A-2 (Jr AAA) @ 145 DM
B (AA) @ 170 DM
C (A) @ 185 DM
D-1 (Sr BBB) @ 285 DM
D-2 (Jr BBB) @ 390 DM
E (BB) @ 525 
","JPMorgan","5nc2","New Issue","Priced","12/2/2025","12/3/2025","eld2025-2_newissue","BSL",
"False","False","Silver Point CLO 3","A (AAA) @ 100 DM B (AA) @ 200 DM C (A) @ 300 DM D (BBB) @ 400 DM E (BB) @ 500 DM","A-1 (Sr AAA) @ 126 DM
A-2 (Jr AAA) @ 150 DM
B (AA) @ 165 DM
C (A) @ 185 DM
D-1 (Sr BBB) @ 290 DM
D-2 (Jr BBB) @ 410 DM
E (BB) @ 640 DM
F (B) @ 765 DM","Mizuho","5nc2","Reset","Priced","12/2/2025","12/3/2025","silpt3_reset","BSL",
"False","False","Ares LXX CLO","A1R (AAA) @ 124-125 DM",,"Goldman Sachs","5nc2","Reset","Announced","12/2/2025",,"ares70_reset","BSL",
"False","False","Barings CLO 2025-VIII","A (AAA) @ 100 DM B (AA) @ 200 DM C (A) @ 300 DM D (BBB) @ 400 DM E (BB) @ 500 DM","A-1 (AAA) @ 122 DM
A-2 (AAA) @ 148 DM
B (AA) @ 160 DM
C (A) @ 180 DM
D-1 (Sr BBB) @ 255 DM
D-2 (Jr BBB) @ 360 DM
E (BB) @ 500 DM","RBC","5nc2","New Issue","Priced","12/1/2025","12/3/2025","babsn2025-8_newissue","BSL",
"False","False","RR 8",,"
A-1AL (Sr AAA) @ 123 DM
A-1B-R2 (Jr AAA) @ 146 DM
A-2-R2 (AA) @ 160 DM
B-R2 (A) @ 180 DM
C-1A-R2 (Sr BBB) @ 245 DM
C-1B-R2 (BBB) @ 315 DM
C-2-R2 (Jr BBB) @ 400 DM
D-R2 (BB) @ 500 DM","Santander","5nc2","Reset","Priced","12/1/2025","12/2/2025","rr8_reset_2025","BSL",
"False","False","Riserva CLO","A (AAA) @ 103a DM",,"CIBC","0nc6m","Refinancing","Announced","12/1/2025",,"risvera2016-3_refi_2025","BSL",
"False","False","Voya CLO 2025-5","A (AAA) @ Call Desk",,"Scotia","5nc2","New Issue","Announced","12/1/2025",,"voya2025-5_newissue","BSL",
"False","False","Golub Capital Partners CLO 42(M)-R2","A (AAA) @ 140a",,"BNP Paribas","4nc2","Reset","Announced","12/1/2025",,"golub42mR2_reset","MM",
"False","False","AGL CLO 46","A (AAA) @ Call Desk","
A1 (Sr AAA) @ 119 DM
A2 (Jr AAA) @ 140 DM
B (AA) @ 155 DM
C (A) @ 175 DM
D1 (Sr BBB) @ 255 DM
D2 (Jr BBB) @ 360 DM
","BNP Paribas","5nc2","New Issue","Priced","12/1/2025","12/11/2025","agl46_newissue","BSL",
"False","False","TCW CLO 2019-2",,"AR (AAA) @ 126 DM
BR (AA) @ 165 DM
CR (A) @ 215 DM
D1R (Sr BBB) @ 320 DM
DFR (BBB) @ 331 DM
DJR (Jr BBB) @ 425 DM
ER (BB) @ 685 DM
WACC: 183 bps","Jefferies","5nc2","Reset","Priced","12/1/2025","12/24/2025","tcw2023-2_reset","BSL",
"True","True","Madison Park Funding LXI",,"AR (AAA) @ 122 DM
BR (AA) @ 160 DM
CR (A) @ 185 DM
D (BBB) @ 321 DM
ER (BB) @ 610 DM
FR (B) @ 760 DM
WACC: 163 bps","Santander","5nc2","Reset","Priced","12/1/2025","12/23/2025","mdpk61_reset","BSL",
"True","True","Bayswater Park CLO","A (AAA) @ 100 DM B (AA) @ 200 DM C (A) @ 300 DM D (BBB) @ 400 DM E (BB) @ 500 DM","
AR (AAA) @ 121 DM
B1R (Sr AA) @ 155 DM
B2R (Jr AA) @ 160 DM
CR (A) @ 175 DM
DR (BBB) @ 255 DM
ER (BB) @ 470 DM
WACC: 152 bps","Morgan Stanley","5nc2","Reset","Priced","12/1/2025","12/19/2025","bayswater_br_reset","BSL",
"False","False","Trinitas CLO 25","A (AAA) @ 100 DM B (AA) @ 200 DM C (A) @ 300 DM D (BBB) @ 400 DM E (BB) @ 500 DM","A (AAA)  @ 125 DM
B (AA)   @ 160 DM
C (A)    @ 195 DM
D (BBB)  @ 275 DM
E (BB)   @ 570 DM
WACC: 178 bps","CIBC","5nc2","Reset","Priced","12/1/2025","12/19/2025","trin25_reset2025","BSL",
"False","False","Navesink CLO 2",,"A-1 (Sr AAA) @ 119 DM
A-2 (Jr AAA) @ 155 DM
B (AA)       @ 175 DM
C (A)        @ 205 DM
D (BBB)      @ 365 DM
E (BB)       @ 704 DM
WACC: 207 bps","Morgan Stanley","2nc1.5","Reset","Priced","12/1/2025","12/19/2025","navesink2_reset_2025","BSL",
"False","False","Octagon 66","A (AAA) @ 100 DM B (AA) @ 200 DM C (A) @ 300 DM D (BBB) @ 400 DM E (BB) @ 500 DM","
A-1-R2 (Sr AAA) @ 115 DM
A-2-R2 (Jr AAA) @ 150 DM
B-R2 (AA) @ 160 DM
C-R2 (A) @ 190 DM
D-1-R2 (BBB) @ 310 DM
E-R2 (BB) @ 750 DM
","Santander","3nc1","Reset","Priced","11/30/2025","12/1/2025","oct66_reset","BSL",
"False","False","Bain Capital Credit CLO 2025-5","A (AAA) @ 100 DM B (AA) @ 200 DM C (A) @ 300 DM D (BBB) @ 400 DM E (BB) @ 500 DM","A1 (Sr AAA) @ 121 DM
A2 (AAA) @ 145 DM
B (AA) @ 160 DM
C (A) @ 185 DM
D1 (Sr BBB) @ 260 DM
D2 (Jr BBB) @ 365 DM
E (BB) @ 500 DM","JPMorgan","5nc2","New Issue","Priced","11/30/2025","12/1/2025","bcc2025-5_newissue","BSL",
"True","False","Whetstone Park CLO","A1R (Sr AAA) @ 107 DM
A2R (Jr AAA) @ 125-130 DM
CR (A) @ 170-175 DM","A1-R (Sr AAA) @ 107 DM
A2-R (Jr AAA) @ 130 DM
C-R (A) @ 170 DM","CIBC","1nc9m","Refinancing","Priced","11/28/2025","12/5/2025","whetpk_refi_2025","BSL",
"False","False","Redding Ridge 2023-22 CLO (RAD 2023-22 CLO)","A (AAA) @ 100 DM B (AA) @ 200 DM C (A) @ 300 DM D (BBB) @ 400 DM E (BB) @ 500 DM","A1aR (Sr AAA) @ 125 DM
A1bR (Jr AAA) @ 150 DM
A2R (AA) @ 165 DM
BR (A) @ 195 DM
C1R (Sr BBB) @ 290 DM
C2aR (Jr BBB) @ 475 DM
DR (BB) @ 653 DM","Mizuho","5nc2","Reset","Priced","11/26/2025","12/3/2025","rr2023-22-RAD_reset","BSL",
"False","False","Apidos CLO XXXVI","XR call desk
A1R (Sr AAA) call desk
A2R (Jr AAA) @ 150 DM
BR (AA) @ 155 DM
CR (A) @ 180 DM
D1R (Sr BBB) @ 260 DM (30mm)
D2R (Jr BBB) @ 360 DM (5mm)
ER (BB) @ 475 DM
FR retained",,"Citigroup","5nc2","Reset","Announced","11/24/2025",,"apid36_reset_2025","BSL",
"False","False","Arini US CLO IV","A (AAA) @ 125-126 DM
B (AA) @ 160-165 DM
C (A) @ 185-190 DM
D (BBB) @ 280-290 DM
E (BB) @ 510-525 DM",,"JPMorgan","5nc2","New Issue","Announced","11/24/2025",,"arin4_newissue","BSL",
"False","False","ABPCI Direct Lending Fund CLO 22","A1 (Sr AAA) @ Preplaced
A2 (Jr AAA) @ 160a DM
B (AA) @ 170-175 DM
C (A) @ 190-200 DM
D (BBB) @ 290-300 DM",,"Mitsubishi","4nc2","New Issue","Announced","11/24/2025",,"abpci21_newissue","MM",
"False","False","CIFC Funding 2025-IX","A1 (Sr AAA) @ 119-120 DM
A2 (Jr AAA) @ Closed
B (AA) @ 155 DM
C (A) @ 175 DM
D1 (Sr BBB) @ 255 DM
D2 (Jr BBB) @ 355 DM
E (BB) @ 465-475 DM","A-1 (Sr AAA) @ 119 DM
A-2 (AAA) @ 142 DM
B (AA) @ 155 DM
C (A) @ 175 DM
D-1 (Sr BBB) @ 255 DM
D-2 (Jr BBB) @ 355 DM
E (BB) @ 475 DM","Barclays","5nc2","New Issue","Priced","11/21/2025","12/10/2025","cifc2025-IX_newissue","BSL",
"False","False","Orion CLO 2023-2","AR (AAA) @ 115aDM
BR (AA) @ 155-160 DM
CR (A) @ 175-185 DM
D1R (Sr BBB) @ 270-280 DM
D2R (Jr BBB) @ 370-380 DM
ER (BB) @ 550a DM",,"Barclays","3nc1","Reset","Announced","11/21/2025",,"orion2023-2_reset","BSL",
"False","False","Northwoods Capital XV","A1R3 (Sr AAA) @ 131 DM
A2R3 (Jr AAA) @ 160 DM
BR3 (AA) @ 175 DM
CR3 (A) @ 200-210 DM
D1R3 (Sr BBB) @ 325-335 DM
D2R3 (Jr BBB) @ 420-430 DM
ER3 (BB) @ 625-650 DM",,"Mitsubishi","5nc2","Reset","Announced","11/21/2025",,"woods15_reset","BSL",
"False","False","Symphony CLO LI","A (AAA) @ 122 DM","A (AAA) @ 122 DM
B (AA) @ 155 DM
C (A) @ 175 DM
D-1 (Sr BBB) @ 253 DM
D-2 (BBB) @ 265 DM
D-3 (Jr BBB) @ 360 DM
E (BB) @ 475 DM","Scotia","5nc2","New Issue","Priced","11/20/2025","12/5/2025","symph51_newissue","BSL",
"False","False","Magnetite XXXV","ARR (AAA) @ 120 DM",,"Morgan Stanley","5nc2","Reset","Announced","11/20/2025",,"magnet35_reset","BSL",
"True","True","Apidos CLO XXXIV","A1 (Sr AAA) @ 121a DM
A2 (Jr AAA) @ 145a DM
B (AA) @ 155a DM
C (A) @ 175a DM
D1 (Sr BBB) @ 260a DM
D2 (BB) @ 355a DM
E (BB) @ 460a DM","A-1-R2 (Sr AAA) @ 121 DM
A-2-R2 (Jr AAA) @ 150 DM
B-R2 (AA) @ 155 DM
C-R2 (A) @ 180 DM
D-1-R2 (Sr BBB) @ 260 DM
D-2-R2 (Jr BBB) @ 360 DM
E-R2 (BB) @ 480 DM
F-R2 (B) @ 725 DM","Morgan Stanley","5nc2","Reset","Priced","11/18/2025","12/5/2025","apid34_reset_2025","BSL",
"False","False","BCC Middle Market CLO 2023-2","A1-R (Sr AAA) @ 135 DM
A2-R (Jr AAA) @ 160-165 DM
B-R (AA) @ 180 DM
C-R (A) @ 215 DM
D-R (BBB) @ 335 DM
E-R (BB) @ 700 DM",,"Natixis","2nc1","Refinancing","Announced","11/17/2025",,"bcmm2023-2_refi","MM",
"False","False","Harvest US CLO 2025-3","A1 (Sr AAA) @ 126 DM
A2 (Jr AAA) @ 146-150 DM
B (AA) @ 160-165 DM
C (A) @ 180-190 DM
D1 (Sr BBB) @ 270-280 DM
D2 ( Jr BBB) @ 375-400 DM
E (BB) @ 525-540 DM","A-1 (Sr AAA) @ 126 DM
A-2 (Jr AAA) @ 152 DM
B (AA) @ 165 DM
C (A) @ 190 DM
D-1 (Sr BBB) @ 260 DM
D-2 (BBB) @ 310 DM
D-3A (Jr BBB) @ 425 DM
E (BB) @ 585 DM","Deutsche Bank","5nc2","New Issue","Announced","11/14/2025","12/1/2025","harv2025-3_newissue","BSL",
"False","False","Blue Owl BSL 2025-1","AAA @ 124-125 DM","A-1 (Sr AAA) @ 125 DM
A-2 (AAA) @ 155 DM
B (AA) @ 165 DM
C (A) @ 185 DM
D-1 (Sr BBB) @ 285 DM
D-2 (Jr BBB) @ 420 DM
E (BB) @ 575 DM
F (B) @ 750 DM","Bank of America","5nc2","New Issue","Priced","11/12/2025","12/11/2025","blueowl2025-1_newissue","BSL",
"False","False","Flatiron CLO 31","AAA @ 119-120 DM","A-1 (Sr AAA) @ 120 DM
A-2 (Jr AAA) @ 145 DM
B (AA) @ 155 DM
C (A) @ 175 DM
D-1 (Sr BBB) @ 250 DM
D-2 (Jr BBB) @ 355 DM
E (BB) @ 460 DM
F (B) @ 750 DM","Morgan Stanley","5nc2","New Issue","Priced","11/12/2025","12/5/2025","flatiron31_newissue","BSL",
"False","False","AGL CLO 5","AR3 (AAA) @ 120 DM
BR3 (AA) @ 150-160 DM
CR3 (A) @ 175-180 DM
D1R3 (Sr BBB) @ 270-280 DM
D2R3 (Jr BBB) @ 370-380 DM
ER3 (BB) @ 475-500 DM
","AR3 (AAA) @ 120 DM
BR3 (AA) @ 160 DM
CR3 (A) @ 185 DM
D1R3 (Sr BBB) @ 270 DM
D1BR3 (BBB) @ 315 DM
D2R3 (Jr BBB) @ 395 DM
ER3 (BB) @ 515 DM
","SMBC","5nc2","Reset","Priced","11/12/2025","11/25/2025","agl5_reset2025","BSL",
"False","False","MADISON PARK FUNDING XLVIII (48)","AR (AAA) @ 121-122 DM
BR (AA) @ 155-160 DM
CR (A) @ 175a DM
D1R (Sr BBB) @ 265-270 DM
D2R (Jr BBB) @ 365-370 DM
ER (BB) @ 510-525 DM","AR (AAA) @ 122 DM
BR (AA) @ 155 DM
CR (A) @ 175 DM
D1R (Sr BBB) @ 265 DM
D2R (Jr BBB) @ 385 DM
ER (BB) @ 600 DM
FR (BB) @ 706 DM","SMBC","5nc2","Reset","Priced","11/10/2025","11/21/2025","mdpk2021-48_resest","BSL",
"False","False","AMMC CLO 33","A (AAA) @ 127 DM
B (AA) @ 160-165 DM
C (A) @ 185-190 DM
D (Sr BBB) @ 275-285 DM
E (BB) @ 550a DM","A (AAA) @ 127 DM
B (AA) @ 165 DM
C (A) @ 190 DM
D (Sr BBB) @ 290 DM
E (BB) @ 600 DM","JPMorgan","5nc2","New Issue","Announced","11/10/2025","11/26/2025","ammc33_newissue","BSL",
"False","False","Antares CLO 2025-1","A1 (Sr AAA) @ 140a DM
A2 (Jr AAA) TBD
B (AA) TBD
C (A) TBD",,"Bank of America","5nc2","New Issue","Announced","11/10/2025",,"ant2025-01_newissue","MM",
"False","False","Balboa Bay Loan Funding 2025-2","A (AAA) @ 122-124 DM
B (AA) @ 155-160 DM
C1 (Sr A) @ 170 DM
C2 (Jr A) @ 200 DM
D (BBB) @ 265 DM
E (BB) @ 500-515 DM","A 1(Sr AAA) @ 125 DM
A2 (Jr AAA) @ 150 DM
B (AA) @ 160 DM
C1 (Sr A) @ 175 DM
C2 (Jr A) @ 205 DM
D1 (Sr BBB) @ 265 DM
D2 (Jr BBB) @ 385 DM
E (BB) @ 525 DM","Deutsche Bank","5nc2","New Issue","Priced","11/6/2025","11/21/2025"," boba2025-2_newissue","BSL",
"False","False","Diameter Capital CLO 13","A (AAA) @ 124-125 DM
B (AA) @ 155-160 DM
C (A) @ 175-180 DM
D1 (Sr BBB) @ 255-265 DM (24mm)
D2 (Jr BBB) @ 360-370 DM (2mm)
E (BB) @ 475-485 DM","Class A-1 (Sr AAA) @ 123 DM
Class A-2 (Jr AAA) @ 150 DM
Class B (AA) @ 155 DM
Class C (A) @ 180 DM
Class D-1 (Sr BBB) @ 255 DM
Class D-2 (Jr BBB) @ 365 DM
Class E (BB) @ 460 DM","Morgan Stanley","5nc2","New Issue","Priced","11/6/2025","11/26/2025","diameter12_newissue","BSL",
"False","False","REGATTA XXVI FUNDING","A1R (Sr AAA) @ 121-122 DM
A2R (Jr AAA) @ 140-145 DM
BR (AA) @ 155-160 DM
CR (A) @ 175-180 DM
D1R (Sr BBB) @ 260-270 DM
D2R (Jr BBB) @ 390-400 DM
ER (BB) @ 550-565 DM","A-1-R (Sr AAA) @ 125 DM
A-2-R (Jr AAA) @ 148 DM
B-R (AA) @ 160 DM
C-R (A) @ 185 DM
D-1-R (Sr BBB) @ 260 DM
D-2-R (BBB) @ 305 DM
D-3-R (Jr BBB) @ 425 DM
E-R (BB) @ 590 DM","Nomura","5nc2","Reset","Priced","11/6/2025","11/26/2025"," reg26_reset","BSL",
"False","False","TRIMARAN CAVU 2025-3","A! (Sr AAA) Preplaced
A2 (Jr AAA) @ 145a DM
B (AA) @ 160-165 DM
C (A) @ 180-185 DM
D1 (Sr BBB) @ 270-275 DM
D2 (Jr BBB) @ 390a DM
E (BB) @ 525a DM","A (AAA) @ 125 DM
B (AA) @ 165 DM
C (A) @ 185 DM
D-1 (Sr BBB) @ 285 DM
D-2 (Jr BBB) @ 400 DM
E (BB) @ 575 DM","JPMorgan","5nc2","New Issue","Priced","11/5/2025","11/20/2025","cavu2025-3_newissue","BSL",
"False","False","Symphony CLO 28","X @ 80a DM
AR (AAA) @ 113-115 DM
BR (AA) @ 150-155 DM
CR (A) @ 175-180 DM
DR (BBB) @ 260-270 DM
ER (BB) @ 600a DM",,"Scotia","3nc1","Reset","Announced","11/5/2025",,"symph28_reset","BSL",
"False","False","Sixth Street CLO XII",,"A-1-R2 (Sr AAA) @ 120 DM
A-2-R2 (AAA) @ 145 DM
B-R2 (AA) @ 160 DM
C-R2 (A) @ 180 DM
D-1-R2 (Sr BBB) @ 260 DM
D-2-R2 (Jr BBB) @ 370 DM
E-R2 (BB) @ 505 DM","SMBC","5nc2","Reset","Priced","11/5/2025","11/26/2025","sixst12_reset_2025","BSL",
"False","False","ICG US CLO 2017-1",,"A-R3 (Sr AAA) @ 113 DM
B-R3 (AA) @ 160 DM
C-R3 (A) @ 205 DM","Wells Fargo","0.5nc0.5","Refinancing","Priced","11/5/2025","11/26/2025","icg2017-1_refi","BSL",
"False","False","Ares LIII CLO",,"A1R2 (Sr AAA) @ 109 DM
A2R2 (Jr AAA) @ 140 DM
BR2 (AA) @ 155 DM
CR2 (A) @ 180 DM
D1R2 (Sr BBB) @ 245 DM
D2R2 (Jr BBB) @ 425 DM
ER2 (BB) @ 550 DM","Nomura","2nc1","Refinancing","Priced","11/5/2025","11/25/2025","ares53_refi_2025","BSL",
"False","False","Gallatin CLO X 2023-1",,"A-R (Sr AAA) @ 128 DM
B-R (AA) @ 185 DM
C-1-R (Sr A) @ 230 DM
D-1-R (Sr BBB) @ 360 DM
D-2-R (Jr BBB) @ 772 DM
E-R (BB) @ 717 DM","SMBC","3nc1","Reset","Priced","11/5/2025","11/25/2025","gallX2023-1_reset","BSL",
"False","False","Trinitas CLO X",,"A-R-2 (Sr AAA) @ 114 DM
B-1-R-2 (AA) @ 170 DM
C-R-2 (A) @ 200 DM","BMO","1nc0.75","Refinancing","Priced","11/5/2025","11/26/2025","trin2019-10_refi","BSL",
"False","False","Carlyle US CLO 2025-7",,"A-1 (Sr AAA) @ 121 DM
A-2 (Jr AAA) @ 144 DM
B (AA) @ 155 DM
C (A) @ 180 DM
D-1 (Sr BBB) @ 255 DM
D-2 (Jr BBB) @ 365 DM
E (BB) @ 485 DM","Citigroup","5nc2","New Issue","Priced","11/5/2025","11/20/2025","carlyle2025-7_newissue","BSL",
"False","False","ASP PIF CLO I","A1 (Sr AAA) @ 148-150 DM
A2 (Jr AAA) @ 165-170 DM
B (AA) @ 185 DM
C (A) @ 205-215 DM
D (BBB) retained","A1 (Sr AAA) @ 148 DM (203mm)
A2 (Jr AAA) @ 165 DM (9mm)
B (AA) @ 185 DM
C (A) @ 210 DM
D (BBB) @ 310 DM","Goldman Sachs","4nc2","New Issue","Priced","11/5/2025","11/19/2025","asp1_newissue","BSL",
"False","False","RAD CLO 31","A1A (Sr AAA) @ 122 DM (288mm)
A1B (Jr AAA) @ 145 DM (4.5mm)
A2 (AA) @ 160-165 DM (49.5mm)
B (A) @ 175-180 DM
C1A (Sr BBB) call desk
C1B (BBB) call desk
C2 (Jr BBB) @ 370-380 DM
D (BB) @ 510-525 DM","A1A (Sr AAA) @ 122 DM (288mm)
A1B (Jr AAA) @ 145 DM (4.5mm)
A2 (AA) @ 165 DM (49.5mm)
B (A) @ 185 DM
C1A (Sr BBB) 240 DM
C1B (BBB) 320 DM
C2 (Jr BBB) @ 380 DM","Citigroup","5nc2","New Issue","Priced","11/4/2025",,"rad31_newissue","BSL",
"False","False","Whitebox CLO I","XR3 @ 95 DM
A1R3 (Sr AAA) @ 115 DM (254mm)
A2R3 (Jr AAA) call desk
BR3 (AA) @ 150-155 DM
CR3 (A) @ 170-175 DM
D1R3 (Sr BBB) @ 260-270 DM (24mm)
D2R3 (Jr BBB) @ 375 DM (4mm)
ER3 (BB) @ 500-525 DM",,"Mizuho","3nc1","Reset","Announced","11/4/2025",,"wbox2019-1_reset","BSL",
"False","False","Magnetite LII","A1 (SR AAA) Call Desk
A2 (Jr AAA) @ 140a DM
B1 (AA) @ 150-155 DM
C (A) @ 170-175 DM
D1 (Sr BBB) @ 245a DM
D2 (Jr BBB) @ 345 DM
E (BB) @ 445-450 DM",,"BNP Paribas","5nc2","New Issue","Announced","11/4/2025",,"magne52_newissue","BSL",
"False","False","Pikes Peak CLO 20",,"A1 (Sr AAA) @ 124 DM
A2 (Jr AAA) @ 150 DM
B (AA) @ 165 DM
C1 (Sr A) @ 170 DM
C2 (Jr A) @ 200 DM
D (BBB) @ 270 DM
E (BB) @ 510 DM","Deutsche Bank","5nc2","New Issue","Priced","11/4/2025","11/4/2025","pikes20_newissue","BSL",
"False","False","OFSI BSL XI CLO",,"A1RR (Sr AAA) @ 130 DM
AJRR (Jr AAA) @ 155 DM
BRR (AA) @ 175 DM
C1RR (A) @ 230 DM
D1RR (Sr BBB) @ 371 DM
ERR (BB) @ 815 DM","Goldman Sachs","5nc2","Reset","Priced","11/4/2025","11/21/2025","ofsi11_reset","BSL",
"False","False","Park Blue CLO 2025-X","AAA @ 124-125 DM","A1 (Sr AAA) @ 128 DM
A2 (Jr AAA) @ 150 DM
B (AA) @ 170 DM
C (A) @ 193 DM
D1 (Sr BBB) @ 290 DM
D2 (Jr BBB) @ 415 DM
E (BB) @ 575 DM","Jefferies","5nc2","New Issue","Priced","11/3/2025","11/25/2025","cntrbrdg10_newissue","BSL",
"False","False","Eldridge MMPC CLO 2025-2","A1 (Sr AAA) @ 147 DM",,"Wells Fargo","4nc2","New Issue","Announced","11/3/2025",,"eldmm2025-2_newissue","MM",
"False","False","OCP CLO 2025-48","A (AAA) @ 120 DM
B (AA) @ 150 DM
C (A) @ 170 DM
D1 (Sr BBB) @ 245 DM (30mm)
D2 (Jr BBB) @ 350-360 DM (5mm)
E (BB) @ 455 DM",,"Mizuho","5nc2","New Issue","Announced","11/3/2025",,"ocp48_newissue","BSL",
"False","False","Anchorage Capital CLO 34","A1 (Sr AAA) @ 126-127 DM","A1 (Sr AAA) @ 127 DM
A2 (Jr AAA) @ 150 DM
B (AA) @ 165 DM
C (A) @ 190 DM
D1 (Sr BBB) @ 290 DM
D2 (Jr BBB) @ 405 DM
E (BB) @ 590 DM
F (B) @ 750 DM","Wells Fargo","5nc2","New Issue","Priced","10/31/2025","11/21/2025","anchc34_newissue","BSL",
"False","False","Woodmont 2025-13","A1 (Sr AAA) @ 145 DM (290mm)
A2 (Jr AAA) preplaced
B (AA) preplaced
C (A) @ 210-220 DM
D (BBB) @ 315-325 DM
E (BB) @ 640-660 DM","A-1 (AAA) @ 145 DM
A-2 (AAA) @ 165 DM
B (AA) @ 180 DM
C (A) @ 210 DM
D-1 (Sr BBB) @ 325 DM
D-2 (Jr BBB) @ 480 DM
E (BB) @ 660 DM","Wells Fargo","4nc2","New Issue","Priced","10/31/2025","12/3/2025","wdmnt2025-13_newissue","MM",
"False","False","Great Lakes CLO IX","X @ 100 DM
A1 (Sr AAA) @ 152-153 DM (261mm)
A2 (Jr AAA) @ 167 DM (9mm)
B (AA) @ 175-180 DM
C (A) @ 210-215 DM
D (BBB) @ 330-335 DM
E (BB) @ 650-665 DM","X @ 100 DM
A1 (Sr AAA) @ 155 DM (261mm)
A2 (Jr AAA) @ 167 DM (9mm)
B (AA) @ 180 DM
C (A) @ 215 DM
D (BBB) @ 365 DM
E (BB) @ 680 DM","Citigroup","4nc2","New Issue","Priced","10/31/2025","11/24/2025","grtlk9_newissue","MM",
"False","False","Venture 48 CLO","A1R (AAA) @ 117 DM
B1R (AA) @ 170 DM
C1R (A) @ 205 DM
DR (BBB) @ 325 DM
ER (BB) @ 800 DM",,"Jefferies","3nc1","Refinancing","Announced","10/31/2025",,"ventr48_refi","Jefferies",
"False","False","Woodmont 2025-14","AAA @ 125-127 DM","A! (Sr AAA) @ 125 DM
A@ (Jr AAA) @ 155 DM
B (AA) @ 175 DM
C (A) @ 205 DM","Bank of America","0nc1","New Issue","Priced","10/31/2025","11/20/2025","wdmnt2025-14_newissue","MM",
"False","False","PPM CLO 5",,,"JPMorgan",,"Refinancing","Announced","10/30/2025",,"ppm5_refi","BSL",
"False","False","Bain Capital Credit CLO 2023-4","AAA @ 121-122 DM",,"Morgan Stanley","5nc2","Reset","Announced","10/30/2025",,"bcc2023-4_reset","BSL",
"False","False","OHA Credit Funding 24","A1 (Sr AAA) @ 119 DM (240mm)
A2 (Jr AAA) @ 142 DM (28mm)
B (AA) @ 155 DM
C (A) @ 175 DM
D1 (Sr BBB) @ 250 DM (24mm)
D2 (Jr BBB) @ 350 DM (4mm)
E (BB) @ 450 DM
",,"BNP Paribas","5nc2","New Issue","Announced","10/30/2025",,"ohacf24_newissue","BSL",
"True","True","Barings Infrastructure CLO 2025-1","A1 (Sr AAA) @ 140 DM
A2 (Jr AAA) @ 155 DM
B (AA) @ 170-180 DM
C (A) @ 190-200 DM
D (BBB) @ 290 DM
E (BB) @ 560a DM 
","A1 (Sr AAA) @ 140 DM
A2 (Jr AAA) @ 155 DM
B (AA) @ 180 DM
C (A) @ 210 DM
D (BBB) @ 290 DM
E (BB) @ 570 DM
WACC: 169 bps","Morgan Stanley","5nc2","New Issue","Announced","10/30/2025","12/23/2025","baringsinfra2025-1_newissue","Infra",
"False","False","Sound Point CLO XXIX","ANR (AAA) @ 105 DM
B1R (AA) @ 155-160 DM
CR (A) @ 180-190 DM
DR (BBB) @ 340-350 DM","ANR (AAA) @ 105 DM
B1R (AA) @ 160 DM
CR (A) @ 185 DM","BNP Paribas","0.5nc0.4","Refinancing","Priced","10/30/2025","11/7/2025","sndpt29_refi","BSL",
"False","False","Silver Point CLO 14","A1 (Sr AAA) @ 123-124 DM (320mm)
A2 (Jr AAA) @ 145 DM (10mm)
B (AA) @ 160-165 DM
C (A) @ 180-185 DM
D1 (Sr BBB) @ 265-275 DM (30mm)
D2 (Jr BBB) @ 375 DM (5mm)
E (BB) @ 515-525 DM",,"Wells Fargo","5nc2","New Issue","Announced","10/30/2025",,"spclo14_newissue","BSL",
"False","False","AGL Core CLO 27","XR @ 80 DM
AR (AAA) @ 120 DM
BR (AA) @ 145-150 DM
CR (A) @ 160-165 DM",,"Barclays","5nc2","Reset","Announced","10/30/2025",,"aglcore27_reset","BSL",
"False","False","Sixth Street CLO 31","A1 (Sr AAA) call desk
A2 (Jr AAA) call desk
B (AA) @ 155 DM
C (A) @ 175 DM
D (BBB) call desk
E (BB) @ 460-475 DM",,"BNP Paribas","5nc2","New Issue","Announced","10/30/2025",,"sixst31_newissue","BSL",
"False","False","Kings Park","A (AAA) @ 100 DM B (AA) @ 200 DM C (A) @ 300 DM D (BBB) @ 400 DM E (BB) @ 500 DM","A-R (AAA) @ 120 DM
B-1-R (Sr AA) @ 160 DM
C-R (A) @ 180 DM
D-1-R (Sr BBB) @ 285 DM
D-2-R (Jr BBB) @ 425 DM
E-R (BB) @ 605 DM","Nomura","5nc2","Reset","Priced","10/30/2025","11/26/2025","kingspk_reset_2025","BSL",
"False","False","Atlas Senior Loan Fund XVI","A (AAA) @ 107 DM
B1 (AA) @ 160 DM
C1 (A) @ 190 DM
D (BBB) @ 325 DM
E (BB) @ 700 DM","AR (AAA) @ 110 DM
B1R (AA) @ 165 DM
C1R (A) @ 190 DM","Citigroup","0.25nc0.5","Refinancing","Priced","10/29/2025","11/10/2025","atclo16_refi","BSL",
"False","False","Ares Direct Lending CLO 7","A1 (Sr AAA) @ 140 DM (570mm)
A2 (Jr AAA) @ 165 DM (50mm)
B (AA) @ 185 DM","A1 (Sr AAA) @ 140 DM (570mm)
A2 (Jr AAA) @ 165 DM (50mm)
B (AA) @ 185 DM","Wells Fargo","4nc2","New Issue","Priced","10/29/2025","10/29/2025","aresdl7_newissue","MM",
"False","False","MidOcean CLO XX","A1 (Sr AAA) @ 123 DM
A2 (Jr AAA) @ 145a DM
B (AA) @ 160 DM
C1 (Sr A) @ 175 DM
C2 (Jr A) @ 205 DM
D1 (Sr BBB) @ 265 DM
D2 (Jr BBB) @ 365-375 DM
E (BB) @ 500a DM","A1 (Sr AAA) @ 123 DM
A2 (Jr AAA) @ 150 DM
B (AA) @ 160 DM
C1 (Sr A) @ 175 DM
C2 (Jr A) @ 205 DM
D1 (Sr BBB) @ 265 DM
D2 (Jr BBB) @ 410 DM
E (BB) @ 500 DM","BNP Paribas","5nc2","Reset","Priced","10/29/2025","11/7/2025","mido20_reset","BSL",
"False","False","Atlantic Avenue 2023-1","AR (AAA) @ 136-137 DM
BR (AA) @ 170-175 DM
CR (A) @ 200-210 DM
DR1 (Sr BBB) @ 320-330 DM
DR2 (Jr BBB) @ 420-430 DM
ER (BB) @ 615-625 DM","AR (AAA) @ 136 DM
BR (AA) @ 180 DM
CR (A) @ 220 DM
DR1 (Sr BBB) @ 330 DM
ER (BB) @ 725 DM","JPMorgan","5nc2","Reset","Priced","10/29/2025","11/21/2025","mccp2023-1_reset","BSL",
"False","False","Palmer Square Loan Funding 2025-3","A1 (AAA) @ 95 DM
A2 (AA) @ 135-145 DM
B (A) @ 160-170 DM
C (BBB) @ 245-255 DM
D (BB) @ 440-460 DM",,"Citigroup","0nc1","New Issue","Announced","10/28/2025",,"pstat2025-3_newissue","BSL",
"False","False","Bayfront IABS VII","tbd",,"BNP Paribas","0nc3","New Issue","Announced","10/28/2025",,"bayfrt7_newissue","Infra",
"False","False","CIFC Funding 2025-VIII","A1 (Sr AAA) call desk
A2 (Jr AAA) circled
B (AA) circled
C (A) @ 170-175 DM
D1 (Sr BBB) subject
D2 (BBB) subject
D3 (Jr BBB) @ 350-360 DM
E (BB) @ 460-470 DM","A1 (Sr AAA) @ 119 DM
A2 (Jr AAA) @ 142 DM
B (AA) @ 155 DM
C (A) @ 179 DM
D1 (Sr BBB) @ 250 DM
D2 (BBB) @ 270 DM
D3 (Jr BBB) @ 360 DM
E (BB) @ 475 DM","Nomura","5nc2","New Issue","Announced","10/28/2025","11/6/2025","cifc2025-8_newissue","BSL",
"True","True","Jefferies Credit Partners BDC CLO II","A (AAA) @ 150-155 DM","A1 (Sr AAA) @ 153 DM
A2 (Jr AAA) @ 165 DM
B (AA) @ 185 DM
C (A) @ 220 DM
D1 (Sr BBB) @ 340 DM
D2 (Jr BBB) @ 500 DM
E (BB) @ 685 DM
WACC: 317 bps","JPMorgan","4nc2","New Issue","Announced","10/28/2025",,"jcpbdc2_newissue","MM",
"False","False","Tikehau US CLO IV","A1R (Sr AAA) @ 130 DM (300mm)
A2R (Jr AAA) @ 160 DM (12.5mm)
BR (AA) @ 170 DM
CR (A) @ 185-190 DM
DR (BBB) @ 280-290 DM
ER (BB) @ 650 DM",,"Barclays","5nc2","Reset","Announced","10/28/2025",,"tko4_reset","BSL",
"False","False","Polen Capital CLO 2025-2","A1 (Sr AAA) @ 133 DM (248mm)
A2 (Jr AAA) @ 150-155 DM (12mm)
B (AA) @ 165 DM
C (A) @ 195-200 DM
D1 (Sr BBB) @ 315-325 DM (24mm)
D2 (Jr BBB) @ 410-420 DM (2mm)
E (BB) @ 565-575 DM
F (B) retained","A1 (Sr AAA) @ 133 DM (248mm)
A2 (Jr AAA) @ 160 DM (12mm)
B (AA) @ 175 DM
C (A) @ 200 DM
D1 (Sr BBB) @ 325 DM (24mm)
D2 (Jr BBB) @ 420 DM (2mm)
E (BB) @ 595 DM
F (B) @ 750 DM","Bank of America","5nc2","New Issue","Priced","10/28/2025","11/7/2025","polen2_newissue","BSL",
"False","False","Orion CLO 2023-1","A1R (Sr AAA) @ 122 DM (288mm)
A2R (Jr AAA) @ 145-150 DM (9mm)
BR (AA) @ 160-165 DM
CR (A) @ 180-190 DM
D1R (Sr BBB) @ 270-280 DM (27mm)
D2R (Jr BBB) @ 380-390 DM (4.5mm)
ER (BB) @ 500-525 DM","A1R (Sr AAA) @ 122 DM (288mm)
A2R (Jr AAA) @ 150 DM (9mm)
BR (AA) @ 170 DM
CR (A) @ 190 DM
D1R (Sr BBB) @ 290 DM (27mm)
D2R (Jr BBB) @ 400 DM (4.5mm)","Bank of America","5nc2","Reset","Priced","10/28/2025","11/7/2025","orion2023-1_reset","BSL",
"False","False","Cerberus Loan Funding 53","A (AAA) @ 146-148 DM
B (AA) @ 175 DM
C (A) @ 200 DM
D (BBB) @ 305 DM",,"Natixis","4nc2","New Issue","Announced","10/28/2025",,"cerb53_newissue","MM",
"False","False","Bain Capital Credit CLO 2020-4",,"A1R2 (SR AAA) @ 115 DM
A2R2 (Jr AAA) @ 150 DM
BR2 (AA) @ 160 DM
CR2 (A) @ 185 DM
D1AR2 (BBB) @ 295 DM
ER2 (BB) @ 675 DM","Mizuho","3nc1","Refinancing","Priced","10/28/2025","10/29/2025","bain2020-4_refi","BSL",
"False","False","Dryden 112 CLO","AAA @ 113-115 DM","AR2 (AAA) @ 114 DM
BR2 (AA) @ 170 DM
CR2 (A) @ 200 DM
D1R2 (Sr BBB) @ 300 DM
D2R2 (Jr BBB) @ 380 DM
ER2 (BB) @ 725 DM","JPMorgan","3nc0.75","Refinancing","Priced","10/27/2025","11/7/2025","drslf112_refi","BSL",
"True","False","Starwood 2026-SIF7","A (AAA) @ 150 DM
B (AA) @ 180-190 DM
C (A) @ 210-220 DM
D (BBB) @ 300-310 DM","A (AAA) @ 150 DM
B (AA) @ 190 DM
C (A)  @ 220 DM
D (BBB) @ 310 DM
WACC: 168 bps","Mitsubishi","3nc1.5","New Issue","Upcoming","10/27/2025","12/23/2025","sif7_newissue","Infra",
"False","False","Barings CLO 2025-VII","X @ 85 DM
A1 (Sr AAA) @ 113 DM (320mm)
A2 (Jr AAA) @ 135 DM (10mm)
B (AA) @ 145-150 DM
C (A) @ 170-175 DM
D1 (Sr BBB) @ 260 DM (30mm)
D2 (Jr BBB) @ 370 DM (5mm)
E (BB) @ 475 DM
F (B) @ 750 DM","X @ 85 DM
A1 (Sr AAA) @ 114 DM (320mm)
A2 (Jr AAA) @ 140 DM (10mm)
B (AA) @ 150 DM
C (A) @ 175 DM
D1 (Sr BBB) @ 270 DM (30mm)
D2 (Jr BBB) @ 370 DM (5mm)
E (BB) @ 495 DM
F (B) @ 840 DM","Wells Fargo","3nc1","New Issue","Priced","10/27/2025","11/12/2025","babsn2025-7_newissue","BSL",
"False","False","Chamonix Infrastructure Funding I CLO","AF (Sr AAA) @ 155 DM (201.67mm)
AD (Sr AAA; delayed draw) not offered
B (AA) @ 185 DM
C (A) @ 225 DM
D (BBB) @ 335 DM","A-F (AAA) @ 150 DM
B   (AA)  @ 200 DM
C   (A)   @ 360 DM
D   (BBB) @ 495 DM","Natixis","0nc2","New Issue","Priced","10/27/2025","2/13/2026","chamonix1_newissue","Infra",
"False","False","Cedar Funding VII CLO","XR2 @ 100 DM
AR2 (Sr AAA) @ 122-124 DM (183mm)
BR2 (AA) @ 160 DM (45mm)
CR2 (A) @ 180 DM
DR2 (BBB) @ 305 DM
ER2 (BB) @ 585 DM","XR2 @ 105 DM
AR2 (Sr AAA) @ 128 DM (183mm)
BR2 (AA) @ 160 DM (45mm)
CR2 (A) @ 185 DM
D1R2 (Sr BBB) @ 300 DM
DR2 (BBB) @ 400 DM
ER2 (BB) @ 625 DM","Jefferies","5nc2","Reset","Priced","10/27/2025","11/7/2025","cedf7_reset","BSL",
"False","False","Cathedral Lake VIII","A1R (Sr AAA) @ 111 DM (240mm)
A2R (Jr AAA) @ 130 DM (16mm)
BR (AA) @ 155 DM
CR (A) @ 185 DM
D1R (Sr BBB) @ 325 DM (20mm)
D2R (Jr BBB) @ 420 DM (8mm)
ER (BB) @ 700 DM",,"Jefferies","1nc0.5","Refinancing","Announced","10/24/2025",,"catlk8_refi","BSL",
"False","False","OBRA CLO 3","A (AAA) @ 126-128 DM",,"Goldman Sachs","5nc2","New Issue","Announced","10/24/2025",,"obra3_newissue","BSL",
"True","True","RIN X","AAA @ LM130s","A1 (Sr AAA) @ 135 DM
A2 (Jr AAA) @ 155 DM
B (AA) @ 175 DM
C (A) @ 195 DM
D (BBB) @ 290 DM
E (BB) @ 560 DM","CIBC","5nc2","New Issue","Priced","10/24/2025","11/21/2025","rin10_newissue","Infra",
"True","False","Cayuga Park CLO","XR2 @ 80 DM
AR2 (AAA) @ 119-120 DM
B1R2 (AA) @ 155 DM
B2R2 (AA; fixed) @ +155 bps (20mm)
CR2 (A) @ 175 DM
DR2 (BBB) @ 265 DM
ER2 (BB) @ 500 DM","XR2 @ 90 DM
AR2 (AAA) @ 120 DM
B1R2 (AA) @ 155 DM
CR2 (A) @ 180 DM
DR2 (BBB) @ 275 DM
ER2 (BB) @ 550 DM","Wells Fargo","5nc2","Reset","Priced","10/24/2025","11/12/2025","cygpk_reset2","BSL",
"False","False","Ares LXXVIII CLO","A1 (Sr AAA) @ 122 DM (320mm)
A2 (Jr AAA) @ 140-145 DM (10mm)
B (AA) @ 155 DM
C (A) @ 175 DM
D1 (Sr BBB) call desk
D2 (BBB) call desk
D3 (Jr BBB) @ 365 DM
E (BB) @ 480 DM",,"Scotia","5NC2","New Issue","Announced","10/23/2025",,"ares78_newissue","BSL",
"False","False","Neuberger Berman Loan Advisers CLO 49","XR @ 80 DM
AR (AAA) @ 113 DM
BR (AA) @ 145-155 DM
CR (A) @ 170-175 DM
D1R (Sr BBB) @ 260-270 DM (38.4mm)
D2R (Jr BBB) @ 375 DM (6.4mm)
ER (BB) @ 475-500 DM","XR @ 94 DM
AR (AAA) @ 113 DM
BR (AA) @ 155 DM
CR (A) @ 175 DM
D1R (Sr BBB) @ 255 DM (38.4mm)
D2R (Jr BBB) @ 370 DM (6.4mm)
ER (BB) @ 485 DM","Citigroup","3nc1","Reset","Priced","10/23/2025","11/10/2025","neub49_reset","BSL",
"False","False","Octagon Investment Partners 43","XR @ 80 DM
ARL (AAA) @ 121 DM
BR (AA) @ 160 DM
CR (A) @ 180 DM
D1R (Sr BBB) @ 275 DM (20mm)
D2R (Jr BBB) @ 375 DM (7.75mm)
ER (BB) @ 575 DM",,"Citigroup","5nc2","Reset","Announced","10/23/2025",,"oct43_reset","BSL",
"False","False","Birch Grove CLO 15","A1 (Sr AAA) @ 123 DM","A1 (Sr AAA) @ 125 DM
A2 (Jr AAA) @ 150 DM
B (AA) @ 160 DM
C (A) @ 182 DM
D1 (Sr BBB) @ 260 DM
D2 (Jr BBB) @ 375 DM
E (BB) @ 520 DM","GreensLedge","5nc2","New Issue","Priced","10/23/2025","11/25/2025","bgclo15_newissue","BSL",
"False","False","Trysail CLO 2021-1","A1R (Sr AAA) @ 133 DM","A1R (Sr AAA) @ 135 DM
AJR (Jr AAA) @ 165 DM
BR (AA) @ 185 DM
C1R (A) @ 220 DM
D1R (Sr BBB) @ 340 DM
DJR (Jr BBB) @ 425 DM
ER (BB) @ 680 DM","Jefferies","3nc1","Reset","Priced","10/23/2025","11/10/2025","trysail2021-1_reset","BSL",
"False","False","Abry Liquid Credit CLO 2025-2","AAA @ 130 DM",,"SMBC","5nc2","New Issue","Announced","10/22/2025",,"Abry Liquid Credit CLO 2025-2","BSL",
"False","False","Ballyrock CLO 17","A1AR (Sr AAA) @ 121 DM (320mm)
A1BR (Jr AAA) @ 150 DM (10mm)
A2R (AA) @ 160 DM
BR (A) @ 195 DM
C1R (Sr BBB) @ 270 DM (25mm)
C2R (Jr BBB) @ 395 DM (10mm)
DR (BB) @ 610 DM",,"Wells Fargo","5nc2","Reset","Announced","10/22/2025",,"bally17_reset","BSL",
"False","False","Apidos CLO LV","A1 (Sr AAA) @ 120-121 DM",,"Jefferies","5nc2","New Issue","Announced","10/21/2025",,"apid55_newissue","BSL",
"False","False","Benefit Street Partners CLO XXI","A1RR (Sr AAA) @ 121-123 DM (288mm)
A2RR (Jr AAA) @ 140-145 DM (9mm)
BRR (AA) @ 155-160 DM
CRR (A) @ 175-185 DM
D1RR (Sr BBB) @ 260-275 DM (27mm)
D2RR (Jr BBB) @ 360-375 DM (4.5mm)
ERR (BB) @ 475-495 DM","A1RR (Sr AAA) @ 124 DM (288mm)
A2RR (Jr AAA) @ 145 DM (9mm)
BRR (AA) @ 160 DM
CRR (A) @ 175 DM
D1RR (Sr BBB) @ 275 DM (27mm)
D2RR (Jr BBB) @ 380 DM (4.5mm)
ERR (BB) @ 495 DM","Natixis","5nc2","Reset","Priced","10/21/2025","11/4/2025","bsp21_reset","BSL",
"True","True","Battalion CLO XXX","A1 (Sr AAA) @ 125 DM (252mm)
A2 (Jr AAA) @ 147 DM (12mm)
B (AA) @ 160-165 DM
C (A) @ 185-190 DM
D1 (Sr BBB) @ 270-280 DM (24mm)
D2 (Jr BBB) @ 375-385 DM (4mm)
E (BB) @ 525-540 DM","A1 (Sr AAA) @ 125 DM
A2 (Jr AAA) @ 147 DM
B (AA) @ 160 DM
C (A) @ 200 DM
D1 (BBB) @ 295 DM
E (BB) @ 580 DM","BNP Paribas","5nc2","New Issue","Priced","10/20/2025","11/4/2025","batln30_newissue","BSL",
"False","False","Octagon 50",,"AR2 (AAA) @ 108 DM
BR2 (AA) @ 155 DM
CR2 (A) @ 200 DM","Scotia","1.5nc0.5","Refinancing","Priced","10/20/2025","11/7/2025","oct50_refi","BSL",
"False","False","Palmer Square CLO 2020-3","A1R2 (AAA) @ 113 DM","A1R3 (Sr AAA) @ 113 DM (248mm)
A2R3 (Jr AAA) @ 160 DM (56mm)
BR3 (A) @ 195 DM
CR3 (BBB) @ 295 DM
DR3 (BB) @ 650 DM","JPMorgan","3nc1","Refinancing","Priced","10/20/2025","11/3/2025","plmrs2020-3_refi","BSL",
"False","False","Golub Capital CLO 84(B)","A1 (Sr AAA) preplaced
A2 (Jr AAA) @ 140-145 DM
B (AA) @ 155 DM
C (A) @ 170-175 DM
D1 (Sr BBB) @ 250-260 DM (24mm)
D2 (Jr BBB) @ 355-360 DM (4mm)
E (BB) @ 470-480 DM","A1 (Sr AAA) @ 121 DM (240mm)
A2 (Jr AAA) @ 143 DM (16mm)
B (AA) @ 160 DM
C (A) @ 180 DM
D1 (Sr BBB) @ 270 DM (24mm)
D2 (Jr BBB) @ 365 DM (4mm)
E (BB) @ 490 DM","JPMorgan","5nc2","New Issue","Priced","10/17/2025","10/30/2025","gcbsl84_newissue","BSL",
"False","False","Madison Park Funding LXXV","A1 (Sr AAA) call desk
A2 (Jr AAA) @ 140 DM
B (AA) @ 150-155 DM
C (A) @ 170-175 DM
D1 (Sr BBB) @ 250-260 DM (36mm)
D2 (Jr BBB) @ 360-370 DM (6mm)
E (BB) @ 470-480 DM
F (B) call desk","A1 (Sr AAA) @ 121 DM
A2 (Jr AAA) @ 145 DM
B (AA) @ 160 DM
C (A) @ 185 DM
D1 (BBB) @ 270 DM
E (BB) @ 510 DM
F (B) 810 DM","Bank of America","5nc2","New Issue","Priced","10/17/2025","11/6/2025","mdpk75_newissue","BSL",
"False","False","Canyon CLO 2025-3","A1 (Sr AAA) @ 123 DM (320mm)
A2 (Jr AAA) @ 140-145 DM (10mm)
B (AA) @ 150-155 DM (50mm)
C (A) @ 170-175 DM
D1 (Sr BBB) @ 260-270 DM (30mm)
D2 (Jr BBB) @ 360-370 DM (5mm)
E (BB) @ 480-490 DM
F (B) @ 700 DM","A1 (Sr AAA) @ 123 DM (320mm)
A2 (Jr AAA) @ 143 DM (10mm)
B (AA) @ 160 DM
C1 (Sr A) @ 175 DM (20mm)
C2 (Jr A) @ 205 DM (10mm)
D1 (Sr BBB) @ 270 DM (25mm)
D2 (BBB) @ 325 DM (5mm)
D3 (Jr BBB) @ 425 DM (5mm)
E (BB) @ 500 DM
F (B) retained","Jefferies","5nc2","New Issue","Priced","10/17/2025","10/30/2025","canyc2025-3_newissue","BSL",
"False","False","OCP Aegis CLO 2025-47","A1 (Sr AAA) @ 111 DM (280mm)
A2 (Jr AAA) @ 130-135 DM (4mm)
B (AA) @ 140-145 DM
C (A) @ 160-170 DM
D1 (Sr BBB) @ 240-245 DM (16mm)
D2 (Jr BBB) @ 350-360 DM (4mm)
E (BB) @ 450-460 DM","A1 (Sr AAA) @ 111 DM (280mm)
A2 (Jr AAA) @ 140 DM (4mm)
B (AA) @ 160 DM
C (A) @ 180 DM
D1A (Sr BBB) @ 260 DM (12mm)
D1B (Sr BBB; fixed) @ 6.16% (4mm; +260)
D2 (Jr BBB) @ 365 DM (4mm)
E (BB) @ 500 DM","Bank of America","3nc1","New Issue","Priced","10/17/2025","11/3/2025","ocp2025-47_newissue","BSL",
"False","False","KKR CLO 59","A1 (Sr AAA) @ 124-125 DM","A1 (Sr AAA) @ 124 DM
A2 (Jr AAA) @ 145 DM
B (AA) @ 160 DM
C1 (Sr A) @ 175 DM
C2 (Jr A) @ 205 DM
D1 (Sr BBB) @ 290 DM
D2 (Jr BBB) @ 375 DM
E (BB) @ 535 DM","Scotia","5nc2","New Issue","Priced","10/17/2025","11/10/2025","kkr59_newissue","BSL",
"False","False","Beechwood Park CLO","A1RR (Sr AAA) @ 105-107 DM","A1RR (Sr AAA) @ 107 DM (484mm)
A2RR (Jr AAA) @ 133 DM (36mm)
B1RR (AA) @ 145 DM
C1RR (Sr A) @ 175 DM (32mm)
C2RR (Jr A) @ 210 DM (12.4mm)
DRR (BBB) @ 300 DM
ERR (BB) @ 630 DM","Goldman Sachs","1.25nc0.5","Refinancing","Priced","10/16/2025","10/31/2025","bchpk_refi","BSL",
"False","False","Garnet CLO 4","A1 (Sr AAA) @ 124 DM (320mm)
A2 (Jr AAA) @ 145 DM (10mm)
B (AA) @ 155-160 DM
C (A) @ 175 DM
D (BBB) @ 270-275 DM (30mm)
E (BB) @ 490-500 DM.
F (B) call desk","A1 (Sr AAA) @ 124 DM (320mm)
A2 (Jr AAA) @ 145 DM (10mm)
B (AA) @ 160 DM
C (A) @ 182 DM
D1 (Sr BBB) @ 260 DM (30mm)
D2 (Jr BBB) @ 305 DM
E (BB) @ 500 DM
F (B) @ 669 DM
E (BB) @ 490-500 DM.
F (B) call desk","Citigroup","5nc2","New Issue","Priced","10/16/2025","11/13/2025","garnet4_newissue","BSL",
"False","False","GoldenTree Loan Management US CLO 27","X @ 75 DM
A1 (Sr AAA) @ 119-120 DM (384mm)
A2 (Jr AAA) @ 140 DM (12mm)
B (AA) @ 150-155 DM
C (A) @ 170-175 DM
D1 (Sr BBB) @ 250-260 DM (36mm)
D2 (Jr BBB) @ 360 DM (6mm)
E (BB) @ 460-475 DM
F (B) @ 725-750 DM","X @ 80 DM
A1 (Sr AAA) @ 119 DM (384mm)
A2 (Jr AAA) @ 142 DM (12mm)
B (AA) @ 160 DM
C (A) @ 170 DM
D1 (Sr BBB) @ 260 DM (36mm)
D2 (Jr BBB) @ 365 DM (6mm)
E (BB) @ 475 DM","Wells Fargo","5nc2","New Issue","Priced","10/16/2025","11/4/2025","glm27_newissue","BSL",
"False","False","Elmwood CLO 46","A-1 (Sr AAA) @ 120 DM","A1R (Sr AAA) @ 120 DM
A2 (Jr AAA) @ 137 DM
B (AA) @ 160 DM
C (A) @ 180 DM
D1 (Sr BBB) @ 265 DM
D2 (Jr BBB) @ 365 DM
E ( BB) @ 500 DM","RBC","5nc2","New Issue","Priced","10/15/2025",,"elm46_newissue","BSL",
"False","False","RR 42 (fka RRX7)","A-1A-R (Sr AAA) @ 121 DM
A-1B-R (Jr AAA) @ 140-145 DM
A-2-R (AA) @ 155a DM
B-R (A) @ 170-175 DM
C-1-R (Sr BBB) Call Desk
C-2-R (Jr BBB) @ 360a DM
D-R (BB) @ 460-470 DM","A-1A-R (Sr AAA) @ 121 DM
A-1B-R (Jr AAA) @ 145 DM
A-2-R (AA) @ 160 DM
B-R (A) @ 175 DM
C-1-R (Sr BBB) 245 DM
C-2-R (Jr BBB) @ 315 DM
D-R (BB) @ 510 DM","Bank of America","5nc2","Reset","Priced","10/15/2025","11/7/2025","rr42_reset","BSL",
"False","False","Carlyle Global Market Strategies CLO 2015-5","A1-R4 (AAA) @ 88a DM
A2R4 (AA) @ 115a DM
BR4 (A) @ 135a DM
CR4 (BBB) @ 245a DM","A1R4 (Sr AAA) @ 88 DM (145.36mm)
A2R4 (Jr AAA) @ 120 DM (64.7mm)
BR4 (AA) @ 145 DM
CR4 (A) @ 245 DM","Citigroup","0nc6m","Refinancing","Priced","10/15/2025","10/21/2025","car2015-5_refi2025","BSL",
"False","False","Carlyle US CLO 2025-5","A1 (Sr AAA) @ 119-120 DM (320mm)
A2 (Jr AAA) @ 135-140 DM (7.5mm)
B (AA) call desk
C (A) @ 170-175 DM
D1 (Sr BBB) @ 260-270 DM (30.5mm)
D2 (Jr BBB) @ 355-365 DM (2.5mm)
E (BB) @ 470-480 DM","A1 (Sr AAA) @ 122 DM (320mm)
A2 (Jr AAA) @ 145 DM (7.5mm)
B (AA) @ 155 DM
C1 (Sr A) @ 170 DM (20mm)
C2 (Jr A) @ 200 DM (9.5mm)
D1 (Sr BBB) @ 260 DM (30.5mm)
D2 (Jr BBB) @ 365 DM (2.5mm)
E (BB) @ 495 DM","Nomura","5nc2","New Issue","Priced","10/15/2025","10/30/2025","cgms2025-5_newissue","BSL",
"False","False","Post CLO VII","A1 (Sr AAA) preplaced
A2 (Jr AAA) @ 145-150 DM
B (AA) @ 160 DM
C (A) @ 180 DM
D1 (Sr BBB) @ 275 DM (24mm)
D2 (Jr BBB) @ 370 DM (2.4mm)
E (BB) @ 500-525 DM","A1 (Sr AAA) @ 126 DM (240mm)
A2 (Jr AAA) @ 150 DM (22mm)
B (AA) @ 160 DM
C1 (Sr A) @ 175 DM (16mm)
C2 (Jr A) @ 205 DM (8mm)
D1 (Sr BBB) @ 275 DM (20mm)
D2 (Jr BBB) @ 390 DM (6.4mm)
E (BB) @ 540 DM","RBC","5nc2","New Issue","Priced","10/15/2025","10/30/2025","post7_newissue","BSL",
"False","False","Elevation CLO 2023-17","X-R @ 85a DM
A-2-R (Jr AAA) @ 145-150 DM
B-R (AA) @ 160-165 DM
C-R (A) @ 195-205 DM
D-R (BBB) @ 295-305 DM
E-R (BB) @ 550-570 DM ","XR @ 85 DM
A1R (Sr AAA) not refinanced
A2R (Jr AAA) @ 150 DM (14mm)
BR (AA) @ 165 DM
CR (A) @ 205 DM
DR (BBB) @ 320 DM
ER (BB) @ 640 DM
","Goldman Sachs","3nc1","Refinancing","Priced","10/14/2025","11/3/2025","elevation2023-17_refi","BSL",
"False","False","OHA Credit Funding 23","A-1 (Sr AAA) @ 119-120 DM
A-2 (Jr AAa) @ 140a DM
B (AA) @ 150a DM
C (A) @ 170a DM","A1 (Sr AAA) @ 119 DM (283.5mm)
A2 (Jr AAA) @ 142 DM (18mm)
B (AA) @ 152 DM
C (A) @ 175 DM
D1 (Sr BBB) @ 240 DM (20.25mm)
D2 (BBB) @ 260 DM (6.75mm)
D3 (Jr BBB) @ 365 DM (4.5mm)
E (BB) @ 460 DM","Citigroup","5nc2","New Issue","Priced","10/14/2025","10/30/2025","oha23_newissue","BSL",
"False","False","Oaktree CLO 2025-33","A1 (Sr AAA) Preplaced
A2 (Jr AAa) @ 140a DM
B (AA) @ 150-155 DM
C (A) @ 170-175 DM
D1 (Sr BBB) @ 250-260 DM
D2 (Jr BBB) @ 355a DM
E (BB) @ 460-470 DM","A1 (Sr AAA) 121 DM
A2 (Jr AAA) @ 144 DM
B (AA) @ 155 DM
C (A) @ 175 DM
D1 (Sr BBB) @ 255 DM
D2 (Jr BBB) @ 3575 DM
E (BB) @ 510 DM","Citigroup","5nc2","New Issue","Priced","10/14/2025","10/29/2025","oakcl2025-33_newissue","BSL",
"False","False","HPS Loan Management 15-2019","AAA @ 122 DM","A1R2 (Sr AAA) @ 124 DM
A2R2 (Jr AAA) @ 150 DM
BR2 (AA) @ 160 DM
CR2 (A) @ 185 DM
D1R2 (Sr BBB) @ 275 DM
D2R2 (Jr BBB) @ 380 DM
ER2 (BB) @ 550 DM","Morgan Stanley","5nc2","Reset","Priced","10/14/2025","11/10/2025","hps15_reset","BSL",
"False","False","Canyon CLO 32","A1 (Sr AAA) @ 123 DM (320mm)
A2 (Jr AAA) @ 140 DM (10mm)
B (AA) @ 150 DM
C (A) @ 170 DM",,"Jefferies","5nc2","New Issue","Announced","10/13/2025",,"canyc32_newissue","BSL",
"False","False","BlackRock DLF X 2025-C CLO","A (AAA) @ L120s DM","A (AAA) @ 127 DM
B (AA) @ 190 DM
C (A) @ 235 DM","Scotia","0nc1","New Issue","Priced","10/10/2025","11/4/2025","brdlfx2025-c_newissue","MM",
"False","False","Fortress Credit BSL IX","A1AR (Sr AAA) @ 110 DM
A2R (Jr AAA) @ 130 DM
BR (AA) @ 160 DM
CR (A)  @ 205 DM
DR (BBB) @ 310 DM
ER (BB) @ 575 DM","A1AR (Sr AAA) @ 110 DM (215mm)
A2R (Jr AAA) @ 140 DM (8mm)
BR (AA) @ 170 DM
CR (A) @ 205 DM
DR (BBB) @ 360 DM
ER (BB) @ 760 DM","Mitsubishi","0NC0.5","Refinancing","Priced","10/9/2025","10/24/2025","fcbsl9_refi","BSL",
"False","True","Lighthouse Park CLO","A (AAA) @ 111 DM
B (AA) @ 140-145 DM
C (A) @ 150-160 DM
D1 (Sr BBB) @ 240-250 DM
D2 (Jr BBB) Subject
E (BB) @ 450-465 DM","A (AAA) @ 111 DM
B (AA) @ 145 DM
C (A) @ 170 DM
D1 (Sr BBB) @ 250 DM (33.75mm)
D2 (Jr BBB) @ 340 DM (2.5mm)
E (BB) @ 465 DM","RBC","3NC1","New Issue","Priced","10/9/2025","10/17/2025","bs_lghtpk_newissue","BSL",
"False","False","Trestles CLO IV","X @ 90 DM
AR1 (Sr AAA) @ 123-124 DM (256mm)
AR2 (Jr AAA) @ 145 DM (8mm)
BR (AA) @ 155-160 DM
CR (A) @ 175-180 DM
DR1 (Sr BBB) @ 260-265 DM (24mm)
DR2 (Jr BBB) @ 355-365 DM (4mm)
ER (BB) @ 475-495 DM
F (B) call desk","X @ 90 DM
AR1 (Sr AAA) @ 128 DM (256mm)
AR2 (Jr AAA) @ 145 DM (8mm)
BR (AA) @ 160 DM
CR (A) @ 185 DM
DR1 (Sr BBB) @ 260 DM (16mm)
DR2 (BBB) @ 305 DM (8mm)
DR3 (Jr BBB) @ 390 DM (4mm)
ER (BB) @ 525 DM (12mm)
F (B) @ 766 DM","Natixis","5nc2","Reset","Priced","10/9/2025","11/3/2025","trest4_reset","BSL",
"False","False","ICG US CLO 2025-2","A (AAA) @ 125 DM
B (AA) @ 160-165 DM
C (A) @ 180-185 DM
D (BBB) @ 280-290 DM
E (BB) @ 500-525 DM","A (AAA) @ 125 DM
B (AA) @ 170 DM
C (A) @ 200 DM
D1 (Sr BBB) @ 310 DM (20mm)
D2 (Jr BBB) @ 400 DM (4mm)
E (BB) @ 574 DM","JPMorgan","5nc2","New Issue","Priced","10/9/2025","10/30/2025","icg2025-2_newissue","BSL",
"False","False","TPG CLO 2025-2","A1 (Sr AAA) @ 127 DM (285.75mm)
A2 (Jr AAA) preplaced
B (AA) @ 165 DM
C (A) @ 190-200 DM
D1 (Sr BBB) @ 300 DM (27mm)
D2 (Jr BBB) @ 385-400 DM (3.375mm)
E (BB) @ 525-550 DM","A1 (Sr AAA) @ 127 DM (317.5mm)
A2 (Jr AAA) @ 150 DM (11.25mm)
B1 (Sr AA) @ 165 DM (35mm)
B2 (Jr AA) @ 180 DM (16.25mm)
C (A) @ 200 DM
D1 (Sr BBB) @ 325 DM (30mm)
D2 (Jr BBB) @ 425 DM (3.75mm)
E (BB) @ 490 DM","CIBC","5nc2","New Issue","Priced","10/9/2025","10/27/2025","tpg2025-2_newissue","BSL",
"False","False","Regatta XXIII Funding","XR @ 75-80 DM
A1R (Sr AAA) @ 121-122 DM (320mm)
A2R (Jr AAA) @ 135-140 DM (10mm)
BR (AA) @ 150-155 DM
CR (A) @ 175-180 DM
D1R (Sr AAA) @ 260-270 DM (30mm)
D2R (Jr AAA) @ 370-380 DM (5mm)
ER (BB) @ 500-515 DM","XR @ 85 DM
A1R (Sr AAA) @ 122 DM (320mm)
A2R (Jr AAA) @ 145 DM (10mm)
BR (AA) @ 160 DM
CR (A) @ 180 DM
D1R (Sr BBB) @ 260 DM (20mm)
D2R (BBB) @ 305 DM (10mm)
D3R (Jr BBB) @ 400 DM (5mm)
ER (BB) @ 570 DM","Nomura","5nc2","Reset","Priced","10/9/2025","10/30/2025","reg23_reset","BSL",
"False","False","Marble Point CLO XXIII","A1R (Sr AAA) @ 113 DM
A2R (Jr AAA) @ 145-155 DM
B1R (AA) @ 165-170 DM
CR (A) @ 190-195 DM
D1R (Sr BBB) @ 300-325 DM
D2R (Jr BBB) @ 575-600 DM","A1R (Sr AAA) @ 116 DM (310mm)
A2R (Jr AAA) @ 155 DM (15mm)
B1R (AA) @ 170 DM
CR (A) @ 200 DM
D1R (BBB) @ 330 DM","Morgan Stanley","1.25nc0.75","Refinancing","Priced","10/9/2025","10/23/2025","mp23_refi","BSL",
"False","False","TCW CLO 2025-2","X @ 85 DM
A (AAA) @ 124 DM
B (AA) @ 160 DM
C (A) @ 180-185 DM
D1 (Sr BBB) @ 280-285 DM (30mm)
D2 (Jr BBB) @ 390-400 DM (5mm)
E (BB) @ 550 DM","X @ 85 DM
A (AAA) @ 124 DM
B (AA) @ 168 DM
C (A) @ 205 DM
D1 (Sr BBB) @ 305 DM (30mm)
D2 (Jr BBB) @ 435 DM (5mm)
E (BB) @ 625 DM","Wells Fargo","5nc2","New Issue","Priced","10/9/2025",,"tcw2025-2_newissue","BSL",
"False","False","Bryant Park Funding 2025-28","A (AAA) @ 124 DM
B (AA) @ 155-160 DM
C (A) @ 175-180 DM
D1 (Sr BBB) @ 265-275 DM (24mm)
D2 (Jr BBB) @ 365-375 DM (4mm)
E (BB) @ 475-495 DM","A (AAA) @ 124 DM (248mm)
B (AA) @ 165 DM (56mm)
C (A) @ 180 DM
D1 (Sr BBB) @ 265 DM (24mm)
D2 (Jr BBB) @ 395 DM (4mm)
E (BB) @ 560 DM","JPMorgan","5nc2","New Issue","Priced","10/8/2025","10/31/2025","brypk28_newissue","BSL",
"False","False","Barings CLO 2025-VI","A1 (Sr AAA) Call Desk
A2 (Jr AAA) @ 140a DM
B (AA) @ 150-155 DM
C (A) @ 170-175 DM
D1 (Sr BBB) @ 250-260 DM
D2 (Jr BBB) @ 360a DM
E (BB) @ 460-470 DM","A1 (Sr AAA) @ 121 DM (346.5mm)
A2 (Jr AAA) @ 145 DM (16.5mm)
B (AA) @ 155 DM
C (A) @ 180 DM
D1 (Sr BBB) @ 260 DM (22mm)
D2 (BBB) @ 305 DM (11mm)
D3 (Jr BBB) @ 375 DM (5.5mm)
E (BB) @ 480 DM","JPMorgan","5NC2","New Issue","Priced","10/8/2025","10/23/2025","babsn2025-5_newissue","BSL",
"False","False","Golub Capital Partners CLO 70(B)-R","A1R (Sr AAA) @ 112 DM
A2R (JR AAA) @ 140a DM
BR (AA) @ 150-155 DM
CR (A) @ 175-180 DM
D1R (Sr BBB) @ 265-270 DM
D2R (Jr BBB) Call Desk
ER ( BB) Retained","A1R (Sr AAA) @ 112 DM (252mm)
A2R (Jr AAA) @ 140 DM (12mm)
BR (AA) @ 158 DM
CR (A) @ 175 DM
D1R (Sr BBB) @ 265 DM (23mm)
D2R (Jr BBB) retained
ER (BB) retained","SMBC","1.25nc1","Reset","Priced","10/8/2025","10/17/2025","gocap70_reset","BSL",
"False","False","BBAM US CLO VI","A1 (Sr AAA) @ 125a DM
A2 (Jr AAA) @ 135-140 DM
B (AA) @ 155-160 DM
C (A) @ 175-180 DM
D1 (Sr BBB) @ 265-275 DM
D2 (Jr BBB) @ 360-365 DM
E (BB) @ 470-485 DM","A1 (Sr AAA) @ 125 DM (240mm)
A2 (Jr AAA) @ 145 DM (8mm)
B (AA) @ 165 DM
C (A) @ 185 DM
D1 (Sr BBB) @ 270 DM (22mm)
D2 (Jr BBB) @ 395 DM (6mm)
E (BB) @ 550 DM","CIBC","5nc2","New Issue","Priced","10/8/2025","10/17/2025","bbam6_newissue","BSL",
"False","False","Apex Credit CLO 13","AAA @ 130-132 DM","A-1 (Sr AAA) @ 135 DM
A-2 (Jr AAA) @ 167 DM
B (AA)       @ 175 DM
C (A)        @ 230 DM
D (BBB)      @ 330 DM
E (BB)       @ 750 DM
WACC: 189 bps","Morgan Stanley","5nc2","New Issue","Announced","10/8/2025",,"apex13_newissue","BSL",
"False","False","Comvest Credit 2025-3 CLO","A1 (Sr AAA) @ 150 DM",,"Scotia","3nc1","New Issue","Announced","10/8/2025",,"comvest2025-3_newissue","MM",
"False","False","Sculptor CLO XXXVII","A1 (Sr AAA) @ 127 DM (252mm)
A2 (Jr AAA) @ 145-150 DM (12mm)
B (AA) @ 160 DM
C (A) @ 180-185 DM
D1 (Sr BBB) @ 275-285 DM (24mm)
D2 (Jr BBB) @ 390-400 DM (4mm)
E (BB) @ 525-550 DM","A1 (Sr AAA) @ 127 DM (252mm)
A2 (Jr AAA) @ 150 DM (12mm)
B (AA) @ 160 DM
C (A) @ 200 DM
D1A (Sr BBB) @ 300 DM (16mm)
D1B (Sr BBB; fixed) @ +300 bps (8mm)
D2 (Jr BBB) @ 390 DM (4mm)
E (BB) @ 590 DM","BNP Paribas","5nc2","New Issue","Priced","10/7/2025","10/23/2025","sculp37_newissue","BSL",
"False","False","Strata CLO II","AR2 (AAA) @ 105 DM
BR2 (AA) @ 165 DM
CR2 (A) @ 180 DM
DR2 (BBB) @ 315-340 DM","AR2 (AAA) @ 105 DM
BR2 (AA) @ 165 DM
CR2 (A) @ 205 DM
DR2 (BBB) @ 400 DM","Santander","0nc0.5","Refinancing","Priced","10/7/2025","10/9/2025","strat2_refi2025","BSL",
"False","False","Anchorage Capital CLO 8","A1R3 (Sr AAA) @ 129 DM
A2R3 (Jr AAA) @ 150a DM
BR3 (AA) @ 165a DM
D1R3 (Sr BBB) @ 280-290 DM
D2R3 (Jr BBB) @ 375-385 DM
ER3 (BB) @ 575 a DM
FR3 (B) Retained","A1R3 (Sr AAA) @ 129 DM (256mm)
A2R3 (Jr AAA) @ 150 DM (5mm)
BR3 (AA) @ 165 DM
CR3 (A) @ 195 DM
D1R3 (Sr BBB) @ 295 DM (20mm)
D2R3 (Jr BBB; fixed) @ 7.757% (6mm)
ER3 (BB) @ 675 DM
FR3 (B) retained ","Barclays","5nc2","Reset","Priced","10/7/2025","10/23/2025","anch8_reset","BSL",
"True","True","Ares LVII CLO","a (AAA) @ 120-121 DM","A1R2 (Sr AAA) @ 123 DM
A2R2 (Jr AAA) @ 150 DM
BR2 (AA) @ 160 DM
CR2 (A) @ 180 DM
D1R2 (Sr BBB) @ 275 DM
D2R2 (Jr BBB) @ 375 DM
ER2 (BB) @ 550 DM","Morgan Stanley","5nc2","Reset","Priced","10/7/2025","11/14/2025","ares57_reset","BSL",
"False","False","OCP CLO 2025-46","A (AAA) @ 120 DM
B (AA) @ 148 DM
C (A) @ 170 DM
D1 (Sr BBB) @ 245 DM (36mm)
D2 (Jr BBB) @ 350 DM (6mm)
E (BB) @ 455 DM","A (AAA) @ 120 DM
B (AA) @ 148 DM
C (A) @ 170 DM
D1 (Sr BBB) @ 245 DM (36mm)
D2 (Jr BBB) @ 350 DM (6mm)
E (BB) @ 455 DM","BNP Paribas","5nc2","New Issue","Priced","10/7/2025","10/17/2025","ocp46_newissue","BSL",
"False","False","Sycamore Tree CLO 2024-5","X @ 95 DM
AR (AAA) preplaced
BR (AA) @ 160 DM
CR (A) @ 180 DM
D1R (Sr BBB) @ 275-280 DM (30mm)
D2R (Jr BBB) @ 385-395 DM (5mm)
ER (BB) @ 525-540 DM","X @ 95 DM
A1R (Sr AAA) @ 127 DM (315mm)
A2R (Jr AAA) @ 150 DM (7mm)
BR (AA) @ 160 DM
CR (A) @ 190 DM
D1AR (Sr BBB) @ 280 DM (18mm)
D1BR (Sr BBB; fixed) @ 6.50% (12mm)
D2R (Jr BBB) @ 390 DM (5mm)
ER (BB) @ 640 DM","Goldman Sachs","5nc2","Reset","Priced","10/7/2025","10/24/2025","stcp2024-5_reset","BSL",
"False","False","AGL CLO 12","X @ 80-85 DM
A1R (Sr AAA) @ 121 DM (384mm)
A2R (Jr AAA) @ 140-145 DM (12mm)
BR (AA) @ 150-155 DM
CR (A) @ 175-180 DM
D1R (Sr BBB) @ 265-275 DM (36mm)
D2R (Jr BBB) @ 370-380 DM (6mm)
ER (BB) @ 550-575 DM","X @ 80 DM
A1R (Sr AAA) @ 121 DM (378mm)
A2R (Jr AAA) @ 150 DM (18mm)
BR (AA) @ 160 DM
CR (A) @ 190 DM
D1R (Sr BBB) @ 290 DM (30mm)
D2R (BBB) @ 350 DM (6mm)
D3R (Jr BBB) @ 380 DM (6mm)
ER (BB) @ 635 DM","Bank of America","5nc2","New Issue","Priced","10/7/2025","10/24/2025","agl12_reset","BSL",
"False","False","South Cove 2025-3 CLO","A1 (AAA) @ 150 DM","A1 (Sr AAA) @ 150 DM (217.5mm)
A2 (Jr AAA) @ 165 DM (18.75mm)
B (AA) @ 175 DM","Scotia","3nc1","New Issue","Priced","10/6/2025","10/31/2025","southcove2025-3_newissue","MM",
"False","False","Recette CLO","XRRR @ 65 DM
ARRR (AAA) @ 103 DM
BRRR (AA) @ 145-150 DM
CRRR (A) @ 160-165 DM","XRRR @ 65 DM
ARRR (AAA) @ 103 DM
BRRR (AA) @ 155 DM
CRRR (A) @ 180 DM","CIBC","0.5nc0.5","Refinancing","Priced","10/6/2025","10/17/2025","rctte_refi","BSL",
"False","False","CIFC Funding 2025-VII","A1 (Sr AAA)  119-120 DM","A1 (Sr AAA) @ 120 DM (320mm)
A2 (Jr AAA) @ 140 DM (10mm)
B (AA) @155 DM
C1 (Sr A) @ 175 DM (24mm)
C2 (Jr A; fixed) @ 5.259%
D1 (Sr BBB) @ 260 DM (30mm)
D2 (Jr BBB) @ 365 DM (5mm)
E (BB) @ 475 DM","CIBC","5nc2","New Issue","Priced","10/6/2025","10/28/2025","cifc25-7_newissue","BSL",
"False","False","AIMCO CLO 28","A1 (Sr AAA) call desk
A2 (Jr AAA) @ 140 DM
B (AA) @ 145-150 DM
C (A) @ 170-175 DM
D1 (Sr BBB) @ 240-250 DM (30mm)
D2 (Jr BBB) @ 350 DM (3.75mm)
E (BB) @ 445-455 DM","A1 (Sr AAA) @ 120 DM (320mm)
A2 (Jr AAA) @ 140 DM (10mm)
B (AA) @ 155 DM
C (A) @ 170 DM
D1 (Sr BBB) @ 245 DM (30mm)
D2 (Jr BBB) @ 355 DM (3.75mm)
E (BB) @ 460 DM","JPMorgan","5nc2","New Issue","Priced","10/6/2025","10/16/2025","aimco28_newissue","BSL",
"False","False","KKR CLO 2013-1","A1R3 (Sr AAA) @ 123-124 DM","XR @ 85 DM
A1R3 (Sr AAA) @ 125 DM
A2R3 (Jr AAA) @ 151 DM
BR3 (AA) @ 165 DM
CR3 (A) @ 200 DM
D1R3 (Sr BBB) @ 325 DM
D2R3 (Jr BBB) @ 450 DM
ER3 (BB) @ 654 DM","Wells Fargo","5nc2","New Issue","Priced","10/6/2025","11/5/2025","kkr2013-1_reset","BSL",
"False","False","Apidos CLO XLVI","A1R (Sr AAA) @ 120 DM (320mm)
A2R (Jr AAA) @ 135-140 DM (10mm)
BR (AA) @ 150 DM
CR (A) @ 170 DM
D1R (Sr BBB) @ 250-255 DM (30mm)
D2R (Jr BBB) @ 355 DM (5mm)
ER (BB) @ 455-465 DM
FR (B) call desk","XR @ 85 DM
A1R (Sr AAA) @ 120 DM (352mm)
A2R (Jr AAA) @ 140 DM (11mm)
BR (AA) @ 150 DM
CR (A) @ 170 DM
D1R (Sr AAA) @ 260 DM (33mm)
D2R (Jr AAA) @ 355 DM (5.5mm)
ER (BB) @ 485 DM
FR retained","Societe Generale","5nc2","Reset","Priced","10/6/2025","10/17/2025","apid46_reset","BSL",
"False","False","Harbor Park CLO",,"AR2 (AAA) @ 95 DM
BR2 (AA) @ 140 DM
CR2 (A) @ 165 DM
DR2 (BBB) @ 250 DM
ER2 (BB) @ 525 DM","Santander","0nc0.5","Refinancing","Priced","10/6/2025",,"harb2018-1_refi","BSL",
"False","False","Magnetite XXXVII",,"XR @ 80 DM
A1R (Sr AAA) @ 120 DM (320mm)
A2R (Jr AAA) @ 140 DM (10mm)
BR (AA) @ 155 DM
CR (A) @ 175 DM
D1R (Sr BBB) @ 250 DM (30mm)
D2R (Jr BBB) @ 350 DM (2.5mm)
ER (BB) @ 470 DM
FR (B) @ not disclosed","Nomura","5nc2","Reset","Priced","10/3/2025","10/17/2025","magne37_reset","BSL",
"False","False","CENT CLO 30","A1R2 (Sr AAA) @ 105 DM (234.1mm)
A2R2 (Jr AAA) @ 135 DM (25.9mm)
B1R2 (Sr AA) @ 145 DM (36.6mm)
B2R2 (Jr AA) @ 165 DM (7.4mm)
CR2 (A) @ 190 DM
DR (BBB) @ 350 DM","A1R2 (Sr AAA) @ 105 DM (234.1mm)
A2R2 (Jr AAA) @ 140 DM (25.9mm)
B1R2 (Sr AA) @ 155 DM (36.6mm)
B2R2 (Jr AA) @ 175 DM (7.4mm)
CR2 (A) @ 190 DM
DR2 (BBB) @ 395 DM","Jefferies","0.25nc0.5","Refinancing","Priced","10/3/2025","10/10/2025","ceclo30_refi","BSL",
"False","False","Carlyle US CLO 2023-4","A1R (Sr AAA) @ 121a DM
A2R (Jr AAA) @ 145a DM
BR (AA) @ 155a DM
CR (A) @ 175a DM
D1R (Sr BBB) @ 270a DM
D2R (Jr BBB) @ 360-370 DM
ER (BB) @ 520-540 DM","A1R (Sr AAA) @ 121 DM (256mm)
A2R (Jr AAA) @ 145 DM (4mm)
BR (AA) @ 155 DM
C1R (Sr A) @ 175 DM (16mm)
C2R (Jr A) @ 205 DM (8mm)
D1R (Sr BBB) @ 270 DM (24mm)
D2R (Jr BBB) @ 365 DM (4mm)
ER (BB) @ 540 DM","JPMorgan","5NC2","Reset","Priced","10/2/2025","10/20/2025","cgms2023-4_reset","BSL",
"False","False","Dryden 75 CLO","AR3 (AAA) @ 103-104 DM
BR3 (AA) @ 140-145 DM
CR3 (A) @ 155-160 DM
DR3 (BBB) @ 300-315 DM","AR3 (AAA) @ 104 DM
BR3 (AA) @ 150 DM","Nomura","0.5nc0.5","Refinancing","Priced","10/2/2025","10/17/2025","drslf75_refi","BSL",
"False","False","Capital Four CLO IV","A (AAA) @ 129-130 DM","A1 (Sr AAA) @ 130 DM (248mm)
AJ (Jr AAA) @ 155 DM (16mm)
B (AA) @ 173 DM
C (A) @ 210 DM
D1 (Sr BBB) @ 325 DM (23mm)
DJ (Jr BBB) @ 425 DM (3mm)
E (BB) @ 625 DM","Jefferies","5nc2","New Issue","Priced","10/2/2025","10/31/2025","capfour4_newissue","BSL",
"False","False","BlueMountain CLO 2015-4","AR2 (AAA) @ 95 DM
CR2 (A) @ 115 DM
DR2 (BBB) @ 170 DM","AR2 (AAA) @ 95 DM
CR2 (A) @ 130 DM
DR2 (BBB) @ 195 DM","Jefferies","0nc0.5","Refinancing","Priced","10/2/2025","10/10/2025","bluem2015-4_refi","BSL",
"False","False","Anthelion CLO 2025-2","A1 (AAA) @ 130 DM","A1 (Sr AAA) @ 130 DM (240mm)
A2 (Jr AAA) @ 150 DM (16mm)
B (AA) @ 165 DM
C1 (A) @ 200 DM (12mm)
C2 (A; fixed) @ 5.82% (12mm)
D1 (Sr BBB) @ 320 DM (24mm)
D2 (Jr BBB) @ 425 DM (2mm)
E (BB) @ S+575 bps","Natixis","5nc2","New Issue","Priced","10/2/2025","1/29/2026","anthe2025-2_newissue","BSL",
"False","False","Golub Capital Partners CLO 83(M)","A1 (Sr AAA) @ 140 DM (232mm)
A2 (Jr AAA) @ 155 DM (16mm)
B (AA) @ 170 DM
C (A) @ 205 DM
D (BBB) @ 305 DM","A1 (Sr AAA) @ 140 DM (232mm)
A2 (Jr AAA) @ 155 DM (16mm)
B (AA) @ 170 DM
C (A) @ 205 DM
D (BBB) @ 305 DM","Wells Fargo","5nc2","New Issue","Priced","10/1/2025","10/10/2025","gocap2025-83_newissue","MM",
"False","False","Post CLO 2023-1","A1R (Sr AAA) @ 130 DM
A2R (Jr AAA) @ 150a DM
BR (AA) @ 165a DM
C1R (Sr A) @ 175 DM
C2R (Jr A) @ 205 DM
D1R (Sr BBB) @ 285 DM
D2R (Jr BBB) @ 395 DM
ER (BB) @ 550 DM","A1R (Sr AAA) @ 130 DM (248mm)
A2R (Jr AAA) @ 155 DM (8mm)
BR (AA) @ 170 DM
C1R (Sr A) @ 175 DM (16mm)
C2R (Jr A) @ 205 DM (8mm)
D1R (Sr BBB) @ 285 DM (24mm)
D2R (Jr BBB) @ 395 DM (4mm)
ER (BB) @ 550 DM","JPMorgan","5NC2","Reset","Priced","10/1/2025","10/17/2025","post2023-1_reset","BSL",
"False","False","Wind River 2019-3","XR3 @ 100 DM
AR3 (AAA) @ 120 DM
BR3 (AA) @ 165 DM
CR3 (A) @ 200 DM
D1R3 (Sr BBB) @ 305 DM (15mm)
D2R3 (Jr BBB) @ 425 DM (2mm)
ER3 (BB) @ 650 DM","XR3 @ 100 DM
AR3 (AAA) @ 120 DM (157.5mm)
BR3 (AA) @ 170 DM (32.5mm)
CR3 (A) @ 205 DM
D1R3 (Sr BBB) @ 260 DM (7.5mm)
D2R3 (BBB) @ 325 DM (5mm)
D3R3 (Jr BBB) @ 490 DM (4.5mm)
ER3 (BB) retained","Scotia","3nc1","Reset","Priced","10/1/2025","10/24/2025","windr2019-3_reset","BSL",
"False","False","Brightwood Capital MM CLO 2023-1","A1R (Sr AAA) @ 135-137 DM",,"GreensLedge","2nc1","Refinancing","Announced","10/1/2025",,"bwcap2023-1_refi","MM",
"False","False","Audax Senior Debt CLO 8","X @ 100 DM
A1R (Sr AAA) @ 143-145 DM (290mm)
A2R (Jr AAA) @ 160-165 DM (20mm)
BR (AA) @ 175-180 DM
CR (A) @ 205-215 DM
DR (BBB) @ 305-315 DM
ER (BB) call desk","X @ 100 DM
A1R (Sr AAA) @ 145 DM (290mm)
A2R (Jr AAA) @ 165 DM (20mm)
BR (AA) @ 185 DM
CR (A) @ 210 DM
ER (BB) retained","BNP Paribas","4nc2","Reset","Priced","10/1/2025","10/23/2025","audax8_reset","MM",
"False","False","Benefit Street Partners CLO XXXII","AR (AAA) @ 121-122 DM","XR @ 88 DM
AR (AAA) @ 121 DM
BR (AA) @ 155 DM
CR (A) @ 175 DM
D1R (Sr BBB) @ 260 DM (24mm)
D2R (Jr BBB) @ 360 DM (4mm)
ER (BB) @ 470 DM","Goldman Sachs","5nc2","Reset","Priced","10/1/2025","10/17/2025","bsp32_reset","BSL",
"False","False","GoldenTree Loan Management US CLO 15","XR2 @ 80 DM
AR2 (Sr AAA) preplaced
AJR (Jr AAA) @ +15-20 bps to AR2
BR2 (AA) @ 145 DM
CR2 (A) @ 170 DM
DR2 (Sr BBB) @ 245-250 DM
DJ (Jr BBB) @ 350-360 DM
ER2 (BB) @ 450-465 DM
FR2 (B) @ 700-725 DM","XR2 @ 80 DM
AR2 (Sr AAA) 120 DM
AJR (Jr AAA) @ 143 DM
BR2 (AA) @ 145 DM
CR2 (A) @ 180 DM
DR2 (Sr BBB) @ 265 DM
DJ (Jr BBB) @ 375 DM
ER2 (BB) @ 500 DM
FR2 (B) @ Retained","Morgan Stanley","5nc2","Reset","Priced","10/1/2025","10/14/2025","glm15_reset","BSL",
"False","False","BlueMountain CLO XXXI","A1R (Sr AAA) @ 108-110 DM (248mm)
A2R (Jr AAA) @ 140 DM (8mm)
BR (AA) @ 150-155 DM
CR (A) @ 175-185 DM","A1R (Sr AAA) @ 110 DM (248mm)
A2R (Jr AAA) @ 140 DM (8mm)
BR (AA) @ 160 DM
CR (A) @ 185 DM","BNP Paribas","0.5nc0.5","Refinancing","Priced","10/1/2025","10/7/2025","bluem31_refi","BSL",
"False","False","MFIC Bethesda CLO 1","A1R (Sr AAA) TBD
A2R (Jr AAA) @ 160a DM
BR (AA) @ 175a DM
CR (A) @ 220a DM
DR (BBB) Call Desk","A1R (Sr AAA) @ 149 DM (348mm)
A2R (Jr AAA) @ 165 DM (24mm)
BR (AA) @ 185 DM
CR (A) @ 230 DM
DR (BBB) retained","SMBC","4NC2","Reset","Priced","9/30/2025","10/10/2025","mfclo1_reset","MM",
"False","False","Bain Capital Credit CLO 2022-1","A1R (Sr AAA) @ 124 DM
A2R (Jr AAA) @ 150 DM
BR (AA) @ 160 DM
CR (A) @ 180-185 DM
D1R (Sr BBB) @ 270-280 DM
D2R (Jr BBB) @ 390-400 DM
ER (BB) @ 600-625 DM","A1R (Sr AAA) @ 124 DM (346.5mm)
A2R (Jr AAA) @ 150 DM (16.5mm)
BR (AA) @ 160 DM
CR (A) @ 185 DM
D1R (Sr BBB) @ 275 DM (27.5mm)
D2R (Jr BBB) @ 395 DM (9mm)
ER (BB) @ 635 DM","Citigroup","5NC2","Reset","Priced","9/30/2025","10/9/2025"," bcc2022-1_reset","BSL",
"False","False","Wellesley Park CLO","A (AAA) @ 120 DM
B (AA)  @ 145-155 DM
C (A) @ 170-175 DM
D1 (Sr BBB) @ 245-255 DM
D2 (Jr BBB) @ 350-360 DM
E (BB) @ 450-460 DM","A (AAA) @ 120 DM
B (AA) @ 155 DM
C (A) @ 170 DM
D1 (Sr BBB) @ 245 DM (30mm)
D2 (Jr BBB) @ 350 DM (4mm)
E (BB) @ 460 DM","Citigroup","5NC2","New Issue","Priced","9/30/2025","10/10/2025","wellsleypk_newissue","BSL",
"False","True","Wellington Management CLO 1","AR (AAA) @ 123 DM
BR (AA) @ 150-155 DM
CR (A) @ 175-180 DM
D1R (Sr BBB) @ 255-265 DM (24mm)
D2R (Jr BBB) @ 370 DM (1mm)
ER (BB) @ 480 DM","AR (AAA) @ 123 DM
BR (AA) @ 155 DM
CR (A) @ 180 DM
D1R (Sr BBB) @ 265 DM (20mm)
D2R (Jr BBB) @ 400 DM (5mm)
ER (BB) @ 550 DM","JPMorgan","5nc2","Reset","Priced","9/30/2025","10/17/2025","welli1_reset","BSL",
"False","False","Arini US CLO III","A (S: AAA) @ 127 DM
B (AA) @ 160 DM
C (A) @ 180-190 DM
D (BBB) @ 290 DM
E (BB) @ 500 DM","A (S: AAA) @ 127 DM
B (AA) @ 160 DM
C (A) @ 190 DM
D (BBB) @ 290 DM
E (BB) @ 525 DM","Bank of America","5nc2","New Issue","Priced","9/30/2025","10/14/2025","arini3_newissue","BSL",
"False","False","1988 CLO 3","A1R (Sr AAA) @ 125 DM (256mm)
A2R (Jr AAA) @ 145 DM (24mm)
BR (AA) @ 155-160 DM
CR (A) @ 175-180 DM
DR (BBB) @ 270-275 DM
ER (BB) @ 550 DM","A1R (Sr AAA) @ 125 DM (256mm)
A2R (Jr AAA) @ 145 DM (24mm)
BR (AA) @ 160 DM
C1R (Sr A) @ 180 DM
C2R (Jr A) @ 210 DM
DR (BBB) @ 280 DM
ER (BB) @ 625 DM","SMBC","5nc2","Reset","Priced","9/30/2025","10/7/2025","1988clo3_reset","BSL",
"False","False","AB BSL CLO 1","AR2 (AAA) @ 125 DM
BR2 (AA) @ 160 DM
CR2 (A) @ 180 DM
D1R2 (Sr BBB) @ 275-280 DM (24mm)
D2R2 (Jr BBB) @ 385-390 DM (4mm)
ER2 (BB) @ 525-540 DM","A1R (Sr AAA) @ 125 DM (341mm)
A2R (Jr AAA) @ 153 DM (11mm)
BR2 (AA) @ 165 DM
C1R2 (Sr A) @ 190 DM (30.8mm)
C2R2 (Jr A) @ 210 DM (9mm)
D1R2 (Sr BBB) @ 280 DM (19.325mm)
D2R2 (Jr BBB) @ 455 DM (12.375mm)
ER2 (BB) @ 645 DM","Santander","5nc2","Reset","Priced","9/30/2025","10/23/2025","abbsl1_reset","BSL",
"False","False","Market Street CLO II","A1 (Sr AAA) @ 130-131 DM","A1 (Sr AAA) @ 133 DM (240mm)
A2 (Jr AAA) @ 148 DM (16mm)
B (AA) @ 168 DM
C (A) @ 190 DM
D1 (Sr BBB) @ 325 DM (24mm)
D2 (Jr BBB) @ 436 DM (4mm)
E (BB) @ 585 DM","Jefferies","5nc2","New Issue","Priced","9/30/2025","10/16/2025","mktst2_newissue","BSL",
"False","False","Octagon 57","AR (AAA) @ 107-108 DM
B1R (AA) @ 145-150 DM
CR (A) @ 170-175 DM
DR (BBB) @ 300-315 DM
ER (BB) @ 625-650 DM","AR (AAA) @ 107 DM
B1R (AA) @ 145 DM
CR (A) @ 185 DM","Nomura","1nc0.5","Refinancing","Priced","9/30/2025","10/14/2025","oct57_refi","BSL",
"False","False","CarVal CLO IV","AR (AAA) @ 126-127 DM","X @ 85 DM
A1R (Sr AAA) @ 130 DM
A2R (Jr AAA) @ 155 DM
BR (AA) @ 165 DM
C1R (Sr A) @ 180 DM
C2R (Jr A) @ 210 DM
D1R (Sr BBB) @ 285 DM
D2R (Jr BBB) @ 440 DM
ER (BB) @ 660 DM
FR (B) @ 860 DM","Deutsche Bank","5nc2","Reset","Priced","9/26/2025","10/14/2025","carval4_reset","BSL",
"False","False","Rockford Tower CLO 2022-2","A1R2 (Sr AAA) preplaced
A2R2 (Jr AAA) preplaced
BR2 (AA) preplaced
CR2 (A) @ 200 DM
D1R2 (Sr BBB) @ 300-310 DM (20mm)
D2R2 (Jr BBB) @ 425 DM (8mm)
ER2 (BB) @ 650-675 DM","A1R2 (Sr AAA) @ 130 DM (244mm)
A2R2 (Jr AAA) @ 155 DM (12mm)
BR2 (AA) @ 165 DM
CR2 (A) @ 205 DM
D1R2 (Sr BBB) @ 315 DM (20mm)
D2R2 (Jr BBB) @ 445 DM (8mm)
ER2 (BB) @ S+684 bps","Bank of America","5nc2","Reset","Priced","9/26/2025","10/10/2025","rockt2022-2_reset","BSL",
"False","False","Trimaran CAVU 2023-1","XR @ 80 DM
A1R (Sr AAA) @ 127 DM (244mm)
A2R (Jr AAA) @ 145-150 DM (12mm)
BR (AA) @ 160 DM
CR (A) @ 180-185 DM
D1R (Sr BBB) @ 270-280 DM (4mm)
D2R (Jr BBB) preplaced
ER (BB) @ 525-540 DM","XR @ 82 DM
A1R (Sr AAA) @ 127 DM (244mm)
A2R (Jr AAA) @ 145 DM (12mm)
BR (AA) @ 160 DM
CR (A) @ 185 DM
D1R (Sr BBB) @ 280 DM (24mm)
D2R (Jr BBB) @ 390 DM (4mm)
ER (BB) @ S+585 bps","JPMorgan","5nc2","Reset","Priced","9/26/2025","10/10/2025","cavu2023-1_reset","BSL",
"False","False","KKR CLO 26","ARR (AAA) @ 110 DM
BRR (AA) @ 160-165 DM
CRR (A) @ 185-195 DM
DRR (BBB) @ 310-330 DM","ARR (AAA) @ 110 DM
BRR (AA) @ 165 DM
CRR (A) @ 185 DM
DRR (BBB) @ 330 DM","Morgan Stanley","1nc0.75","Refinancing","Priced","9/25/2025","10/6/2025","kkr26_refi","BSL",
"False","False","GT Loan Financing I","XR2 @ 95 DM
AR2 (AAA) @ 122 DM
BR2 (AA) @ 150 DM
CR2 (A) @ 170 DM",,"GreensLedge","5nc2","Reset","Announced","9/25/2025",,"gtlnf1_reset","BSL",
"False","False","Dryden 113 CLO","AR3 (AAA) @ 107-109 DM
BR3 (AA) @ 145-150 DM
CR3 (A) @ 160-165 DM
D1R3 (Sr BBB) @ 265-275 DM
D2R3 (Jr BBB) @ 365-375 DM
ER3 (BB) @ 525-550 DM","AR3 (AAA) @ 109 DM
BR3 (AA) @ 145 DM
CR3 (A) @ 160 DM
D1R3 (Sr BBB) @ 300 DM
D2R3 (Jr BBB) @ 400 DM
ER3 (BB) @ 550 DM","BNP Paribas","2nc1","Refinancing","Priced","9/25/2025","10/6/2025","drslf113_refi","BSL",
"False","False","Sixth Street CLO XXIII","A1R (Sr AAA) @ 121 DM (256mm)
A2R (AA) @ 140-145 DM (8mm)
BR (AA) @ 150-155 DM
CR (A) @ 170-175 DM
DR (BBB) @ 250-260 DM
ER (BB) @ 460-470 DM","A1R (Sr AAA) @ 121 DM (256mm)
A2R (AA) @ 143 DM (8mm)
BR (AA) @ 155 DM
CR (A) @ 175 DM
DR (BBB) @ 250 DM
ER (BB) @ 485 DM","Morgan Stanley","5nc2","Reset","Priced","9/25/2025",,"sixst23_reset","BSL",
"False","False","Battalion CLO XIV","AR2 (AAA) @ 110 DM
BR2 (AA) @ 160-170 DM
CR2 (A) @ 195-205 DM","AR2 (AAA) @ 114 DM
BR2 (AA) @ 170 DM
CR2 (A) @ 200 DM","Scotia","1nc0.75","Refinancing","Priced","9/25/2025","10/10/2025","batln14_refi","BSL",
"False","False","Voya CLO 2022-3","XR @ 75-80 DM
A1R2 (Sr AAA) @ 112 DM (256mm)
A2R2 (Jr AAA) @ 135-145 DM (8mm)
BR2 (AA) @ 140-145 DM
CR2 (A) @ 160-165 DM
DR2 (BBB) @ 250-260 DM
ER2 (BB) @ 470-480 DM","XR @ 80 DM
A1R2 (Sr AAA) @ 113 DM (256mm)
A2R2 (Jr AAA) @ 140 DM (8mm)
BR2 (AA) @ 145 DM
CR2 (A) @ 165 DM
DR2 (BBB) @ 260 DM
ER2 (BB) @ 475 DM","Bank of America","3nc1","Refinancing","Priced","9/25/2025","10/3/2025","voya2022-3_refi","BSL",
"False","False","Kennedy Lewis CLO 23","A (AAA) @ 123-125 DM","A (AAA) @ 124 DM
B (AA) @ 160 DM
C (A) @ 180 DM
D1 (Sr BBB) @ 275 DM (24mm)
D2 (Jr BBB) @ 405 DM (4mm)
E (BB) @ 550 DM","BNP Paribas","5nc2","New Issue","Priced","9/25/2025","10/16/2025","kl23_newissue","BSL",
"False","False","Silver Point CLO 13","A1 (Sr AAA) @ 123-125 DM (320mm)","A1 (Sr AAA) @ 125 DM (352mm)
A2 (Jr AAA) @ 145 DM (5.5mm)
B (AA) @ 165 DM
C (A) @ 185 DM
D1 (Sr BBB) @ 265 DM (33mm)
D2 (Jr BBB) @ 360 DM (5.5mm)
E (BB) @ 525 DM
F (B) retained","JPMorgan","5nc2","New Issue","Priced","9/25/2025","10/17/2025","slvrpt13_newissue","BSL",
"False","False","CIFC-LBC Middle Market CLO 2023-1","X preplaced
AR (AAA) @ 155 DM
BR (AA) @ 190 DM
CR (A) @ 230 DM
D1R (Sr BBB) @ 340 DM
D2R (Jr BBB) @ 510 DM","X @ 105 DM
AR (AAA) @ 155 DM
BR (AA) @ 190 DM
CR (A) @ 230 DM
D1R (Sr BBB) @ 340 DM (24mm)
D2R (Jr BBB) @ 490 DM (10mm)","Wells Fargo","4nc2","Reset","Priced","9/25/2025","10/14/2025","clbc2023-1_reset","MM",
"False","False","Cedar Funding VI CLO","AR3 (AAA) call desk
BR3 (AA) @ 155 DM
CR3 (A) @ 180 DM
DR3 (BBB) @ 300 DM
ER3 (BB) @ 625-650 DM","AR3 (AAA) @ 109 DM
BR3 (AA) @ 155 DM
CR3 (A) @ 180 DM
DR3 (BBB) @ 310 DM
ER3 (BB) @ 625 DM","RBC","0.5nc0.5","Refinancing","Priced","9/24/2025","10/1/2025","cedf6_refi","BSL",
"False","False","Pikes Peak CLO 15","AR (AAA) @ 122 DM
BR (AA) @ 155-160 DM
CR (A) @ 185a DM
DR1 (Sr BBB) @ 265-270 DM
ER (BB) @ 500a DM","AR (AAA) @ 122 DM
BR (AA) @ 160 DM
CR (A) @ 190 DM
D1R (Sr BBB) @ 280 DM (28.5mm)
D2R (Jr BBB) @ 390 DM (2.375mm)
ER (BB) @ 575 DM","SMBC","5nc2","Reset","Priced","9/24/2025","10/10/2025","pipk15_reset","BSL",
"False","False","Carlyle Global Market Strategies CLO 2015-4","A1R3 (Sr AAA) @ 92 DM (171.4mm)
A2R3 (Jr AAA) @ 120 DM (11mm)
A2R3 (AA) @ 130 DM
BR3 (A) @ 155 DM
CR2 (BBB) @ 225 DM
DR2 (B) @ 550 DM","A1R3 (Sr AAA) @ 92 DM (171.4mm)
A2R3 (Jr AAA) @ 120 DM (11mm)
A2R3 (AA) @ 125 DM
BR3 (A) @ 145 DM
CR2 (BBB) @ 255 DM","Citigroup","0nc0.5","Refinancing","Priced","9/24/2025","9/30/2025","cgms2015-4_refi","BSL",
"False","False","RR 16",,"A1R (AAA) @ 105 DM
A2R (AA) @ 150 DM
BR (A) @ 180 DM
CR (BBB) @ 300 DM","Scotia","0.75nc0.5","Refinancing","Priced","9/24/2025","10/8/2025","rr16_refi","BSL",
"False","False","Madison Park Funding LI","XR @ 85 DM
A1R (Sr AAA) @ 123 DM (320mm)
A2R (Jr AAA) @ 140-145 DM (10mm)
BR (AA) @ 155-160 DM
CR (A) @ 185 DM
D1R (Sr BBB) @ 275-285 DM (30mm)
D2R (Jr BBB) @ 380-390 DM (5mm)
ER (BB) @ 575-590 DM
FR (B) call desk ","XR @ 85 DM
A1R (Sr AAA) @ 123 DM (320mm)
A2R (Jr AAA) @ 145 DM (10mm)
BR (AA) @ 160 DM
CR (A) @ 195 DM
D1R (Sr BBB) @ 290 DM (21.25mm)
D2R (Jr BBB) @ 385 DM (8.75mm)
ER (BB) @ 600 DM
FR (B) retained","Bank of America","5nc2","Reset","Priced","9/24/2025","10/7/2025","mdpk51_reset","BSL",
"False","False","Ares LXII CLO","A1R (Sr AAA) @ 107 DM (369mm)
A2R (Jr AAA) @ 135 DM (21mm)
BR (AA) @ 145-150 DM
CR (A) @ 160-170 DM
DR (BBB) @ 255-265 DM
ER (BB) @ 500 DM","A1R (Sr AAA) @ 107 DM (369mm)
A2R (Jr AAA) @ 140 DM (21mm)
BR (AA) @ 150 DM
CR (A) @ 190 DM
DR (BBB) @ 315 DM
ER (BB) @ 600 DM","Goldman Sachs","1.25nc1","Refinancing","Priced","9/24/2025","10/7/2025","ares62_refi","BSL",
"False","False","Regatta XIX Funding","XR @ 80-85 DM
A1R (Sr AAA) @ 122-123 DM (320mm)
A2R (Jr AAA) @ 140-145 DM (10mm)
BR (AA) @ 155-160 DM
CR (A) @ 175-180 DM
D1R (Sr BBB) @ 260-270 DM (30mm)
D2R (Jr BBB) @ 370-380 DM (5mm)
ER (BB) @ 500-525 DM","XR @ 85 DM
A1R (Sr AAA) @ 124 DM (256mm)
A2R (AA) @ 140 DM (8mm)
BR (AA) @ 160 DM
C1R (A) @ 175 DM
C2R (Jr A) @ 205 DM
D1R (Sr BBB) @ 260 DM
D2R (Jr BBB) @ 305 DM
D3R @ 390 DM
ER (BB) @ 525 DM
ER (BB) @ 460-470 DM","BNP Paribas","5nc2","Reset","Priced","9/24/2025","10/8/2025","regt19_reset","BSL",
"False","False","Canyon CLO 2021-1","AR (AAA) @ 105 DM
BR (AA) @ 150-155 DM
CR (A) @ 175-180 DM
DR (BBB) @ 280-290 DM
ER (BB) @ 600-625 DM","AR (AAA) @ 105 DM
BR (AA) @ 155 DM
CR (A) @ 175 DM
DR (BBB) @ 290 DM","SMBC","0.5nc0.5","Refinancing","Priced","9/24/2025","10/3/2025","canyc2021-1_refi","BSL",
"False","False","BlueMountain CLO XXXIV","AR (AAA) @ 115 DM
B1R (AA) @ 155-160 DM
CR (A) @ 180-185 DM
DR (BBB) @ 325-340 DM","AR (AAA) @ 115 DM
B1R (AA) @ 160 DM
CR (A) @ 190 DM
DR (BBB) @ 355 DM","BNP Paribas","1.5nc0.75","Refinancing","Priced","9/23/2025","10/2/2025","bluem34_refi","BSL",
"False","False","Golub Capital Partners CLO 69(M)-R","AR (AAA) @ 140a DM
BR (AA) @ 170-175 DM
CR (A) @ 205-210 DM
DR (BBB) call desk","AR (AAA) @ 140 DM
BR (AA) @ 170 DM
CR (A) @ 205 DM
DR (BBB) @ 305 DM","BNP Paribas","5nc2","Reset","Priced","9/23/2025","10/24/2025","gocap69_reset","MM",
"False","False","Barrow Hanley CLO II","A1R (Sr AAA) @ 130 DM","X @ 95 DM
A1R (Sr AAA) @ 131 DM (300mm)
A2R (Jr AAA) @ 151 DM (10mm)
BR (AA) @ 170 DM
CR (A) @ 205 DM
D1RR (Sr BBB) @ 305 DM (25mm)
D2RR (Jr BBB) @ 400 DM (6.25mm)
ERR (BB) @ 540 DM","Goldman Sachs","5nc2","Reset","Priced","9/23/2025","10/9/2025","bh2_reset","BSL",
"False","False","Atlas Senior Loan Fund XXI","XR @ 100 DM
AR (AAA) call desk
BR (AA) call desk
CR (A) @ 200 DM
DR (BBB) @ 305 DM
ER (BB) @ 625 DM","XR @ 100 DM
AR (AAA) 133 DM
BR (AA) 170 DM
CR (A) @ 225 DM
DR (BBB) @ 340 DM
ER (BB) @ 700 DM","Citigroup","5nc2","Reset","Priced","9/23/2025","10/7/2025","atclo21_reset","BSL",
"False","False","Elmwood CLO 21","AR2 (AAA) @ 122-123 DM
BR2 (AA) @ 150-155 DM
CR2 (A) @ 180-185 DM
DR2 (BBB) @ 265-270 DM
ER2 (BB) @ 500 DM
FR2 (B) @ 800 DM","AR2 (AAA) @ 122 DM
BR2 (AA) @ 155 DM
CR2 (A) @ 185 DM
DR2 (BBB) @ 260 DM
ER2 (BB) @ 535 DM
FR2 (B) @ 850 DM","Mitsubishi","5nc2","Reset","Priced","9/23/2025","10/7/2025","elm21_reset","BSL",
"False","False","Palmer Square CLO 2025-5","A (AAA) @ 121 DM
B (AA) @ 155 DM
C (A) @ 175 DM
D1 (Sr BBB) @ 260 DM (30mm)
D2 (Jr BBB) @ 360 DM (5mm)
EE (BB) @ 480-490 DM","A (AAA) @ 121 DM
B (AA) @ 155 DM
C (A) @ 175 DM
D1 (Sr BBB) @ 255 DM (30mm)
D2 (Jr BBB) @ 360 DM (5mm)
E (BB) @ 470 DM","Wells Fargo","5nc2","New Issue","Priced","9/23/2025","10/2/2025","plmrs2025-5_newissue","BSL",
"False","False","NBLA LaSalle Street Lending CLO I","A1R (Sr AAA) @ 125 DM (240mm)
A2R (Jr AAA) @ 150 DM (12mm)
BR (AA) @ 165-170 DM
CR (A) @ 190-200 DM
DR (BBB) @ 285-300 DM
ER (BB) @ 565-585 DM","A1R (Sr AAA) @ 125 DM (240mm)
A2R (Jr AAA) @ 155 DM (12mm)
BR (AA) @ 170 DM
CR (A) @ 200 DM
DR1 (Sr BBB) @ 335 DM
DR2 (Jr BBB) @ 395 DM
ER (BB) @ 585 DM
FR (B) @ 660 DM","SMBC","3nc1","Refinancing","Priced","9/23/2025","10/8/2025","neubl1_refi","BSL",
"False","False","LCM 38","X @ 95 DM
A2R (AAA) @ 127 DM (224mm)
BR2 (AA) @ 165 DM (42mm)
CR2 (A) @ 195 DM (21mm)
D1R2 (Sr BBB) @ 325 DM (21mm)
D2R2 (Jr BBB) @ 425 DM (3.5mm)
ER (BB) @ 675 DM ","X @ 95 DM
AR2 (AAA) @ 127 DM
BR2 (AA) @ 170 DM
C1R2 (A) @ 195 DM (16.95mm)
C2R2 (A; fixed) @ 5.40% (4.05mm)
D1R2 (Sr BBB) @ 375 DM (15.75mm)
D2R2 (Jr BBB) @ 505 DM (5.25mm)
ER2 (BB) @ S+741 bps","Wells Fargo","5nc2","Reset","Priced","9/23/2025","10/22/2025","lcm38_reset","BSL",
"False","False","Balboa Bay Loan Funding 2023-2","Sr AAA @ 115 DM","A1R (Sr AAA) @ 115 DM (252mm)
A2R (Jr AAA) @ 145 DM (12mm)
BR (AA) @ 155 DM
CR (A) @ 180 DM
DR (BBB) @ 290 DM
ER (BB) @ 500 DM","Morgan Stanley","3nc1","Refinancing","Priced","9/23/2025","10/2/2025","boba2023-2_refi","BSL",
"False","False","Octagon 68","XR @ 90a DM
A1R (Sr AAA) @ 123 DM (320mm)
A2R (Jr AAA) @ 145 DM (5.5mm)
BR (AA) @ 155 DM
CR (A) @ 180 DM
D1R (Sr BBB) @ 270 DM (31mm)
D2R (Jr BBB) @ 380 DM (3mm)
ER (BB) @ 550 DM","XR @ 85 DM
A1R (Sr AAA) @ 123 DM (320mm)
A2R (Jr AAA) @ 150 DM (5.5mm)
BR (AA) @ 160 DM
CR (A) @ 180 DM
D1R (Sr BBB) @ 275 DM (31mm)
D2R (Jr BBB) @ 380 DM (3mm)
ER (BB) @ 575 DM","Wells Fargo","5nc2","Reset","Priced","9/22/2025","10/14/2025","oct68_reset","BSL",
"False","False","Hayfin US XIV","A1R (Sr AAA) @ 130 DM (285.25mm)
AJR (Jr AAA) @ 150-155 DM (28.525mm)
BR (AA) @ 165-170 DM
CR (A) @ 185-190 DM
D1R (Sr BBB) @ 285-290 DM (28.5mm)
D2R (Jr BBB) @ 385-390 DM (4.75mm)
ER (BB) @ 525-550 DM","A1R (Sr AAA) @ 130 DM (285.25mm)
AJR (Jr AAA) @ 155 DM (28.525mm)
BR (AA) @ 170 DM
CR (A) @ 200 DM
D1R (Sr BBB) @ 305 DM (28.5mm)
D2R (Jr BBB) @ 390 DM (4.75mm)
ER (BB) @ 625 DM","Jefferies","5nc2","Reset","Priced","9/22/2025","10/9/2025","hayfin14_reset","BSL",
"False","False","Invesco US CLO 2025-3","AAA @ L120s","A1 (Sr AAA) @ 122 DM (320mm)
A2 (Jr AAA) @ 145 DM (10mm)
B (AA) @ 155 DM
C (A) @ 175 DM
D1 (Sr BBB) @ 270 DM (30mm)
D2 (Jr BBB) @ 380 DM (5mm)
E (BB) @ 480 DM","Bank of America","5nc2","New Issue","Priced","9/22/2025","10/15/2025","invco2025-3_newissue","BSL",
"False","False","Benefit Street Partners CLO XVIII","AR2 (AAA) @ 124 DM
BR2 (AA) @ 150-155 DM
CR2 (A) @ 175 DM
D1R2 (Sr BBB) @ 250-260 DM (33mm)
D2R2 (Jr BBB) @ 360-370 DM (5.5mm)
ER2 (BB) @ 470-480 DM","AR2 (AAA) @ 124 DM
BR2 (AA) @ 155 DM
CR2 (A) @ 175 DM
D1R2 (Sr BBB) @ 260 DM (36mm)
D2R2 (Jr BBB) @ 360 DM (6mm)
ER2 (BB) @ 470 DM","Scotia","5nc2","Reset","Priced","9/22/2025","10/2/2025","bsp18_reset","BSL",
"False","True","Wellfleet CLO 2021-4","Sr AAA @ 130 DM
Jr AAA @ 150 DM
AA @ 165 DM
A @190 DM","X @ 90 DM
A1R (Sr AAA) @ 130 DM (256mm)
A2R (Jr AAA) @ 150 DM (8mm)
BR (AA) @ 170 DM
CR (A) @ 190 DM
D1R (Sr BBB) @ 340 DM (24mm)
D2R (Jr BBB) @ 480 DM (2mm)
ER (BB) @ 820 DM
FR (B) @ 977 DM","Mizuho","5nc2","Reset","Priced","9/22/2025","10/10/2025","welf2021-4_reset","BSL",
"False","True","Carlyle US CLO 2022-6","A1R2 (Sr AAA) @ 123 DM (256mm)
A2R2 (Jr AAA) @ 145 DM (4mm)
BR2 (AA) @ 155 DM
CR2 (A) @ 180-185 DM
DR2 (BBB) @ 270 DM
ER2 (BB) @ 510-535 DM","A1R2 (Sr AAA) @ 123 DM (256mm)
A2R2 (Jr AAA) @ 145 DM (4mm)
BR2 (AA) @ 155 DM
CR2 (A) @ 175 DM
DR2 (BBB) @ 270 DM
ER2 (BB) @ 540 DM","JPMorgan","5nc2","Reset","Priced","9/19/2025","10/3/2025","cgms2022-6_reset2","BSL",
"False","False","Octagon 70","A-1-R (Sr AAA) @ 114 DM
A-2-R (Jr AAA) @ 135-140 DM
B-R (AA) @ 150-155 DM
C-R (A) @ 175-180 DM
D-R (BBB) @ 300-310 DM
E-R (BB) @ 600-625 DM","A-1-R (Sr AAA) @ 114 DM
A-2-R (Jr AAA) @ 150 DM
B-R (AA) @ 160 DM
C-R (A) @ 190 DM
D-R (BBB) @ 350 DM
E-R (BB) @ 600-625 DM","Bank of America","3NC1.25","Refinancing","Priced","9/18/2025","9/29/2025","oct70_refi","BSL",
"False","False","OHA Credit Funding 16-R","X @ 70-75 DM
A1 (Sr AAA) @ 120-121 DM (320mm)
A2 (Jr AAA) @ 140 DM (10mm)
B (AA) @ 150-155 DM
C (A) @ 170-175 DM
D1 (Sr BBB) @ 250-255 DM (30mm)
D2 (Jr BBB) @ 355-360 DM (5mm)
E (BB) @ 460-470 DM","X @ 70 DM
A1 (Sr AAA) @ 120 DM (320mm)
A2 (Jr AAA) @ 140 DM (10mm)
B (AA) @ 155 DM
C (A) @ 175 DM
D1 (Sr BBB) @ 250 DM (30mm)
D2 (Jr BBB) @ 355 DM (5mm)
E (BB) @ 460 DM","Nomura","5nc2","Re-Issue","Priced","9/18/2025","10/6/2025","oakc16r_reissue","BSL",
"False","False","OCP CLO 2020-8R","A (AAA) @ 122-123 DM
B (AA) @ 150-155 DM
C (A) @ 170-180 DM
D1 (Sr BBB) @ 250-260 DM (24mm)
D2 (Jr BBB) @ 365-375 DM (3mm)
E (BB) @ 470-480 DM","AR2 (AAA) @ 122 DM
B1R2 (AA) @ 155 DM
CR2 (A) @ 180 DM
D1R2 (Sr BBB) @ 260 DM
D2R2 (Jr BBB) @ 360 DM
ER2 (BB) @ 470 DM","CIBC","5nc2","Reset","Priced","9/18/2025","9/26/2025","ocp8r_reset","BSL",
"False","False","AIMCO CLO 20","A1R (Sr AAA) @ 121 DM","A1R (Sr AAA) @ 121 DM
A2R (Jr AAA) @ 145 DM
BR (AA) @ 155 DM
CR (A) @ 175 DM
D1R (Sr BBB) @ 260 DM
D2R (Jr BBB) @ 360 DM
ER (BB) @ 460 DM","JPMorgan","5nc2","Reset","Priced","9/18/2025","10/3/2025","aimco20_reset","BSL",
"False","False","Diameter Capital CLO 12","A (AAA) @ 124-125 DM
B (AA) @ 155-160 DM
C (A) @ 175-180 DM
D1 (Sr BBB) @ 255-265 DM (24mm)
D2 (Jr BBB) @ 360-370 DM (2mm)
E (BB) @ 475-485 DM","A (AAA) @ 124 DM
B (AA) @ 160 DM
C (A) @ 180 DM
D1 (Sr BBB) @ 265 DM (24mm)
D2 (Jr BBB) @ 360 DM (2mm)
E (BB) @ 475 DM","Goldman Sachs","5nc2","New Issue","Priced","9/18/2025","10/7/2025","diameter12_newissue","BSL",
"False","True","Ares Loan Funding IV","A1R (Sr AAA) @ 123 DM (256mm)
A2R (Jr AAA) @ 140-145 DM (6mm)
BR (AA) @ 155-160 DM
CR (A) @ 180-185 DM
D1R (Sr BBB) @ 270-280 DM (24mm)
D2R (Jr BBB) @ 380-390 DM (2mm)
ER (BB) @ 545-565 DM","A1R (Sr AAA) @ 123 DM (256mm)
A2R (Jr AAA) @ 150 DM (6mm)
BR (AA) @ 160 DM
CR (A) @ 185 DM
D1R (Sr BBB) @ 275 DM (24mm)
ER (BB) @ 600 DM","Citigroup","5nc2","Reset","Priced","9/18/2025","10/7/2025","areslf4_reset","BSL",
"False","False","Great Lakes CLO V","A1R (Sr AAA) @ 150a DM","XR @ 105 DM
AR (AAA) @ 155 DM
BR (AA) @ 185 DM
CR (A) @ 225 DM
DR (BBB) @ 355 DM
ER (BB) @ 675 DM","SMBC","4nc2","Reset","Priced","9/18/2025","10/8/2025","grtlk5_reset","MM",
"False","False","Fortress Credit Opportunities VIII CLO","X @ 105 DM
A1R-R (Sr AAA) @ 150 DM
A2-R (Jr AAA) @ 160-165 DM
B-R ( AA) @ 180-185 DM
C-R (A) @ 220-225 DM
D1-R (Sr BBB) @ 330-335 DM
D2-R (Jr BBB) @ 500a DM
E-R (BB) @ 650-675 DM
","XR @ 105 DM
A1RR (Sr AAA) @ 150 DM
A2R (Jr AAA) @ 160 DM
BR (AA) @ 180 DM
CR (A) @ 220 DM
D1TR (Sr BBB) @ 340 DM
D1FR (Sr BBB; fixed) @ 7.0%
D2R (Jr BBB) @ 500 DM
ER (BB) @ S+695 bps","Natixis","4NC2","Reset","Priced","9/17/2025","10/9/2025"," fco8_reset","MM",
"False","False","Capital Four CLO V","X @ 85-90 DM
A1 (Sr AAA) @ 134a DM
A2 (Jr AAA) Call Desk
B (AA) @ 190a DM
C (A) @ 220a DM
D (BBB) @ 290a
E (BB) @ 530a DM
F (B) @ 825 DM 99.25 px",,"BNP Paribas","4.5NC1.5","Reset","Announced","9/17/2025",,"cfour_5","BSL",
"False","False","Magnetite LI ","A-1 (Sr AAA) @ 120-121 DM","A1 (Sr AAA) @ 120 DM (352mm)
A2 (Jr AAA) @ 140 DM (5.5mm)
B (AA) @ 155 DM
C (A) @ 170 DM
D1A (Sr BBB) @ 240 DM (24.75mm)
D1B (BBB) @ 272.5 DM (11mm)
D2 (Jr BBB) @ 350 DM (2.75mm)
E (BB) @ 460 DM
F (B) @ 645 DM
","Goldman Sachs","5NC2","New Issue","Priced","9/16/2025","10/2/2025","magne51_newissue","BSL",
"False","False","Eldridge CLO 2025-1","A-1 (Sr AAA) @ 133 DM
A-2 (Jr AAA) @ 150-155 DM
B (AA) @ 165-175 DM
C (A) @ 185-195 DM
D-1 (Sr BBB) @ 290-300 DM
D-2 (Jr BBB) @ 410-420 DM
E (BB) @ 540-565 DM
F (B) Retained","A-1 (Sr AAA) @ 133 DM
A-2 (Jr AAA) @ 150 DM
B (AA) @ 165 DM
C (A) @ 195 DM
D-1 (Sr BBB) @ 295 DM
D-2 (Jr BBB) @ 410 DM
E (BB) @ 530 DM
F (B) Retained","JPMorgan","5NC2","New Issue","Priced","9/16/2025","9/29/2025","eldg-1_newissue","BSL",
"False","False","CIFC Funding 2021-III","A-1-R (Sr AAA) @ 123 DM
A-2-R (Jr AAA) @ 140-145 DM
B-R (AA) @ 150-155 DM
C-R (A) @ 175-180 DM
D-1-R (Sr BBB) @ 250-260 DM
D-2-R (Jr BBB) @ 365-375 DM
E-R (BB) @ 475-485 DM","A-1-R (Sr AAA) @ 123 DM
A-2-R (Jr AAA) @ 145 DM
B-R (AA) @ 155 DM
C-R (A) @ 180 DM
D-1-R (Sr BBB) @ 260 DM
D-2-R (Jr BBB) @ 370 DM
E-R (BB) @ 485 DM","Citigroup","5NC2","Reset","Priced","9/16/2025","10/6/2025","cifc2021-3_reset","BSL",
"False","False","Ocean Trails XVII","A-1 (Sr AAA) Preplaced
A-2 (Jr AAA) @ 150a DM
B (AA) @ 160 DM
C (A) @ 180-185 DM
D-1 (Sr BBB) @ 265-275 DM
D-2 (Jr BBB) @ 400a DM
E (BB) @ 525-550 DM
","A-1 (Sr AAA) 129 DM
A-2 (Jr AAA) @ 155 DM
B (AA) @ 160 DM
C (A) @ 185 DM
D-1 (Sr BBB) @ 310 DM
D-2 (Jr BBB) @ 410 DM
E (BB) @ 540 DM","JPMorgan","5NC2","New Issue","Priced","9/16/2025","10/6/2025","octr17_newissue","BSL",
"False","False","BlueMountain CLO XXX","ARR (AAA) @ 115 DM
BRR (AA) @ 160-165 DM
CRR (A) @ 185-190 DM
DR not refi&amp;amp;#39;d
ER not refi&amp;amp;#39;d","ARR (AAA) @ 115 DM
BRR (AA) @ 160 DM
CRR (A) @ 185 DM","BNP Paribas","1.5nc0.75","Refinancing","Priced","9/16/2025","9/23/2025","bluem30_refi","BSL",
"False","False","BlackRock Mt. Hood CLO X","XR @ 110 DM
AR (AAA) call desk
BR (AA) @ 185 DM
CR (A) @ 230 DM
D1R (Sr BBB) @ 340 DM (20.7mm)
D2R (Jr BBB) @ 500 DM (2.588mm)
ER (BB) @ 725 DM","XR @ 110 DM
AR (AAA) @ 152 DM
BR (AA) @ 190 DM
CR (A) @ 230 DM
D1R (Sr BBB) @ 350 DM (17.25mm)
D2R (Jr BBB) @ 505 DM (6.0375mm)
ER (BB) @ 750 DM","Societe Generale","4nc2","Reset","Priced","9/16/2025","10/2/2025","mthood_reset","MM",
"False","False","CTM CLO 2025-2","A1 (Sr AAA) @ 132 DM (248mm)
A2 (Jr AAA) @ 155 DM (12mm)
B (AA) @ 165 DM
C (A) @ 185 DM
D1 (Sr BBB) @ 300 DM (24mm)
D2 (Jr BBB) @ 410 DM (2mm)
E (BB) @ 550 DM","A1 (Sr AAA) @ 132 DM (248mm)
A2 (Jr AAA) @ 160 DM (12mm)
B (AA) @ 170 DM
C (A) @ 205 DM
D1 (Sr BBB) @ 300 DM (24mm)
D2 (Jr BBB) @ 390 DM (2mm)
E (BB) @ 565 DM","Jefferies","5NC2","New Issue","Priced","9/15/2025","9/26/2025","ctm2025-2_newissue","BSL",
"False","False","Galaxy 36 CLO","A1 (Sr AAA) @ 123a DM
A2 (Jr AAA) @ 140-145 DM
B (AA) @ 155a DM
C (A) @ 175a DM
D1 (Sr BBB) @ 265a DM
D2 (Jr BBB) @ 370a DM
E (BB) @ 470-480 DM ","A1 (Sr AAA) @ 123 DM (279mm)
A2 (Jr AAA) @ 145 DM (13.5mm)
B (AA) @ 160 DM
C (A) @ 175 DM
D1 (Sr BBB) @ 265 DM (27mm)
D2 (Jr BBB; fixed) @ 7.162% (+300 bps; 4.5mm)
E (BB) @ 490 DM","Morgan Stanley","5NC2","New Issue","Priced","9/15/2025","10/27/2025","galxy36_newissue","BSL",
"False","False","BBAM US CLO III","A1R (AAA) @ 117 DM
A2R (AA) @ 155 DM
BR (A) @ 180 DM
C1R (Sr BBB) @ 275 DM (24mm)
C2R (Jr BBB) @ 390 DM (4mm)
DR (BB) @ 515 DM","A1R (AAA) @ 117 DM
A2R (AA) @ 165 DM
BR (A) @ 190 DM
C1AR (Super Sr BBB) @ 270 DM (12mm)
C1BR (Sr BBB) @ 310 DM (8mm)
C1CR (BBB) @ 355 DM (4mm)
C2R (Jr BBB) @ 400 DM (4mm)
DR (BB) @ 520 DM","RBC","3nc1","Refinancing","Priced","9/15/2025","9/24/2025","bbam3_refi","BSL",
"False","False","Flatiron CLO 20","X @ 95 DM
A1R2 (Sr AAA) @ 124 DM (256mm)
A2R2 (Jr AAA) @ 145 DM (8mm)
BR2 (AA) @ 155 DM
CR2 (A) @ 175 DM
D1R2 (Sr BBB) @ 265 DM (21mm)
D2R2 (Jr BBB) @ 380 DM (7mm)
ER2 (BB) @ 510 DM","XR @ 90 DM
A1AR (Sr AAA) @ 124 DM (256mm)
A2R2 (Jr AAA) @ 145 DM (8mm)
BR2 (AA) @ 155 DM
CR2 (A) @ 175 DM
D1R2 (Sr BBB) @ 265 DM (21mm)
D2R2 (Jr BBB) @ 395 DM (7mm)
ER2 (BB) @ 525 DM","Wells Fargo","5nc2","Reset","Priced","9/15/2025","9/25/2025","flat20_reset","BSL",
"False","False","HLEND CLO 2023-1","AAA @ 147 DM
Jr AAA @ 160-165 DM
AA @ 175 DM","A1R (Sr AAA) @ 144 DM (493mm)
A2R (Jr AAA) @ 165 DM (34mm)
BR (AA) @ 180 DM","Bank of America","5nc2","Reset","Priced","9/15/2025","10/10/2025","hlend2023-1_reset","MM",
"False","False","Dryden 90 CLO","A1-R (AAA) @ 125 DM
B-R (AA) @ 160a DM
C-R (A) @ 180-185 DM
D1-R (Sr BBB) @ 270-280 DM
D2-R (Jr BBB) @ 385-395 DM
E-R (BB) @ 550-575 DM","A1-R (AAA) @ 125 DM
B-R (AA) @ 160 DM
C-R (A) @ 185 DM
D1-R (Sr BBB) @ 300 DM
D2-R (Jr BBB) @ 395 DM
E-R (BB) @ 590 DM","Citigroup","5NC2","Reset","Priced","9/12/2025","9/29/2025","drslf90_reset","BSL",
"False","False","Barings CLO 2019-I","AR2 (AAA) @ 125 DM
BR2 (AA) @ 160a DM
CR2  (A) @ 180-185 DM
D1R2 (Sr BBB) @ 270-280 DM
D2R2 (Jr BBB) @ 385-395 DM
ER2 (BB) @ 550-575 DM","AR2 (AAA) @ 125 DM
BR2 (AA) @ 160 DM
CR2  (A) @ 185 DM
D1R2 (Sr BBB) @ 285 DM
D2R2 (Jr BBB) @ 400 DM
ER2 (BB) @ 600 DM","Citigroup","5NC2","Reset","Priced","9/12/2025","9/29/2025","babsn2021-1_reset","BSL",
"False","False","Apidos CLO XXXIX",,"XR @ 85 DM
A1R (Sr AAA) @ 123 DM
A2R (Jr AAA) @ 140 DM
BR (AA) @ 153 DM
CR  (A) @ 175 DM
D1R (Sr BBB) @ 260 DM
D2R (Jr BBB) @ 360 DM
ER (BB) @ 470 DM
FR (B) Retained","Societe Generale","5nc2","Reset","Priced","9/12/2025","10/3/2025","apid39_reset","BSL",
"False","False","Romark CLO-4","A1R (AAA) @ 114 DM
A2AR (AA) @ 160-165 DM
BR (A) @ 190-200 DM
C1R (Sr BBB) @ 300a DM (16mm)
C2R (Jr BBB) @ 400-425 DM (8mm)
DR (BB) @ 650-675 DM","A1R (AAA) @ 114 DM
A2AR (AA) @ 165 DM
BR (A) @ 205 DM
C1R (Sr BBB) @ 315 DM (16mm)
C2R (Jr BBB) @ 465 DM (8mm)
DR (BB) @ 690 DM","Goldman Sachs","0.75nc0.75","Refinancing","Priced","9/12/2025","9/25/2025","rmrk4_refi","BSL",
"False","False","Fortress Credit BSL X","AR (AAA) call desk
BR (AA) @ 160 DM
CR (A) @ 200 DM
DR (BBB) @ 310 DM
ER (BB) @ 600 DM","AR (AAA) @ 110 DM
BR (AA) @ 160 DM
CR (A) @ 205 DM
DR (BBB) @ 310 DM
ER (BB) @ 575 DM","GreensLedge","0NC0.5","Refinancing","Priced","9/11/2025","9/25/2025","fcbsl10_refi","BSL",
"False","False","Neuberger Berman Loan Advisers CLO 47","AR (AAA) @ 108-109 DM
BR (AA) @ 145-155 DM
CR (A) @ 170-180 DM
DR (BBB) @ 265-275 DM
ER (BB) @ 495-510 DM","AR (AAA) @ 109 DM
BR (AA) @ 155 DM
CR (A) @ 175 DM
DR (BBB) @ 280 DM
ER (BB) @ 535 DM","JPMorgan","0.5nc0.75","Refinancing","Priced","9/11/2025","9/25/2025","neub47_refi","BSL",
"False","False","Black Diamond CLO 2025-2","A1 (Sr AAA) @ 135-137 DM","A1 (Sr AAA) @ 137 DM (244mm)
A2 (Jr AAA) @ 157 DM (16mm)
B (AA) @ 190 DM
C (A) @ 245 DM
D1 (Sr BBB) @ 355 DM (24mm)
D2 (Jr BBB) @ 440 DM (4mm)
E (BB) @ S+650 bps","Goldman Sachs","5nc2","New Issue","Priced","9/11/2025","10/10/2025","black2025-2_newissue","BSL",
"False","False","Nyack Park CLO","XR @ 80-85 DM
A1R (Sr AAA) @ 123-124 DM (320mm)
A2R (Jr AAA) @ 145 DM (9mm)
BR (AA) @ 155-160 DM
CR (A) @ 180-185 DM
D1R (Sr BBB) @ 260-270 DM (30mm)
D2R (Jr BBB) @ 370-380 DM (3.75mm)
ER (BB) @ 515-525 DM
FR (B) call desk","XR @ 80 DM
A1R (Sr AAA) @ 123 DM (320mm)
A2R (Jr AAA) @ 145 DM (9mm)
BR (AA) @ 160 DM
CR (A) @ 185 DM
D1R (Sr BBB) @ 270 DM (30mm)
D2R (Jr BBB) @ 385 DM (3.75mm)
ER (BB) @ 525 DM","Nomura","5nc2","Reset","Priced","9/11/2025","9/22/2025","nyack_reset","BSL",
"False","False","Golub Capital Partners CLO 19(B)-R3","AR3 (AAA) @ 115 DM
BR3 (AA) @ 145 DM
CR3 (A) @ 170 DM
D1R3 (Sr BBB) @ 260 DM
D2R3 (Jr BBB) call desk
ER3 (BB) retained","A-1-R3 (Sr AAA) @ 115 DM
A-2-R3 (Jr AAA) @ 140 DM
B-R3 (AA) @ 158 DM
C-1-R3 (Sr A) @ 180 DM
C-2-R3 (Jr A) @ 200 DM
D-1-R3 (Sr BBB) @ 270 DM","Santander","3nc1","Reset","Priced","9/11/2025","9/30/2025","gocap19_reset","BSL",
"False","False","Vibrant CLO XII","A1ARR (Sr AAA) @ 115 DM ($288mm)
A1BRR (Jr AAA) @ 145-150 ($9mm)
A2RR (AA) @ 160-165 DM
BRR (A) @ 185-190 DM
CRR (BBB) @ 315-325 DM
DRR (BB) @ 575-590 DM","A1A2 (Sr AAA) @ 115 DM (288mm)
A2B2 (Jr AAA) @ 150 DM (9mm)
A2RR (AA) @ 165 DM
BRR (A) @ 195 DM
C1RR (Sr BBB) @ 315 DM (27mm)
C2RR (Jr BBB) @ 420 DM (4.5mm)
DRR (BB) @ 595 DM","BNP Paribas","0.5nc1","Refinancing","Priced","9/11/2025","9/19/2025","vibr12_refi","BSL",
"False","False","Apex Credit CLO 2022-I","XR @ 100a
AR (AAA) call desk
BR (AA) @ 180-185 DM
CR (A) @ 215-225 DM
DR (BBB) @ 340-350 DM
ER (BB) @ 700-725 DM
FR (B) call desk","XR @ 100a
AR (AAA) 138 DM
BR (AA) @ 190 DM
CR (A) @ 225 DM
DR (Sr BBB) @ 350 DM
D2R (Jr BBB) @ 536 DM
ER (BB) @ 782 DM","Societe Generale","5nc2","Reset","Priced","9/11/2025","9/26/2025","apexc2022-1_reset","BSL",
"False","False","OCP CLO 2025-45","A (AAA) @ 123 DM
B (AA) @ 155 DM
C (A) @ 175-180 DM
D1 (Sr BBB) @ 250-255 DM (30mm)
D2 (Jr BBB) @ 350-360 DM (5mm)
E (BB) @ 460-470 DM","A (AAA) @ 123 DM
B (AA) @ 155 DM
C (A) @ 175 DM
D1 (Sr BBB) @ 250 DM (30mm)
D2 (Jr BBB) @ 360 DM (5mm)
E (BB) @ 475 DM","Citigroup","5nc2","New Issue","Priced","9/10/2025","9/18/2025","ocp45_newissue","BSL",
"False","False","ICG US CLO 2022-1(i)","X @ 100 DM
AR (AAA) @ 128-130 DM
BR (AA) @ 165-170 DM
CR (A) @ 185-195 DM
DR (BBB) @ 295-305 DM
ER (BB)@ 575-600 DM","X @ 108 DM
AR (AAA) @ 129 DM
BR (AA) @ 170 DM
CR (A) @ 195 DM
DR (BBB) @ 310 DM
ER (BB) @ 655 DM","Morgan Stanley","5nc2","Reset","Priced","9/10/2025","9/24/2025","icg2022-1_reset","BSL",
"False","False","CIFC Funding 2023-I","A1 (Sr AAA) @ 124 DM (315mm)
A2 (Jr AAA) @ 140-145 DM (15mm)
B (AA) @ 150-155 DM
C (A) @ 175-180 DM
D1 (Sr BBB) @ 250-260 DM (30mm)
D2 (Jr BBB) @ 360-370 DM (5mm)
E (BB) @ 470-480 DM","A1R (Sr AAA) @ 124 DM (315mm)
A2R (Jr AAA) @ 145 DM (15mm)
BR (AA) @ 155 DM
CR (A) @ 180 DM
D1R (Sr BBB) @ 260 DM (30mm)
D2R (Jr BBB) @ 365 DM (5mm)
ER (BB) @ 470 DM","Bank of America","5nc2","Reset","Priced","9/10/2025","9/19/2025","cifc2023-1_reset","BSL",
"False","False","Rockford Tower CLO 2019-1","AR2 (AAA) @ 105-108 DM
B1R2 (AA) @ 160 DM
CR2 (A) @ 185 DM
DR2 (BBB) @ 315 DM","AR2 (AAA) @ 110 DM
B1R2 (AA) @ 160 DM
CR2 (A) @ 185 DM","Santander","0.5nc0.5","Refinancing","Priced","9/10/2025","9/22/2025","rockt2019-1_refi","BSL",
"False","False","AGL CLO 7","XR2 @ 95 DM
AR2 (AAA) @ 125 DM
BR2 (AA) @ 155-160 DM
CR2 (A) @ 175-180 DM
D1R2 (Sr BBB) @ 265-275 DM (34.8mm)
DJR2 (Jr BBB) @ 360-370 DM (5.8mm)
ER2 (BB) @ 550-575 DM","XR2 @ 100 DM
AR2 (AAA) @ 125 DM
BR2 (AA) @ 160 DM
CR2 (A) @ 180 DM
D1R2 (Sr BBB) @ 280 DM (34.8mm)
D2R2 (Jr BBB) @ 385 DM (5.8mm)
ER2 (BB) @ 575 DM","Jefferies","5nc2","Reset","Priced","9/10/2025","9/19/2025","agl7_reset","BSL",
"False","False","OHA Loan Funding 2013-2","XR2 @ 100 DM
AR2 (AAA) @ 122 DM
BR2 (AA) @ 150 DM
CR2 (A) @ 170 DM","XR2 @ 105 DM
AR2 (AAA) @ 122 DM
BR2 (AA) @ 150 DM
CR2 (A) @ 170 DM","GreensLedge","5nc2","Reset","Priced","9/10/2025","9/24/2025","ohalf2013-2_reset","BSL",
"False","False","Park Avenue Institutional Advisers CLO 2017-1","A1RR (AAA) @ 107 DM
A2RR (AA) @ 155-160 DM
B1RR (A) @ 175-180 DM
C1RR (BBB) @ 290-300 DM
DRR (BB) @ 600-625 DM","A1R2 (AAA) @ 107 DM
A2R2 (AA) @ 155 DM
B1R2 (A) @ 185 DM
C1R2 (BBB) @ 320 DM
DR2 (BB) @ S+675 bps","SMBC","0.5nc0.5","Refinancing","Priced","9/10/2025","9/24/2025","paia2017-1_refi","BSL",
"False","False","Ballyrock CLO 2019-2","XR3 @ 80 DM
AR3 (AAA) @ 124-125 DM
BR3 (AA) @ 155-160 DM
CR3 (A) @ 180-185 DM
D1R3 (Sr BBB) @ 260-270 DM (22.5mm)
D2R3 (Jr BBB) @ 385-395 DM (7.875mm)
ER3 (BB) @ 540-560 DM","XR3 @ 85 DM
AR3 (AAA) @ 124 DM
BR3 (AA) @ 165 DM
CR3 (A) @ 185 DM
D1R3 (Sr BBB) @ 270 DM (22.5mm)
D2R3 (Jr BBB) @ 395 DM (7.875mm)
ER3 (BB) @ 615 DM","JPMorgan","5nc2","Reset","Priced","9/10/2025","9/30/2025","bally2019-2_reset","BSL",
"False","True","720 East CLO 2023-II","A1R (Sr AAA) @ 125 DM (288mm)
A2R (Jr AAA) @ 145 DM (27mm)
BR (AA) @ 155-160 DM
CR (A) @ 180 DM
D1R (Sr BBB) @ 265-270 DM (27mm)
D2R (Jr BBB) @ 400 DM (4.5mm)
ER (BB) @ 500 DM","A1R (Sr AAA) @ 125 DM (288mm)
A2R (Jr AAA) @ 145 DM (27mm)
BR (AA) @ 160 DM
CR (A) @ 180 DM
D1R (Sr BBB) @ 275 DM (27mm)
D2R (Jr BBB) @ 395 DM (4.5mm)
ER (BB) @ 550 DM","SMBC","5nc2","Reset","Priced","9/9/2025","9/26/2025","nwml2023-2_reset","BSL",
"False","False","Bryant Park Funding 2023-21","AR (AAA) @ 127 DM (preplaced)
BR (AA) @ 160 DM
CR (A) @ 180-185 DM
D1R (Sr BBB) @ 270-280 DM (24mm)
D2R (Jr BBB) @ 380-390 DM (2mm)
E (BB) @ 500-525 DM","AR (AAA) @ 127 DM
BR (AA) @ 165 DM
CR (A) @ 185 DM
D1R (Sr BBB) @ 275 DM (24mm)
D2R (Jr BBB) @ 390 DM (2mm)
ER (BB) @ 525 DM","Bank of America","5nc2","Reset","Priced","9/9/2025","9/19/2025","brypk21_reset","BSL",
"False","False","Madison Park Funding XXXVIII","A1R (Sr AAA) @ 123-124 DM (384mm)
A2R (Jr AAA) @ 145-150 DM (12mm)
BR (AA) @ 155-160 DM
CR (A) @ 185-190 DM
D1R (Sr BBB) @ 270-280 DM (36mm)
D2R (Jr BBB) @ 390-400 DM (6mm)
ER (BB) @ 525-540 DM
FR (B) call desk","A1R (Sr AAA) @ 124 DM (384mm)
A2R (Jr AAA) @ 145 DM (12mm)
BR (AA) @ 160 DM
CR (A) @ 190 DM
D1R (Sr BBB) @ 285 DM (33mm)
D2R (Jr BBB) @ 400 DM (9mm)
ER (BB) @ 590 DM
FR (B) @ S+816 bps","Nomura","5nc2","Reset","Priced","9/9/2025","9/24/2025","mdpk38_reset","BSL",
"False","False","Warwick Capital CLO 1","AR (AAA) @ 128 DM","A-R (AAA) @ 128 DM
B-R (AA) @ 160 DM
C-1-R (Sr A) @ 175 DM
C-2-R ( Jr A) @ 205 DM
D-1-R (Sr BBB) @ 280 DM
D-2-R (Jr BBB) @ 385 DM
E-R (BB) @ 545 DM","RBC","5nc2","Reset","Priced","9/9/2025","9/17/2025","wwick1_reset","BSL",
"False","False","Navesink CLO 4","AAA @ 128-130 DM","A1 (Sr AAA) @ 128 DM
A2 (Jr AAA) @ 152 DM
B (AA) @ 170 DM
C (A) @ 215 DM
D1 (Sr BBB) @ 325 DM
D2 (Jr BBB) @ 425 DM
E (BB) @ 625 DM","Morgan Stanley","3nc1","New Issue","Priced","9/9/2025","9/26/2025","navesink4_newissue","BSL",
"False","False","Elmwood CLO 19","XR call desk
AR2 (AAA) @ 124 DM
BR2 (AA) @ 155 DM
CR2 (A) @ 175-180 DM
D1R2 (Sr BBB) @ 260-265 DM (24mm)
D2R2 (Jr BBB) @ 360-370 DM (2mm)
ER2 (BB) @ 470-480 DM
FR2 (B) call desk","X @ 85 DM
AR2 (Sr AAA) @ 124 DM (256mm)
BR2 (Jr AAA) @ 155 DM (48mm)
CR2 (AA) @ 185 DM
D1R2 (Sr BBB) @ 270 DM (24mm)
D2R2 (Jr BBB) @ 375 DM (2mm)
ER2 (BB) @ 515 DM
FR2 (B) retained","Bank of America","5nc2","Reset","Priced","9/9/2025","9/19/2025","elmw19_reset","BSL",
"False","False","Bridge Street CLO VI","A1 (Sr AAA) @ 128-129 DM","A1 (Sr AAA) @ 128 DM
A2 (Jr AAA) @ 150 DM
B (AA) @ 165 DM
C (A) @ 190 DM
D1 (Sr BBB) @ 290 DM
D2 (Jr BBB) @ 400 DM
E (BB) @ 525 DM","Scotia","5nc2","New Issue","Priced","9/8/2025","10/3/2025","brdgs6_newissue","BSL",
"False","False","TCW CLO 2017-1","AR4 (AAA) @ 127 DM","A1R4 (Sr AAA) @ 128 DM
AJR4 (Jr AAA) @ 150 DM
BR4 (AA) @ 165 DM
CR4 (A) @ 190 DM
D1R4 (Sr BBB) @ 300 DM
DJR4 (Jr BBB) @ 425 DM
ER4 (BB) @ 600 DM","Jefferies","5nc2","Reset","Priced","9/8/2025","10/1/2025","tcw2017-1_reset","BSL",
"False","True","RIN IV","A1R (Sr AAA) @ 135 DM (256mm)
A2R (Jr AAA) @ 150-155 DM (8mm)
BR (AA) @ 170-175 DM
CR (A) @ 190-195 DM
DR (BBB) @ 285-295 DM
ER (BB) @ 550-575 DM","A1R (Sr AAA) @ 135 DM (256mm)
A2R (Jr AAA) @ 155 DM (8mm)
BR (AA) @ 170 DM
CR (A) @ 190 DM
DR (BBB) @ 295 DM
ER (BB) @ 560 DM","BNP Paribas","5nc2","Reset","Priced","9/8/2025","10/1/2025","rin4_reset","Infra",
"False","False","Silver Point SCF CLO VIII","A1 (Sr AAA) @ 153 DM
A2 (Jr AAA) @ 165-170 DM
B ( AA) @ 175-180 DM
C (A) @ 215-220 DM
D (BBB) Retained
","A1 (Sr AAA) @ 153 DM (232mm)
A2 (Jr AAA) @ 170 DM (16mm)
B (AA) @ 180 DM
C (A) @ 215 DM
D (BBB) retained","Morgan Stanley","4nc2","New Issue","Priced","9/8/2025","10/21/2025","slvrptscf8_newissue","MM",
"False","False","RR 27","A1AR (Sr AAA) @ 123 DM (320mm)
A1BR (Jr AAA) @ 145 DM (6.25mm)
A2R (AA) @ 155 DM
BR (A) @ 175 DM
C1AR (Sr BBB) call desk
C2BR (BBB) call desk
C2R (Jr BBB) subject
DR (BB) @ 475 DM","A1AR (Sr AAA) @ 123 DM (320mm)
A1BR (Jr AAA) @ 145 DM (6.25mm)
A2R (AA) @ 155 DM
BR (A) @ 180 DM
C1AR (Sr BBB) @ 250 DM (23.75mm)
C1BR (BBB) @ 320 DM (6.25mm)
C2R (Jr BBB) @ 375 DM (3mm)
DR (BB) @ 485 DM","Wells Fargo","5nc2","Reset","Priced","9/8/2025","9/25/2025","rr27_reset","BSL",
"False","False","MidOcean CLO XXI","A1 (Sr AAA) @ 126 DM (252mm)
A2 (Jr AAA) @ 145-150 DM (12mm)
B (AA) @ 155-160 DM
C (A) @ 180-185 DM
D1 (Sr BBB) @ 260-270 DM (24mm)
D2 (Jr BBB) @ 370-380 DM (3mm)
E (BB) @ 480-490 DM","A1 (Sr AAA) @ 126 DM (252mm)
A2 (Jr AAA) @ 150 DM (12mm)
B (AA) @ 158 DM
C (A) @ 180 DM
D1 (Sr BBB) @ 280 DM (24mm)
D2 (Jr BBB) @ 380 DM (3mm)
E (BB) @ 500 DM","BNP Paribas","5nc2","New Issue","Priced","9/5/2025","9/17/2025","mido21_newissue","BSL",
"False","False","AIMCO CLO 14","XR call desk
A1R (Sr AAA) @ 122-123 DM (256mm)
A2R (Jr AAA) @ 145 DM (8mm)
BR (AA) @ 150-155 DM
CR (A) @ 170-180 DM
D1R (Sr BBB) @ 260-265 DM (24mm)
D2R (Jr BBB) call desk
E1R (Sr BB) @ 460-470 DM (14mm)
E2R (Jr BB) @ 600 DM (2mm)","XR @ 105 DM
A1R (Sr AAA) @ 122 DM (256mm)
A2R (Jr AAA) @ 144 DM (8mm)
BR (AA) @ 155 DM
CR (A) @ 170 DM
D1R (Sr BBB) @ 260 DM (24mm)
D2R (Jr BBB) @ 370 DM (2mm)
E1R (Sr BB) @ 480 DM (14mm)
E2R (Jr BB) @ 650 DM (2mm)","Nomura","5nc2","Reset","Priced","9/5/2025","9/18/2025","aimco14_reset","BSL",
"False","False","Canyon CLO 2021-4","AR (AAA) @ 110 DM
BR (AA) @ 155-160 DM
CR (A) @ 180 DM
DR (BBB) @ 280-285 DM
ER (BB) @ 575-600 DM","AR (AAA) @ 110 DM
BR (AA) @ 160 DM
CR (A) @ 180 DM
DR (BBB) @ 285 DM
ER (BB) @ 600 DM","Scotia","1nc1","Refinancing","Priced","9/4/2025","9/15/2025","canyc2021-4_refi","BSL",
"False","False","Northwoods Capital 25","AR (AAA) call desk
B1R (AA) @ 160-165 DM
CR (A) @ 180-190 DM
DR (BBB) @ 285-295 DM","AR (AAA) @ 112 DM
B1R (AA) @ 160 DM
CR (A) @ 190 DM
DR (BBB) @ 290 DM","SMBC","0.75nc0.75","Refinancing","Priced","9/4/2025","9/12/2025","woods25_refi","BSL",
"False","False","KKR CLO 48","X-R @ 90 DM
A-R (AAA) @ 128 DM
B-R (AA) @ 160 DM
C-R (A) @ 185 DM
D-R1 (Sr BBB) @ 280 DM
D-R2 (Jr BBB) @ 390 DM
E-R (BB) @ 550 DM
F-R (B_ @ 700 DM
","XR @ 90
AR (AAA) @ 128 DM
BR (AA) @ 165 DM
CR (A) @ 185 DM
D1R (Sr BBB) @ 295 DM (22mm)
D2R (Jr BBB) @ 395 DM (5mm)
ER (BB) @ 625 DM
FR (B) @ 875 DM","Bank of America","5NC2","Reset","Priced","9/3/2025","9/18/2025","kkr48_reset","BSL",
"False","False","Wind River 2021-2","A1R (Sr AAA) @ 111 DM (240mm)
A2R (Jr AAA) @ 145 DM (16mm)
BR (AA) @ 155-160 DM
CR (A) @ 195-200 DM
DR (BBB) @ 310-320 DM","A-1R (Sr AAA) @ 111 DM
A-2R (Jr AAA) @ 140 DM
B-R (AA) @ 160 DM
C-R (A) @ 200 DM","Mitsubishi","0.8NC0.8","Refinancing","Priced","9/3/2025","9/12/2025","windr2021-2_refi","BSL",
"False","False","Signal Peak CLO 4","ARR (AAA) @ 112 DM","X-R2 @ 85 DM
A-R2 @ 112 DM
B-R2 @ 165 DM
C-R2 @ 200 DM","SMBC","1nc0.5","Refinancing","Priced","9/3/2025","9/12/2025","speak4_refi","BSL",
"False","False","Audax Senior Debt CLO 6","AR (AAA) @ 150 DM","AR (AAA) @ 150 DM
BR (AA) @ 185 DM
CR (A) @ 220 DM
DR (BBB) @ 320 DM","Wells Fargo","4.3nc2.3","Reset","Priced","9/3/2025","9/22/2025","audax6_reset","MM",
"False","False","BlueMountain CLO XXXIII"," DMX @ 100 DM
A1R (Sr AAA) @ 136 DM (256mm)
A2R (Jr AAA) @ 155-160 DM (8mm)
BR (AA) @ 170 DM
CR (A) @ 195 DM
D1R (Sr BBB) @ 300 DM (24mm)
D2R (Jr BBB) @ 425 DM (4mm)
ER (BB) @ 650 DM","X @ 100 DM
A1R (Sr AAA) @ 136 DM (256mm)
A2R (Jr AAA) @ 155 DM (40mm)
BR (AA) @ 170 DM
CR (A) @ 200 DM
D1R (Sr BBB) @ 375 DM (20mm)
D2R (Jr BBB) @ 450 DM (8mm)
ER (BB) @ 725 DM","Wells Fargo","5nc2","Reset","Priced","9/3/2025","9/25/2025","bluem33_reset","BSL",
"False","False","Wind River 2021-2","A1R (Sr AAA) @ 111 DM (240mm)
A2R (Jr AAA) @ 145 DM (16mm)
BR (AA) @ 155-160 DM
CR (A) @ 195-200 DM
DR (BBB) @ 310-320 DM",,"Mitsubishi","0.75nc0.75","Refinancing","Announced","9/3/2025",,"windr2021-2_refi","BSL",
"False","True","Garnet CLO 3","A1 (Sr AAA) @ 127-128 DM (320mm)
A2 (Jr AAA) @ 145-150 (10mm)
B (AA) @ 160-165 DM
C (A) @ 180-190 DM
D1 (Sr BBB) @ 270-280 DM (30mm)
D2 (Jr BBB) @ 375 DM (2.5mm)
E (BB) @ 490-500 DM
F (B) retained","A1 (Sr AAA) @ 127 DM (320mm)
A2 (Jr AAA) @ 150 (10mm)
B (AA) @ 160 DM
C (A) @ 180 DM
D1 (Sr BBB) @ 280 DM (30mm)
D2 (Jr BBB) @ 365 DM (2.5mm)
E (BB) @ 495 DM
F (B) 659 DM","RBC","5nc2","New Issue","Priced","9/3/2025","9/25/2025","garnet3_newissue","BSL",
"False","False","Monroe Capital MML CLO XV","AR (AAA) @ MH120s DM","AR (AAA) @ 127 DM
BR (AA) @ 185 DM
CR (A) @ 200 DM
DR (BBB) @ 300 DM
ER (BB) @ 640 DM","SMBC","2nc1","Refinancing","Priced","9/3/2025","10/9/2025","mcmml15_refi","MM",
"False","False","Neuberger Berman Loan Advisers CLO 62",,"A1 (Sr AAA) @ 123 DM (315mm)
A2 (Jr AAA) @ 145 DM (15mm)
B (AA) @ 155 DM
C (A) @ 175 DM
D1 (Sr BBB) @ 265 DM (30mm)
D2 (Jr BBB) @ 360 DM (5mm)
E (BB) @ 485 DM","Wells Fargo","5nc2","New Issue","Priced","9/3/2025","9/18/2025","neub63_newissue","BSL",
"False","False","Mountain View CLO XVII","X @ 100a
(Sr AAA) PrePlaced
(Jr AAA) @ 150-155 DM
(AA) @ 170a DM
(A) @ 200a DM
(Sr BBB) @ 300a DM
(Jr BBB) @ 425-450 DM
(BB) @ 600-625 DM","X @ 100 DM
A1R (Sr AAA) @ 135 DM (192.15mm)
A2R (Jr AAA) @ 155 DM (15.75mm)
BR (AA) @ 170 DM
CR (A) @ 225 DM
D1R (Sr BBB) @ 330 DM (15.75mm)
D2R (Jr BBB) @ 450 DM (6.3mm)
ER (BB) @ 650 DM","Morgan Stanley","5NC2","Reset","Priced","9/2/2025","9/19/2025","mtnv17_reset","BSL",
"False","False","AGL CLO 11","XR call desk
A1R (Sr AAA) call desk
A2R (Jr AAA) @ 150 DM
BR (AA) @ 160 DM
CR (A) @ 195-200 DM
D1R (Sr BBB) @ 270-275 DM
D2R (Jr BBB) call desk
ER (BB) @ 575-600 DM","XR @ 95 DM
A1R (Sr AAA) @ 127 DM (320mm)
A2R (Jr AAA) @ 150 DM (10mm)
BR (AA) @ 160 DM
CR (A) @ 195 DM
D1R (Sr BBB) @ 285 DM (25mm)
D2R (Jr BBB) @ 380 DM (10mm)
ER (BB) @ 630 DM","GreensLedge","5nc2","Reset","Priced","9/2/2025","9/10/2025","agl11_reset","BSL",
"False","False","Birch Grove CLO 7","A1R (Sr AAA) @ 126 DM","A-1-R (Sr AAA) @ 126 DM
A-2-R (Jr AAA) @ 155 DM
B-R (AA) @ 165 DM
C-R (A) @ 180 DM
D-1-R (Sr BBB) @ 280 DM
D-2-R  (Jr BBB) @ 380 DM
E-R (BB) @ 550 DM","Goldman Sachs","5nc2","Reset","Priced","9/2/2025","9/25/2025","bgclo7_reset","BSL",
"False","False","Battalion CLO XI",,"AR2 (AAA) @ 113 DM
BR2 (AA) @ 175 DM
CR2 (A) @ 195 DM","Scotia","0.5NC0.5","Refinancing","Priced","9/2/2025","9/11/2025","batln11_refi","BSL",
"False","False","Neuberger Berman Loan Advisers CLO 66","A1 (Sr AAA) call desk
",,"Wells Fargo","5nc2","New Issue","Announced","9/2/2025",,"neub66_newissue","BSL",
"False","False","Carlyle US CLO 2023-3","A1R (Sr AAA) @ LM120s","A1R (Sr AAA) @ 123 DM (256mm)
A2R (Jr AAA) @ 145 DM (8mm)
BR (AA) @ 160 DM
CR (A) @ 185 DM
D1R (Sr BBB) @ 270 DM (22mm)
D2R (Jr BBB) @ 375 DM (5mm)
ER (BB) @ 540 DM","SMBC","5nc2","Reset","Priced","9/2/2025","9/23/2025","cgms2023-3_reset","BSL",
"False","True","Magnetite XXVII","X @ 90 DM
ARR (AAA) @ 123 DM
BRR (AA) @ 150 DM
CRR (A) @ 175 DM
DRR (BBB) @ 260 DM
ERR (BB) @ 475 DM
FRR call desk","X @ 95 DM
A-RR (Sr AAA) @ 123 DM
AJ-RR (Jr AAA) @ 145 DM
B-RR (AA) @ 145 DM
C-RR (A) @ 175 DM
D-1-RR (BBB) @ 265 DM
D-2-RR (Jr BBB) @ 375 DM
E-RR (BB) @ 475 DM
FRR (B) @ 684 DM","Santander","5nc2","Reset","Priced","9/2/2025","9/17/2025","magne27_reset","BSL",
"False","False","ADL CLO 2","A1A (Sr AAA) call desk
A2B (Jr AAA) @ 165 DM
A2 (AA) @ 180 DM
B (A) not offered
C (BBB) not offered","A1A (Sr AAA) @ 145 DM
A1B (Jr AAA) @ 165 DM
A2 (AA) @ 185 DM
B (A) retained
C (BBB) retained","RBC","4nc2","New Issue","Priced","9/2/2025","9/18/2025","adl2_newissue","MM",
"False","False","Regatta VI Funding","X @ 80-85 DM
A1R (Sr AAA) @ 125-126 DM
A2R (Jr AAA) @ 145-150 DM
BR (AA) @ 155-160 DM
CR (A) @ 180-185 DM
D1R (Sr BBB) @ 270-275 DM
D2R (Jr BBB) @ 380-390 DM
ER (BB) @ 490-500 DM
FR (B) call desk","X @ 85 DM
A1R (Sr AAA) @ 125 DM
A2R (Jr AAA) @ 148 DM
BR (AA) @ 160 DM
CR (A) @ 190 DM
D1R (Sr BBB) @ 275 DM
D2R (Jr BBB) @ 390 DM
ER (BB) @ 545 DM","Nomura","5nc2","Reset","Priced","8/28/2025","9/12/2025","regt6_reset","BSL",
"False","False","Basswood Park CLO","div&lt;div&gt;divAR (AAA) @ 103-105 DM
br&lt;br&gt;brBR (AA) @ 150 DM
br&lt;br&gt;brCR (A) @ 165-170 DM
br&lt;br&gt;brDR (BBB) @ 265-275 DM
br&lt;br&gt;brER (BB) @ 525-550 DM/div&lt;/div&gt;/div","AR (AAA) @ 103 DM
BR (AA) @ 150 DM
CR (A) @ 170 DM
DR (BBB) @ 265 DM
ER (BB) @ 525 DM","JPMorgan","0.5nc0.5","Refinancing","Priced","8/27/2025","9/5/2025","bark_refi","BSL",
"False","False","Trinitas CLO XVII","div&lt;div&gt;divA (AAA) subject
br&lt;br&gt;brB1 (AA) @ 165 DM
br&lt;br&gt;brC (A) @ 200 DM
br&lt;br&gt;brD (BBB) @ 315-325 DM/div&lt;/div&gt;/div","A (AAA) @ 115 DM
B1 (AA) @ 165 DM
C (A) @ 200 DM
D (BBB) @ 325 DM","CIBC","0.25NC0.75","Refinancing","Priced","8/26/2025","9/4/2025","trnts17_refi","BSL",
"False","False","PPM CLO 4","div&lt;div&gt;divA1R2 (Sr AAA) @ 133 DM
br&lt;br&gt;brA2R2 (Jr AAA) @ 150 DM
br&lt;br&gt;brBR2 (AA) @ 175 DM
br&lt;br&gt;brCR2 (A) @ 200 DM
br&lt;br&gt;brD1R2 (Sr BBB) @ 300 DM
br&lt;br&gt;brD2R2 (Jr BBB) @ 425 DM
br&lt;br&gt;brER2 (BB) @ 625 DM
br&lt;br&gt;brF (B) @ 750a/div&lt;/div&gt;/div","A1R2 (Sr AAA) @ 133 DM
A2R2 (Jr AAA) @ 160 DM
BR2 (AA) @ 175 DM
CR2 (A) @ 205 DM
D1R2 (Sr BBB) @ 335 DM
D2R2 (Jr BBB) @ 450 DM
ER2 (BB) @ 750 DM","Citigroup","5nc2","Reset","Priced","8/26/2025","9/11/2025","ppm4_reset","BSL",
"False","False","Bain Capital Credit CLO 2025-4","div&lt;div&gt;divAAA @ 122-123 DM/div&lt;/div&gt;/div","A1 (Sr AAA) @ 124 DM (384mm)
A2 (Jr AAA) @ 150 DM (18mm)
B (AA) @ 155 DM
C (A) @ 185 DM
D1 (Sr BBB) @ 260 DM (36mm)
D2 (Jr BBB) @ 365 DM (6mm)
E (BB) @ 495 DM","Mizuho","5nc2","New Issue","Priced","8/26/2025","9/18/2025","bcc2025-4_newissue","BSL",
"False","False","Atlantic Avenue 2025-4","div&lt;div&gt;divA (AAA) @ 138 DM
br&lt;br&gt;brB (AA) @ 175 DM
br&lt;br&gt;brC (A) @ 195-200 DM
br&lt;br&gt;brD (BBB) @ 295-305 DM
br&lt;br&gt;brE (BB) @ 575-600 DM/div&lt;/div&gt;/div","A (AAA) @ 138 DM
B (AA) @ 180 DM
C (A) @ 215 DM
D (BBB) @ 315 DM
E (BB) @ 615 DM","Citigroup","5nc2","Reset","Priced","8/25/2025","9/17/2025","mccp2025-4_reset","MM",
"False","True","AMMC CLO 25","div&lt;div&gt;divX @ 95 DM
br&lt;br&gt;brA1R2 (Sr AAA) @ 130 DM (256mm)
br&lt;br&gt;brA2R2 (Jr AAA) @ 150-155 DM (8mm)
br&lt;br&gt;brBR2 (AA) @ 170-175 DM
br&lt;br&gt;brCR2 (A) @ 190-195 DM
br&lt;br&gt;brD1R2 (Sr BBB) @ 290-300 DM (24mm)
br&lt;br&gt;brD2R2 (Jr BBB) @ 425-435 DM (4mm)
br&lt;br&gt;brER2 (BB) @ 610-625 DM
br&lt;br&gt;brF call desk/div&lt;/div&gt;/div","X @ 95 DM
A1R2 (Sr AAA) @ 130 DM (256mm)
A2R2 (Jr AAA) @ 155 DM (8mm)
BR2 (AA) @ 170 DM
CR2 (A) @ 195 DM
D1R2 (Sr BBB) @ 300 DM (24mm)
D2R2 (Jr BBB) @ 425 DM (4mm)
ER2 (BB) @ 630 DM
F (B) retained","Mizuho","5nc2","Reset","Priced","8/25/2025","9/10/2025","ammc25_reset","BSL",
"False","False","CENT CLO 32","div&lt;div&gt;divA1R2 (Sr AAA) @ 110-112 DM/div&lt;/div&gt;/div","A1R2 (AAA) @ 112 DM
B1R2 (AA) @ 165 DM
C1R2 (A) @ 210 DM","Jefferies","0.5NC1","Refinancing","Priced","8/25/2025","9/12/2025","cent32_refi","BSL",
"False","False","Venture 41 CLO","div&lt;div&gt;divA1RR (Sr AAA) @ 113-115 DM/div&lt;/div&gt;/div","A1RR (Sr AAA) @ 113 DM
A2RR (Jr AAA) @ 150 DM
BNRR (AA) @ 170 DM
CRR (A) @ 210 DM
DRR (BBB) @ 400 DM","Jefferies","0.25nc0.25","Refinancing","Priced","8/25/2025","9/11/2025","ventr41_refi","BSL",
"False","False","ICG US CLO 2016-1","div&lt;div&gt;divA1R3 (AAA) @ 100 DM
br&lt;br&gt;brA2R3 (AA) @ 150 DM
br&lt;br&gt;brBR3 (A) @ 180 DM/div&lt;/div&gt;/div","A1R3 (AAA) @ 100 DM
A2R3 (AA) @ 160 DM
BR3 (A) @ 195 DM","Wells Fargo","0NC1","Refinancing","Priced","8/25/2025","9/9/2025","icg2016-1_refi","BSL",
"False","False","CIFC Funding 2025-VI","div&lt;div&gt;divA1 (Sr AAA) preplaced
br&lt;br&gt;brA2 (Jr AAA) @ 145 DM
br&lt;br&gt;brB (AA) @ 155 DM
br&lt;br&gt;brC (A) @ 170-180 DM
br&lt;br&gt;brD1 (Sr BBB) @ 250-260 DM (24mm)
br&lt;br&gt;brD2 (Jr BBB) @ 350-360 DM (4mm)
br&lt;br&gt;brE (BB) @ 460-470 DM/div&lt;/div&gt;/div","A-1 (Sr AAA) @ 125 DM
A-2 (Jr AAA) @ 143 DM
B (AA) @ 155 DM
C (A) @ 180 DM
D-1 (Sr BBB) @ 255 DM
D-2 (Jr BBB) @ 365 DM
E (BB) @ 475 DM","Citigroup","5nc2","New Issue","Priced","8/25/2025","9/11/2025","cifc2025-6_newissue","BSL",
"False","False","Golub Capital Private Credit Fund CLO 1-R","div&lt;div&gt;divA2R (Jr AAA) @ 160-165 DM/div&lt;/div&gt;/div","A1R (Sr AAA) @ 145 DM
A2R (Jr AAA) @ 165 DM
BR (AA) retained","Societe Generale","4NC2","Reset","Priced","8/25/2025","9/4/2025","gcpcf1_reset","MM",
"False","False","MCF CLO IV","div&lt;div&gt;divX (AAA) @ 105a DM
br&lt;br&gt;brA-R3 (AAA) @ 148-150 DM
br&lt;br&gt;brB-R3 (AA) @ 180a DM
br&lt;br&gt;brC-R3 (A) @ 220a DM
br&lt;br&gt;brD-1-R3 (Sr BBB) @ 335a DM
br&lt;br&gt;brD-2-R3 (Jr BBB) @ 500-510 DM
br&lt;br&gt;brE-R3 (BB) @ 675-700 DM/div&lt;/div&gt;/div","X (AAA) @ 105 DM
A-R3 (AAA) @ 150 DM
B-R3 (AA) @ 185 DM
C-R3 (A) @ 225 DM
D-1-R3 (Sr BBB) @ 335 DM
D-2-R3 (Jr BBB) @ 500 DM
E-R3 (BB) @ 675 DM","Scotia","4NC2","Reset","Priced","8/25/2025","9/16/2025","mcf4_reset","MM",
"False","False","Wehle Park CLO","div&lt;div&gt;divXR @ 85-90
br&lt;br&gt;brA1R (Sr AAA) @ 124-125 DM (345.5mm)
br&lt;br&gt;brA2R (Jr AAA) @ 145-150 DM (10.5mm)
br&lt;br&gt;brBR (AA) @ 155-160 DM
br&lt;br&gt;brCR (A) @ 180-185 DM
br&lt;br&gt;brD1R (Sr BBB) @ 260-270 DM (32.5mm)
br&lt;br&gt;brD2R (Jr BBB) @ 380-390 DM (4mm)
br&lt;br&gt;brER (BB) @ 490-500 DM/div&lt;/div&gt;/div","XR @ 100
A1R (Sr AAA) @ 124 DM (345.5mm)
A2R (Jr AAA) @ 145 DM (10.5mm)
BR (AA) @ 160 DM
CR (A) @ 190 DM
D1R (Sr BBB) @ 270 DM (32.5mm)
D2R (Jr BBB) @ 385 DM (4mm)
ER (BB) @ 540 DM","Nomura","5nc2","Reset","Priced","8/25/2025","9/11/2025","wehpk_reset","BSL",
"False","False","Ares Direct Lending CLO 6","div&lt;div&gt;divSr AAA @ M140s DM
br&lt;br&gt;brJr AAA @ 165-170 DM
br&lt;br&gt;brAA @ 180 DM
br&lt;br&gt;brA @ 220 DM
br&lt;br&gt;brBBB @ 320-325 DM/div&lt;/div&gt;/div","A-1 (Sr AAA) @ 145 DM
A-2 (Jr AAA) @ 165 DM
B (AA) @ 180 DM
C (A) @ 220 DM
D (BBB) @ 330 DM","Morgan Stanley","4NC2","New Issue","Priced","8/25/2025","9/11/2025","aresdl6_newissue","MM",
"False","False","Marble Point CLO XIX","div&lt;div&gt;divXR2 @ 90 DM
br&lt;br&gt;brAR2 (AAA) @ 130-131 DM
br&lt;br&gt;brBR2 (AA) @ 165 DM
br&lt;br&gt;brCR2 (A) @ 190-195 DM
br&lt;br&gt;brD1R2 (Sr BBB) @ 300 DM (24mm)
br&lt;br&gt;brD2R2 (Jr BBB) @ 405-415 DM (3mm)
br&lt;br&gt;brBB @ 600 DM/div&lt;/div&gt;/div","XR2 @ 100 DM
AR2 (AAA) @ 130 DM
BR2 (AA) @ 165 DM
CR2 (A) @ 205 DM
D1R2 (Sr BBB) @ 300 DM (22mm)
D2R2 (Jr BBB) @ 415 DM (5mm)
ER2 (BB) @ 650 DM","CIBC","5nc2","Reset","Priced","8/22/2025","9/4/2025","mp19_reset","BSL",
"False","False","Benefit Street Partners CLO IV","div&lt;div&gt;divAR5 (AAA) @ 126-127 DM
br&lt;br&gt;brBR5 (AA) @ 155-160 DM
br&lt;br&gt;brCR5 (A) @ 180 DM
br&lt;br&gt;brD1R5 (Sr BBB) @ 260-265 DM
br&lt;br&gt;brD2R5 (Jr BBB) @ 375 DM
br&lt;br&gt;brER5 (BB) @ 470-480 DM/div&lt;/div&gt;/div","AR5 (AAA) @ 125 DM
BR5 (AA) @ 155 DM
CR5 (A) @ 180 DM
D1TR5 (Sr BBB) @ 265 DM
D1FR5 (Sr BBB; fixed) @ 6.153%
D2R5 (Jr BBB) @ 375 DM
ER5 (BB) @ 480 DM","Scotia","5nc2","Reset","Priced","8/22/2025","9/10/2025","bsp4_reset","BSL",
"False","False","Sycamore Tree CLO 2023-4","div&lt;div&gt;divAR (AAA) preplaced
br&lt;br&gt;brBR (AA) @ 165 DM
br&lt;br&gt;brCR (A) @ 185 DM
br&lt;br&gt;brD1R (Sr BBB) @ 285 DM (24mm)
br&lt;br&gt;brD2R (Jr BBB) @ 400 DM (3.6mm)
br&lt;br&gt;brER (BB) @ 575 DM/div&lt;/div&gt;/div","A-R (AAA) @ 133 DM
B-R (AA) @ 165 DM
C-R (A) @ 185 DM
D-1-R (Sr BBB) @ 290 DM
D-2-R (Jr BBB) @ 400 DM
E-R (BB) @ 600 DM","Citigroup","5nc2","Reset","Priced","8/22/2025","9/11/2025","stcp2023-4_reset","BSL",
"False","False","Starwood 2025-SIF6","div&lt;div&gt;divA (AAA) @ 155 DM
br&lt;br&gt;brB (AA) @ 180 DM
br&lt;br&gt;brC (A) @ 210 DM
br&lt;br&gt;brD (BBB) @ 315-330 DM/div&lt;/div&gt;/div","A1 (AAA) @ 155 DM
B1 (AA) @ 190 DM
C (A) @ 220 DM
D (BBB) @ 315 DM","Jefferies","3NC1.5","New Issue","Priced","8/21/2025","9/9/2025","stwd2025-sif6_newissue","Infra",
"False","False","Anchorage Capital CLO 31","div&lt;div&gt;divA1 (Sr AAA) @ 130 DM (248mm)
br&lt;br&gt;brA2 (Jr AAA) @ 155 DM (12mm)
br&lt;br&gt;brB (AA) @ 170 DM
br&lt;br&gt;brC (A) @ 190 DM
br&lt;br&gt;brD1 (Sr BBB) @ 285 DM (21mm)
br&lt;br&gt;brD2 (Jr BBB) @ 385 DM (6mm)
br&lt;br&gt;brE (BB) @ 570 DM
br&lt;br&gt;brF (B) retained/div&lt;/div&gt;/div",,"Goldman Sachs","5NC2","New Issue","Priced","8/21/2025","9/19/2025","anchc31_newissue","BSL",
"False","False","KKR CLO 34","div&lt;div&gt;divAR (AAA) @ 110 DM
br&lt;br&gt;brBR (AA) @ 165-170 DM
br&lt;br&gt;brCR (A) @ 190-200 DM
br&lt;br&gt;brDR (BBB) @ 295-305 DM/div&lt;/div&gt;/div","AR (AAA) @ 110 DM
BR (AA) @ 175 DM
CR (A) @ 200 DM
DR (BBB) @ 340 DM","Morgan Stanley","0NC0.5","Refinancing","Priced","8/21/2025","9/10/2025","kkr34_refi","BSL",
"False","False","Menlo CLO III","div&lt;div&gt;divA (AAA) @ 130a DM/div&lt;/div&gt;/div","A (AAA) @ 130 DM
B (AA) @ 165 DM
C (A) @ 190 DM
D (BBB) @ 300 DM
E (BB) @ 535 DM
F (B) @ 630 DM","SMBC","5NC2","New Issue","Priced","8/21/2025","9/11/2025","menlo3_newissue","BSL",
"False","False","Palmer Square CLO 2022-1","div&lt;div&gt;divXR @ 85 DM
br&lt;br&gt;brA1R (Sr AAA) @ 125 DM (320mm)
br&lt;br&gt;brA2R (Jr AAA) @ 145 DM (10mm)
br&lt;br&gt;brBR (AA) @ 155 DM
br&lt;br&gt;brCR (A) @ 180 DM
br&lt;br&gt;brD1R (Sr BBB) @ 265-270 DM (30mm)
br&lt;br&gt;brD2R (Jr BBB) @ 385 DM (3.75mm)
br&lt;br&gt;brER (BB) @ 490-500 DM/div&lt;/div&gt;/div","XR @ 90 DM
A1R (Sr AAA) @ 125 DM (161mm)
A1L (Sr AAA; loan) @ 125 DM (159mm)
A2R (Jr AAA) @ 145 DM (10mm)
BR (AA) @ 160 DM
CR (A) @ 185 DM
D1R (Sr BBB) @ 275 DM (30mm)
D2R (Jr BBB) @ 390 DM (3.75mm)
ER (BB) @ 520 DM","Bank of America","5NC2","New Issue","Priced","8/21/2025","9/5/2025","plmrs2022-1_reset","BSL",
"False","True","Jefferies Credit Partners Direct Lending CLO 2025-1",,"A1 (Sr AAA) @ 150 DM (275.5mm)
A2 (Jr AAA) @ 160 DM (9.5mm)
B (AA) @ 175 DM
C (A) @ 220 DM
D (BBB) @ 325 DM
E (BB) @ 650 DM","SMBC","4NC2","New Issue","Priced","8/20/2025","10/10/2025","jcp2025-1_newissue","MM",
"False","False","Dryden 102 CLO","div&lt;div&gt;divAR (AAA) @ 126 DM
br&lt;br&gt;brBR (AA) @ 160 DM
br&lt;br&gt;brCR (A) @ 180-185 DM
br&lt;br&gt;brD1R (Sr BBB) @ 270-280 DM
br&lt;br&gt;brD2R (Jr BBB) preplaced
br&lt;br&gt;brER (BB) @ 550-575 DM/div&lt;/div&gt;/div","A-R (AAA) @ 126 DM
B-R (AA) @ 160 DM
C-R (A) @ 185 DM
D-1-R (Sr BBB) @ 290 DM
D-2-R (Jr BBB) @ 390 DM
E-R (BB) @ 585 DM","Bank of America","5NC2","Reset","Priced","8/20/2025","9/3/2025","drslf102_reset","BSL",
"False","False","Saratoga Investment Corp Senior Loan Fund 2022-1","div&lt;div&gt;divA1R (Sr AAA) @ 137-140 DM/div&lt;/div&gt;/div","XR @ 105 DM
A1R (Sr AAA) @ 139 DM (252mm)
A2R (Jr AAA) @ 165 DM (8mm)
BR (AA) @ 200 DM
CR (A) @ 240 DM
D1R (Sr BBB) @ 365 DM (16mm)
D2R (Jr BBB; fixed) @ 9.40% (12mm)
ER retained","Goldman Sachs","3NC1","Reset","Priced","8/20/2025","9/10/2025","sarat2022-1_reset","MM",
"False","False","Golub Capital Partners CLO 55(B)-R","div&lt;div&gt;divAR (AAA) @ 126 DM
br&lt;br&gt;brBR (AA) @ 160 DM
br&lt;br&gt;brCR (A) @ 185 DM
br&lt;br&gt;brD1R (Sr BBB) @ 270a DM (33mm)
br&lt;br&gt;brD2R (Jr BBB) call desk
br&lt;br&gt;brER (BB) not offered/div&lt;/div&gt;/div","AR (AAA) @ 126 DM
BR (AA) @ 160 DM
C-1-RR (Sr A) @ 190 DM
C-2-R (Jr A) @ 205 DM
D1R (Sr BBB) @ 275 DM (33mm)
D2R (Jr BBB) @ 390 DM
ER (BB) @ 490 DM","Wells Fargo","5NC2","Reset","Priced","8/20/2025","9/12/2025","gcbsl55_reset","BSL",
"False","False","Fortress Credit BSL XIX","div&lt;div&gt;divX @ 110 DM
br&lt;br&gt;brA1R (Sr AAA) @ 135 DM (297.6mm)
br&lt;br&gt;brA2R (Jr AAA) @ 175 DM (8.3mm)
br&lt;br&gt;brBR (AA) @ 190 DM
br&lt;br&gt;brC1R (A) @ 225-235 DM
br&lt;br&gt;brD1R (Sr BBB) @ 350 DM (23.9mm)
br&lt;br&gt;brD2R (Jr BBB) @ 450-465 DM (6mm)
br&lt;br&gt;brER (BB) @ 645 DM
br&lt;br&gt;brFR (B) retained/div&lt;/div&gt;/div","X @ 110 DM
A1R (Sr AAA) @ 135 DM (297.6mm)
A2R (Jr AAA) @ 175 DM (8.3mm)
BR (AA) @ 190 DM
C1R (A) @ 240 DM (25.5mm)
C2R (A; fixed) @ 5.9434% (8mm)
D1R (Sr BBB) @ 350 DM (23.9mm)
D2R (Jr BBB) @ 475 DM (6mm)
ER (BB) @ 645 DM
FR (B) retained","Goldman Sachs","3NC1","Reset","Priced","8/20/2025","8/25/2025","fcbsl19_reset","BSL",
"False","False","Barings CLO 2023-III","div&lt;div&gt;divXR @ 95 DM
br&lt;br&gt;brAR (AAA) @ 125 DM
br&lt;br&gt;brBR (AA) @ 160 DM
br&lt;br&gt;brCR (A) @ 175 DM
br&lt;br&gt;brD1R (Sr BBB) @ 270 DM (30mm)
br&lt;br&gt;brD2R (Jr BBB) @ 375 DM (5mm)
br&lt;br&gt;brER (BB) @ 475 DM/div&lt;/div&gt;/div","XR @ 95 DM
AR (AAA) @ 125 DM
BR (AA) @ 160 DM
C1R (Sr A) @ 180 DM (30mm)
C2R (Jr A) @ 205 DM (7.5mm)
D1R (Sr BBB) @ 270 DM (22.5mm)
D2R (Jr BBB) @ 390 DM (5mm)
ER (BB) @ 500 DM","Santander","5NC2","Reset","Priced","8/20/2025","9/10/2025","babsn2023-3_reset","BSL",
"False","False","CBAMR 2021-14","div&lt;div&gt;divXR @ 85-90
br&lt;br&gt;brA1R (Sr AAA) @ 128-129 DM (256mm)
br&lt;br&gt;brA2R (Jr AAA) @ 145-150 DM (5mm)
br&lt;br&gt;brBR (AA) @ 160-165 DM
br&lt;br&gt;brCR (A) @ 185-195 DM
br&lt;br&gt;brDR (BBB) @ 285-295 DM
br&lt;br&gt;brER (BB) @ 575-590 DM/div&lt;/div&gt;/div","XR @ 90 DM
A1R (Sr AAA) @ 128 DM (256mm)
A2R (Jr AAA) @ 148 DM (5mm)
BR (AA) @ 165 DM
CR (A) @ 195 DM
D1R (Sr BBB) @ 295 DM (22mm)
D2R (Jr BBB) @ 380 DM (4mm)
ER (BB) @ 620 DM","Nomura","5NC2","Reset","Priced","8/20/2025","9/5/2025","cbam14r_reset","BSL",
"False","False","Rockford Tower CLO 2021-2","div&lt;div&gt;divA1R (Sr AAA) @ 113 DM (252mm)
br&lt;br&gt;brA2R (Jr AAA) @ 140 DM (8mm)
br&lt;br&gt;brBR (AA) @ 160 DM
br&lt;br&gt;brCR (A) @ 180 DM
br&lt;br&gt;brDR (BBB) @ 310 DM
br&lt;br&gt;brER (BB) @ 625 DM/div&lt;/div&gt;/div","A1R (Sr AAA) @ 113 DM
A2R (Jr AAA) @ 150 DM
BR (AA) @ 170 DM
CR (A) @ 195 DM
DR (BBB) @ 335 DM","Jefferies","1NC1","Refinancing","Priced","8/19/2025","8/28/2025","rockt2021-2_refi","BSL",
"False","False","Dryden 80 CLO","div&lt;div&gt;divAR2 (AAA) @ 92 DM
br&lt;br&gt;brBR2 (AA) @ 140 DM
br&lt;br&gt;brCR2 (A) @ 170 DM
br&lt;br&gt;brDR2 (BBB) @ 270 DM/div&lt;/div&gt;/div","ARR (AAA) @ 95 DM
BRR (AA) @ 150 DM
CRR (A) @ 185 DM","Santander","0NC0.5","Refinancing","Priced","8/19/2025","8/27/2025","drslf80_refi","BSL",
"False","False","CIFC Funding 2019-II","div&lt;div&gt;divA1 (Sr AAA) @ 125 DM
br&lt;br&gt;brA2 (Jr AAA) preplaced
br&lt;br&gt;brB (AA) @ 155-160 DM
br&lt;br&gt;brC (A) @ 180 DM
br&lt;br&gt;brD1 (Sr BBB) @ 260 DM (30mm)
br&lt;br&gt;brD2 (Jr BBB) @ 370-375 DM (5mm)
br&lt;br&gt;brE (BB) @ 470-475 DM/div&lt;/div&gt;/div","A1 (Sr AAA) @ 125 DM (320mm)
A2 (Jr AAA) @ 145 DM (10mm)
B (AA) @ 155 DM
C (A) @ 180 DM
D1 (Sr BBB) @ 260 DM (30mm)
D2 (Jr BBB) @ 385 DM (5mm)
E (BB) @ 485 DM","Bank of America","5NC2","Reset","Priced","8/18/2025","8/27/2025","cifc2019-2_reset","BSL",
"False","False","Symphony CLO 50","div&lt;div&gt;divA1 (Sr AAA) @ 126-127 DM (252mm)
br&lt;br&gt;brA2 (Jr AAA) @145 DM (13mm)
br&lt;br&gt;brB (AA) @ 155 DM
br&lt;br&gt;brC (A) @ 185 DM
br&lt;br&gt;brD1 (Sr BBB) @ 265 DM (24mm)
br&lt;br&gt;brD2 (Jr BBB) @ 390 DM (4mm)
br&lt;br&gt;brE (BB) @ 475 DM/div&lt;/div&gt;/div","A1 (Sr AAA) @ 127 DM (252mm)
A2 (Jr AAA) @ 145 DM (13mm)
B (AA) @ 155 DM
C (A) @ 185 DM
D1 (Sr BBB) @ 265 DM (24mm)
D2 (Jr BBB) @ 390 DM (4mm)
E (BB) @ 475 DM","BNP Paribas","5NC2","New Issue","Priced","8/18/2025","8/28/2025","symp50_newissue","BSL",
"False","False","KKR CLO 18","div&lt;div&gt;divAR2 (AAA) @ 95 DM
br&lt;br&gt;brBR2 (AA) @ 150 DM
br&lt;br&gt;brCR2 (A) @ 175 DM
br&lt;br&gt;brDR2 (BBB) @ 300 DM
br&lt;br&gt;brER2 (BB) @ 650 DM ($95)/div&lt;/div&gt;/div","A1R2 (Sr AAA) @ 105 DM
A2R2 (Jr AAA) @ 140 DM
BR2 (AA) @ 155 DM
CR2 (A) @ 185 DM
DR2 (BBB) @ 315 DM
ER2 (BB) @ 516 DM","Santander","0NC0.5","Refinancing","Priced","8/18/2025","8/29/2025","kkr18_refi","BSL",
"False","False","Sixth Street CLO XVIII","div&lt;div&gt;divXR @ 100 DM
br&lt;br&gt;brA1R (Sr AAA) @ 125 DM (240mm)
br&lt;br&gt;brA2R (Jr AAA) @ 150 DM (26mm)
br&lt;br&gt;brBR (AA) @ 160 DM
br&lt;br&gt;brCR (A) @ 180-190 DM
br&lt;br&gt;brD1R (Sr BBB) @ 270 DM (24mm)
br&lt;br&gt;brD2R (Jr BBB) @ 385-395 DM (3mm)
br&lt;br&gt;brER (BB) @ 475-485 DM
br&lt;br&gt;brFR (B) @ 800-850 DM/div&lt;/div&gt;/div","XR @ 100 DM
A1R (Sr AAA) @ 125 DM (240mm)
A2R (Jr AAA) @ 150 DM (26mm)
BR (AA) @ 160 DM
CR (A) @ 180 DM
D1R (Sr BBB) @ 270 DM (24mm)
D2R (Jr BBB) @ 385 DM (3mm)
ER (BB) @ 485 DM
FR (B) @ 835 DM","Citigroup","5NC2","Reset","Priced","8/15/2025","8/25/2025","sixst18_reset","BSL",
"False","False","Sagard-HalseyPoint CLO 10","div&lt;div&gt;divA1 (Sr AAA) @ 132-134 DM/div&lt;/div&gt;/div","A1 (Sr AAA) @ 135 DM (330mm)
A2 (Jr AAA) @ 165 DM (27.5mm)
B (AA) @ 175 DM
C (A) @ 205 DM
D1A (Sr BBB) @ 285 DM (16.5mm)
D1B (BBB) @ 335 DM (11mm)
D2 (Jr BBB) @ 415 DM
E (BB) @ 585 DM","Goldman Sachs","5NC2","New Issue","Priced","8/15/2025","9/25/2025","halseypoint10_newissue","BSL",
"False","False","Apidos Loan Fund 2024-1","div&lt;div&gt;divX @ 90-95 DM
br&lt;br&gt;brA1R (Sr AAA) @ 125 DM (279mm)
br&lt;br&gt;brA2R (Jr AAA) @ 150 DM (18mm)
br&lt;br&gt;brBR (AA) @ 160 DM
br&lt;br&gt;brCR (A) @ 180 DM
br&lt;br&gt;brD1R (Sr BBB) @ 260-270 DM (27mm)
br&lt;br&gt;brD2R (Jr BBB) @ 380-390 DM (4.5mm)
br&lt;br&gt;brER (BB) @ 475-485 DM
br&lt;br&gt;brFR (B) call desk/div&lt;/div&gt;/div","XR @ 90 DM
A1R (Sr AAA) @ 125 DM
A2R (Jr AAA) @ 150 DM
BR (AA) @ 160 DM
CR (A) @ 180 DM
D1R (Sr BBB) @ 270 DM
D2R (Jr BBB) @ 380 DM
ER (BB) @ 475 DM
FR (B) retained","Societe Generale","5NC2","Reset","Priced","8/15/2025","8/29/2025","apidosloanfund2024-1_reset","BSL",
"False","False","RR 41","div&lt;div&gt;divA1A (Sr AAA) @ 125 DM (320mm)
br&lt;br&gt;brA1B (Jr AAA) @ 145 DM (5mm)
br&lt;br&gt;brA2 (AA) @ 155-160 DM
br&lt;br&gt;brB (A) @ 180 DM
br&lt;br&gt;brC1 (Sr BBB) call desk
br&lt;br&gt;brC2 (Jr BBB) @ 365-375 DM
br&lt;br&gt;brD (BB) @ 460-475 DM/div&lt;/div&gt;/div","A1A (Sr AAA) @ 125 DM
A1B (Jr AAA) @ 145 DM
A2 (AA) @ 160 DM
B (A) @ 180 DM
C1A (Sr BBB) @ 240 DM
C1B (BBB) @ 320 DM
C2 (Jr BBB) @ 380 DM
D (BB) @ 485 DM","BNP Paribas","5NC2","New Issue","Priced","8/15/2025","8/29/2025","rr41_newissue","BSL",
"False","False","Madison Park Funding XL-R","div&lt;div&gt;divA (AAA) @ 129 DM
br&lt;br&gt;brB (AA) @ 160-165 DM
br&lt;br&gt;brC (A) @ 180-185 DM
br&lt;br&gt;brD1 (Sr BBB) @ 265-270 DM (36mm)
br&lt;br&gt;brD2 (Jr BBB) @ 390-400 DM (6mm)
br&lt;br&gt;brE (BB) @ 485-495 DM
br&lt;br&gt;brF (B) call desk/div&lt;/div&gt;/div",,"Mitsubishi","5NC2","Re-Issue","Announced","8/14/2025",,"mdpk40r_reissue","BSL",
"False","True","Magnetite XXXII","div&lt;div&gt;divXR (X) @ 95 DM
br&lt;br&gt;brAR (Sr AAA) @ 115 DM (320mm)
br&lt;br&gt;brBR (Jr AAA) @ 160 DM (24mm)
br&lt;br&gt;brCR (A) @ 175 DM
br&lt;br&gt;brD1R (Sr BBB) @ 250 DM (30mm)
br&lt;br&gt;brD2R (Jr BBB) @ 370 DM (5mm)
br&lt;br&gt;brER (BB) @ 475 DM
br&lt;br&gt;brFR (B) @ 600 DM/div&lt;/div&gt;/div","XR @ 95 DM
AR (Sr AAA) @ 115 DM (320mm)
AJR (Jr AAA) @ 138 DM (10mm)
BR (AA) @ 150 DM
CR (A) @ 175 DM
D1R (Sr BBB) @ 250 DM (30mm)
D2R (Jr BBB) @ 365 DM (5mm)
ER (BB) @ 460 DM
FR (B) @ S+714 bps","Santander","3nc1","Reset","Priced","8/14/2025","8/27/2025","magne32_reset","BSL",
"False","False","Madison Park Funding LII","div&lt;div&gt;divXR (X) @ 85-90 DM
br&lt;br&gt;brAR (AAA) @ 108-109 DM
br&lt;br&gt;brBR (AA) @ 150-155 DM
br&lt;br&gt;brCR (A) @ 170-175 DM
br&lt;br&gt;brDR (BBB) @ 280-290 DM
br&lt;br&gt;brER (BB) @ 625-650 DM/div&lt;/div&gt;/div","XR @ 85 DM
AR (AAA) @ 110 DM
BR (AA) @ 155 DM
CR (A) @ 190 DM
D1R (Sr BBB) @ 300 DM
D2R (Jr BBB) @ 450 DM","Mitsubishi","1.25NC0.5","Refinancing","Priced","8/14/2025","9/10/2025","mdpk52_refi","BSL",
"False","False","Palmer Square CLO 2019-1","div&lt;div&gt;divX @ 90 DM
br&lt;br&gt;brA1 (Sr AAA) @ 125-126 DM (248mm)
br&lt;br&gt;brA2 (Jr AAA) @ 145 DM (16mm)
br&lt;br&gt;brB (AA) @ 160 DM
br&lt;br&gt;brC (A) @ 180 DM
br&lt;br&gt;brD1 (Sr BBB) @ 260-270 DM (24mm)
br&lt;br&gt;brD2 (Jr BBB) @ 375 DM (3mm)
br&lt;br&gt;brE (BB) @ 465-470 DM
br&lt;br&gt;brF (B) call desk/div&lt;/div&gt;/div","XR2 @ 100 DM
A1R2 (Sr AAA) @ 125 DM (248mm)
A2R2 (Jr AAA) @ 150 DM (16mm)
BR2 (AA) @ 160 DM
CR2 (A) @ 180 DM
D1R2 (Sr BBB) @ 265 DM (24mm)
D2R2 (Jr BBB) @ 400 DM (3mm)
ER2 (BB) @ 490 DM
FR2 (B) @ 875 DM","CIBC","5NC2","Reset","Priced","8/14/2025","8/21/2025","plmrs2019-1_reset","BSL",
"False","False","Symphony CLO XXIV","div&lt;div&gt;divXR (X) @ 90 DM
br&lt;br&gt;brA1R2 (Sr AAA) @ 112-113 DM (201.3mm)
br&lt;br&gt;brA2R (Jr AAA) @ 135-140 DM (4.7mm)
br&lt;br&gt;brBR (AA) @ 150-160 DM
br&lt;br&gt;brCR (A) @ 170-180 DM
br&lt;br&gt;brD1R (Sr BBB) @ 275-285 DM (15.7mm)
br&lt;br&gt;brD2R (Jr BBB) @ 400-420 DM (3.1mm)
br&lt;br&gt;brER (BB) @ 550-575 DM/div&lt;/div&gt;/div","XR @ 90 DM
A1R (Sr AAA) @ 113 DM
A2R (Jr AAA) @ 143 DM
BR (AA) @ 160 DM
C1R (A) @ 180 DM
C2R (A; fixed) @ 5.297%
D1R (Sr BBB) @ 280 DM
D2R (Jr BBB) @ 420 DM
ER (BB) @ 575 DM","Scotia","2NC1","Reset","Priced","8/13/2025","8/26/2025","symp24_reset","BSL",
"False","False","Cerberus Loan Funding XLII","div&lt;div&gt;divA (AAA) @ 152 DM
br&lt;br&gt;brB (AA) @ 180-185 DM
br&lt;br&gt;brC (A) @ 220-230 DM
br&lt;br&gt;brD (BBB) @ 330-340 DM/div&lt;/div&gt;/div",,"Natixis","4NC2","Re-Issue","Announced","8/13/2025",,"cerb52_reissue","MM",
"False","True","RR 17","div&lt;div&gt;divA1AR (Sr AAA) @ 105 DM (420mm)
br&lt;br&gt;brA2BR (Jr AAA) @ 135 DM (28mm)
br&lt;br&gt;brA2R (AA) @ 145 DM
br&lt;br&gt;brBR (A) call desk
br&lt;br&gt;brCR (BBB) call desk
br&lt;br&gt;brDR (BB) @ 600 DM/div&lt;/div&gt;/div","A1AR (Sr AAA) @ 107 DM (420mm)
A1BR (Jr AAA) @ 140 DM (28mm)
A2R (AA) @ 155 DM
BR (A) @ 185 DM
CR (BBB) @ 295 DM
DR (BB) @ 640 DM","Scotia","1NC0.75","Refinancing","Priced","8/13/2025","8/28/2025","rr17_refi","BSL",
"False","False","Apex Credit CLO 2021-2","div&lt;div&gt;divA1AR (Sr AAA) @ 118-120 DM (180mm)
br&lt;br&gt;brA1BR (Jr AAA) @ 150-155 DM (12mm)
br&lt;br&gt;brA2R (AA) @ 180-185 DM
br&lt;br&gt;brBR (A) @ 210-220 DM
br&lt;br&gt;brCR (BBB) @ 360-375 DM
br&lt;br&gt;brDR (BB) @ 700-715 DM/div&lt;/div&gt;/div","A1AR (Sr AAA) @ 118 DM
A1BR (Jr AAA) @ 155 DM
A2R (AA) @ 185 DM
BR (A) @ 220 DM
CR (BBB) @ 375 DM
DR (BB) @ 725 DM","BNP Paribas","1NC0.5","Refinancing","Priced","8/13/2025","8/22/2025","apexc2021-2_refi","BSL",
"False","False","Trimaran CAVU 2019-2","div&lt;div&gt;divXR (X) @ 100 DM
br&lt;br&gt;brA1R (Sr AAA) @ 134 DM (274.5mm)
br&lt;br&gt;brA2R (Jr AAA) @ 155 DM (10mm)
br&lt;br&gt;brBR (AA) @ 170 DM
br&lt;br&gt;brCR (A) @ 195 DM
br&lt;br&gt;brDR (BBB) @ 300 DM
br&lt;br&gt;brER (BB) @ 575 DM/div&lt;/div&gt;/div","XR @ 102 DM
A1R (Sr AAA) @ 134 DM
A2R (Jr AAA) @ 155 DM
BR (AA) @ 170 DM
CR (A) @ 200 DM
DR (BBB) @ 305 DM
ER (BB) @ 625 DM","Citigroup","5NC2","Reset","Priced","8/13/2025","8/26/2025","cavu2019-2_reset","BSL",
"False","False","Canyon CLO 2023-1","div&lt;div&gt;divA1R (Sr AAA) preplaced
br&lt;br&gt;brA2R (Jr AAA) @ 150-155 DM
br&lt;br&gt;brBR (AA) @ 165-170 DM
br&lt;br&gt;brCR (A) @ 180-190 DM
br&lt;br&gt;brD1R (Sr BBB) @ 275-280 DM (27mm)
br&lt;br&gt;brD2R (Jr BBB) @ 400 DM (4.5mm)
br&lt;br&gt;brER (BB) @ 475-500 DM/div&lt;/div&gt;/div","A1R (Sr AAA) @ 134 DM (283.5mm)
A2R (Jr AAA) @ 150 DM (13.5mm)
BR (AA) @ 170 DM
CR (A) @ 190 DM
D1R (Sr BBB) @ 285 DM (27mm)
D2R (Jr BBB) @ 400 DM (4.5mm)
ER (BB) @ 500 DM","Mitsubishi","5nc2","Reset","Priced","8/13/2025","9/4/2025","canyc2023-1_reset","BSL",
"False","True","Carlyle US CLO 2020-2","A1R2 (AAA) @ 108-109 DM
A2R2 (AA) @ 150-155 DM
BR2 (A) @ 170-175 DM
CR2 (BBB) @ 260-270 DM
DR2 (BB) @ 500-515 DM
ER2 (B) @ 700-725 DM
Roller Deadline: Weds 813 @ 1:30pm","A1R2 (AAA) @ 108 DM
A2R2 (AA) @ 155 DM
BR2 (A) @ 170 DM
CR2 (BBB) @ 290 DM
DR2 (BB) @ 600 DM","Nomura","1.25NC0.5","Refinancing","Priced","8/12/2025","8/22/2025","cgms2020-2_refi","BSL",
"False","False","Peace Park CLO","div&lt;div&gt;divX (AAA) @ 95-100 DM
br&lt;br&gt;brAR (AAA) @ 125-126 DM
br&lt;br&gt;brBR (AA) @ 155-160 DM
br&lt;br&gt;brCR (A) @ 180-185 DM
br&lt;br&gt;brD1R (Sr BBB) @ 260-270 DM (39mm)
br&lt;br&gt;brD2R (Jr BBB) @ 380-390 DM (3.9mm)
br&lt;br&gt;brER (BB) @ 480-490 DM/div&lt;/div&gt;/div","X @ 95 DM
AR (AAA) @ 125 DM
BR (AA) @ 158 DM
CR (A) @ 185 DM
D1R (Sr BBB) @ 185 DM
D2R (Jr BBB) @ 270 DM
ER (BB) @ 490 DM","BNP Paribas","5NC2","Reset","Priced","8/12/2025","8/22/2025","pcepk_reset","BSL",
"False","False","Park Avenue Institutional Advisers CLO 2021-1","div&lt;div&gt;divA1AR (AAA) @ 108-110 DM
br&lt;br&gt;brA2R (AA) @ 155-160 DM
br&lt;br&gt;brBR (A) @ 180-185 DM
br&lt;br&gt;brCR (BBB) @ 300 DM
br&lt;br&gt;brDR (BB) @ 600-625 DM/div&lt;/div&gt;/div","A1AR (AAA) @ 111 DM
A2R (AA) @ 165 DM
BR (A) @ 190 DM
CR (BBB) @ 315 DM
DR (BB) @ 650 DM","Morgan Stanley","0.25NC0.5","Refinancing","Priced","8/12/2025","8/21/2025","paia2021-1_refi","BSL",
"False","False","AGL CLO 44","div&lt;div&gt;divClass A (AAA) @ 115 DM
br&lt;br&gt;brClass B (AA) @ 160 DM
br&lt;br&gt;brClass C (A) @ 170-175 DM
br&lt;br&gt;brClass D1 (Sr BBB) @ 260-270 DM (30mm)
br&lt;br&gt;brClass D2 (Jr BBB) @ 375 DM (5mm)
br&lt;br&gt;brClass E (BB) @ 475 DM/div&lt;/div&gt;/div","A (AAA) @ 115 DM
B (AA) @ 160 DM
C (A) @ 180 DM
D1 (Sr BBB) @ 250 DM
D2 (Jr BBB) @ 370 DM
E (BB) @ 475 DM","Santander","3NC1","New Issue","Priced","8/12/2025","8/21/2025","AGL CLO 44","BSL",
"False","False","IFC EM Securitization 2025-1","div&lt;div&gt;divA (Aaa) @ 130 DM
br&lt;br&gt;brB (NR) preplaced/div&lt;/div&gt;/div","A (Moody's: Aaa) @ 130 DM
B (NR) @ 220 DM","Goldman Sachs","0NC1","New Issue","Priced","8/12/2025","8/28/2025","ifcem2025-1_newissue","EM",
"False","False","Northwoods Capital 20","div&lt;div&gt;divXR2 (AAA) @ 100 DM
br&lt;br&gt;brAR2 (AAA) @ 134 DM
br&lt;br&gt;brBR2 (AA) @ 175 DM
br&lt;br&gt;brCR2 (A) @ 200-205 DM
br&lt;br&gt;brD1R2 (Sr BBB) @ 310-320 DM (27mm)
br&lt;br&gt;brD2R2 (Jr BBB) @ 420-425 DM (2mm)
br&lt;br&gt;brER2 (BB) @ 600-625 DM/div&lt;/div&gt;/div","XR2 @ 100 DM
AR2 (AAA) @ 134 DM
BR2 (AA) @ 175 DM
CR2 (A) @ 205 DM
D1AR (Sr BBB) @ 340 DM (17mm)
D1BR (Sr BBB; fixed) @ 7.15% (10mm)
D2R2 (Jr BBB; fixed) @ 8.039% (2mm)
ER2 (BB) @ S+688 bps","Citigroup","5NC2","Reset","Priced","8/12/2025","8/22/2025","woods20_reset","BSL",
"False","False","Barings CLO 2023-II","div&lt;div&gt;divA1R (Sr AAA) preplaced
br&lt;br&gt;brA2R (Jr AAA) @ 150 DM
br&lt;br&gt;brBR (AA) @ 160 DM
br&lt;br&gt;brCR (A) @ 180 DM
br&lt;br&gt;brD1R (Sr BBB) @ 270 DM (30mm)
br&lt;br&gt;brD2R (Jr BBB) @ 390 DM (5mm)
br&lt;br&gt;brER (BB) @ 480-490 DM
br&lt;br&gt;brFR (B) not offered/div&lt;/div&gt;/div","A1R (Sr AAA) @ 129 DM (307.5mm)
A2R (Jr AAA) @ 150 DM (22.5mm)
BR (AA) @ 160 DM
CR (A) @ 180 DM
D1R (Sr BBB) @ 270 DM
D2R (Jr BBB) @ 390 DM
ER (BB) @ 510 DM
FR (B) not offered","Bank of America","5NC2","Reset","Priced","8/12/2025","8/28/2025","babsn2023-2_reset","BSL",
"False","False","CIFC Funding 2021-VII","div&lt;div&gt;divXR (X) @ 80-85 DM
br&lt;br&gt;brA1R (AAA) @ 108-109 DM
br&lt;br&gt;brBR (AA) @ 150-155 DM
br&lt;br&gt;brCR (A) @ 170-175 DM
br&lt;br&gt;brDR (BBB) @ 260-270 DM
br&lt;br&gt;brER (BB) @ 460-475 DM/div&lt;/div&gt;/div","XR @ 85 DM
AR (AAA) @ 109 DM
BR (AA) @ 157 DM
CR (A) @ 175 DM
DR (BBB) @ 270 DM
ER (BB) @ 490 DM","Nomura","1.25NC0.5","Refinancing","Priced","8/12/2025","8/21/2025","cifc2021-7_refi","BSL",
"False","False","Neuberger Berman Loan Advisers CLO 48","div&lt;div&gt;divA1R (Sr AAA) @ 109 DM (372mm)
br&lt;br&gt;brA2R (Jr AAA) @ 135-145 DM (12mm)
br&lt;br&gt;brBR (AA) @ 145-155 DM
br&lt;br&gt;brCR (A) @ 165-175 DM
br&lt;br&gt;brDR (BBB) @ 260-270 DM
br&lt;br&gt;brER (BB) @ 500-525 DM/div&lt;/div&gt;/div","A1R (Sr AAA) @ 109 DM (372mm)
A2R (Jr AAA) @ 145 DM (12mm)
BR (AA) @ 155 DM
CR (A) @ 175 DM
DR (BBB) @ 270 DM
ER (BB) @ 490 DM","Bank of America","1.5NC0.75","Refinancing","Priced","8/11/2025","8/25/2025","neub48_refi","BSL",
"False","False","Golub Capital Partners CLO 82(B)","div&lt;div&gt;divA1 (Sr AAA) @ 125-126 DM (252mm)
br&lt;br&gt;brA2 (Jr AAA) @ 145 DM (12mm)
br&lt;br&gt;brB (AA) @ 155-160 DM
br&lt;br&gt;brC (A) @ 180 DM
br&lt;br&gt;brD1 (Sr BBB) @ 260-270 DM
br&lt;br&gt;brD2 (Jr BBB) @ 375-385 DM
br&lt;br&gt;brE (BB) @ 465-475 DM /div&lt;/div&gt;/div","A1 (Sr AAA) @ 126 DM (248mm)
A2 (Jr AAA) @ 145 DM (16mm)
B (AA) @ 160 DM
C (A) @ 185 DM
D1 (Sr BBB) @ 270 DM (24mm)
D2 (Jr BBB) @ 380 DM (4mm)
E (BB) @ 475 DM","JPMorgan","5NC2","New Issue","Priced","8/11/2025","8/21/2025","gcbsl82_newissue","BSL",
"False","False","Morgan Stanley Eaton Vance CLO 2021-1","div&lt;div&gt;divX (AAA) @ TBD
br&lt;br&gt;brAR1 (Sr AAA) @ 129 DM (248mm)
br&lt;br&gt;brAR2 (Jr AAA) @ 150 DM (16mm)
br&lt;br&gt;brBR (AA) @ 165-170 DM
br&lt;br&gt;brCR (A) @ 185-190 DM
br&lt;br&gt;brDR1 (Sr BBB) @ 280-290 DM (24mm)
br&lt;br&gt;brDR2 (Jr BBB) @ 405-410 DM (4mm)
br&lt;br&gt;brE (BB) @ 550 DM/div&lt;/div&gt;/div","X @ 100 DM
A-1R (Sr AAA) @ 129 DM
A-2R (Jr AAA) @ 153 DM
B-R (AA) @ 168 DM
C-R (A) @ 195 DM
D-1R (Sr BBB) @ 290 DM
D-2R (Jr BBB) @ 433 DM
E-R (BB) @ 606 Dm","Wells Fargo","5NC2","Reset","Priced","8/11/2025","9/2/2025","msev2021-1_reset","BSL",
"False","False","Trinitas CLO XXIII","div&lt;div&gt;divClass AR1 (Sr AAA) @ 131 DM (300mm)
br&lt;br&gt;brClass AR2 (Jr AAA) @ 155 DM (10mm)
br&lt;br&gt;brClass BR (AA) @ 165-170 DM
br&lt;br&gt;brClass CR (A) @ 180-185 DM
br&lt;br&gt;brClass D1R (Sr BBB) @ 280-285 DM (30mm)
br&lt;br&gt;brClass D2R (Jr BBB) @ 400-410 DM (2.5mm_
br&lt;br&gt;brClass ER (BB) @ 525-550 DM/div&lt;/div&gt;/div","A1R (Sr AAA) @ 131 DM (300mm)
A2R (Jr AAA) @ 155 DM (10mm)
BR (AA) @ 170 DM
CR (A) @ 190 DM
D1R (Sr BBB) @ 290 DM (30mm)
D2R (Jr BBB) @ 400 DM (2.5mm)
ER (BB) @ 580 DM","JPMorgan","5NC2","Reset","Priced","8/11/2025","8/27/2025","trnts23_reset","BSL",
"False","True","Elmwood CLO 45","div&lt;div&gt;divClass A1 (Sr AAA) @ 125 DM (256mm)
br&lt;br&gt;brClass A2 (Jr AAA) @ 145 DM (8mm)
br&lt;br&gt;brClass B (AA) @ 155-160 DM
br&lt;br&gt;brClass C (A) @ 180-185 DM
br&lt;br&gt;brClass D (BBB) @ 260 DM
br&lt;br&gt;brClass E (BB) @ 465-470 DM
br&lt;br&gt;brClass F (B) call desk/div&lt;/div&gt;/div","A1 (Sr AAA) @ 125 DM (256mm)
A2 (Jr AAA) @ 148 DM (8mm)
B (AA) @ 155 DM
C (A) @ 180 DM
D (BBB) @ 260 DM
E (BB) @ 485 DM
F (B) @ S+800 ($99)","Societe Generale","5NC2","New Issue","Priced","8/11/2025","8/29/2025","elm45_newissue","BSL",
"False","False","CIFC Funding 2018-III","div&lt;div&gt;divSr AAA @ 127 DM (256mm)
br&lt;br&gt;brJr AAA @ 150 DM (8mm)
br&lt;br&gt;brAA @ 165 DM
br&lt;br&gt;brA @ 180-185 DM
br&lt;br&gt;brSr BBB @ 265-270 DM (24mm)
br&lt;br&gt;brJr BBB @ 390-385 DM (3.5mm)
br&lt;br&gt;brBB @ 480-490 DM
br&lt;br&gt;brB @ 775 DM/div&lt;/div&gt;/div","Sr AAA @ 127 DM
Jr AAA @ 150 DM
AA @ 165 DM
A @ 180 DM
Sr BBB @ 270 DM
Jr BBB @ 390 DM
BB @ 480 DM
B @ 850 DM","Citigroup","5NC2","Reset","Priced","8/8/2025","8/20/2025","cifc2018-3_reset","BSL",
"False","False","Warwick Capital CLO 7","div&lt;div&gt;divSr AAA @ 130 DM (240mm)
br&lt;br&gt;brJr AAA preplaced
br&lt;br&gt;brAA @ 165 DM
br&lt;br&gt;brA @ 180 DM
br&lt;br&gt;brSr BBB @ 270-275 DM (24mm)
br&lt;br&gt;brJr BBB @ 390 DM (4mm)
br&lt;br&gt;brBB @ 500 DM/div&lt;/div&gt;/div","A1 (Sr AAA) @ 130 DM (240mm)
A2 (Jr AAA) @ 150 DM (24mm)
B (AA) @ 165 DM
C (A) @ 180 DM
D1 (Sr BBB) @ 275 DM (24mm)
D2 (Jr BBB) @ 390 DM (4mm)
E (BB) @ 525 DM","Bank of America","5NC2","New Issue","Priced","8/8/2025","8/15/2025","warwick7_newissue","BSL",
"False","False","OHA Loan Funding 2015-1","div&lt;div&gt;divAAA @ 125 DM/div&lt;/div&gt;/div","XR4 @ 90 DM
A1R4 (Sr AAA) @ 125 DM (412.8mm)
A2R4 (Jr AAA) @ 145 DM (12.9mm)
BR4 (AA) @ 157 DM
CR4 (A) @ 180 DM
D1R4 (Sr BBB) @ 265 DM (38.7mm)
D2R4 (Jr BBB) @ 375 DM (6.45mm)
ER4 (BB) @ 480 DM","JPMorgan","5NC2","Reset","Priced","8/8/2025","8/27/2025","ohalf2015-1_reset","BSL",
"False","False","Maranon Loan Funding 2025-1","div&lt;div&gt;divAAA @ 152 DM
br&lt;br&gt;brAA @ 190 DM
br&lt;br&gt;brA @ 235 DM
br&lt;br&gt;brSr BBB @ 340 DM (27mm)
br&lt;br&gt;brJr BBB @ 525 DM (9mm)
br&lt;br&gt;brBB @ 700-715 DM/div&lt;/div&gt;/div","A1 (Sr AAA) @ 152 DM (275.5mm)
A2 (Jr AAA) @ 170 DM (19mm)
B (AA) @ 190 DM
C (A) @ 240 DM
D1 (Sr BBB) @ 340 DM (28.5mm)
D2 (Jr BBB) @ 510 DM (9.5mm)
BB @ 700 DM","Wells Fargo","4NC2","New Issue","Priced","8/7/2025","8/21/2025","mrnon2025-1_newissue","MM",
"False","True","BCC Middle Market CLO 2025-2","div&lt;div&gt;divA (AAA) @ 150a DM
br&lt;br&gt;brD (BBB) @ 335a DM/div&lt;/div&gt;/div","A1 (Sr AAA) @ 150 DM (290mm)
A2 (Jr AAA) @ 170 DM (20mm)
B (AA) @ 180 DM
C (A) @ 220 DM
D1 (Sr BBB) @ 320 DM (30mm)
D2 (Jr BBB) @ 475 DM (15mm)
E (BB) @ 650 DM","Natixis","5NC2","New Issue","Priced","8/7/2025","9/22/2025","bccmm2025-2_newissue","MM",
"False","True","Invesco CLO 2021-2","div&lt;div&gt;divAAA @ 110-111 DM
br&lt;br&gt;brAA @ 150-155 DM
br&lt;br&gt;brA @ 175 DM
br&lt;br&gt;brBBB @ 300 DM/div&lt;/div&gt;/div","AR (AAA) @ 110 DM
BR (AA) @ 160 DM
CR (A) @ 175 DM","Natixis","1NC0.5","Refinancing","Priced","8/7/2025","8/21/2025","invco2021-2_refi","BSL",
"False","False","Ares LXV CLO","div&lt;div&gt;divSr AAA @ 111-112 DM/div&lt;/div&gt;/div","A1R (Sr AAA) @ 112 DM (492mm)
A2R (Jr AAA) @ 150 DM (28mm)
BR (AA) @ 165 DM
CR (A) @ 185 DM
DR (BBB) @ 295 DM
ER (BB) @ 640 DM","Goldman Sachs","2NC1","Refinancing","Priced","8/7/2025","8/27/2025","ares65_refi","BSL",
"False","False","Trinitas CLO XII",,"AAA @ 105 DM
AA @ 155 DM
A @ 180 DM
BBB @ 305 DM","BMO","0NC0.5","Refinancing","Priced","8/6/2025",,"trnts12_refi","BSL",
"False","False","Carlyle US CLO 2021-8","div&lt;div&gt;divX @ 85-90 DM
br&lt;br&gt;brSr AAA @ 126-127 DM (384mm)
br&lt;br&gt;brJr AAA @ 145-150 DM (9mm)
br&lt;br&gt;brAA @ 160-165 DM
br&lt;br&gt;brA @ 180-185 DM
br&lt;br&gt;brSr BBB @ 265-275 DM (37mm)
br&lt;br&gt;brJr BBB @ 380-390 DM (1.5mm)
br&lt;br&gt;brBB @ 500-515 DM/div&lt;/div&gt;/div","X @ 90 DM
A1 (Sr AAA) @ 127 DM (384mm)
A2 (Jr AAA) @ 147 DM (9mm)
B (AA) @ 165 DM
C (A) @ 190 DM
D1 (Sr BBB) @ 275 DM (37mm)
D2 (Jr BBB) @ 415 DM (1.5mm)
E (BB) @ 525 DM","Nomura","5NC2","Reset","Priced","8/6/2025","8/21/2025","cgms2021-8_reset","BSL",
"False","False","Flatiron CLO 28","div&lt;div&gt;divSr AAA @ 107-108 DM (283.5mm)
br&lt;br&gt;brJr AAA @ 130-140 DM (18mm)
br&lt;br&gt;brAA @ 140-150 DM
br&lt;br&gt;brA @ 150-160 DM
br&lt;br&gt;brSr BBB @ 250-260 DM (27mm)
br&lt;br&gt;brJr BBB @ 360-370 DM (6.75mm)
br&lt;br&gt;brBB @ 460-475 DM/div&lt;/div&gt;/div","A1R (Sr AAA) @ 108 DM (283.5mm)
A2R (Jr AAA) @ 140 DM (18mm)
BR (AA) @ 150 DM
CR (A) @ 170 DM
D1R (Sr BBB) @ 240 DM (27mm)
D2R (Jr BBB) @ 370 DM (6.75mm)
ER (BB) @ 460 DM ","Bank of America","0NC0.5","Refinancing","Priced","8/6/2025","8/13/2025","flat28_refi","BSL",
"False","False","Atlas Senior Loan Fund XXVI","div&lt;div&gt;divAAA @ 134-135 DM/div&lt;/div&gt;/div","X @ 112 DM
AY (Sr AAA) @ 133 DM
AN (AAA) @ 134 DM
AZ (Jr AAA) @ 150 DM
B (AA) @ 190 DM
C (A) @ 210 DM
D1 (Sr BBB) @ 315 DM (22mm)
DJ (Jr BBB; fixed) @ 7.75%
E (BB) @ 635 DM","Jefferies","5NC2","New Issue","Priced","8/6/2025","9/9/2025","atlas26_newissue","BSL",
"False","False","Rockford Tower CLO 2022-1","div&lt;div&gt;divAAA @ 118 DM
br&lt;br&gt;brAA @ 170 DM
br&lt;br&gt;brA @ 190 DM
br&lt;br&gt;brBBB @ 335 DM/div&lt;/div&gt;/div","A1R (Sr AAA) @ 120 DM (320mm)
BR (AA) @ 170 DM
CR (A) @ 195 DM
DR (BBB) @ 330 DM
ER (BB) @ 720 DM","Jefferies","2NC0.75","Refinancing","Priced","8/6/2025","8/15/2025","rockt2022-1_refi","BSL",
"False","False","Silver Point CLO 12","div&lt;div&gt;divSr AAA @ 130-131 DM (320mm)
br&lt;br&gt;brJr AAA @ 150-155 DM (10mm)
br&lt;br&gt;brAA @ 160-165 DM
br&lt;br&gt;brA @ 175-185 DM
br&lt;br&gt;brSr BBB @ 270-280 DM (30mm) 
br&lt;br&gt;brJr BBB @ 395 DM (5mm)
br&lt;br&gt;brBB @ 500 DM
br&lt;br&gt;brB call desk/div&lt;/div&gt;/div","A1 (Sr AAA) @ 131 DM (320mm)
A2 (Jr AAA) @ 153 DM (10mm)
B (AA) @ 165 DM
C (A) @ 185 DM
D1 (Sr BBB) @ 265 DM (30mm)
D2 (Jr BBB) @ 395 DM (5mm)
E (BB) @ 500 DM
F (B) retained","Citigroup","5NC2","New Issue","Priced","8/6/2025","8/25/2025","silverpoint12_newissue","BSL",
"False","False","Canyon CLO 2021-3","div&lt;div&gt;divAAA @ 110 DM
br&lt;br&gt;brAA @ 155-160 DM
br&lt;br&gt;brA @ 175-180 DM
br&lt;br&gt;brBBB @ 275-285 DM
br&lt;br&gt;brBB @ 600-625 DM/div&lt;/div&gt;/div","AR (AAA) @ 109 DM
BR (AA) @160 DM
CR (A) @ 180 DM
DR (BBB) @ 285 DM
ER (BB) @ 600 DM","SMBC","1NC0.5","Refinancing","Priced","8/5/2025","8/14/2025","canyc2021-3_refi","BSL",
"False","False","StepStone CLO 2025-I","div&lt;div&gt;divAAA @ 168 DM/div&lt;/div&gt;/div","A (AAA) @ 168 DM
B (AA) retained","Wells Fargo","4NC2","New Issue","Priced","8/5/2025","8/22/2025","stepstone2025-1_newissue","MM",
"False","False","Woodmont 2021-8 Trust","div&lt;div&gt;divSr AAA @ 153 DM (348mm)
br&lt;br&gt;brJr AAA @ 165-175 DM (30mm)
br&lt;br&gt;brAA @ 190-195 DM
br&lt;br&gt;brA @ 230-240 DM
br&lt;br&gt;brBBB @ 330-340 DM
br&lt;br&gt;brBB retained/div&lt;/div&gt;/div","A1R (Sr AAA) @ 153 DM (348mm)
A2R (Jr AAA) @ 185 DM (30mm)
BR (AA) @ 195 DM
CR (A) @ 250 DM
D1R (BBB) @ 350 DM
D2R (BBB; fixed) @ 7.151%
ER (BB) retained","Citigroup","4NC2","Reset","Priced","8/5/2025","8/27/2025","wdmnt8_reset","MM",
"False","False","Benefit Street Partners CLO 43","div&lt;div&gt;divAAA @ 127 DM
br&lt;br&gt;brAA @ 155-160 DM
br&lt;br&gt;brA @ 175-180 DM
br&lt;br&gt;brSr BBB @ 260-270 DM (30mm)
br&lt;br&gt;brJr BBB @ 375 DM (5mm)
br&lt;br&gt;brBB @ 465-480 DM/div&lt;/div&gt;/div","A (AAA) @ 127 DM
B (AA) @ 160 DM
C (A) @ 180 Dm
D1 (Sr BBB) @ 265 DM
D2 (Jr BBB) @ 380 DM
E (BB) @ 470 DM","JPMorgan","5NC2","New Issue","Priced","8/5/2025","8/20/2025","bsp43_newissue","BSL",
"False","False","Brant Point CLO 2025-8","div&lt;div&gt;divSr AAA preplaced
br&lt;br&gt;brJr AAA @ 165-170 DM
br&lt;br&gt;brAA @ 190-195 DM
br&lt;br&gt;brA @ 285-295 DM
br&lt;br&gt;brSr BBB @ 285-295 DM (24mm)
br&lt;br&gt;brJr BBB @ 400-415 DM (4mm)
br&lt;br&gt;brBB @ 585-600 DM/div&lt;/div&gt;/div","A1 (Sr AAA) @ 134 DM (240mm)
A2 (Jr AAA) @ 158 DM (24mm)
B (AA) @ 170 DM
C (A) @ 190 DM
D1 (Sr BBB) @ 285 DM (22mm)
D2 (Jr BBB) @ 415 DM (6mm)
E (BB) @ 585 DM","Bank of America","5NC2","New Issue","Priced","8/5/2025","8/14/2025","brantpoint8_newissue","BSL",
"False","False","KKR CLO 42","div&lt;div&gt;divAAA @ 115 DM
br&lt;br&gt;brAA @ 155-160 DM
br&lt;br&gt;brA @ 185 DM
br&lt;br&gt;brBBB @ 320-330 DM
br&lt;br&gt;brBB @ 650-675 DM/div&lt;/div&gt;/div","AR (AAA) @ 115 DM
BR (AA) @ 165 DM
CR (A) @ 190 DM","JPMorgan","1NC1","Refinancing","Priced","8/5/2025","8/18/2025","kkr42_refi","BSL",
"False","False","KKR CLO 36","div&lt;div&gt;divAR (AAA) @ 115 DM
br&lt;br&gt;brBR (AA) @ 160 DM
br&lt;br&gt;brCR (A) @ 190 DM/div&lt;/div&gt;/div","AAA @ 115 DM
AA @ 175 DM
A @ 195 DM","JPMorgan","1.25NC1","Refinancing","Priced","8/5/2025","8/20/2025","kkr36_refi","BSL",
"False","False","TCP Whitney CLO","div&lt;div&gt;divX @ 120 DM
br&lt;br&gt;brAAA @ 155 DM
br&lt;br&gt;brAA @ 190-195 DM
br&lt;br&gt;brA @ 240-250 DM
br&lt;br&gt;brBBB @ 350-360 DM
br&lt;br&gt;brBB @ 700-725 DM/div&lt;/div&gt;/div","XR2 @ 115 DM
AR2 (AAA) @ 155 DM
BR2 (AA) @ 190 DM
C1R2 (A) @ 250 DM
C1R2 (A; fixed) @ 6.095%
D1R2 (Sr BBB) @ 360 DM (26mm)
D2R2 (Jr BBB) @ 520 DM (5mm)
ER2 (BB) @ 775 DM","Scotia","4NC2","Reset","Priced","8/4/2025","8/22/2025","tcp2017-1_reset","MM",
"False","False","Carlyle US CLO 2019-1","div&lt;div&gt;divSr AAA @ 95 DM (266.32mm)
br&lt;br&gt;brJr AAA @ 130 DM (18mm)
br&lt;br&gt;brAA @ 140 DM
br&lt;br&gt;brA @ 170 DM
br&lt;br&gt;brBBB @ 270 DM
br&lt;br&gt;brBB @ 625 DM/div&lt;/div&gt;/div","Sr AAA @ 95 DM (266.32mm)
Jr AAA @ 130 DM (18mm)
AA @ 140 DM
A @ 160 DM
BBB @ 260 DM
BB @ 625 DM","Citigroup","0NC0.5","Refinancing","Priced","8/4/2025","8/8/2025","cgms2019-1_refi","BSL",
"False","False","Ares XXXIV CLO","div&lt;div&gt;divX @ 100 DM
br&lt;br&gt;brSr AAA @ 128-130 DM (448mm)
br&lt;br&gt;brJr AAA @ 155 DM (14mm)
br&lt;br&gt;brAA @ 170 DM
br&lt;br&gt;brA @ 190 DM
br&lt;br&gt;brSr BBB @ 290 DM (42mm)
br&lt;br&gt;brJr BBB @ 400 DM (5.25mm)
br&lt;br&gt;brBB @ 550 DM/div&lt;/div&gt;/div","X @ 100 DM
A1R4 (Sr AAA) @ 129 DM (448mm)
A2R4 (Jr AAA) @ 155 DM (14mm)
BR3 (AA) @ 170 DM
CR2 (A) @ 190 DM
D1R2 (Sr BBB) @ 290 DM (42mm)
D2R2 (Jr BBB) @ 400 DM (5.25mm)
ER2 (BB) @ 550 DM","Wells Fargo","5NC2","Reset","Priced","8/4/2025","8/18/2025","ares34_reset","BSL",
"False","False","Park Blue CLO 2025-VIII","div&lt;div&gt;divAAA @ 130-131 DM/div&lt;/div&gt;/div","A1 (Sr AAA) @ 131 DM (255mm)
A2 (Jr AAA) @ 151 DM (21.25mm)
B (AA) @ 165 DM
C (A) @ 190 DM
D1 (Sr BBB) @ 290 DM (25.5mm)
D2 (Jr BBB) @ 410 DM (4.25mm)
E (BB) @ 555 DM
F (B) not offered","Morgan Stanley","5NC2","New Issue","Priced","8/4/2025","8/21/2025","pkblu8_newissue","BSL",
"False","False","Allegany Park CLO","div&lt;div&gt;divAAA @ 110-110 DM
br&lt;br&gt;brAA @ 145-150 DM/div&lt;/div&gt;/div","ARR (AAA) @ 110 DM
BRR (AA) @ 150 DM
CRR (A) @ 165 DM
DRR (BBB) @ 285 DM
ERR (BB) @ 640 DM
","Goldman Sachs","1.5NC0.5","Refinancing","Priced","8/4/2025","8/15/2025","allpk2019-1_refi","BSL",
"False","False","Regatta 35 Funding","div&lt;div&gt;divSr AAA @ 127-128 DM (256mm)
br&lt;br&gt;brJr AAA @ 155 DM (8mm)
br&lt;br&gt;brAA @ 160-165 DM
br&lt;br&gt;brA @ 185-195 DM
br&lt;br&gt;brSr BBB @ 275-280 DM (24mm)
br&lt;br&gt;brJr BBB @ 400 DM (3mm)
br&lt;br&gt;brBB @ 500-515 DM/div&lt;/div&gt;/div","A1 (Sr AAA) @ 129 DM (256mm)
A2 (Jr AAA) @ 155 DM (8mm)
B (AA) @ 165 DM
C (A) @ 190 DM
D1 (Sr BBB) @ 280 DM (24mm)
D2 (Jr BBB) @ 400 DM (3mm)
E (BB) @ 525 DM","Citigroup","5NC2","Re-Issue","Priced","8/4/2025","8/15/2025","reg35_reissue","BSL",
"False","False","Dryden 97 CLO","div&lt;div&gt;divX @ 95-100 DM
br&lt;br&gt;brSr AAA @ 126-127 DM (320mm)
br&lt;br&gt;brJr AAA @ 145-150 DM (10mm)
br&lt;br&gt;brAA @ 160-165 DM
br&lt;br&gt;brA @ 180-185 DM
br&lt;br&gt;brSr BBB @ 270-280 DM (30mm)
br&lt;br&gt;brJr BBB @ 380-390 DM (1.5mm)
br&lt;br&gt;brBB @ 525-535 DM/div&lt;/div&gt;/div","XR @ 105 DM
A1R (Sr AAA) @ 127 DM
A2R (Jr AAA) @ 147 DM
BR (AA) @ 165 DM
CR (A) @ 190 DM
D1R (Sr BBB) @ 290 DM
D2R (Jr BBB) @ 400 DM
ER (BB) @ 615 DM","Nomura","5NC2","Reset","Priced","8/4/2025","8/26/2025","drslf97_reset","BSL",
"False","False","Ballyrock CLO 19","div&lt;div&gt;divAAA @ 111 DM
br&lt;br&gt;brAA @ 155-160 DM
br&lt;br&gt;brA @ 180 DM
br&lt;br&gt;brBBB @ 290 DM
br&lt;br&gt;brBB @ 600 DM/div&lt;/div&gt;/div","A1NR (AAA) @ 111 DM
A2R (AA) @ 160 DM
BR (A) @ 190 DM
CR (BBB) @ 310 DM","JPMorgan","1.7NC1","Refinancing","Priced","8/1/2025","8/15/2025","bally19_refi","BSL",
"False","False","Golub Capital Partners CLO 50(B)","div&lt;div&gt;divSr AAA @ 111 DM
br&lt;br&gt;brJr AAA @ 140 DM
br&lt;br&gt;brAA @ 150 DM
br&lt;br&gt;brA @ 170-175 DM
br&lt;br&gt;brBBB @ 270-275 DM
br&lt;br&gt;brBB retained/div&lt;/div&gt;/div","A1R2 (AAA) @ 111 DM
AJR2 (Jr AAA) @ 140 DM
BR2 (AA) @ 150 DM
CR2 (A) @ 175 DM
DR2 (BBB) @ 275 DM","JPMorgan","1.7NC1","Refinancing","Priced","8/1/2025","8/14/2025","gcbsl50_refi","BSL",
"False","False","OHA Credit Funding 21","div&lt;div&gt;divSr AAA @ 125 DM (384mm)
br&lt;br&gt;brJr AAA @ 145 DM (12mm)
br&lt;br&gt;brAA @ 155-160 DM
br&lt;br&gt;brA @ 175-180 DM
br&lt;br&gt;brSr BBB @ 260 DM (36mm)
br&lt;br&gt;brJr BBB @ 370-375 DM (6mm)
br&lt;br&gt;brBB @ 460-475 DM (18mm)/div&lt;/div&gt;/div","A1 (Sr AAA) @ 125 DM (384mm)
A2 (Jr AAA) @ 148 DM (12mm)
B (AA) @ 160 DM
C (A) @ 180 DM
D1 (Sr BBB) @ 260 DM (36mm)
D2 (Jr BBB) @ 375 DM (6mm)
E (BB) @ 465 DM","Bank of America","5NC2","New Issue","Priced","8/1/2025","8/13/2025","ohacf21_newissue","BSL",
"False","False","Neuberger Berman Loan Advisers CLO 36R","div&lt;div&gt;divAAA @ 127-128 DM/div&lt;/div&gt;/div","A (AAA) @ 127 DM
B (AA) @ 165 DM
C (A) @ 185 DM
D (BBB) @ 275 DM
E (BB) @ 490 DM
F retained","Wells Fargo","5NC2","Re-Issue","Priced","8/1/2025","8/18/2025","neub36r_reissue","BSL",
"False","False","Palmer Square CLO 2025-4","div&lt;div&gt;divAAA @ 125-127 DM
br&lt;br&gt;brAA @ 155-160 DM
br&lt;br&gt;brA @ 175-180 DM
br&lt;br&gt;brSr BBB @ 260-270 DM (24mm)
br&lt;br&gt;brJr BBB @ 380-390 DM (3mm)
br&lt;br&gt;brBB @ 470-480 DM/div&lt;/div&gt;/div","A (AAA) @ 127 DM
B (AA) @ 160 DM
C (A) @ 180 DM
D1 (Sr BBB) @ 270 DM (24mm)
D2 (Jr BBB) @ 380 DM (3mm)
E (BB) @ 470 DM","Bank of America","5NC2","New Issue","Priced","7/31/2025","8/14/2025","plmrs2025-4_newissue","BSL",
"False","False","CIFC Funding 2022-IV","div&lt;div&gt;divAAA @ 109-110 DM
br&lt;br&gt;brAA @ 150-155 DM
br&lt;br&gt;brA @ 170-175 DM
br&lt;br&gt;brBBB @ 270-275 DM
br&lt;br&gt;brBB @ 525-535 DM/div&lt;/div&gt;/div","AR (AAA) @ 109 DM
BR (AA) @ 155 DM
CR (A) @ 175 DM
DR (BBB) @ 260 DM
ER (BB) @ 480 DM
FR (B) @ 700 DM","Nomura","2NC0.5","Refinancing","Priced","7/31/2025","8/12/2025","cifc2022-4_refi","BSL",
"False","False","CBAM 2018-5","div&lt;div&gt;divX @ 100a DM
br&lt;br&gt;brSr AAA @ 134a DM
br&lt;br&gt;brJr AAA @ 155 DM
br&lt;br&gt;brAA @ 170 DM
br&lt;br&gt;brA @ 200a DM
br&lt;br&gt;brSr BBB @ 290a
br&lt;br&gt;brJr BBB @ 410a DM
br&lt;br&gt;brBB @ 575a DM/div&lt;/div&gt;/div","XR (X) @ 100 DM
A1R (Sr AAA) @ 134 DM (640mm)
A2R (Jr AAA) @ 155 DM (7.5mm)
BR (AA) @ 170 DM
CR (A) @ 200 DM
D1R (Sr BBB) @ 300 DM (62.5mm)
D2R (Jr BBB) @ 415 DM (4mm)
ER (BB) @ 580 DM","Citigroup","5NC2","Reset","Priced","7/30/2025","8/14/2025","CBAM2018-5_reset","BSL",
"False","False","Battalion CLO 18",,"AAA @ 118 DM
AA @ 180 DM
A @ 215 DM","Mizuho","1.2NC0.75","Refinancing","Priced","7/30/2025","7/30/2025","batln18_refi","BSL",
"False","False","Carlyle Direct Lending CLO 2025-1","div&lt;div&gt;divAAA @ 150a
br&lt;br&gt;brAA Retained
br&lt;br&gt;brA Retained
br&lt;br&gt;brBBB Retained/div&lt;/div&gt;/div","A1 (Sr AAA) @ 155 DM","Morgan Stanley","4NC2","New Issue","Priced","7/30/2025","8/27/2025","carlylemm2025-1_newissue","MM",
"False","False","CIFC Funding 2019-V","div&lt;div&gt;divSr AAA @ 127-128 DM (320mm)
br&lt;br&gt;brJr AAA @ 150 DM (15mm)
br&lt;br&gt;brAA @ 160-165 DM
br&lt;br&gt;brA @ 180-185 DM
br&lt;br&gt;brSr BBB @ 265-270 DM (30mm)
br&lt;br&gt;brJr BBB @ 390-400 DM (5mm)
br&lt;br&gt;brBB @ 480-490 DM/div&lt;/div&gt;/div","A1R2 (Sr AAA) @ 127 DM (320mm)
A2R2 (Jr AAA) @ 152 DM (15mm)
BR2 (AA) @ 165 DM
CR2 (A) @ 185 DM
D1R2 (Sr BBB) @ 270 DM (30mm)
D2R2 (Jr BBB) @ 395 DM (5mm)
ER2 (BB) @ 490 DM","Bank of America","5NC2","Reset","Priced","7/30/2025","8/13/2025","cifc2019-5_reset","BSL",
"False","False","RR 18","div&lt;div&gt;divSr AAA @ 129 DM (480mm)
br&lt;br&gt;brJr AAA @ 150 DM (7.5mm)
br&lt;br&gt;brAA @ 165 DM
br&lt;br&gt;brA @ 185 DM
br&lt;br&gt;brSr BBB preplaced
br&lt;br&gt;brJr BBB preplaced
br&lt;br&gt;brBB @ 490-500 DM/div&lt;/div&gt;/div","Sr AAA @ 129 DM (480mm)
Jr AAA @ 152 DM (7.5mm)
AA @ 165 DM
A @ 185 DM
Sr BBB @ 270 DM (43.15mm)
Jr BBB @ 395 DM (4.5mm)
BB @ 490 DM","Citigroup","5NC2","Reset","Priced","7/30/2025","8/7/2025","rr18_reset","BSL",
"False","False","Galaxy XXV CLO","div&lt;div&gt;divX @ 90 DM
br&lt;br&gt;brSr AAA @ 111 DM (285mm)
br&lt;br&gt;brJr AAA @ 135-140 DM (28.5mm)
br&lt;br&gt;brAA @ 145-150 DM
br&lt;br&gt;brA @ 170-175 DM
br&lt;br&gt;brBBB @ 270-280 DM
br&lt;br&gt;brBB @ 575-600 DM
br&lt;br&gt;brB no refi/div&lt;/div&gt;/div","XRR (X) @ 90 DM
A1RR (Sr AAA) @ 111 DM (285mm)
A2RR (Jr AAA) @ 140 DM (28.5mm)
BRR (AA) @ 155 DM
CRR (A) @ 180 DM
D1RR (Sr BBB) @ 270 DM (28.5mm)
D2RR (Jr BBB; fixed) @ 8.0021% (6mm)
ERR (BB) @ 575 DM
FR (B) not refi'd ","Goldman Sachs","1.75NC1","Refinancing","Priced","7/30/2025","8/13/2025","galxy25_refi","BSL",
"False","False","AIMCO CLO, Series 2015-A","div&lt;div&gt;divX @ 90-95 DM
br&lt;br&gt;brSr AAA @ 124-125 DM
br&lt;br&gt;brJr AAA @ 145a DM
br&lt;br&gt;brAA @ 155-160 DM
br&lt;br&gt;brA @ 175-180 DM
br&lt;br&gt;brBBB @ 265-270 DM
br&lt;br&gt;brBB @ 475-485 DM
br&lt;br&gt;brB Preplaced/div&lt;/div&gt;/div","XR4 @ 100 DM
A1R4 (Sr AAA) @ 125 DM (256mm)
A2R4 (Jr AAA) @ 148 DM (8mm)
BR4 (AA) @ 160 DM
CR4 (A) @ 180 DM
DR4 (BBB) @ 260 DM
ER4 (BB) @ 460 DM","Nomura","5NC2","Reset","Priced","7/29/2025","8/14/2025","aimco2015a_reset2025","BSL",
"False","False","Crown City CLO I","div&lt;div&gt;divX @ 100 DM
br&lt;br&gt;brSr AAA @ 135-137 DM
br&lt;br&gt;brJr AAA @ 150-155 DM
br&lt;br&gt;brAA @ 170 DM
br&lt;br&gt;brA @ 190-195 DM
br&lt;br&gt;brSr BBB @ 290-300 DM
br&lt;br&gt;brJr BBB @ 400-415 DM
br&lt;br&gt;brBB @ 600 DM
br&lt;br&gt;br/div&lt;/div&gt;/div","XRR @ 100 DM
A1RR (Sr AAA) @ 137 DM (217mm)
A2RR (Jr AAA) @ 157 DM (10.5mm)
BRR (AA) @ 175 DM
CRR (A) @ 210 DM
D1RR (Sr BBB) @ 300 DM (16.625mm)
D2RR (Jr BBB; fixed) @ 8.156% (6.125mm; 450 DM)
ERR (BB) @ 675 DM","Morgan Stanley","5NC2","Reset","Priced","7/29/2025","8/28/2025","crowncity1_reset","BSL",
"False","False","Guggenheim MM CLO 2021-4","div&lt;div&gt;divAAA @ 158 DM/div&lt;/div&gt;/div","X (AAA) @ 120 DM
A-R (AAA) @ 158 DM
B-1-R (AA) @ 195 DM
C-R (A) @ 255 DM
D-R (BBB) @ 355 DM
E-R (BB) @ 725 DM","Wells Fargo","4NC2","Reset","Priced","7/29/2025","9/12/2025","gugg2021-4_reset","MM",
"False","True","Cedar Funding II CLO","div&lt;div&gt;divX @ 105 DM
br&lt;br&gt;brAAA @ 131 DM
br&lt;br&gt;brAA @ 170 DM
br&lt;br&gt;brA @ 190 DM
br&lt;br&gt;brSr BBB @ 300 DM (18.15mm)
br&lt;br&gt;brJr BBB @ 400 DM (3.4mm)
br&lt;br&gt;brBB @ 600 DM
br&lt;br&gt;brB @ 800 DM
br&lt;br&gt;br/div&lt;/div&gt;/div","AXR3 (X) @ 105 DM
AR3 (AAA) @ 131 DM
BR3 (AA) @ 175 DM
CR3 (A) @ 195 DM
D1R3 (Sr BBB) @ 300 DM (18.15mm)
DJR3 (Jr BBB; fixed) @ 7.601% (3.4mm; +390 bps)
ER3 (BB) @ 645 DM
FR3 (NR) @ 800 DM","Jefferies","5NC2","Reset","Priced","7/29/2025","8/13/2025","cedf2_reset","BSL",
"False","False","Romark CLO V","div&lt;div&gt;divX @ 85-90 DM
br&lt;br&gt;brAAA @ 119 DM
br&lt;br&gt;brAA @ 165-170 DM
br&lt;br&gt;brA @ 195-200 DM
br&lt;br&gt;brBBB @ 315-325 DM/div&lt;/div&gt;/div","X @ 100 DM
AAA @ 119 DM
AA @ 180 DM
A @ 210 DM
BBB @ 375 DM","Morgan Stanley","0.5NC1","Refinancing","Priced","7/28/2025","8/1/2025","rmrk5_refi","BSL",
"False","False","Empower CLO 2023-2","div&lt;div&gt;divAAA @ 132 DM
br&lt;br&gt;brAA @ 170 DM
br&lt;br&gt;brA @ 190 DM
br&lt;br&gt;brSr BBB @ 290 DM (30mm)
br&lt;br&gt;brJr BBB @ 410 DM (4.25mm)
br&lt;br&gt;brBB @ 560 DM/div&lt;/div&gt;/div","AAA @ 132 DM
AA @ 170 DM
A @ 195 DM
Sr BBB @ 280 DM (27.5mm)
Jr BBB @ 400 DM (6.75mm)
BB @ 560 DM","Morgan Stanley","5NC2","Reset","Priced","7/28/2025","8/8/2025","empwr2023-2_reset","BSL",
"False","False","Fortress Credit BSL XXIII","div&lt;div&gt;divAAA @ 138-140 DM/div&lt;/div&gt;/div","A (AAA) @ 140 DM
B (AA) @ 185 DM
C (A) @ 235 DM
D1 (Sr BBB) @ 350 DM (24mm)
D2 (Jr BBB) @ 460 DM (4mm)
E (BB) @ 590 DM","Deutsche Bank","5NC2","New Issue","Priced","7/28/2025","8/12/2025","fcbsl23_newissue","BSL",
"False","False","Wellington Management CLO 5","div&lt;div&gt;divAAA @ 129-130 DM
br&lt;br&gt;brAA @ 165 DM
br&lt;br&gt;brA @ 180 DM
br&lt;br&gt;brSr BBB @ 275 DM (24mm)
br&lt;br&gt;brJr BBB @ 390 DM (4mm)
br&lt;br&gt;brBB @ 475-485 DM/div&lt;/div&gt;/div","Class A (AAA) @ 129 DM
Class B (AA) @ 165 DM
Class C (A) @ 180 DM
Class D1 (Sr BBB) @ 275 DM (24mm)
Class D2 (Jr BBB) @ 390 DM (4mm)
Class E (BB) @ 485 DM","Bank of America","5NC2","New Issue","Priced","7/28/2025","8/11/2025","welli5_newissue","BSL",
"False","False","Jamestown CLO XII","div&lt;div&gt;divX @ 100 DM
br&lt;br&gt;brAAA call desk
br&lt;br&gt;brAA call desk
br&lt;br&gt;brA @ 200 DM
br&lt;br&gt;brSr BBB @ 310 DM (20mm)
br&lt;br&gt;brJr BBB @ 425 DM (5mm)
br&lt;br&gt;brBB @ 625 DM/div&lt;/div&gt;/div","XRR (X) @ 100 DM
ARR (AAA) @ 137 DM
BRR (AA) @ 175 DM
CRR (A) @ 210 DM
DRR (BBB) @ 340 DM
ER (BB) @ 685 DM","Citigroup","5NC2","Reset","Priced","7/28/2025","8/13/2025","jtwn12_reset","BSL",
"False","False","Abry Liquid Credit CLO 2025-1","div&lt;div&gt;divSr AAA @ 140 DM (248mm)
br&lt;br&gt;brJr AAA @ 165 DM (12mm)
br&lt;br&gt;brAA @ 180 DM
br&lt;br&gt;brA @ 210 DM
br&lt;br&gt;brBBB @ 325 DM
br&lt;br&gt;brBB @ 585 DM/div&lt;/div&gt;/div","A1 (Sr AAA) @ 140 DM (248mm)
A2 (Jr AAA) @ 165 DM (12mm)
B (AA) @ 180 DM
C (A) @ 210 DM
D (BBB) @ 325 DM
E (BB) @ 600 DM","Wells Fargo","5NC2","New Issue","Priced","7/28/2025","8/21/2025","abry1_newissue","BSL",
"False","False","Cathedral Lake VI","div&lt;div&gt;divX @ 100 DM
br&lt;br&gt;brSr AAA @ 112 DM (235mm)
br&lt;br&gt;brAA @ 150 DM
br&lt;br&gt;brA @ 210 DM
br&lt;br&gt;brBBB @ 365 DM/div&lt;/div&gt;/div","X @ 100 DM
AAA @ 120 DM
AA @ 185 DM
A @ 235 DM
BBB @ 370 DM
BBB (fixed) @ +370 bps
BB not refinanced","Jefferies","1NC1","Refinancing","Priced","7/25/2025","8/7/2025","catlk2021-6_refi","BSL",
"False","False","Golub Capital Partners CLO 58(B)-R","div&lt;div&gt;divSr AAA @ 128 DM (242mm)
br&lt;br&gt;brJr AAA @ 155 DM (22mm)
br&lt;br&gt;brAA @ 165 DM
br&lt;br&gt;brA @ 190 DM
br&lt;br&gt;brSr BBB @ 290 DM (26mm)
br&lt;br&gt;brJr BBB @ call desk
br&lt;br&gt;brBB retained/div&lt;/div&gt;/div","Class A1R (Sr AAA) @ 128 DM (242mm)
Class A2R (Jr AAA) @ 155 DM (63mm)
Class BR (AA) @ 165 DM
Class CR (A) @ 195 DM
Class D1R (Sr BBB) @ 290 DM (26mm)
Class D2R (Jr BBB) retained
Class ER (BB) retained","Societe Generale","5NC2","Reset","Priced","7/25/2025","8/11/2025","gcbsl58r_reset","BSL",
"False","False","Wellfleet CLO 2021-2",,"Sr AAA @ 115 DM (270mm)
Jr AAA @ 158 DM (18mm)
AA @ 175 DM
A @ 220 DM
BBB @ 375 DM","Morgan Stanley","1NC0.5","Refinancing","Priced","7/25/2025","8/1/2025","welf2021-2_refi2","BSL",
"False","False","AGL CLO 43","div&lt;div&gt;divSr AAA @ 126-127 DM
br&lt;br&gt;brJr AAA @ 150 DM
br&lt;br&gt;brAA @ 160 DM
br&lt;br&gt;brA @ 175-180 DM
br&lt;br&gt;brSr BBB @ 270 DM
br&lt;br&gt;brJr BBB @ 400 DM
br&lt;br&gt;brBB @ 475-485 DM/div&lt;/div&gt;/div","Sr AAA @ 126 DM (320mm)
Jr AAA @ 150 DM (10mm)
AA @ 165 DM
A @ 185 DM
Sr BBB @ 270 DM (30mm)
Jr BBB @ 395 DM (5mm)
BB @ 485 DM","Natixis","5NC2","New Issue","Priced","7/25/2025","8/6/2025","agl43_newissue","BSL",
"False","False","Elmwood CLO 44","div&lt;div&gt;divAAA @ 126-127 DM
br&lt;br&gt;brAA @ 160 DM
br&lt;br&gt;brA @ 180-185 DM
br&lt;br&gt;brBBB @ 270-275 DM
br&lt;br&gt;brBB @ 470-480 DM/div&lt;/div&gt;/div","A (AAA) @ 126 DM
B (AA) @ 160 DM
C (A) @ 185 DM
D (BBB) @ 260 DM
E (BB) @ 470 DM","Citigroup","5NC2","New Issue","Priced","7/25/2025","8/14/2025","elm44_newissue","BSL",
"False","False","Apex Credit CLO 2020-2","div&lt;div&gt;divX @ 110 DM
br&lt;br&gt;brAAA @ 146 DM
br&lt;br&gt;brAA @ 180-185 DM
br&lt;br&gt;brA @ 200-205 DM
br&lt;br&gt;brBBB @ 305-315 DM
br&lt;br&gt;brBB @ 650-675 DM/div&lt;/div&gt;/div","X @ 110 DM
AAA @ 146 DM
AA @ 190 DM
A @ 235 DM
BBB @ 350 DM
BB @ S+719 bps","Jefferies","5NC2","Reset","Priced","7/24/2025","8/8/2025","Apex Credit CLO 2020-2","BSL",
"False","False","Invesco US CLO 2022-2","div&lt;div&gt;divSr AAA call desk
br&lt;br&gt;brJr AAA @ 145 DM
br&lt;br&gt;brAA @ 155 DM
br&lt;br&gt;brA @ 175 DM
br&lt;br&gt;brBBB @ 295 DM
br&lt;br&gt;brBB @ 575 DM/div&lt;/div&gt;/div","Sr AAA @ 115 DM (248mm)
Jr AAA @ 145 DM (12mm)
AA @ 168 DM
A @ 190 DM
BBB @ 295 DM
BB @ 625 DM","Morgan Stanley","2NC1","Refinancing","Priced","7/24/2025","8/1/2025","invco2022-2_refi","BSL",
"False","False","Serenity-Peace Park CLO","div&lt;div&gt;divX @ 100-105 DM
br&lt;br&gt;brSr AAA @ 128 DM
br&lt;br&gt;brJr AAA @ 145-150 DM
br&lt;br&gt;brAA @ 155-160 DM
br&lt;br&gt;brA @ 175-180 DM
br&lt;br&gt;brBBB @ 260-270 DM
br&lt;br&gt;brBB @ 475-485 DM/div&lt;/div&gt;/div","X @ 105 DM
Sr AAA @ 128 DM
Jr AAA @ 150 DM
AA @ 160 DM
A @ 185 DM
BBB @ 270 Sm
BB @ 485 DM","BNP Paribas","5NC2","New Issue","Priced","7/24/2025","8/4/2025","serenitypeacepk_newissue","BSL",
"False","True","HPS Private Credit CLO 2023-1","div&lt;div&gt;divSr AAA @ 150-152 DM (290mm)
br&lt;br&gt;brJr AAA @ 160-165 DM (20mm)
br&lt;br&gt;brAA @ 180-185 DM
br&lt;br&gt;brA @ 230-235 DM
br&lt;br&gt;brBBB @ 325-335 DM
br&lt;br&gt;brBB @ 640-650 DM/div&lt;/div&gt;/div","Sr AAA @ 152 DM (435mm)
Jr AAA @ 170 DM (30mm)
AA @ 185 DM
A @ 225 DM
Sr BBB @ 330 DM (45mm)
Jr BBB @ 510 DM (15mm)
BB @ 700 DM","BNP Paribas","4NC2","Reset","Priced","7/24/2025","8/8/2025","hpspc2023-1_reset","MM",
"False","False","Anchorage Capital CLO 19","div&lt;div&gt;divSr AAA @ 135 DM/div&lt;/div&gt;/div","A1R (Sr AAA) @ 135 DM (315mm)
A2R (Jr AAA) @ 160 DM (10mm)
BR (AA) @ 175 DM
CR (A) @ 200 DM
D1R (Sr BBB) @ 300 DM (27.5mm)
D2R (Jr BBB) @ 415 DM (5mm)
ER (BB) @ 605 DM
FR (B) retained","Wells Fargo","5NC2","Reset","Priced","7/24/2025","8/14/2025","anchc19_reset","BSL",
"False","False","KKR CLO 58","div&lt;div&gt;divAAA @ 129-131 DM/div&lt;/div&gt;/div","A1 (Sr AAA) @ 129 DM (256mm)
A2 (Jr AAA) @ 150 DM (8mm)
B (AA) @ 160 DM
C (A) @ 190 DM
D1 (Sr BBB) @ 290 DM (24mm)
D2 (Jr BBB) @ 405 DM (2mm)
E (BB) @ 530 DM","Morgan Stanley","5NC2","New Issue","Priced","7/24/2025","8/21/2025","kkr58_newissue","BSL",
"False","False","Barings CLO 2025-V","A (AAA) @ 100 DM B (AA) @ 200 DM C (A) @ 300 DM D (BBB) @ 400 DM E (BB) @ 500 DM","A1 (Sr AAA) @ 127 DM (320mm)
A2 (Jr AAA) @ 150 DM (10mm)
B (AA) @ 165 DM
C (A) @ 185 DM
D1 (Sr BBB) @ 270 DM (30mm)
D2 (Jr BBB) @ 380 DM (5mm)
E (BB) @ 500 DM","Bank of America","5NC2","New Issue","Priced","7/23/2025","8/12/2025","Title","BSL",
"False","False","Birch Grove CLO 13","div&lt;div&gt;divSr AAA @ 131-132 DM
br&lt;br&gt;brJr AAA @ 150-155 DM
br&lt;br&gt;brAA @ 165a DM
br&lt;br&gt;brSr BBB @ 285-290 DM
br&lt;br&gt;brJr BBB @ 400-415
br&lt;br&gt;brBB @ 500-525/div&lt;/div&gt;/div","Sr AAA @ 131 DM (256mm)
Jr AAA @ 155 DM (4mm)
AA @ 165 DM
A @ 190 DM
Sr BBB @ 280 DM (24mm)
Jr BBB @ 405 DM (2mm)
BB @ 515 DM
B retained","JPMorgan","5NC2","New Issue","Priced","7/23/2025","8/7/2025","bgclo13_newissue","BSL",
"False","False","Octagon 73","div&lt;div&gt;divSr AAA preplaced
br&lt;br&gt;brJr AAA @ 150-155 DM
br&lt;br&gt;brAA @ 165-170 DM
br&lt;br&gt;brA @ 185-190 DM
br&lt;br&gt;brBBB @ 270-280 DM
br&lt;br&gt;brBB @ 490-500 DM/div&lt;/div&gt;/div","Sr AAA @ 129 DM (300mm)
Jr AAA @ 155 DM (29mm)
AA @ 170 DM
A @ 190 DM
BBB @ 280 DM
BB @ 510 DM","Deutsche Bank","5NC2","New Issue","Priced","7/22/2025","8/5/2025","oct73_newissue","BSL",
"False","False","CIFC Funding 2019-VII","div&lt;div&gt;divSr AAA @ 128-129 DM
br&lt;br&gt;brJr AAA @ 150a DM
br&lt;br&gt;brAA @ 165a DM
br&lt;br&gt;brA @ 180-185 DM
br&lt;br&gt;brSr BBB @ 270-280 DM
br&lt;br&gt;brJr BBB @ 400a DM
br&lt;br&gt;brBB @ 490-500 DM
br&lt;br&gt;br/div&lt;/div&gt;/div","Sr AAA @ 128 DM (256mm)
Jr AAA @ 153 DM (12mm)
AA @ 165 DM (36mm)
A @ 185 DM (24mm)
Sr BBB @ 270 DM (24mm)
Jr BBB @ 400 DM (4mm)
BB @ 490 DM","JPMorgan","5NC2","Reset","Priced","7/22/2025","7/31/2025","cifc2019-7_reset","BSL",
"False","False","Whitehorse CCCERA CLO","div&lt;div&gt;divSr AAA @ 155a DM
br&lt;br&gt;brJr AAA @ 175a DM
br&lt;br&gt;brAA @ 185-190 DM
br&lt;br&gt;brA @ 240-245 DM/div&lt;/div&gt;/div",,"JPMorgan","4NC2","New Issue","Announced","7/22/2025",,"WHCLO_2025-2_newissue","PC",
"False","False","Dryden 107 CLO","div&lt;div&gt;divSr AAA PrePlaced
br&lt;br&gt;brJr AAA @ 150-155 DM
br&lt;br&gt;brAA @ 165-170 DM
br&lt;br&gt;brA @ 185-195 DM
br&lt;br&gt;brSr BBB @ 295-300 DM
br&lt;br&gt;brJr BBB @ 400-425 DM
br&lt;br&gt;brBB @ 550-575 Dm/div&lt;/div&gt;/div","Sr AAA @ 131 DM (256mm)
Jr AAA @ 155 DM (8mm)
AA @ 165 DM
A @ 195 DM
Sr BBB @ 290 DM (22mm)
Jr BBB @ 410 DM (5mm)
BB @ 575 DM","Goldman Sachs","5NC2","Reset","Priced","7/22/2025","8/1/2025","drslf107_reset","BSL",
"False","False","Greywolf CLO IV","div&lt;div&gt;divAAA @ 124 DM
br&lt;br&gt;brAA @ 170-180 DM
br&lt;br&gt;brA @ 200-210 DM
br&lt;br&gt;brBBB @ 345-355 DM
br&lt;br&gt;brBB @ 675a DM/div&lt;/div&gt;/div","AAA @ 124 DM
AA @ 180 DM
A @ 220 DM
BBB @ 350 DM
BB @ 690 DM","Goldman Sachs","0.75NC0.75","Re-Issue","Priced","7/22/2025","7/30/2025","gwolf4_reissue","BSL",
"False","False","New Mountain CLO 3","div&lt;div&gt;divX @ 95a DM
br&lt;br&gt;brSr AAA @ 133-134 DM
br&lt;br&gt;brJr AAA @ 160a DM
br&lt;br&gt;brAA @ 170-175 DM
br&lt;br&gt;brA @ 190-195 DM
br&lt;br&gt;brSr BBB @ 290-295 DM
br&lt;br&gt;brJr BBB @ 400-410 DM
br&lt;br&gt;brBB @ 550a DM/div&lt;/div&gt;/div","X @ 95 DM
Sr AAA @ 133 DM (320mm)
Jr AAA @ 160 DM (10mm)
AA @ 170 DM
A @ 195 DM
Sr BBB @ 295 DM (30mm)
Jr BBB @ 410 DM (5mm)
BB @ 535 DM","JPMorgan","5NC2","Reset","Priced","7/22/2025","8/4/2025","nmc3_reset","BSL",
"False","False","Symphony CLO XVIII","div&lt;div&gt;divX @ 95 DM
br&lt;br&gt;brSr AAA @ 115 DM (256mm)
br&lt;br&gt;brJr AAA @ 160 DM (48mm)
br&lt;br&gt;brAA @ 160 DM
br&lt;br&gt;brA @ 180 DM
br&lt;br&gt;brBBB @ 290 DM
br&lt;br&gt;brBB @ 575 DM/div&lt;/div&gt;/div","X @ 100 DM
AAA @ 123 DM
AA @ 170 DM
A @ 195 DM
BBB @ 300 DM
BB @ 585 DM","Santander","2NC1","Reset","Priced","7/22/2025","8/6/2025","symp18_reset","BSL",
"False","False","Bain Capital Credit CLO 2023-3","div&lt;div&gt;divX @ 95 DM
br&lt;br&gt;brSr AAA @ 131 DM (384mm)
br&lt;br&gt;brJr AAA @ 155 DM (18mm)
br&lt;br&gt;brAA @ 165-170 DM
br&lt;br&gt;brA @ 185-190 DM
br&lt;br&gt;brBBB @ 275-285 DM
br&lt;br&gt;brSr BB @ 400 DM (6mm)
br&lt;br&gt;brJr BBB @ 500-525 DM (18mm)/div&lt;/div&gt;/div","X @ 100 DM
Sr AAA @ 131 DM (384mm)
Jr AAA @ 155 DM (18mm)
AA @ 170 DM
A @ 190 DM
Sr BBB @ 285 DM (36mm)
Jr BBB @ 405 DM (6mm)
BB @ 525 DM","Citigroup","5NC2","Reset","Priced","7/22/2025","8/6/2025","bcc2023-3_reset","BSL",
"False","False","Oaktree CLO 2023-2",,"Sr AAA @ 135 DM (256mm)
Jr AAA @ 162 DM (8mm)
AA @ 175 DM
A @ 195 DM
Sr BBB @ 305 DM (24mm)
Jr BBB @ 440 DM (4mm)
BB @ 600 DM","Mizuho","5NC2","Reset","Priced","7/21/2025","7/11/2025","oakcl2023-2_reset","BSL",
"False","False","Apidos CLO LIV","div&lt;div&gt;divSr AAA @ 130 DM (352mm)
br&lt;br&gt;brJr AAA @ 150 DM (11mm)
br&lt;br&gt;brAA @ 160 DM
br&lt;br&gt;brA @ 175-180 DM
br&lt;br&gt;brSr BBB @ 270-275 DM (33mm)
br&lt;br&gt;brJr BBB @ 390 DM (5.5mm)
br&lt;br&gt;brBB @ 470-480 DM
br&lt;br&gt;brB call desk/div&lt;/div&gt;/div","Sr AAA @ 130 DM (352mm)
Jr AAA @ 150 DM (11mm)
AA @ 160 DM (55mm)
A @ 180 DM
Sr BBB @ 265 DM (33mm)
Jr BBB @ 390 DM (5.5mm)
BB @ 485 DM
B retained","Natixis","5NC2","New Issue","Priced","7/21/2025","8/1/2025","apid54_newissue","BSL",
"False","False","Elmwood CLO 14","div&lt;div&gt;divX @ 100 DM
br&lt;br&gt;brSr AAA @ 130 DM (416mm)
br&lt;br&gt;brJr AAA @ 155 DM (9.75mm)
br&lt;br&gt;brAA @ 165-170 DM
br&lt;br&gt;brA @ 185-190 DM
br&lt;br&gt;brBBB @ 290-300 DM
br&lt;br&gt;brBB @ 575 DM
br&lt;br&gt;brB @ 825-850 DM/div&lt;/div&gt;/div","X @ 100 DM
Sr AAA @ 130 DM (416mm)
Jr AAA @ 155 DM (9.75mm)
AA @ 170 DM
A @ 190 DM
BBB @ 290 DM
BB @ 550 DM
B @ 850 DM","Citigroup","5NC2","Reset","Priced","7/21/2025","8/1/2025","elm14_reset","BSL",
"False","False","Barings CLO 2025-IV","div&lt;div&gt;divSr AAA @ 132 DM (246mm)
br&lt;br&gt;brJr AAA @ 150-155 DM (18mm)
br&lt;br&gt;brAA @ 160-165 DM
br&lt;br&gt;brA @ 175-180 DM
br&lt;br&gt;brSr BBB @ 270-275 DM (24mm)
br&lt;br&gt;brJr BBB @ 390 DM (4mm)
br&lt;br&gt;brBB @ 475-490 DM/div&lt;/div&gt;/div","Sr AAA @ 132 DM (246mm)
Jr AAA @ 152 DM (18mm)
AA @ 165 DM
A @ 190 DM
Sr BBB @ 280 DM (24mm)
Jr BBB @ 400 DM (4mm)
BB @ 500 DM","Barclays","5NC2","New Issue","Priced","7/21/2025","8/7/2025","babsn2025-4_newissue","BSL",
"False","False","HPS Loan Management 2021-16","div&lt;div&gt;divSr AAA @ 111-113 DM
br&lt;br&gt;brJr AAA @ 145-150 DM
br&lt;br&gt;brAA @ 155-160 DM
br&lt;br&gt;brA @ 180-185 DM
br&lt;br&gt;brBBB @ 290-300 DM
br&lt;br&gt;brBB @ 625-640/div&lt;/div&gt;/div","Sr AAA @ 111 DM
Jr AAA @ 150 DM
AA @ 165 DM
A @ 180 DM
BBB @ 295 DM
BB @ 650 DM","Nomura","1.5NC0.5","Refinancing","Priced","7/21/2025","7/30/2025","hps2021-16_reset","BSL",
"False","False","Trinitas CLO XXII","div&lt;div&gt;divAAA @ 135 DM
br&lt;br&gt;brAA @ 175 DM
br&lt;br&gt;brA @ 200 DM
br&lt;br&gt;brSr BBB @ 305 DM (20mm)
br&lt;br&gt;brJr BBB @ 435 DM (6mm)
br&lt;br&gt;brBB @ 600 DM/div&lt;/div&gt;/div","AAA @ 135 DM
AA @ 175 DM
A @ 200 DM
Sr BBB @ 310 DM
Jr BBB @ 435 DM
BB @ 600 DM","Citigroup","5NC2","Reset","Priced","7/21/2025","7/30/2025","trnts22_reset","BSL",
"False","False","Orion CLO 2025-6","div&lt;div&gt;divSr AAA preplaced
br&lt;br&gt;brJr AAA @ 155 DM
br&lt;br&gt;brAA @ 160-165 DM
br&lt;br&gt;brA @ call desk
br&lt;br&gt;brSr BBB @ 295 DM (24mm)
br&lt;br&gt;brJr BBB @ 400-415 DM (4mm)
br&lt;br&gt;brBB @ 500-515 DM/div&lt;/div&gt;/div","Sr AAA @ 131 DM
Jr AAA @ 155 DM
AA @ 170 DM
A @ 190 DM
Sr BBB @ 295 DM
Jr BBB @ 405 DM
BB @ 525 DM","Deutsche Bank","5NC2","New Issue","Priced","7/21/2025","7/29/2025","antor6_newissue","BSL",
"False","False","Allegro CLO XIV","div&lt;div&gt;divX @ 95 DM
br&lt;br&gt;brSr AAA @ 134 DM (310mm)
br&lt;br&gt;brJr AAA @ 160 DM (25mm)
br&lt;br&gt;brAA @ 170-175 DM
br&lt;br&gt;brA @ 195 DM
br&lt;br&gt;brSr BBB @ 295 DM (30mm)
br&lt;br&gt;brJr BBB @ 400-410 DM (5mm)
br&lt;br&gt;brBB @ 525-550 DM/div&lt;/div&gt;/div","X @ 95 DM
Sr AAA @ 134 DM (310mm)
Jr AAA @ 160 DM (25mm)
AA @ 170 DM
A @ 195 DM
Sr BBB @ 295 DM (30mm)
Jr BBB @ 410 DM (5mm)
BB @ 540 DM
B retained","JPMorgan","5NC2","Reset","Priced","7/21/2025","8/1/2025","alleg14_reset","BSL",
"False","False","Wise CLO 2023-1","div&lt;div&gt;divAAA @ 132-133 DM
br&lt;br&gt;brAA @ 165 DM
br&lt;br&gt;brA @ 180-190 DM/div&lt;/div&gt;/div","AR (AAA) @ 133 DM
BR (AA) @ 170 DM
CR (A) @ 200 DM
DR (BBB) retained","Bank of America","5NC2","Reset","Priced","7/21/2025","8/22/2025","wyze2023-1_reset","BSL",
"False","False","CENT CLO 29","div&lt;div&gt;divSr AAA call desk
br&lt;br&gt;brJr AAA @ 150-155 DM
br&lt;br&gt;brAA call desk
br&lt;br&gt;brA @ 195-200 DM
br&lt;br&gt;brSr BBB @ 330-340 DM (20mm)
br&lt;br&gt;brJr BBB @ 450-475 DM (8mm)
br&lt;br&gt;brBB @ 650-675 DM/div&lt;/div&gt;/div","Sr AAA @ 118 DM
Jr AAA @ 155 DM
AA @ 180 DM
A @ 215 DM
BBB @ 340 DM","RBC","1.5NC1","Refinancing","Priced","7/18/2025","7/25/2025","ceclo29_refi","BSL",
"False","False","Ares XLIV CLO","div&lt;div&gt;divSr AAA @ 113 DM
br&lt;br&gt;brJr AAA @ 130-135 DM
br&lt;br&gt;brAA @ 145-150 DM
br&lt;br&gt;brA @ 165-170 DM
br&lt;br&gt;brBBB @ 275-285 DM
br&lt;br&gt;brBB @ 600 DM/div&lt;/div&gt;/div","Sr AAA @ 113 DM
Jr AAA @ 135 DM
AA @ 150 DM
A @ 175 DM
BBB @ 275 DM
BB @ 625 DM","SMBC","0.75NC1","Refinancing","Priced","7/18/2025","7/30/2025","ares44_refi","BSL",
"False","False","Neuberger Berman Loan Advisers CLO 41","div&lt;div&gt;divAAA @ 105 DM
br&lt;br&gt;brAA @ 150 DM
br&lt;br&gt;brA @ 175 DM
br&lt;br&gt;brBBB @ 275 DM
br&lt;br&gt;brBB @ 515 DM/div&lt;/div&gt;/div","AAA @ 105 DM
AA @ 150 DM
A @ 175 DM
BBB @ 280 DM
BB @ 575 DM","Santander","0.75NC0.75","Refinancing","Priced","7/18/2025","8/7/2025","neub41_refi","BSL",
"False","False","Madison Park Funding LXXIII","div&lt;div&gt;divAAA @ 130 DM (0.75x)/div&lt;/div&gt;/div","Sr AAA @ 130 DM (384mm)
Jr AAA @ 155 DM (12mm)
AA @ 170 DM
A @ 190 DM
Sr BBB @ 275 DM (36mm)
Jr BBB @ 400 DM (6mm)
BB @ 495 DM
B @ 750 DM","Bank of America","5NC2","New Issue","Priced","7/18/2025","8/6/2025","mdpk73_newissue","BSL",
"False","False","Jamestown CLO IX","div&lt;div&gt;divAAA @ 118 DM
br&lt;br&gt;brAA @ 165-170 DM
br&lt;br&gt;brA @ 185-190 DM
br&lt;br&gt;brBBB @ 315-325 DM
br&lt;br&gt;brBB @ 625-650 DM/div&lt;/div&gt;/div","AAA @ 118 DM
AA @ 170 DM
A @ 200 DM
BBB @ 325 DM
BB @ 650 DM","SMBC","1NC0.5","Refinancing","Priced","7/18/2025","7/25/2025","jtwn9_refi","BSL",
"False","False","Sixth Street CLO XIX","div&lt;div&gt;divX @ 100 DM
br&lt;br&gt;brSr AAA @ 128 DM (272.25mm)
br&lt;br&gt;brJr AAA @ 150-155 DM (24.75mm)
br&lt;br&gt;brAA @ 160-165 DM
br&lt;br&gt;brA @ 180-185 DM
br&lt;br&gt;brSr BBB @ 280 DM (27mm)
br&lt;br&gt;brJr BBB @ 400-405 DM (3.15mm)
br&lt;br&gt;brBB @ 500 DM
br&lt;br&gt;brB call desk/div&lt;/div&gt;/div","X @ 100 DM
Sr AAA @ 128 DM
Jr AAA @ 152 DM
AA @ 160 DM
A @ 185 DM
Sr BBB @ 280 DM
Jr BBB @ 395 DM
BB @ 500 DM
B @ 791 DM","Bank of America","5NC2","Reset","Priced","7/18/2025","7/30/2025","sixst19_reset","BSL",
"False","False","WOODS 2021-27","div&lt;div&gt;divSr AAA @ 118 DM
br&lt;br&gt;brJr AAA @ 150a DM
br&lt;br&gt;brAA @ 165-175 DM
br&lt;br&gt;brA @ 185-190 DM/div&lt;/div&gt;/div",,"Bank of America","1NC0.75","Refinancing","Announced","7/17/2025",,"woods2021-27_refi","BSL",
"False","True","AMMC CLO 32","div&lt;div&gt;divSr AAA @ 136 DM
br&lt;br&gt;brJr AAA @ 155a DM
br&lt;br&gt;brAA @ 170-175 DM
br&lt;br&gt;brA @ 190-200 DM
br&lt;br&gt;brSr BBB @ 290-300 DM
br&lt;br&gt;brJr BBB @ 425a DM
br&lt;br&gt;brBB @ 525-550 DM/div&lt;/div&gt;/div","Sr AAA @ 136 DM
Jr AAA @ 155 DM
AA @ 170 DM
A @ 200 DM
Sr BBB @ 285 DM
BB @ 575 DM","Morgan Stanley","5NC2","New Issue","Priced","7/17/2025","7/29/2025","ammc32_newissue","BSL",
"False","False","ZAIS CLO 18","div&lt;div&gt;divX @ 100 DM
br&lt;br&gt;brSr AAA @ 125 DM/div&lt;/div&gt;/div","XR (X) @ 105 DM
A1R (Sr AAA) @ 132 DM (240mm)
AJR (Jr AAA) @ 160 DM (24mm)
BR (AA) @ 170 DM
C1R (A) @ 225 DM
CFR (A; fixed) @ 5.85%
D1R (Sr BBB) @ 340 DM (18mm)
DFR (Sr BBB; fixed) @ 7.034% (6mm)
DJR (Jr BBB; fixed) @ 9.00% (6mm)
ER (BB) @ S+700 bps","Jefferies","3NC1","Reset","Priced","7/17/2025","8/12/2025","zais18_reset","BSL",
"False","False","Northwoods Capital 27","div&lt;div&gt;divSr AAA @ 118 DM (248mm)
br&lt;br&gt;brJr AAA @ 150 DM (12mm)
br&lt;br&gt;brAA @ 165-175 DM
br&lt;br&gt;brA @ 185-190 DM/div&lt;/div&gt;/div","Sr AAA @ 118 DM
Jr AAA @ 155 DM
AA @ 180 DM
A @ 200 DM
","Bank of America","1NC0.75","Refinancing","Priced","7/17/2025",,"northwoods27_refi","BSL",
"False","True","RIN V",,"A1R (Sr AAA) @ 134 DM (256mm)
A2R (Jr AAA) @ 155 DM (50mm)
BR (AA) @ 180 DM
CR (A) @ 200 DM
DR (BBB) @ 300 DM
ER (BB) @ 585 DM","Societe Generale","3NC1","Reset","Priced","7/17/2025","8/13/2025","rin5_reset","Infra",
"False","False","720 East CLO VIII","div&lt;div&gt;divAAA @ 131-133 DM/div&lt;/div&gt;/div","Sr AAA @ 131 DM (248mm)
Jr AAA @ 151 DM (32mm)
AA @ 165 DM
A @ 180 DM
Sr BBB @ 280 DM (24mm)
Jr BBB @ 415 DM (4mm)
BB @ 535 DM","Morgan Stanley","5NC2","New Issue","Priced","7/17/2025","8/1/2025","720east8_newissue","BSL",
"False","False","ICG US CLO 2025-1","div&lt;div&gt;divSr AAA @ 133 DM (240mm)
br&lt;br&gt;brJr AAA @ 155-160 DM (16mm)
br&lt;br&gt;brAA @ 165-175 DM
br&lt;br&gt;brA @ 185-195 DM
br&lt;br&gt;brSr BBB @ 290-300 DM (24mm)
br&lt;br&gt;brJr BBB @ 425-435 DM (2.5mm)
br&lt;br&gt;brBB @ 550-575 DM/div&lt;/div&gt;/div","Sr AAA @ 133 DM
Jr AAA @ 160 DM
AA @ 175 DM
A @ 200 DM
Sr BBB @ 315 DM
Jr BBB @ 440 DM
BB @ 570 DM","Citigroup","5NC2","New Issue","Priced","7/16/2025","7/30/2025","icg2025-1_newissue","BSL",
"False","False","Mountain View CLO XIX","div&lt;div&gt;divX @ 95 DM
br&lt;br&gt;brSr AAA @ 138 DM (252mm)
br&lt;br&gt;brJr AAA @ 155 DM (8mm)
br&lt;br&gt;brAA @ 170-180 DM
br&lt;br&gt;brA @ 190-200 DM
br&lt;br&gt;brSr BBB @ 300-310 DM (24mm)
br&lt;br&gt;brJr BBB @ 425-440 DM (4mm)
br&lt;br&gt;brBB @ 560-590 DM/div&lt;/div&gt;/div","X @ 100 DM
Sr AAA @ 138 DM (252mm)
Jr AAA @ 160 DM (8mm)
AA @ 180 DM
Sr A @ 220 DM (20mm)
Jr A (fixed) @ +250 bps (10mm)
Sr BBB @ 340 DM (10mm)
BBB (fixed) @ +350 bps (8mm)
Jr BBB (fixed) @ +515 bps (4mm)
BB @ 640 DM","Santander","5NC2","New Issue","Priced","7/16/2025","8/7/2025","mvew2025-1_newissue","BSL",
"False","False","Carlyle US CLO 2025-4","div&lt;div&gt;divSr AAA Pre-Placed
br&lt;br&gt;brJr AAA @ 150-155 DM
br&lt;br&gt;brAA @ 160-165 DM
br&lt;br&gt;brA @ 180-185 DM
br&lt;br&gt;brSr BBB @ 275a DM
br&lt;br&gt;brJr BBB @ 390-400 DM
br&lt;br&gt;brBB @ 475-490 DM/div&lt;/div&gt;/div","Sr AAA @ 130 DM (372mm)
Jr AAA @ 150 DM (21mm)
AA @ 165 DM
A @ 190 DM
Sr BBB @ 275 DM (36mm)
Jr BBB @ 400 DM (4.5mm)
BB @ 500 DM","Goldman Sachs","5NC2","New Issue","Priced","7/16/2025","7/31/2025","cgms2025-4_newissue","BSL",
"False","False","Sculptor CLO XXIX","div&lt;div&gt;divX @ 95 DM
br&lt;br&gt;brAAA @ 135-137 DM (call desk)
br&lt;br&gt;brAA @ 170-175 DM
br&lt;br&gt;brA @ 185-195 DM
br&lt;br&gt;brSr BBB @ 295-305 DM (24mm)
br&lt;br&gt;brJr BBB @ 405-415 DM (4mm)
br&lt;br&gt;brBB @ 595-615 DM/div&lt;/div&gt;/div","XR @ 95 DM
AR (AAA) @ 137 DM
BR (AA) @ 175 DM
CR (A) @ 210 DM
D1R (Sr BBB) @ 340 DM (20mm)
D2R (Jr BBB) @ 435 DM (8mm)
ER (BB) @ 703 DM","JPMorgan","5NC2","Reset","Priced","7/16/2025","8/22/2025","sculp29_reset","BSL",
"False","False","Barings CLO 2023-II",,"AAA @ 148 DM
AA @ 195 DM
A @ 260 DM
BBB @ 395 DM
BB @ 700 DM
B @ 970 DM","Wells Fargo","1NC1","Reset","Priced","7/16/2025","7/16/2025","babsn2023-2_reset","BSL",
"False","False","Octagon Investment Partners 45","div&lt;div&gt;divSr AAA @ 113-115 DM/div&lt;/div&gt;/div","A1RR (Sr AAA) @ 115 DM
A2RR (Jr AAA) @ 148 DM
BRR (AA) @ 160 DM
C1RR (Sr A) @ 195 DM (43mm)
C2RR (Jr A) @ 215 DM (13mm)","Goldman Sachs","1.75NC0.75","Refinancing","Priced","7/16/2025","8/21/2025","oct45_refi","BSL",
"False","False","OHA Credit Funding 10-R","div&lt;div&gt;divX @ 80-85 DM
br&lt;br&gt;brSr AAA @ 126 DM (448mm)
br&lt;br&gt;brJr AAA @ 150 DM (17.5mm)
br&lt;br&gt;brAA @ 160 DM
br&lt;br&gt;brA @ 175-180 DM
br&lt;br&gt;brSr BBB @ 270-275 DM (42mm)
br&lt;br&gt;brJr BBB @ 390 DM (7mm)
br&lt;br&gt;brBB @ 470-480 DM/div&lt;/div&gt;/div","X @ 90 DM
Sr AAA @ 126 DM
Jr AAA @ 150 DM
AA @ 160 DM
A @ 180 DM
Sr BBB @ 270 DM (42mm)
Jr BBB @ 390 DM (7mm)
BB @ 485 DM","Bank of America","5NC2","Re-Issue","Priced","7/16/2025","8/1/2025","oha10r_reissue","BSL",
"False","False","OCP CLO 2023-27","div&lt;div&gt;divSr AAA @ 130 DM (Preplaced)
br&lt;br&gt;brJr AAA @ 150 DM
br&lt;br&gt;brAA @ 160-165 DM
br&lt;br&gt;brA @ 180-185 DM
br&lt;br&gt;brSr BBB @ 270-285 DM
br&lt;br&gt;brJr BBB @ 400a DM
br&lt;br&gt;brBB @ 475-490 DM/div&lt;/div&gt;/div","Sr AAA @ 130 DM (384mm)
Jr AAA @ 150 DM (12mm)
AA @ 165 DM
A @ 185 DM
Sr BBB @ 275 DM (36mm)
Jr BBB @ 290 DM (6mm)
BB @ 495 DM","Bank of America","5NC2","Reset","Priced","7/15/2025","7/28/2025","ocp2023-27_reset","BSL",
"False","False","Palmer Square CLO 2021-3","X @ 95a DM
Sr AAA @ 130a DM
Jr AAA @ 155a DM
AA @ 165a DM
A @ 190-195 DM
Sr BBB @ 285-295 DM
Jr BBB @ 400-410 DM
BB @ 520-540 DM
B @ 850 DM  $97","X @ 95 DM
Sr AAA @ 129 DM (480mm)
Jr AAA @ 150 DM (32mm)
AA @ 165 DM
A @ 190 DM
Sr BBB @ 280 DM (48mm)
Jr BBB @ 405 DM (8mm)
BB @ 545 DM
B @ S+799","JPMorgan","5NC2","Reset","Priced","7/15/2025","7/31/2025","plmrs2021-3_reset","BSL",
"False","False","Voya 2015-4 CLO",,"Sr AAA @ 129 DM
Jr AAA @ 157.5 DM
AA @ 170 DM
A @ 190 DM
Sr BBB @ 275 DM
Jr BBB 1 @ 295 DM
Jr BBB 2 @ 405 DM
BB @ 510 DM","Scotia","5NC2","Reset","Priced","7/15/2025","7/15/2025","voya2025-4_newissue","BSL",
"False","False","AGL CLO 26","div&lt;div&gt;divSr AAA @ 128-129 DM
br&lt;br&gt;brJr AAA @ 155a DM
br&lt;br&gt;brAA @ 165a DM
br&lt;br&gt;brA @ 190a DM
br&lt;br&gt;brSr BBB @ 290a DM
br&lt;br&gt;brJr BBB @ 410a DM
br&lt;br&gt;brBB @ 530a DM/div&lt;/div&gt;/div","X @ 95 DM
Sr AAA @ 128 DM
Jr AAA @ 155 DM
AA @ 165 DM
A @ 190 DM
Sr BBB @ 290 DM
Jr BBB @ 410 DM
BB @ 530 DM","JPMorgan","5NC2","Reset","Priced","7/15/2025","7/25/2025","agl26_reset","BSL",
"False","False","Black Diamond CLO 2021-1",,"Sr AAA @ 125 DM
AA @ 185 DM
A @ 220 DM
BBB @ 390 DM
BB @ 750 DM","Mizuho","1.3NC1","Refinancing","Priced","7/15/2025","7/15/2025","bldiam2021-1_refi","BSL",
"False","False","Wind River 2017-3","div&lt;div&gt;divAAA @ 120 DM
br&lt;br&gt;brAA @ 160-170 DM
br&lt;br&gt;brA @ 210-220 DM
br&lt;br&gt;brBBB @ 325-350 DM/div&lt;/div&gt;/div","AAA @ 120 DM
AA @ 175 DM
A @ 220 DM
BBB @ 375 DM","Morgan Stanley",".75NC1","Refinancing","Priced","7/15/2025","7/23/2025","windr2017-3_refi2","BSL",
"False","False","North Haven Private Credit CLO 1","div&lt;div&gt;divSr AAA 153-154/div&lt;/div&gt;/div","Sr AAA @ 154 DM (232mm)
Jr AAA @ 170 DM (16mm)
AA @ 190 DM
A @ 240 DM
BBB not offered","BNP Paribas","4NC2","New Issue","Priced","7/15/2025","8/6/2025","nhpc1_newissue","PC",
"False","False","TCW CLO 2021-2","div&lt;div&gt;divAAA @ 134 DM/div&lt;/div&gt;/div","X @ 105 DM
AAA @ 134 DM
AA @ 175 DM
A @ 200 DM
Sr BBB @ 310 DM (20mm)
Jr BBB @ 420 DM (8mm)
BB @ 675 DM","Jefferies","5NC2","Reset","Priced","7/15/2025","8/1/2025","tcw2021-2_reset","BSL",
"False","False","BlueMountain CLO XXVIII",,"X @ 105 DM
Sr AAA @ 140 DM
Jr AAA @ 175 DM
AA @ 185 DM
A @ 210 DM
Sr BBB @ 350 DM
Jr BBB (fixed) @ 8.69%
BB @ 710 DM","Deutsche Bank","5NC2","Reset","Priced","7/14/2025","7/3/2025","bluem28_reset","BSL",
"False","False","Flatiron CLO 32",,"Sr AAA @ 129 DM (256mm)
Jr AAA @ 158 DM (6mm)
AA @ 167 DM
A @ 185 DM
Sr BBB @ 275 DM (24mm)
Jr BBB @ 410 DM (3mm)
BB @ 490 DM","Mizuho","5NC2","New Issue","Priced","7/14/2025","6/27/2025","flatiron32_newissue","BSL",
"False","False","OCP CLO 2016-11","div&lt;div&gt;divX @ 95 DM
br&lt;br&gt;brAAA @ 130 DM
br&lt;br&gt;brAA @ 170 DM
br&lt;br&gt;brA @ 190 DM
br&lt;br&gt;brSr BBB @ 285 DM (30mm)
br&lt;br&gt;brJr BBB @ 410 DM (5mm)
br&lt;br&gt;brBB @ 525 DM/div&lt;/div&gt;/div",,"Mizuho","5NC2","Reset","Priced","7/14/2025","6/26/2025","ocp2016-11_reset","BSL",
"False","False","Golub Capital Partners CLO 68(B)","div&lt;div&gt;divSr AAA preplaced (315mm)
br&lt;br&gt;brJr AAA @ 160 DM (5mm)
br&lt;br&gt;brAA @ 170 DM
br&lt;br&gt;brA @ 195-200 DM
br&lt;br&gt;brSr BBB @ 290-295 DM (30mm)
br&lt;br&gt;brJr BBB retained
br&lt;br&gt;brBB retained/div&lt;/div&gt;/div","Sr AAA @ 134 DM
Jr AAA @ 160 DM
AA @ 170 DM
A @ 195 DM
Sr BBB @ 290 DM
Jr BBB @ 400 DM
BB @ 500 DM","JPMorgan","5NC2","Reset","Priced","7/14/2025","7/25/2025","gcbsl68b_reset","BSL",
"False","False","Apidos CLO XXVIII","div&lt;div&gt;divSr AAA call desk
br&lt;br&gt;brJr AAA @ 155 DM
br&lt;br&gt;brAA @ 165 DM
br&lt;br&gt;brA @ 185-190 DM
br&lt;br&gt;brSr BBB @ 285-295 DM (27mm)
br&lt;br&gt;brJr BBB @ 400-415 DM (4.5mm)
br&lt;br&gt;brBB @ 500-515 DM
br&lt;br&gt;brB call desk/div&lt;/div&gt;/div","Sr AAA @ 130 DM (288mm)
Jr AAA @ 155 DM (9mm)
AA @ 165 DM
A @ 185 DM
Sr BBB @ 285 DM (27mm)
Jr BBB @ 405 DM (4.5mm)
BB @ 500 DM
B @ 775 DM","Citigroup","5NC2","Reset","Priced","7/14/2025","7/25/2025","apid28_reset","BSL",
"False","False","KKR CLO 55",,"Sr AAA @ 133 DM
Jr AAA @ 158 FM
AA @ 175 DM
A @ 195 DM
Sr BBB @ 300 DM
Jr BBB @ 415 DM
BB at 560 DM
B @ 726 DM
","BNP Paribas","5NC2","New Issue","Priced","7/14/2025","7/11/2025","kkr55_newissue","BSL",
"False","False","Benefit Street Partners CLO X",,"AAA @ 130 DM
AA @ 170 DM
A @ 185 DM
Sr BBB @ 285 DM
Jr BBB @ 410 DM
BB @ 500 DM","Citigroup","5NC2","Reset","Priced","7/14/2025","7/10/2025","bsp10_reset","BSL",
"False","False","Twin Brook CLO 2025-2",,"AAA @ 165 DM
AA @ 195 DM
A @ 270 DM
BBB @ 385 DM","Deutsche Bank","4NC2","New Issue","Priced","7/14/2025","7/10/2025","twbrk2025-2_newissue","MM",
"False","False","KKR CLO 44",,"A-LR (Sr AAA) @ 123 DM
A-2R (JR AAA) @ 150 DM
B-R (AA) @ 170 DM
C-R (A) @ 200 DM
D-1R (Sr BBB) @ 315 DM
D-2R (Jr BBB) @ 451 DM
E-R (BB) @ 725 DM","Bank of America","5NC2","Reset","Priced","7/14/2025","12/8/2025","kkr44_reset","BSL",
"False","False","ABPCI Direct Lending Fund CLO XXI","A (AAA) @ 100 DM B (AA) @ 200 DM C (A) @ 300 DM D (BBB) @ 400 DM E (BB) @ 500 DM","Sr AAA @ 153 DM
Jr AAA @ 170 DM
AA @ 190 DM
A @ 240 DM
BBB @ 350 DM
B @ 700 DM","Scotia","4NC2","New Issue","Priced","7/14/2025","7/7/2025","Title","MM",
"False","False","Symphony CLO 34",,"X @ 105 DM
AAA @ 133 DM
AA @ 175 DM
A @ 200 DM
Sr BBB @ 295 DM
Jr BBB @ 455 DM
BB @ 600 DM","Scotia","5NC2","Reset","Priced","7/14/2025","6/27/2025","symp34_reset","BSL",
"False","False","Trinitas CLO XXXII",,"Sr AAA @ 133 DM
Jr AAA @ 158 DM
AA @ 175 DM
A @ 200 DM
Sr BBB @ 310 DM
Jr BBB @ 425 DM
BB @ 580 DM
","CIBC","5NC2","New Issue","Priced","7/14/2025","7/14/2025","trnts32_newissue","BSL",
"False","True","Neuberger Berman Loan Advisers CLO 40","div&lt;div&gt;divAAA @ 117-120 DM
br&lt;br&gt;brAA @ 160-165 DM
br&lt;br&gt;brA @ 175-185 DM
br&lt;br&gt;brBBB TBD
br&lt;br&gt;brBB TBD/div&lt;/div&gt;/div","X @ 100 DM
AAA @ 123 DM
AA @ 165 DM
A @ 190 DM
BBB @ 280 DM
BB @ 515 DM","Santander","3NC1","Reset","Priced","7/14/2025","8/4/2025","nb40_reset","BSL",
"False","False","Anchorage Capital CLO 6","div&lt;div&gt;divX @ 100 DM
br&lt;br&gt;brAAA @ 137 DM
br&lt;br&gt;brAA @ 170-175 DM
br&lt;br&gt;brA @ 195-200 DM
br&lt;br&gt;brBBB @ 300-310 DM
br&lt;br&gt;brBB @ 600 DM
br&lt;br&gt;brB retained/div&lt;/div&gt;/div","X @ 110 DM
AAA @ 137 DM
AA @ 180 DM
A @ 195 DM
BBB @ 305 DM
BB @ 615 DM 
B retained","Mitsubishi","5NC2","Reset","Priced","7/14/2025","7/29/2025","anchc6_reset","BSL",
"False","False","CIFC Funding 2025-V","div&lt;div&gt;divSr AAA preplaced
br&lt;br&gt;brJr AAA @ 150 DM
br&lt;br&gt;brAA @ 160-165 DM
br&lt;br&gt;brA @ 175-180 DM
br&lt;br&gt;brSr BBB @ 270-275 DM (30mm)
br&lt;br&gt;brJr BBB @ 385-395 DM (5mm)
br&lt;br&gt;brBB @ 475-490 DM/div&lt;/div&gt;/div","Sr AAA @ 129 DM
Jr AAA @ 150 DM
AA @ 165 DM
A @ 185 DM
Sr BBB @ 275 DM
Jr BBB @ 400 DM
BB @ 490 DM","Bank of America","5NC2","New Issue","Priced","7/14/2025","7/30/2025","cifc2025-5_newissue","BSL",
"False","False","KKR CLO 45a","div&lt;div&gt;divX @ 100 DM
br&lt;br&gt;brSr AAA @ 133-134 DM (256mm)
br&lt;br&gt;brJr AAA @ 160 DM (8mm)
br&lt;br&gt;brAA @ 175 DM
br&lt;br&gt;brA @ 200 DM
br&lt;br&gt;brSr BBB @ 315 DM (24mm)
br&lt;br&gt;brJr BBB @ 440 DM (4mm)
br&lt;br&gt;brBB @ 635 DM
br&lt;br&gt;brB call desk/div&lt;/div&gt;/div","X @ 100 DM
Sr AAA @ 132 DM
Jr AAA @ 163 DM
AA @ 175 DM
A @ 200 DM
Sr BBB @ 320 DM
Jr BBB @ 440 DM
BB @ 640 DM
B @ 825 DM","Societe Generale","5NC2","New Issue","Priced","7/14/2025","7/30/2025","kkr45a_reset","BSL",
"False","False","Deerpath Capital CLO 2021-2","div&lt;div&gt;divSr AAA @ 155 DM (246.5mm)
br&lt;br&gt;brJr AAA @ 175 DM (12.75mm)
br&lt;br&gt;brAA @ 190 DM
br&lt;br&gt;brA @ 250-255 DM
br&lt;br&gt;brBBB @ 360-370 DM/div&lt;/div&gt;/div","Sr AAA @ 155 DM
Jr AAA @ 175 DM
AA @ 190 DM
A @ 250 DM
BBB @ 360 DM","GreensLedge","4NC2","Reset","Priced","7/14/2025","7/28/2025","dpath2021-2_reset","MM",
"False","False","Bain Capital Credit CLO 2020-1","div&lt;div&gt;divSr AAA @ 97 DM
br&lt;br&gt;brJr AAA not refinanced
br&lt;br&gt;brAA @ 145-150 DM
br&lt;br&gt;brA @ 175-180 DM
br&lt;br&gt;brBBB @ 300-310 DM
br&lt;br&gt;brBB @ 600-625 DM/div&lt;/div&gt;/div","Sr AAA @ 99 DM
AA @ 150 DM
A @ 180 DM
A (fixed) @ 5.374% (+180 bps)
BBB @ 300 DM
BB @ 625 DM","Jefferies","0NC0.75","Refinancing","Priced","7/14/2025","7/25/2025","bcc2020-1_refi","BSL",
"False","False","Park Blue CLO 2025-IX","div&lt;div&gt;divSr AAA @ 135 DM
br&lt;br&gt;brJr AAA @ 155 DM
br&lt;br&gt;brAA @ 170-175 DM
br&lt;br&gt;brA @ 190-200 DM
br&lt;br&gt;brSr BBB @ 295-305 DM
br&lt;br&gt;brJr BBB @ 420-430
br&lt;br&gt;brBB @ 550-575
br&lt;br&gt;brB Call Desk/div&lt;/div&gt;/div",,"Santander","5NC2","New Issue","Announced","7/11/2025",,"pkbl2025-9_newissue","BSL",
"False","False","Eaton Vance CLO 2013-1","div&lt;div&gt;divX @ 95a DM
br&lt;br&gt;brAAA @ 134-136 DM
br&lt;br&gt;brAA @ 170-175 DM
br&lt;br&gt;brA @ 185-195 DM
br&lt;br&gt;brSr BBB @ 300-310 DM
br&lt;br&gt;brJr BBB @ 405-415 DM
br&lt;br&gt;brBB @ 550-575 DM/div&lt;/div&gt;/div","X @ 95 DM
AAA @ 134 DM
AA @ 175 DM
Sr A @ 185 DM (12mm)
Jr A @ 218 DM (10mm)
Sr BBB @ 300 DM (22mm)
Jr BBB @ 415 DM (5mm)
BB @ 585 DM","JPMorgan","5NC2","Reset","Priced","7/11/2025","7/24/2025","msev2013-1_reset","BSL",
"False","False","Park Blue CLO 2025-IX","div&lt;div&gt;divSr AAA @ 135 DM (263.5mm)
br&lt;br&gt;brJr AAA @ 155 DM (14.875mm)
br&lt;br&gt;brAA @ 170-175 DM
br&lt;br&gt;brA @ 190-200 DM
br&lt;br&gt;brSr BBB @ 295-305 DM (25.5mm)
br&lt;br&gt;brJr BBB @ 420-430 DM (3.25mm)
br&lt;br&gt;brBB @ 550-575 DM
br&lt;br&gt;brB @ call desk/div&lt;/div&gt;/div","Sr AAA @ 135 DM
Jr AAA @ 157 DM
AA @ 175 DM
A @ 200 DM
Sr BBB @ 300 DM
Jr BBB @ 445 DM
BB @ 565 DM
B @ 831 DM","Santander","5NC2","New Issue","Priced","7/11/2025","7/24/2025","pkblu9_newissue","BSL",
"False","False","Madison Park Funding LXX","div&lt;div&gt;divSr AAA @ 129a DM
br&lt;br&gt;brJr AAA @ 155a DM
br&lt;br&gt;brAA @ 165a DM
br&lt;br&gt;brA @ 180-185 DM
br&lt;br&gt;brBBB Preplaced
br&lt;br&gt;brBB Preplaced
br&lt;br&gt;brB @ 800a DM/div&lt;/div&gt;/div","Sr AAA @ 130 DM (315mm)
Jr AAA @ 165 DM (12.5mm)
AA @ 175 DM
A @ 195 DM
BBB @ 280 DM
BB @ 500 DM
B @ 800 DM","Wells Fargo","5NC2","New Issue","Priced","7/10/2025","8/4/2025","mdpk70_newisseu","BSL",
"False","False","Canyon CLO 2025-2","div&lt;div&gt;divSr AAA @ 133 DM
br&lt;br&gt;brJr AAA @ 155-160 DM
br&lt;br&gt;brAA @ 175 DM
br&lt;br&gt;brA @ 190 DM
br&lt;br&gt;brSr BBB @ 280-290 DM
br&lt;br&gt;brJr BBB @ 400-415 DM
br&lt;br&gt;brBB @ 525-540 DM
br&lt;br&gt;brB Call Desk/div&lt;/div&gt;/div","Sr AAA @ 133 DM (310mm)
Jr AAA @ 158 DM (20mm)
AA @ 175 DM
A @ 190 DM
Sr BBB @ 285 DM (30mm)
Jr BBB @ 415 DM (3.75mm)
BB @ 525 DM
B retained","Bank of America","5NC2","New Issue","Priced","7/10/2025","7/28/2025","canyc2025-2_newissue","BSL",
"False","False","Battalion CLO IX","div&lt;div&gt;divAAA @ 95a DM
br&lt;br&gt;brAA @ 150a DM
br&lt;br&gt;brA @ 190a DM
br&lt;br&gt;brBBB @ 325a DM/div&lt;/div&gt;/div","AAA @ 96 DM
AA @ 160 DM
A @ 195 DM
BBB @ 330 DM","Morgan Stanley","0NC6M","Refinancing","Priced","7/10/2025","7/17/2025","batln9_refi","BSL",
"False","False","Ballyrock CLO 30","div&lt;div&gt;divSr AAA Preplaced
br&lt;br&gt;brJr AAA @ 150a DM
br&lt;br&gt;brAA @ 160-165 DM
br&lt;br&gt;brA @ 180-185 DM
br&lt;br&gt;brSr BBB @ 280-285 DM
br&lt;br&gt;brJr BBB @ 400-410
br&lt;br&gt;brBB @ 490 DM (preplaced)/div&lt;/div&gt;/div","Sr AAA @ 130 DM
Jr AAA @ 150 DM
AA @ 165 DM
A @ 185 DM
Sr BBB @ 285 DM
Jr BBB @ 405 DM
BB @ 490 DM","Citigroup","5NC2","New Issue","Priced","7/10/2025","7/24/2025","bally30_newissue","BSL",
"False","False","Wellfleet CLO 2021-3","div&lt;div&gt;divAAA @ 120 DM
br&lt;br&gt;brAA @ 165-170 DM
br&lt;br&gt;brA @ 200a DM
br&lt;br&gt;brBBB Call Desk/div&lt;/div&gt;/div","AAA @ 120 DM
AA @ 175 DM
A @ 220 DM
BBB @ 350 DM
BB not refinanced","CIBC","1.5NC0.75","Refinancing","Priced","7/10/2025","7/18/2025","welf2021-3_refi","BSL",
"False","False","Beckett Park CLO","AAA @ 130-131 DM
AA @ 190-200 DM
A @ 220-230 DM
BBB @ L300 DM
BB @ M500 DM
B @ M80098h","AAA @ 130 DM
AA @ 190 DM
A @ 220 DM
BBB @300 DM
BB @ 540 DM
B @ 830 DM","JPMorgan","4.5NC1.5","New Issue","Priced","7/10/2025","7/23/2025","beckpk_newissue","BSL",
"False","False","Bain Capital Credit CLO 2020-5","div&lt;div&gt;divAAA @ 108-109 DM/div&lt;/div&gt;/div","AAA @ 115 DM
AA @ 145 DM
A @ 175 DM
BBB @ 290 DM
BB @ 600 DM","Jefferies","0.75NC0.75","Refinancing","Priced","7/10/2025","8/4/2025","bcc2020-5_refi","BSL",
"False","True","Bryant Park Funding 2025-27",,"Sr AAA @ 133 DM
Jr AAA @ 155 DM
AA @ 170 DM
A @ 190 DM
Sr BBB @ 280 DM
Jr BBB 1 @ 300 DM
Jr BBB 2 @ 430 DM
BB @ 545 DM","Citigroup","5NC2","New Issue","Priced","7/10/2025","7/16/2025","brypk2025-27_newissue","BSL",
"False","False","Southwick Park CLO","Sr AAA @ 105 DM (306.03mm)
Jr AAA @ 135 DM (10mm)
AA @ 145-150 DM
AA (fixed) not refi&amp;amp;amp;#39;d
A @ 165-175 DM
BBB @ 280-290 DM
BB @ 600 DM","Sr AAA @ 100 DM
Jr AAA @ 130 DM
Sr AA @ 140 DM
A @ 155 DM
BBB @ 270 DM
BB @ 625 DM","Barclays","0NC0.5","Refinancing","Priced","7/9/2025","7/15/2025","sthwk_refi","BSL",
"False","False","Rockland Park CLO","div&lt;div&gt;divSr AAA @ 130 DM (320mm)
br&lt;br&gt;brJr AAA @ 155 DM (10mm)
br&lt;br&gt;brAA @ 165 DM
br&lt;br&gt;brA @ 185 DM
br&lt;br&gt;brSr BBB @ 290 DM (30mm)
br&lt;br&gt;brJr BBB @ 415 DM (2.5mm)
br&lt;br&gt;brBB @ 575 DM
br&lt;br&gt;brB @ 750 DM/div&lt;/div&gt;/div","Sr AAA @ 130 DM (320mm)
Jr AAA @ 155 DM (10mm)
AA @ 165 DM (50mm)
A @ 185 DM (30mm)
Sr BBB @ 290 DM (30mm)
Jr BBB @ 420 DM (2.5mm)
BB @ 570 DM","Citigroup","5NC2","Reset","Priced","7/9/2025","7/25/2025","rockp_reset","BSL",
"False","False","LCM 33","div&lt;div&gt;divAAA @ 116-118 DM
br&lt;br&gt;brAA @ 165-170 DM/div&lt;/div&gt;/div","AAA @ 118 DM
AA @ 180 DM","BMO","1NC0.75","Refinancing","Priced","7/9/2025","7/22/2025","lcm33_refi","BSL",
"False","False","Apex Credit CLO 2021","div&lt;div&gt;divAAA @ 122 DM
br&lt;br&gt;brAA @ 165-170 DM
br&lt;br&gt;brA @ 185-195 DM/div&lt;/div&gt;/div","AAA @ 122 DM
AA @ 185 DM
A @ 225 DM","SMBC","1NC0.5","Refinancing","Priced","7/9/2025","7/24/2025","apexc2021-1_refi","BSL",
"False","False","TCI-Flatiron CLO 2018-1","div&lt;div&gt;divAAA @ 95 DM
br&lt;br&gt;brAA @ 140 DM
br&lt;br&gt;brA @ 170 DM
br&lt;br&gt;brBBB @ 250 DM
br&lt;br&gt;brBB @ 450 DM/div&lt;/div&gt;/div","AAA @ 95 DM
AA @ 140 DM
A @ 175 DM
BBB @ 275 DM
BB @ 515 DM","Santander","0NC0.5","Refinancing","Priced","7/9/2025","7/17/2025","tflat_2018-1_refi","BSL",
"False","False","BCC Middle Market CLO 2023-1","div&lt;div&gt;divSr AAA @ 153 DM (188.5mm)
br&lt;br&gt;brJr AAA @ 170 DM (13mm)
br&lt;br&gt;brAA @ 190 DM (24.375mm)/div&lt;/div&gt;/div","Sr AAA @ 158 DM
Jr AAA @ 180 DM
AA @ 190 DM
A @ 225 DM
BBB @ 325 DM
BB @ 650 DM","Wells Fargo","4NC2","Reset","Priced","7/8/2025","7/30/2025","bcc2023-1_reset","MM",
"False","False","Generate CLO 12","div&lt;div&gt;divSr AAA @ 133 DM/div&lt;/div&gt;/div","X @ 105 DM
AAA @ 133 DM
AA @ 175 DM
A @ 200 DM
Sr BBB @ 305 DM
BB @ 640 DM","Goldman Sachs","5NC2","Reset","Priced","7/8/2025","7/30/2025","gnrt12_reset","BSL",
"False","False","BBAM US CLO V","div&lt;div&gt;divSr AAA @ 136 DM (248mm)
br&lt;br&gt;brJr AAA @ 155-160 DM (8mm)
br&lt;br&gt;brAA @ 170-175 DM
br&lt;br&gt;brAA (fixed) @ +170 bps
br&lt;br&gt;brA @ 190-200 DM
br&lt;br&gt;brBBB @ 300-310 DM
br&lt;br&gt;brBB @ 535-550 DM/div&lt;/div&gt;/div","Sr AAA @ 136 DM
Jr AAA @ 170 DM
AA @ 180 DM
A @ 205 DM
Sr BBB @ 300 DM
Jr BBB @ 435 Dm
BB @ 550 DM","Nomura","5NC2","New Issue","Priced","7/8/2025","7/22/2025","bbam5_newissue","BSL",
"False","False","Bain Capital Credit CLO 2023-2","div&lt;div&gt;divAAA @ 130-132 DM/div&lt;/div&gt;/div","X @ 110 DM
Sr AAA @ 132 DM
Jr AAA @ 155 DM
AA @ 170 DM
A @ 190 DM
Sr BBB @ 285 DM
Jr BBB @ 405 DM
BB @ 525 DM","Mizuho","5NC2","Reset","Priced","7/8/2025","7/23/2025","bcc2023-2_reset","BSL",
"False","False","MCF CLO VII","div&lt;div&gt;divX @ 120 DM
br&lt;br&gt;brAAA @ 153-154 DM
br&lt;br&gt;brAA @ 185-190 DM
br&lt;br&gt;brA @ 235-240 DM
br&lt;br&gt;brBBB @ 340-345 DM
br&lt;br&gt;brBB @ 700 DM/div&lt;/div&gt;/div","AAA @ 153 DM
AA @ 190 DM
A @ 240 DM
A (fixed) @ 6.147%
Sr BBB @ 345 DM (18mm)
Jr BBB @ 545 DM (6mm)
BB @ 700 DM","Scotia","4NC2","Reset","Priced","7/8/2025","7/18/2025","mcf7_reset","MM",
"False","False","Magnetite XLVIII","div&lt;div&gt;divSr AAA @ 127-128 DM (320mm)
br&lt;br&gt;brJr AAA @ 145-150 DM (6mm)
br&lt;br&gt;brAA @ 155-160 DM
br&lt;br&gt;brA @ 175-180 DM
br&lt;br&gt;brBBB @ 265-270 DM
br&lt;br&gt;brBB @ 475-485 DM
br&lt;br&gt;brB call desk/div&lt;/div&gt;/div","Sr AAA @ 128 DM
Jr AAA @ 150 DM
AA @ 160 DM
A @ 180 DM
BBB @ 270 DM
BB @ 485 DM","Nomura","5NC2","New Issue","Priced","7/8/2025","7/17/2025","magne48_newissue","BSL",
"False","True","Ares LXIII CLO","div&lt;div&gt;divX @ 105 DM
br&lt;br&gt;brSr AAA @ 131 DM (320mm)
br&lt;br&gt;brJr AAA @ 160 DM (10mm)
br&lt;br&gt;brAA @ 170 DM
br&lt;br&gt;brA @ 190 DM
br&lt;br&gt;brSr BBB @ 295 DM (30mm)
br&lt;br&gt;brJr BBB @ 415 DM (5mm)
br&lt;br&gt;brBB @ 585-600 DM/div&lt;/div&gt;/div","X @ 105 DM
Sr AAA @ 131 DM
Jr AAA @ 160 DM
AA @ 170 DM
A @ 195 DM
Sr BBB @ 300 DM
Jr BBB @ 435 DM
BB @ 600 DM","Societe Generale","5NC2","Reset","Priced","7/8/2025","7/21/2025","ares63_reset","BSL",
"False","False","Symphony CLO XXXII","div&lt;div&gt;divX @ 100 DM
br&lt;br&gt;brAAA @ 115 DM
br&lt;br&gt;brAA @ 160 DM
br&lt;br&gt;brA @ 180 DM
br&lt;br&gt;brBBB @ 300 DM
br&lt;br&gt;brBB @ 575-600 DM/div&lt;/div&gt;/div","X @ 100 DM
AAA @ 115 DM
AA @ 165 DM
A @ 190 DM
Sr BBB @ 300 DM
Jr BBB @ 440 Dm
BB @ 580 DM","Santander","2NC1","Reset","Priced","7/8/2025","7/17/2025","symp32_reset","BSL",
"False","False","Symphony CLO XXIX","div&lt;div&gt;divX @ 100 DM
br&lt;br&gt;brAAA @ 115 DM
br&lt;br&gt;brAA @ 160 DM
br&lt;br&gt;brA @ 180 DM
br&lt;br&gt;brBBB @ 300 DM
br&lt;br&gt;brBB @ 575-600 DM/div&lt;/div&gt;/div","X @ 100 DM
AAA @ 115 DM
AA @ 165 DM
A @ 190 DM
Sr BBB @ 300 DM
Jr BBB @ 440 DM
BB @ 580 DM","Santander","2NC1","Reset","Priced","7/8/2025","7/17/2025","symp29_reset","BSL",
"False","False","Carlyle US CLO 2021-9","div&lt;div&gt;divAAA @ 111 DM
br&lt;br&gt;brAA @ 150 DM
br&lt;br&gt;brA @ 175 DM
br&lt;br&gt;brBBB @ 290 DM
br&lt;br&gt;brBB @ 550 DM/div&lt;/div&gt;/div","AAA @ 111 DM
AA @ 160 DM
A @ 180 DM
BBB @ 305 DM
BB @ 640 DM","Citigroup","1NC1","Refinancing","Priced","7/8/2025","7/18/2025","cgms2021-9_refi","BSL",
"False","True","Garnet CLO 2","div&lt;div&gt;divAAA @ 135a DM
br&lt;br&gt;brAA @ 175a DM
br&lt;br&gt;brA @ 195-200 DM
br&lt;br&gt;brSr BBB @ 300-310 DM
br&lt;br&gt;brJr BBB @ 420-430 DM
br&lt;br&gt;brBB @ 550-565 DM/div&lt;/div&gt;/div","AAA @ 135 DM
AA @ 175 DM
A @ 200 DM
Sr BBB @ 310
Jr BBB @ 415 DM
BB @ 525 DM
","JPMorgan","5NC2","New Issue","Priced","7/7/2025","7/23/2025","garnet2_newissue","BSL",
"False","False","Brant Point CLO 2023-1","div&lt;div&gt;divSr AAA @ 138 DM (252mm)
br&lt;br&gt;brJr AAA @ 165-170 DM (12mm)
br&lt;br&gt;brAA @ 175-180 DM
br&lt;br&gt;brA @ 205-210 DM
br&lt;br&gt;brSr BBB @ 325-340 DM (24mm)
br&lt;br&gt;brJr BBB @ 460-475 DM (4mm)
br&lt;br&gt;brBB @ 660-675 DM
br&lt;br&gt;br/div&lt;/div&gt;/div","Sr AAA @ 138 DM
Jr AAA @ 170 DM
AA @ 175 DM
A @ 210 DM
Sr BBB @ 350 DM
Jr BBB @ 465 DM
BB @ 710 DM","BNP Paribas","5NC2","Reset","Priced","7/7/2025","7/17/2025","brtpt2023-1_reset","BSL",
"False","False","PennantPark CLO VII","div&lt;div&gt;divAA @ 180-185 DM
br&lt;br&gt;brA @ 220-230 DM
br&lt;br&gt;brBBB @ 325-335 DM/div&lt;/div&gt;/div","AA @ 195 DM
A @ 230 DM
BBB @ 335 DM","BNP Paribas","2NC1","Refinancing","Priced","7/7/2025","7/16/2025","pntpk7_refi","MM",
"False","False","Golub Capital Partners CLO 67(M)","div&lt;div&gt;divAAA @ 155 DM
br&lt;br&gt;brAA @ 175 DM
br&lt;br&gt;brA @ 220 DM
br&lt;br&gt;brBBB @ 320 DM/div&lt;/div&gt;/div","AAA @ 160 DM
AA @ 180 DM
A @ 220 DM
BBB @ 320 DM","Societe Generale","1.75NC0.75","Refinancing","Priced","7/7/2025","7/16/2025","gocap67m_refi","MM",
"False","False","Octagon Investment Partners 44","div&lt;div&gt;divAAA @ 115 DM
br&lt;br&gt;brAA @ 170 DM
br&lt;br&gt;brA @ 190 DM/div&lt;/div&gt;/div","AAA @ 115 DM
AA @ 170 DM
A @ 190 DM","Societe Generale","1NC0.5","Refinancing","Priced","7/7/2025","7/14/2025","oct44_refi","BSL",
"False","False","Fortress Credit Opportunities XXXVII CLO","div&lt;div&gt;divAAA preplaced
br&lt;br&gt;brAA @ 260 DM
br&lt;br&gt;brA @ 350 DM/div&lt;/div&gt;/div","AA @ 153 DM
A @ 260 DM
BBB@ 350 DM","Goldman Sachs","0NC1","New Issue","Priced","7/7/2025","7/21/2025","fco37_newissue","MM",
"False","False","HPS Loan Management 2025-26","div&lt;div&gt;divSr AAA preplaced
br&lt;br&gt;brJr AAA preplaced
br&lt;br&gt;brAA preplaced
br&lt;br&gt;brA @ 180-185 DM
br&lt;br&gt;brSr BBB @ 280-290 DM (24mm)
br&lt;br&gt;brJr BBB @ 400 DM (4mm)
br&lt;br&gt;brBB @ 500-515 DM/div&lt;/div&gt;/div","Sr AAA @ 132 DM (248mm)
Jr AAA @ 160 DM (10mm)
AA @ 172 DM
A @ 190 DM
Sr BBB @ 285 DM (24mm)
Jr BBB @ 410 DM (4mm)
BB @ 535 DM","Bank of America","5NC2","New Issue","Priced","7/7/2025","7/18/2025","hps26_newissue","BSL",
"False","False","Carlyle US CLO 2021-5","div&lt;div&gt;divX @ 105 DM
br&lt;br&gt;brSr AAA @ call desk
br&lt;br&gt;brJr AAA @ 155-160 DM
br&lt;br&gt;brAA @ 175 DM
br&lt;br&gt;brA @ 185-195 DM
br&lt;br&gt;brBBB @ 285-295 DM
br&lt;br&gt;brBB @ 575 DM/div&lt;/div&gt;/div","X @ 105 DM
Sr AAA @ 132 DM (300mm)
Jr AAA @ 160 DM (26.25mm)
AA @ 175 DM
A @ 195 DM
Sr BBB @ 295 DM (27.5mm)
Jr BBB @ 405 DM (5mm)
BB @ 590 DM","Goldman Sachs","5NC2","Reset","Priced","7/3/2025","7/18/2025","cgms2021-5_reset","BSL",
"False","False","Higley Park CLO",,"Sr AAA @ 128 DM
Jr AAA @ 152 DM
AA @ 165 DM
A @ 180 DM
Sr BBB @ 275 DM
Jr BBB @ 400 DM
BB @ 490 DM
B @ 711 DM","BNP Paribas","5NC2","New Issue","Priced","7/3/2025","7/10/2025","higpk_newissue","BSL",
"False","False","Sycamore Tree CLO 2025-7","div&lt;div&gt;divSr AAA @ 136 DM
br&lt;br&gt;brJr AAA @ 160 DM
br&lt;br&gt;brAA @ 165-175
br&lt;br&gt;brA @ 185-195 DM
br&lt;br&gt;brSr BBB @ 290-300 DM
br&lt;br&gt;brJr BBB @ 410-420 DM
br&lt;br&gt;brBB @ 525-550 DM/div&lt;/div&gt;/div","Sr AAA @ 136 DM (305mm)
Jr AAA @ 160 DM (15mm)
AA @ 175 DM
A @ 200 DM
Sr BBB @ 300 DM (30mm)
Jr BBB @ 420 DM (5mm)
BB @ 550 DM","JPMorgan","5NC2","New Issue","Priced","7/3/2025","7/18/2025","syctree2025-7_newissue","BSL",
"False","False","Invesco US CLO 2025-2","div&lt;div&gt;divSr AAA @ 130 DM
br&lt;br&gt;brJr AAA @ 150 DM
br&lt;br&gt;brAA @ 160-165 DM
br&lt;br&gt;brA @ 180-185 DM
br&lt;br&gt;brBBB @ 275-285 DM
br&lt;br&gt;brBB @ 485-500 DM/div&lt;/div&gt;/div","AAA @ 131 DM
AA @ 170 DM
A @ 190 DM
BBB @ 300 DM
BB @ 500 DM","Natixis","5NC2","New Issue","Priced","7/3/2025","7/17/2025","invco2025-2_newissue","BSL",
"False","False","Benefit Street Partners CLO XXII",,"AAA @ 115 DM
AA @ 155 DM
A @ 175 DM
BBB @ 275 DM
BB @ 490 DM","Citigroup","2NC1","Refinancing","Priced","7/2/2025","7/11/2025","bsp22_refi","BSL",
"False","False","Pikes Peak CLO 9","div&lt;div&gt;divX @ 95a
br&lt;br&gt;brSr AAA @ 136 DM
br&lt;br&gt;brJr AAA @ 160-165 DM
br&lt;br&gt;brAA @ 170-175 DM
br&lt;br&gt;brA @ 185-195 DM
br&lt;br&gt;brBBB @ 300-310 DM
br&lt;br&gt;brBB @ 550-565 DM/div&lt;/div&gt;/div","X @ 95 DM
Sr AAA @ 136 DM
Jr AAA @ 165 Dm
AA @ 170 DM
Sr A @ 185 DM
Jr A @ 210 DM
Sr BBB @ 315 DM
Jr BBB @ 420 DM
BB @ 600 DM","JPMorgan","5NC2","Reset","Priced","7/2/2025","7/23/2025","pipk9_reset","BSL",
"False","False","Barings CLO 2021-III",,"AAA @ 113 DM
AA @ 163 DM
A @ 190 DM","Morgan Stanley","1.5NC1","Refinancing","Priced","7/2/2025","7/2/2025","babsn2021-3_refi","BSL",
"False","False","Arini US CLO II",,"AAA @ 140 DM
AA @ 185 DM
A @ 210 DM
BBB @ 325 DM
BB @ 565 DM","Morgan Stanley","5NC2","New Issue","Priced","7/2/2025","7/16/2025","arini2_newissue","BSL",
"False","False","Neuberger Berman Loan Advisers CLO 34",,"X @ 97 DM
Sr AAA @ 130 DM
Jr AAA @ 160 DM
AA @ 165 DM
A @ 185 DM
SR BBB @ 285 DM
Jr BBB @ 410 Dm
BB @ 500 DM","BNP Paribas","5NC2","Reset","Priced","7/1/2025","7/17/2025","neub34_reset","BSL",
"False","False","CIFC Funding 2025-IV",,"Sr AAA @ 129 DM
Jr AAA @ 150 DM
AA @ 170 DM
A @ 185 DM
Sr BBB @ 270 DM
BBB 2 @ 290 DM
BBB 3 @ 275 DM
BBB 4 @ 410 DM
BB @ 495 DM 
","RBC","5NC2","New Issue","Priced","6/30/2025","7/14/2025","cifc2025-IV_newissue","BSL",
"False","True","RAD CLO 12",,"Sr AAA @ 132 DM
Jr AAA @ 155 DM
AA @ 175 DM
A @ 200 DM
Sr BBB @ 305 DM
Jr BBB @ 465 DM
BB @ 665 DM","CIBC","5NC2","Reset","Priced","6/30/2025","7/10/2025","rad12_reset","BSL",
"False","False","RIN I",,"Sr AAA @ 145 DM
Jr AAA @ 170 D
AA @ 180 DM
A @ 210 DM
BBB @ 315 DM
BB @ 640 DM","Mizuho","5NC2","Reset","Priced","6/30/2025","6/30/2025","rin1_reset","Infra",
"False","False","KKR CLO 55","div&lt;div&gt;divSr AAA @ 133 DM (256mm)
br&lt;br&gt;brJr AAA @ 155-160 DM (8mm)
br&lt;br&gt;brAA @ 175 DM
br&lt;br&gt;brA @ 190-200 DM
br&lt;br&gt;brSr BBB @ 295-305 DM (24mm)
br&lt;br&gt;brJr BBB @ 415 DM (4mm)
br&lt;br&gt;brBB @ 560-575 DM
br&lt;br&gt;brB @ 775 DM ($97)/div&lt;/div&gt;/div",,"BNP Paribas","5NC2","New Issue","Announced","6/27/2025",,"kkr55_newissue","BSL",
"False","False","MidOcean Credit CLO XII",,"Sr AAA @ 134 DM
Jr AAA @ 160 DM
AA @ 175 DM
A @ 200 DM
BBB @ 310 DM
BB @ 650 DM","Jefferies","5NC2","Reset","Priced","6/26/2025","7/11/2025","mido12_reset","BSL",
"False","False","BXDL Static CLO 2025-1",,"AAA @ 130 DM
Jr AAA @ 150 DM
AA @ 175 DM
A @ 220 DM
BBB Retained","Bank of America","0NC1","New Issue","Priced","6/25/2025","7/14/2025","bxdl-static-pc-2025-1_newissue","PC",
"False","False","Shackleton 2019-XIV","div&lt;div&gt;divAAA @ 120 DM
br&lt;br&gt;brAA @ 165 DM
br&lt;br&gt;brA @ 195 DM
br&lt;br&gt;brBBB @ 310 DM
br&lt;br&gt;brBB @ 625 DM/div&lt;/div&gt;/div","AAA @ 120 DM
AA @ 155 DM
A @ 190 DM
BBB @ 300 DM
BB @ 590 DM","Morgan Stanley","1NC1","Refinancing","Priced","6/24/2025","7/1/2025","shac2019-14_refi","BSL",
"False","False","Venture 45 CLO","div&lt;div&gt;divX @ 100 DM
br&lt;br&gt;brSr AAA @ 120 DM/div&lt;/div&gt;/div","XR @ 105 DM
A1R (Sr AAA) @ 127 DM (300mm)
A2R (Jr AAA) @ 155 DM (20mm)
A2FR (Jr AAA; fixed) @ 4.937% (+150)
BR (AA) @ 190 DM
CR (A) @ 210 DM","Jefferies","2NC1","Refinancing","Priced","6/24/2025","8/14/2025","ventr45_refi","BSL",
"False","False","Davis Park CLO","div&lt;div&gt;divSr AAA call desk
br&lt;br&gt;brJr AAA @ 155-160 DM
br&lt;br&gt;brAA @ 165 DM
br&lt;br&gt;brA @ 185-195 DM
br&lt;br&gt;brSr BBB @ 285-295 DM (30mm)
br&lt;br&gt;brJr BBB @ 435-450 DM (5mm)
br&lt;br&gt;brBB @ 600 DM
br&lt;br&gt;brB call desk/div&lt;/div&gt;/div","Sr AAA @ 133 DM
Jr AAA @ 160 DM
AA @ 170 DM
A @ 195 DM
Sr BBB @ 310 DM
Jr BBB @ 435 DM
BB @ 600 DM
B @ 774 DM","Bank of America","5NC2","Reset","Priced","6/24/2025","7/2/2025","davis2022-1_reset","BSL",
"False","False","Ivy Hill Middle Market Credit Fund IX-R","div&lt;div&gt;divSr AAA @ 150 DM/div&lt;/div&gt;/div","Sr AAA @ 152 DM
Jr AAA @ 170 DM
AA @ 185 DM
A @ 235 DM
Sr BBB @ 330 DM
Jr BBB @ 510 DM
BB @ 650 DM","JPMorgan","4NC2","Reset","Priced","6/24/2025","7/24/2025","ivyh9_reset","MM",
"False","False","Oaktree CLO 2022-1",,"Sr AAA @ 137 DM (283.5mm)
Jr AAA @ 160 DM (13.5mm)
AA @ 170 DM
A @ 195 DM
BBB @ 310 DM
BB @ 600 DM","Mizuho","5NC2","Reset","Priced","6/23/2025","6/23/2025","oakcl2022-1_reset","BSL",
"False","False","Benefit Street Partners CLO XXIII","div&lt;div&gt;divSr AAA @ 110 DM (347mm)
br&lt;br&gt;brAA @ 155 DM
br&lt;br&gt;brA @ 180 DM
br&lt;br&gt;brBBB @ 290-300 DM
br&lt;br&gt;brBB @ 550 DM/div&lt;/div&gt;/div","Sr AAA 110 DM
AA @ 155 Dm
A @ 180 DM
BBB @ 290 DM
BB @ 525 DM","Citigroup","0.75NC0.75","Refinancing","Priced","6/23/2025","7/1/2025","bsp23_refi","BSL",
"False","False","GoldenTree Loan Management US CLO 26","X @ 90 DM
Sr AAA preplaced
Jr AAA @ 145 DM
AA @ 155-160 DM
A @ 175-180 DM
Sr BBB @ 270 DM (30mm)
Jr BBB @ 390-400 DM (5mm)
BB @ 475-485 DM
B @ 725 DM","X @ 100 DM
Sr AAA @ 128 DM (307.5mm)
Jr AAA @ 155 DM (22.5mm)
AA @ 165 DM
A @ 180 DM
Sr BBB @ 275 DM (30mm)
Jr BBB @ 390 DM (5mm)
BB @ 500 DM
B @ 783 DM","Morgan Stanley","5NC2","New Issue","Priced","6/23/2025","7/9/2025","glm26_newissue","BSL",
"False","False","Diameter Capital CLO 11","div&lt;div&gt;divAAA @ 132 DM (preplaced)
br&lt;br&gt;brAA @ 160-170 DM
br&lt;br&gt;brA @ 180-190 DM
br&lt;br&gt;brSr BBB @ 285 DM (30mm)
br&lt;br&gt;brJr BBB @ 420 DM (5mm)
br&lt;br&gt;brBB @ 505 DM/div&lt;/div&gt;/div","AAA @ 132 DM
AA @ 165 DM
A @ 190 DM
Sr BBB @ 285 DM (30mm)
Jr BBB @ 420 DM (5mm)
BB @ 505 DM","Citigroup","5NC2","New Issue","Priced","6/23/2025","7/9/2025","dclo11_newissue","BSL",
"False","False","Oaktree CLO 2025-31","div&lt;div&gt;divAAA @ 130a DM/div&lt;/div&gt;/div","AAA @ 132 DM
AA @ 170 DM
A @ 180 DM
Sr BBB @ 285 DM
Jr BBB @ 425 DM
BB @ 535 DM","Morgan Stanley","5NC2","New Issue","Priced","6/23/2025","7/11/2025","oakcl2025-31_newissue","BSL",
"False","True","Wise CLO 2025-4","div&lt;div&gt;divAAA @ 135 DM
br&lt;br&gt;brAA @ 165-175 DM
br&lt;br&gt;brAA (fixed) @ +165-175 bps
br&lt;br&gt;brA @ 190-200 DM/div&lt;/div&gt;/div","AAA @ 135 DM
AA @ 175 DM
A @ 200 DM","Citigroup","5NC2","New Issue","Priced","6/23/2025","7/23/2025","wise2025-4_newissue","BSL",
"False","False","Madison Park Funding LXV",,"Sr AAA @ 130 DM (256mm)
Jr AAA @ 152 DM (8mm)
AA @ 170 DM
A @ 180 DM
Sr BBB @ 280 DM (24mm)
Jr BBB @ 415 DM (4mm)
BB @ 500 DM
B @ 750 DM","Natixis","5NC2","New Issue","Priced","6/22/2025","6/18/2025","mdpk65_newissue","BSL",
"False","False","Battalion CLO XXI",,"Sr AAA @ 115 DM (248mm)
Jr AAA @ 150 DM (8mm)
AA @ 170 DM
A @ 200 DM
BBB not offered
BB not offered","Mizuho","1NC0.7","Refinancing","Priced","6/22/2025","6/17/2025","batln21_refi","BSL",
"False","False","Jamestown CLO XVII","div&lt;div&gt;divAAA @ 120 DM (224mm)
br&lt;br&gt;brAA @ 169 DM (34mm)
br&lt;br&gt;brA @ 185-190 DM
br&lt;br&gt;brBBB @ 320-330 DM
br&lt;br&gt;brBB @ 690-700 DM /div&lt;/div&gt;/div","AAA @ 120 DM
AA @ 169 DM
A @ 190 DM
BBB @ 350 DM","CIBC","1.5NC0.75","Refinancing","Priced","6/20/2025","6/26/2025","jtwn2021-17_refi","BSL",
"False","False","OHA Credit Funding 12-R","div&lt;div&gt;divX @ 80 DM
br&lt;br&gt;brSr AAA preplaced
br&lt;br&gt;brJr AAA @ 145 DM
br&lt;br&gt;brAA @ 155-160 DM
br&lt;br&gt;brAA (fixed) @ +155-160
br&lt;br&gt;brA @ 175 DM
br&lt;br&gt;brBBB @ 265 DM
br&lt;br&gt;brBB @ 475 DM/div&lt;/div&gt;/div","X @ 95 DM
Sr AAA @ 128 DM
Jr AAA @ 152 DM
AA @ 160 DM
A @ 180 DM
BBB @ 275 DM
BB @ 485 DM","CIBC","5NC2","Re-Issue","Priced","6/20/2025","7/7/2025","oakc2022-12r_reissue","BSL",
"False","False","Antares CLO 2023-1","div&lt;div&gt;divSr AAA preplaced
br&lt;br&gt;brJr AAA @ 165 DM
br&lt;br&gt;brAA @ 185 DM
br&lt;br&gt;brA @ 235 DM
br&lt;br&gt;brBBB @ 340 DM/div&lt;/div&gt;/div","Sr AAA @ 152 DM (545mm)
Jr AAA @ 170 DM (75mm)
AA @ 185 DM
A @ 235 DM
BBB @ 340 DM
BB @ 650 DM","BNP Paribas","4NC2","Reset","Priced","6/19/2025","6/25/2025","antr2023-1_reset","MM",
"False","False","KKR CLO 52",,"Sr AAA @ 132 DM (217.6mm)
Jr AAA @ 160 DM (6.8mm)
AA @ 175 DM
A @ 195 DM
Sr BBB @ 310 DM (17mm)
Jr BBB @ 445 DM (5.1mm)
BB @ S+659 bps
B @ S+779 bps","Santander","5NC2","Reset","Priced","6/19/2025","6/13/2025","kkr52_reset","BSL",
"False","False","Sixth Street CLO 30","div&lt;div&gt;divAAA preplaced
br&lt;br&gt;brAA @ 160-165 DM
br&lt;br&gt;brA @ 170-180 DM
br&lt;br&gt;brBBB @ 270-275 DM
br&lt;br&gt;brBB @ 485-490 DM/div&lt;/div&gt;/div","AAA @ 130 DM
AA @ 165 DM
A @ 185 DM
BBB @ 290 DM
BB @ 485 DM","BNP Paribas","5NC2","New Issue","Priced","6/18/2025","7/2/2025","sixt30_newissue","BSL",
"False","False","Madison Park Funding LXII","div&lt;div&gt;divSr AAA @ 130-131 DM (256mm)
br&lt;br&gt;brJr AAA @ 150 DM (6mm)
br&lt;br&gt;brAA @ 170 DM
br&lt;br&gt;brA @ 190 DM
br&lt;br&gt;brBBB @ 290 DM
br&lt;br&gt;brBB @ 600-625 DM
br&lt;br&gt;brB @ 775 DM/div&lt;/div&gt;/div","Sr AAA @ 130 DM
Jr AAA @ 160 DM
AA @ 175 DM
A @ 200 DM
Sr BBB @ 300 DM
Jr BBB @ 450 DM
BB @ 675 DM","Wells Fargo","5NC2","Reset","Priced","6/18/2025","7/16/2025","mdpk62_reset","BSL",
"False","False","Palmer Square CLO 2025-3","div&lt;div&gt;divSr AAA @ 130 DM/div&lt;/div&gt;/div","AAA @ 130 DM
AA @ 160 DM
A @ 175 DM
Sr BBB @ 280 DM (30mm)
Jr BBB @ 395 DM (2.5mm)
BB @ 495 DM","Goldman Sachs","5NC2","New Issue","Priced","6/17/2025","7/9/2025","plmrs2025-3_newissue","BSL",
"False","False","Silver Point CLO 11","div&lt;div&gt;divSr AAA @ 135 DM (310mm)
br&lt;br&gt;brJr AAA @ 155-160 DM (20mm)
br&lt;br&gt;brAA @ 170 DM
br&lt;br&gt;brA call desk
br&lt;br&gt;brSr BBB @ 285-295 DM (30mm)
br&lt;br&gt;brJr BBB @ 415-425 DM (5mm)
br&lt;br&gt;brBB @ 525-540 DM
br&lt;br&gt;brB call desk/div&lt;/div&gt;/div","Sr AAA @ 135 DM
Jr AAA @ 160 DM
AA @ 170 DM
A @ 185 DM
Sr BBB @ 300 DM
Jr BBB @ 425 DM
BB @ 565 DM","Societe Generale","5NC2","New Issue","Priced","6/17/2025","6/27/2025","slvrpt11_newissue","BSL",
"False","False","Dryden 53 CLO","div&lt;div&gt;divAAA @ 102-103 DM/div&lt;/div&gt;/div","AAA @ 100 DM
AA @ 130 DM
A @ 165 DM","SMBC","0NC0.5","Refinancing","Priced","6/17/2025","6/25/2025","drslf53_refi","BSL",
"False","False","Sandstone Peak II","div&lt;div&gt;divSr AAA @ 141 DM (244mm)
br&lt;br&gt;brJr AAA @ 165 DM (12mm)
br&lt;br&gt;brAA @ 175-180 DM
br&lt;br&gt;brA @ 195-205 DM
br&lt;br&gt;brSr BBB @ 315-325 DM (24mm)
br&lt;br&gt;brJr BBB @ 450 DM (4mm)
br&lt;br&gt;brBB @ 615-635 DM/div&lt;/div&gt;/div","Sr AAA @ 141 DM
Jr AAA @ 165 DM
AA @ 175 DM
A @ 205 DM
Sr BBB @ 330 DM
Jr BBB @ 450 DM
BB @ 645 DM","JPMorgan","5NC2","Reset","Priced","6/17/2025","7/2/2025","sand2023-1_reset","BSL",
"False","False","LCM 34","div&lt;div&gt;divSr AAA @ 115-117 DM (300mm)
br&lt;br&gt;brJr AAA @ 150-155 DM (20mm)
br&lt;br&gt;brAA @ 165-170 DM (60mm)
br&lt;br&gt;brA @ 190-195 DM/div&lt;/div&gt;/div","Sr AAA @ 118 DM
Jr AAA @ 160 DM
AA @ 170 DM","BMO","1.25NC0.75","Refinancing","Priced","6/16/2025","6/30/2025","lcm34_refi","BSL",
"False","False","Bain Capital Credit CLO 2022-3","div&lt;div&gt;divSr AAA @ 116 DM (310mm)
br&lt;br&gt;brJr AAA @ 140-145 DM (15mm)
br&lt;br&gt;brAA @ 160-165 DM
br&lt;br&gt;brA @ 185-190 DM
br&lt;br&gt;brBBB @ 310-320 DM
br&lt;br&gt;brBB @ 700-725 DM/div&lt;/div&gt;/div","Sr AAA @ 116 DM
Jr AAA @ 148 DM
AA @ 163 DM
A @ 190 DM","Goldman Sachs","2NC1","Refinancing","Priced","6/16/2025","6/27/2025","bcc2022-3_refi","BSL",
"False","False","Dryden 130 CLO","div&lt;div&gt;divAAA @ 130 DM (preplaced)
br&lt;br&gt;brAA @ 160-165 DM
br&lt;br&gt;brA @ 175-185 DM
br&lt;br&gt;brSr BBB @ 270-280 DM (30mm)
br&lt;br&gt;brJr BBB @ 400-410 DM (12mm)
br&lt;br&gt;brBB retained/div&lt;/div&gt;/div","AAA @ 130 DM
AA @ 170 DM
A @ 190 DM
Sr BBB @ 280 DM
Jr BBB 1 @ 365 DM
Jr BBB 2 @ 405 DM","Goldman Sachs","5NC2","New Issue","Priced","6/16/2025","7/2/2025","drslf130_newissue","BSL",
"False","False","Tallman Park CLO","div&lt;div&gt;divX @ 95 DM
br&lt;br&gt;brSr AAA call desk
br&lt;br&gt;brJr AAA @ 155 DM
br&lt;br&gt;brAA @ 165 DM
br&lt;br&gt;brA @ 185-190 DM
br&lt;br&gt;brSr BBB @ 280-290 DM (24mm)
br&lt;br&gt;brJr BBB @ 420-435 DM (2.4mm)
br&lt;br&gt;brBB @ 525-535 DM/div&lt;/div&gt;/div","X @ 125 DM
Sr AAA @ 133 DM (252mm)
Jr AAA @ 160 DM (12mm)
AA @ 165 DM
A @ 195 DM
Sr BBB @ 290 DM (24mm)
Jr BBB @ 450 DM (2.4mm)
BB @ 600 DM","Bank of America","5NC2","Reset","Priced","6/16/2025","6/26/2025","talpk_reset","BSL",
"False","False","New Mountain CLO 5","div&lt;div&gt;divAAA @ 125 DM
br&lt;br&gt;brAA @ 170 DM
br&lt;br&gt;brA @ 190 DM
br&lt;br&gt;brSr BBB @ 300 DM (24mm)
br&lt;br&gt;brJr BBB @ 415 DM (4mm)
br&lt;br&gt;brBB @ 550 DM/div&lt;/div&gt;/div","AAA @ 125 DM
AA @ 175 DM
A @ 190 DM
Sr BBB @ 315 DM
Jr BBB @ 425 DM
BB @ 585 DM","Citigroup","3NC1","Reset","Priced","6/16/2025","6/30/2025","nmc5_reset","BSL",
"False","False","AMMC CLO 23","div&lt;div&gt;divAAA @ 139 DM
br&lt;br&gt;brAA @ 175-180 DM
br&lt;br&gt;brA @ 195-205 DM
br&lt;br&gt;brSr BBB @ 310-320 DM (21mm)
br&lt;br&gt;brJr BBB @ 430-440 DM (3.5mm)
br&lt;br&gt;brBB @ 560-575 DM/div&lt;/div&gt;/div","AAA @ 139 DM
AA @ 175 DM
A @ 205 DM
Sr BBB @ 320 DM (21mm)
Jr BBB @ 490 DM (3.5mm)
BB @ 665 DM","Bank of America","5NC2","Reset","Priced","6/16/2025","6/27/2025","ammc23_reset","BSL",
"False","False","Elmwood CLO 15","div&lt;div&gt;divSr AAA preplaced
br&lt;br&gt;brJr AAA @ 140-145 DM
br&lt;br&gt;brAA @ 155-160 DM
br&lt;br&gt;brA @ 180-185 DM
br&lt;br&gt;brBBB @ 290-300 DM
br&lt;br&gt;brBB @ 550-575 DM/div&lt;/div&gt;/div","Sr AAA @ 115 DM (248mm)
Jr AAA @ 145 DM (8mm)
AA @ 163 DM
A @ 185 DM
BBB @ 290 DM
BB @ 600 DM","Bank of America","1.75NC0.75","Refinancing","Priced","6/16/2025","6/26/2025","elm15_refi","BSL",
"False","False","Ares LXVIII CLO","div&lt;div&gt;divSr AAA preplaced
br&lt;br&gt;brJr AAA @ 155-160 DM
br&lt;br&gt;brAA @ 165-170 DM
br&lt;br&gt;brA @ 180-185 DM
br&lt;br&gt;brSr BBB @ 280-285 DM (20mm)
br&lt;br&gt;brJr BBB @ 420 DM (6mm)
br&lt;br&gt;brBB @ 525-550 DM/div&lt;/div&gt;/div","Sr AAA @ 131 DM
Jr AAA @ 160 DM
AA @ 170 DM
A @ 195 DM
Sr BBB @ 300 DM
Jr BBB @ 415 DM
BB @ 600 DM
","Goldman Sachs","4NC2","Reset","Priced","6/16/2025","7/2/2025","ares68_reset","BSL",
"False","False","AGL CLO 19","div&lt;div&gt;divX @ 105-110 DM
br&lt;br&gt;brSr AAA call desk
br&lt;br&gt;brJr AAA @ 150-155 DM
br&lt;br&gt;brAA @ 165 DM
br&lt;br&gt;brA @ 180-185 DM
br&lt;br&gt;brSr BBB @ 275-285 DM (30mm)
br&lt;br&gt;brJr BBB @ 400-415 DM (5mm)
br&lt;br&gt;brBB @ 525-550 DM/div&lt;/div&gt;/div","X @ 105 DM
Sr AAA @ 130 DM
Jr AAA @ 160 DM
AA @ 165 DM
A @ 200 DM
Sr BBB @ 305 DM
Jr BBB @ 440 DM
BB @ 550 DM","Nomura","5NC2","Reset","Priced","6/16/2025","6/27/2025","agl19_reset","BSL",
"False","False","Balboa Bay Loan Funding 2025-1","div&lt;div&gt;divAAA @ 135 DM
br&lt;br&gt;brAA @ 165-170 DM
br&lt;br&gt;brA @ 180-185 DM
br&lt;br&gt;brSr BBB @ 280-290 DM (26.1mm)
br&lt;br&gt;brJr BBB @ 400-415 DM (4.35mm)
br&lt;br&gt;brBB @ 525 DM
br&lt;br&gt;brB retained/div&lt;/div&gt;/div","AAA @ 135 DM
AA @ 180 DM
A @ 195 DM
BBB @ 290 DM
BB @ 575 DM","Barclays","5NC2","New Issue","Priced","6/16/2025","7/2/2025","boba2025-1_newissue","BSL",
"False","False","Golub Capital Partners CLO 57(M)-R","div&lt;div&gt;divSr AAA preplaced
br&lt;br&gt;brJr AAA @ 165 DM
br&lt;br&gt;brAA @ 185 DM
br&lt;br&gt;brA @ 235 DM
br&lt;br&gt;brBBB retained/div&lt;/div&gt;/div","Sr AAA @ 152 DM (645.6mm)
Jr AAA @ 170 DM (98.4mm)
AA @ 185 DM
A @ 235 DM
BBB @ 325 DM","BNP Paribas","4NC2","Reset","Priced","6/16/2025","6/25/2025","gocap57mr_reset","MM",
"False","False","Octagon 78","div&lt;div&gt;divAAA call desk
br&lt;br&gt;brAA @ 165 DM
br&lt;br&gt;brA @ 180 DM
br&lt;br&gt;brSr BBB call desk
br&lt;br&gt;brJr BBB call desk
br&lt;br&gt;brBB call desk/div&lt;/div&gt;/div","AAA @ 130 DM
AA @ 170 DM
A @ 195 DM
BBB @ 280 DM
BB @ 500 DM","Wells Fargo","5NC2","New Issue","Priced","6/16/2025","7/14/2025","oct78_newissue","BSL",
"False","False","HPS Loan Management 2023-18","div&lt;div&gt;divSr AAA preplaced
br&lt;br&gt;brJr AAA @ 155-160 DM
br&lt;br&gt;brAA @ 165-170 DM
br&lt;br&gt;brA @ 185-190 DM
br&lt;br&gt;brSr BBB @ 285-295 DM (24mm)
br&lt;br&gt;brJr BBB @ 415-425 DM (2mm)
br&lt;br&gt;brBB @ 525-550 DM
br&lt;br&gt;brB call desk/div&lt;/div&gt;/div","Sr AAA @ 133 DM
Jr AAA @ 155 DM
AA @ 175 DM
A @ 200 DM
Sr BBB @ 305 DM
Jr BBB @ 450 DM
BB @ 600 DM","RBC","5NC2","Reset","Priced","6/16/2025","7/1/2025","hps2023-18_reset","BSL",
"False","False","Carlyle US CLO 2023-2","A (AAA) @ 100 DM B (AA) @ 200 DM C (A) @ 300 DM D (BBB) @ 400 DM E (BB) @ 500 DM","Sr AAA @ 132 DM
Jr AAA @ 160 DM
AA @ 175 DM
A @ 190 DM
Sr BBB @ 295 DM
Jr BBB @ 405 DM
BB @ 575 DM","Goldman Sachs","5NC2","Reset","Priced","6/16/2025","7/10/2025","Title","BSL",
"False","False","Anthelion CLO 2025-1","div&lt;div&gt;divSr AAA preplaced
br&lt;br&gt;brJr AAA @ 175 DM
br&lt;br&gt;brAA @ 185 DM
br&lt;br&gt;brA @ 235 DM
br&lt;br&gt;brSr BBB @ 355-365 DM (24mm)
br&lt;br&gt;brJr BBB @ 465-475 DM (4mm)
br&lt;br&gt;brBB @ 675 DM
br&lt;br&gt;brB call desk/div&lt;/div&gt;/div","Sr AAA @ 150 DM
Jr AAA @ 175 DM
AA @ 190 DM
A @ 235 DM
Sr BBB @ 365 DM
Jr BBB @ 475 DM
BB @ 675 DM","Natixis","3NC1","New Issue","Priced","6/13/2025","6/30/2025","anthelion2025-1_newissue","BSL",
"False","False","Marathon CLO 2021-16","div&lt;div&gt;divSr AAA call desk
br&lt;br&gt;brJr AAA @ 140 DM
br&lt;br&gt;brAA @ 155 DM
br&lt;br&gt;brA call desk
br&lt;br&gt;brBBB @ 300 DM
br&lt;br&gt;brBB @ 625 DM/div&lt;/div&gt;/div","Sr AAA @ 111 DM (233mm)
Jr AAA @ 148 DM (8mm)
AA @ 155 DM
A @ 175 DM
BBB @ 340 DM
BB @ 685 DM","Societe Generale","0.75NC0.5","Refinancing","Priced","6/13/2025","7/25/2025","mclo16_refi","BSL",
"False","False","Golub Capital Partners CLO 41(B)-R2","div&lt;div&gt;divAAA @ 130 DM/div&lt;/div&gt;/div","AAA @ 133 DM
AA @ 170 DM
A @ 200 DM
Sr BBB @ 295 DM
Jr BBB @ 400 DM
BB @ 500 DM","Wells Fargo","5NC2","Reset","Priced","6/13/2025","7/11/2025","gcbsl2019-41_reset","BSL",
"False","False","Trimaran CAVU 2025-2","div&lt;div&gt;divAAA @ 136 DM
br&lt;br&gt;brAA @ 175 DM
br&lt;br&gt;brA @ 190-200 DM
br&lt;br&gt;brSr BBB @ 300-320 DM (24mm)
br&lt;br&gt;brJr BBB @ 415-425 DM (3mm)
br&lt;br&gt;brBB @ 575-600 DM/div&lt;/div&gt;/div","AAA @ 136 DM
AA @ 175 DM
A @ 200 DM
Sr BBB @ 320 DM
Jr BBB @ 435 DM
BB @ 575 DM","Citigroup","5NC2","New Issue","Priced","6/12/2025","7/1/2025","cavu2025-2_newissue","BSL",
"False","False","Generate CLO 22","div&lt;div&gt;divAAA @ 133 DM
br&lt;br&gt;brAA @ 170 DM
br&lt;br&gt;brA @ 185-190 DM
br&lt;br&gt;brSr BBB @ 290-300 DM (24mm)
br&lt;br&gt;brJr BBB @ 425 DM (4mm)
br&lt;br&gt;brBB @ 525-535 DM/div&lt;/div&gt;/div","AAA @ 133 DM
AA @ 175 DM
A @ 195 DM
Sr BBB @ 310 DM (24mm)
Jr BBB @ 435 DM (4mm)
BB @ 550 DM","Deutsche Bank","5NC2","New Issue","Priced","6/12/2025","6/26/2025","gnrt22_newissue","BSL",
"False","False","TPG CLO 2025-1","div&lt;div&gt;divAAA @ 138 DM/div&lt;/div&gt;/div","Sr AAA @ 137 DM
Jr AAA @ 170 DM
AA @ 180 DM
A @ 210 DM
BBB @ 335 DM
BB @ 615 DM","Goldman Sachs","5NC2","New Issue","Priced","6/12/2025","7/15/2025","tpg2025-1_newissue","BSL",
"False","False","Silver Point CLO 7",,"Sr AAA @ 170 DM (232mm)
Jr AAA @ 185 DM (16mm)
AA @ 205 DM
A @ 275 DM","Deutsche Bank","4NC2","New Issue","Priced","6/11/2025","6/10/2025","spcsl7_newissue","BSL",
"False","False","RAD CLO 20","div&lt;div&gt;divSr AAA preplaced
br&lt;br&gt;brJr AAA @ 160 DM
br&lt;br&gt;brAA @ 175 DM
br&lt;br&gt;brA @ 190 DM
br&lt;br&gt;brSr BBB @ 285 DM (25mm)
br&lt;br&gt;brJr BBB @ 415-430 DM (10mm)
br&lt;br&gt;brBB @ 625 DM/div&lt;/div&gt;/div","Sr AAA @ 140 DM (315mm)
Jr AAA @ 160 DM (15mm)
AA @ 175 DM
A @ 190 DM
Sr BBB @ 285 DM (25mm)
Jr BBB @ 445 DM (10mm)
BB @ 640 DM","Scotia","5NC2","Reset","Priced","6/11/2025","6/17/2025","rad20_reset","BSL",
"False","False","Wind River 2021-4 CLO","div&lt;div&gt;divAAA @ 120-123 DM/div&lt;/div&gt;/div","AAA @ 123 DM
AA @ 175 DM","Mitsubishi","1.5NC0.5","Refinancing","Priced","6/11/2025","6/25/2025","windr2021-4_refi","BSL",
"False","False","CIFC Funding 2019-IV","div&lt;div&gt;divSr AAA @ 129 DM (310mm)
br&lt;br&gt;brJr AAA @ 155 DM (20mm)
br&lt;br&gt;brAA @ 165 DM
br&lt;br&gt;brA @ 180 DM
br&lt;br&gt;brSr BBB @ 280-285 DM (30mm)
br&lt;br&gt;brJr BBB @ 410 DM (5mm)
br&lt;br&gt;brBB @ 500-515 DM/div&lt;/div&gt;/div","Sr AAA @ 130 DM (310mm)
Jr AAA @ 157 DM (20mm)
AA @ 165 DM
A @ 185 DM
Sr BBB @ 285 DM (30mm)
Jr BBB @ 410 DM (5mm)
BB @ 525 DM","Morgan Stanley","5NC2","Reset","Priced","6/11/2025","6/23/2025","cifc2019-4_reset","BSL",
"False","False","Invesco US CLO 2023-3","div&lt;div&gt;divAAA @ 130s DM/div&lt;/div&gt;/div","X @ 105 DM
AAA @ 131 DM
AA @ 175 DM
A @ 190 DM
Sr BBB @ 305 DM
Jr BBB @ 425 DM
BB @ 575 DM","Morgan Stanley","5NC2","Reset","Priced","6/11/2025","7/2/2025","invco2023-3_reset","BSL",
"False","False","Magnetite L","div&lt;div&gt;divSr AAA @ 127-128 DM (384mm)
br&lt;br&gt;brJr AAA circled
br&lt;br&gt;brAA @ 155-160 DM
br&lt;br&gt;brA @ 175-180 DM
br&lt;br&gt;brSr BBB subject
br&lt;br&gt;brJr BBB @ 390-400 DM
br&lt;br&gt;brBB @ 475-485 DM
br&lt;br&gt;brB call desk/div&lt;/div&gt;/div","Sr AAA @ 128 DM (384mm)
Jr AAA @ 150 DM (6mm)
AA @ 160 DM
A @ 180 DM
Sr BBB @ 270 DM (38.4mm)
Jr BBB @ 390 DM (2.4mm)
BB @ 480 DM
B not offered","Nomura","5NC2","New Issue","Priced","6/10/2025","6/23/2025","magne50_newissue","BSL",
"False","False","Neuberger Berman Loan Advisers CLO 32R","div&lt;div&gt;divAAA @ 130-132 DM/div&lt;/div&gt;/div","AAA @ 131 DM
AA @ 165 DM
A @ 185 DM
Sr BBB @ 295 DM (33mm)
Jr BBB @ 425 DM (5.5mm)
BB @ 515 DM
","Wells Fargo","5NC2","Re-Issue","Priced","6/10/2025","6/27/2025","neub32r_reissue","BSL",
"False","False","Fortress Credit Opportunities XXXV CLO","div&lt;div&gt;divSr AAA @ 140 DM (348mm)
br&lt;br&gt;brJr AAA @ 165 DM (24mm)
br&lt;br&gt;brAA @ 185 DM
br&lt;br&gt;brA @ 250-275 DM
br&lt;br&gt;brBBB @ 300-375 DM/div&lt;/div&gt;/div","Sr AAA @ 140 DM (377mm)
Jr AAA @ 165 DM (26mm)
AA @ 185 DM
AA (fixed) @ 5.425%
A @ 260 DM
A (fixed) @ 6.075%
BBB @ 350 DM","Goldman Sachs","0NC0.5","New Issue","Priced","6/10/2025","6/25/2025","fco35_newissue","BSL",
"False","False","Golub Capital Partners CLO 49(M)-R2","div&lt;div&gt;divSr AAA @ 152 DM (232mm)
br&lt;br&gt;brJr AAA @ 165 DM (16mm)
br&lt;br&gt;brAA @ 185 DM
br&lt;br&gt;brA @ 235 DM
br&lt;br&gt;brBBB not offered/div&lt;/div&gt;/div","Sr AAA @ 152 DM
Jr AAA @ 168 DM
AA @ 185 DM
A @ 235 DM
BBB retained","Societe Generale","5NC2","Reset","Priced","6/10/2025","6/27/2025","gocap49mr2_reset","MM",
"False","False","Pikes Peak CLO 19","div&lt;div&gt;divSr AAA @ 134 DM (256mm)
br&lt;br&gt;brJr AAA @ 160 DM (8mm)
br&lt;br&gt;brAA @ 170-175 DM
br&lt;br&gt;brA @ 190-195 DM
br&lt;br&gt;brSr BBB @ 295-305 DM (24mm)
br&lt;br&gt;brJr BBB @ 425-440 DM (2mm)
br&lt;br&gt;brBB @ 540-550 DM/div&lt;/div&gt;/div","Sr AAA @ 134 DM (320mm)
Jr AAA @ 165 DM (10mm)
AA @ 170 DM
A @ 190 DM
Sr BBB @ 300 DM (30mm)
Jr BBB @ 425 DM (2.5mm)
BB @ 525 DM","Bank of America","5NC2","New Issue","Priced","6/10/2025","6/23/2025","pipk19_newissue","BSL",
"False","False","Regatta XXV Funding","div&lt;div&gt;divSr AAA @ 130-132 DM (256mm)
br&lt;br&gt;brJr AAA @ 155 DM
br&lt;br&gt;brAA @ 165-170 DM
br&lt;br&gt;brA @ 180-185 DM
br&lt;br&gt;brSr BBB @ 270-280 DM (24mm)
br&lt;br&gt;brJr BBB @ 400-410 DM (3mm)
br&lt;br&gt;brBB 525-550 DM/div&lt;/div&gt;/div","Sr AAA @ 134 DM (256mm)
Jr AAA @ 160 DM (8mm)
AA @ 170 DM
A @ 195 DM
Sr BBB @ 295 DM (24mm)
Jr BBB @ 425 DM (3mm)
BB @ 575 DM","Nomura","5NC2","Reset","Priced","6/10/2025","6/27/2025","reg25_reset","BSL",
"False","False","Stratus Funding CLO 2025-1","div&lt;div&gt;divSr AAA @ 110 DM (332.5mm; preplaced)
br&lt;br&gt;brJr AAA @ 130-135 DM (7.5mm)
br&lt;br&gt;brAA @ 145-150 DM
br&lt;br&gt;brA retained/div&lt;/div&gt;/div","Sr AAA @ 110 DM (332.5mm)
Jr AAA @ 133 DM (7.5mm0
AA @ 145 DM
A @ 160 DM","BNP Paribas","0NC1","New Issue","Priced","6/10/2025","6/18/2025","stratus2025-1_newissue","BSL",
"False","False","Anchorage Capital CLO 33","div&lt;div&gt;divSr AAA @ 137 DM (256mm)
br&lt;br&gt;brJr AAA @ 165 DM (4mm)
br&lt;br&gt;brAA @ 170-175 DM
br&lt;br&gt;brA @ 190-195 DM
br&lt;br&gt;brBBB @ 300-315 DM
br&lt;br&gt;brBB @ 550-575 DM/div&lt;/div&gt;/div","Sr AAA @ 137 DM (256mm)
Jr AAA @ 165 DM (4mm)
AA @ 170 DM
A @ 200 DM
Sr BBB @ 305 DM (23.4mm)
Jr BBB @ 450 DM (4mm)
BB @ 610 DM","JPMorgan","5NC2","New Issue","Priced","6/10/2025","6/27/2025","anchc33_newissue","BSL",
"False","False","Jefferies Credit Partners Direct Lending CLO 2023-1","div&lt;div&gt;divAAA @ 165-168 DM/div&lt;/div&gt;/div","Sr AAA @ 165 DM
Jr AAA @ 178 DM
AA @ 195 DM
A @ 250 DM
BBB @ 350 DM
BB @ 675 DM","Jefferies","4NC2","Reset","Priced","6/10/2025","7/1/2025","jcpdl2023-1_reset","MM",
"False","False","Trinitas CLO XVIII","div&lt;div&gt;divAAA @ 115 DM
br&lt;br&gt;brAA @ 170 DM
br&lt;br&gt;brA @ 200 DM/div&lt;/div&gt;/div",,"GreensLedge","1.5NC1","Refinancing","Announced","6/10/2025",,"trnts18_refi","BSL",
"False","False","Whitebox CLO V","div&lt;div&gt;divSr AAA @ 136 DM (256mm)
br&lt;br&gt;brJr AAA @ 160 DM (4mm)
br&lt;br&gt;brAA @ 170 DM
br&lt;br&gt;brA @ 180-190 DM
br&lt;br&gt;brSr BBB @ 285-295 DM (24mm)
br&lt;br&gt;brJr BBB @ 420-440 DM (4mm)
br&lt;br&gt;brBB @ 525-540 DM
br&lt;br&gt;brB @ 725a DM/div&lt;/div&gt;/div","Sr AAA @ 136 DM (256mm)
Jr AAA @ 160 DM (4mm)
AA @ 170 DM
A @ 190 DM
Sr BBB @ 285 DM (24mm)
Jr BBB @ 410 DM (4mm)
BB @ 525 DM
B @ S+692 bps","JPMorgan","5NC2","New Issue","Priced","6/8/2025","6/24/2025","wbox2025-5_newissue","BSL",
"False","False","Balboa Bay Loan Funding 2023-1","div&lt;div&gt;divAAA @ 115 DM
br&lt;br&gt;brAA @ 160-165 DM
br&lt;br&gt;brA @ 185 DM
br&lt;br&gt;brSr BBB @ 290-300 DM
br&lt;br&gt;brJr BBB @ 400-425 DM
br&lt;br&gt;brBB @ 550-575 DM/div&lt;/div&gt;/div","AAA @ 116 DM
AA @ 165 DM
A @ 185 DM
Sr BBB @ 290 DM (24mm)
Jr BBB @ 425 DM (4mm)
BB @ 540 DM","Bank of America","1.75NC1","New Issue","Priced","6/8/2025","6/12/2025","boba2023-1_refi","BSL",
"False","False","ICG US CLO 2023-1","div&lt;div&gt;divAAA @ 137-138 DM
br&lt;br&gt;brAA @ 170-175 DM
br&lt;br&gt;brA @ 195-200 DM
br&lt;br&gt;brSr BBB @ 310-320 DM (19.25mm)
br&lt;br&gt;brJr BBB @ 450 DM (5.25mm)
br&lt;br&gt;brBB @ 600-625 DM/div&lt;/div&gt;/div","AAA @ 138 DM
AA @ 175 DM
A @ 200 DM
Sr BBB @ 320 DM (19.25mm)
Jr BBB @ 470 DM (5.25mm)
BB @ 700 DM","CIBC","5NC2","Reset","Priced","6/8/2025","6/18/2025","icg2023-1_reset","BSL",
"False","True","Elmwood CLO X",,"X @ 95 DM
AAA @ 130 DM (320mm)
AA @ 165 DM (60mm)
A @ 195 DM
BBB @ 305 DM
BB @ 595 DM
B @ 725 DM","SMBC","5NC2","Reset","Priced","6/6/2025","6/23/2025","elm10_reset","BSL",
"False","False","Harvest US CLO 2025-2","div&lt;div&gt;divSr AAA call desk
br&lt;br&gt;brJr AAA @ 155-160 DM
br&lt;br&gt;brAA @ 175 DM
br&lt;br&gt;brA @ 185-195 DM
br&lt;br&gt;brSr BBB @ 300-310 DM (24mm)
br&lt;br&gt;brJr BBB @ 415-425 DM (4mm)
br&lt;br&gt;brBB @ 550-575 DM/div&lt;/div&gt;/div","Sr AAA @ 133 DM (252mm)
Jr AAA @ 165 DM (10mm)
AA @ 175 DM
A @ 195 DM
Sr BBB @ 345 DM (24mm)
Jr BBB @ 425 DM (4mm)
BB @ S+618 bps","Citigroup","5NC2","New Issue","Priced","6/6/2025","6/20/2025","harvt2025-2_newissue","BSL",
"False","False","Wellfleet CLO 2021-1","div&lt;div&gt;divSr AAA @ 118 DM (240mm)
br&lt;br&gt;brJr AAA @ 140 DM (12mm)
br&lt;br&gt;brAA @ 155 DM
br&lt;br&gt;brA @ 180 DM
br&lt;br&gt;brBBB @ 325 DM
br&lt;br&gt;brBB @ 650 DM/div&lt;/div&gt;/div","Sr AAA @ 118 DM
Jr AAA @ 149 DM
AA @ 165 DM
A @ 215 DM","Wells Fargo","0.75NC0.75","Refinancing","Priced","6/6/2025","7/2/2025","welf2021-1_refi","BSL",
"False","False","Cedar Funding XVII CLO","div&lt;div&gt;divX @ 110 DM 
br&lt;br&gt;brAAA @ 130-133 DM
br&lt;br&gt;brAA @ 165-170 DM
br&lt;br&gt;brA @ 185-190 DM
br&lt;br&gt;brBBB @ 285-290 DM
br&lt;br&gt;brBB @ 575-600 DM/div&lt;/div&gt;/div","X @ 110 DM
AAA @ 135 DM
AA @ 180 DM
A @ 200 DM
BBB @ 305 DM
BB @ 650 DM","Jefferies","5NC2","Reset","Priced","6/6/2025","7/7/2025","cedf17_reset","BSL",
"False","False","Harriman Park CLO","div&lt;div&gt;divX @ 100a
br&lt;br&gt;brAAA @ 130 DM
br&lt;br&gt;brAA @ 165 DM
br&lt;br&gt;brA @ 180 DM
br&lt;br&gt;brSr BBB @ 280 DM (30mm)
br&lt;br&gt;brJr BBB @ 400 DM (2.5mm)
br&lt;br&gt;brBB @ 500 DM
br&lt;br&gt;brB @ 700 DM/div&lt;/div&gt;/div","X @ 100 DM
AAA @ 130 DM
AA @ 165 DM
A @ 195 DM
Sr BBB @ 290 DM (30mm)
Jr BBB @ 435 DM (2.5mm)
BB @ 600 DM
B @ 825 DM","Citigroup","5NC2","Reset","Priced","6/6/2025","6/18/2025","hrpk_reset","BSL",
"False","False","Maranon Loan Funding 2023-1","div&lt;div&gt;divX @ 120 DM
br&lt;br&gt;brAAA @ 165a DM
br&lt;br&gt;brAA @ 195a DM
br&lt;br&gt;brA @ 285 DM
br&lt;br&gt;brBBB @ 400 DM
br&lt;br&gt;brBB @ 765 DM/div&lt;/div&gt;/div","X @ 120 DM
AAA @ 165 DM
AA @ 200 DM
A @ 285 DM
BBB @ 405 DM
BB @ 775 DM","Wells Fargo","4NC2","Reset","Priced","6/6/2025","6/27/2025","mrnon2023-1_reset","MM",
"False","False","Ballyrock CLO 24","div&lt;div&gt;divAAA @ 132 DM
br&lt;br&gt;brAA @ 165-170 DM
br&lt;br&gt;brA @ 180-185 DM
br&lt;br&gt;brSr BBB @ 280-285 DM (27mm)
br&lt;br&gt;brJr BBB @ 400-415 DM (4.5mm)
br&lt;br&gt;brBB @ 500-515 DM/div&lt;/div&gt;/div","AAA @ 132 DM
AA @ 170 DM
A @ 195 DM
Sr BBB @ 295 DM (27mm)
Jr BBB @ 440 DM (4.5mm)
BB @ 600 DM","Bank of America","5NC2","Reset","Priced","6/5/2025","6/24/2025","bally24_reset","BSL",
"False","False","Madison Park LXV","div&lt;div&gt;divSr AAA @ 130 DM
br&lt;br&gt;brJr AAA @ 145 DM
br&lt;br&gt;brAA @ 165 DM
br&lt;br&gt;brA @ 175-180 DM
br&lt;br&gt;brSr BBB @ 270-275 DM (24mm)
br&lt;br&gt;brJr BBB @ 400-410 DM (4mm)
br&lt;br&gt;brBB @ 490-500 DM
br&lt;br&gt;brB call desk/div&lt;/div&gt;/div",,"Natixis","5NC2","New Issue","Announced","6/5/2025",,"mdpk65_newissue","BSL",
"False","False","Ares LIV CLO","div&lt;div&gt;divX @ 115 DM
br&lt;br&gt;brAAA @ 131 DM
br&lt;br&gt;brAA @ 165-170 DM
br&lt;br&gt;brA @ 180-185 DM
br&lt;br&gt;brSr BBB @ 280-285 DM
br&lt;br&gt;brJr BBB @ 420 DM
br&lt;br&gt;brBB @ 425-550 DM/div&lt;/div&gt;/div","X @ 110 DM
AAA @ 131 DM (256mm)
AA @ 165 DM (48mm)
A @ 195 DM
Sr BBB @ 290 DM (22mm)
Jr BBB @ 450 DM (4mm)
BB @ 600 DM ","Morgan Stanley","5NC2","Reset","Priced","6/5/2025","6/18/2025","ares54_newissue","BSL",
"False","False","RR 23","div&lt;div&gt;divSr AAA preplaced
br&lt;br&gt;brJr AAA @ 155a DM
br&lt;br&gt;brAA @ 165a DM
br&lt;br&gt;brA not offered
br&lt;br&gt;brSr BBB not offered
br&lt;br&gt;brJr BBB @ 400 DM
br&lt;br&gt;brBB @ 500 DM/div&lt;/div&gt;/div","Sr AAA @ 131 DM (522.75mm)
Jr AAA @ 160 DM (29.75mm)
AA @ 165 DM
A @ 180 DM
Sr BBB @ 265 DM (40.375mm)
BBB @ 337 DM (10.625mm)
Jr BBB @ 400 DM (4.25mm)
BB @ 500 DM","RBC","5NC2","Reset","Priced","6/4/2025","6/18/2025","rr23_reset","BSL",
"False","False","Benefit Street CLO 41","div&lt;div&gt;divAAA @ 130 DM
br&lt;br&gt;brAA @ 165 DM
br&lt;br&gt;brA @ 175-180 DM
br&lt;br&gt;brSr BBB @ 270-275 DM (30mm)
br&lt;br&gt;brJr BBB @ 400-410 DM (5mm)
br&lt;br&gt;brBB @ 490-500 DM/div&lt;/div&gt;/div","AAA @ 130 DM
AA @ 165 DM
A @ 180 DM
Sr BBB @ 275 DM (36mm)
Jr BBB @ 405 DM (6mm)
BB @ 490 DM","JPMorgan","5NC2","New Issue","Priced","6/4/2025","6/13/2025","bsp41_newissue","BSL",
"False","True","Wise CLO 2025-3","div&lt;div&gt;divAAA @ 133-135 DM
br&lt;br&gt;brAA @ 175 DM
br&lt;br&gt;brA @ 190 DM/div&lt;/div&gt;/div","AAA @ 135 DM
AA @ 175 DM
AA (fixed) @ 5.604%
A @ 200 DM","RBC","5NC2","New Issue","Priced","6/3/2025","6/16/2025","wise2025-3_newissue","BSL",
"False","False","Bain Capital Credit CLO 2022-2","div&lt;div&gt;divSr AAA @ 115 DM (378mm)
br&lt;br&gt;brJr AAA @ 150 DM (4mm)
br&lt;br&gt;brAA @ 165 DM
br&lt;br&gt;brA @ 185 DM
br&lt;br&gt;brSr BBB @ 310-320 DM (30mm)
br&lt;br&gt;brJr BBB @ 415-430 DM (9mm)
br&lt;br&gt;brBB @ 665-690 DM/div&lt;/div&gt;/div","Sr AAA @ 115 DM (378mm)
Jr AAA @ 145 DM (4mm)
AA @ 165 DM
A @ 190 DM
Sr BBB @ 320 DM (30mm)
Jr BBB @ 500 DM (9mm)
BB @ 735 DM","BNP Paribas","1.75NC1","Refinancing","Priced","6/3/2025","6/13/2025","bcc2022-2_refi","BSL",
"False","False","Bain Capital Credit CLO 2025-3","div&lt;div&gt;divAAA @ H120s/div&lt;/div&gt;/div","Sr AAA @ 131 DM
Jr AAA @ 155 DM
AA @ 170 DM
A @ 195 DM
Sr BBB @ 285 DM
Jr BBB @ 405 DM
BB @ 545 DM","Societe Generale","5NC2","New Issue","Priced","6/3/2025","7/3/2025","bcc2025-3_newissue","BSL",
"False","False","Sixth Street CLO XX","div&lt;div&gt;divX @ 110 DM
br&lt;br&gt;brSr AAA @ 132 DM (300mm)
br&lt;br&gt;brJr AAA @ 155 DM (30mm)
br&lt;br&gt;brAA @ 165 DM
br&lt;br&gt;brA @ 185 DM
br&lt;br&gt;brSr BBB @ 285 DM (31.25mm)
br&lt;br&gt;brJr BBB @ 400-415 DM (2.5mm)
br&lt;br&gt;brBB @ LM500s DM
br&lt;br&gt;brB @ LM700s DM/div&lt;/div&gt;/div","X @ 110 DM
Sr AAA @ 132 DM (300mm)
Jr AAA @ 157 DM (30mm)
AA @ 165 DM
A @ 190 DM
Sr BBB @ 295 DM (31.25mm)
Jr BBB @ 415 DM (2.5mm)
BB @ 550 DM
B @ 775 DM","Citigroup","5NC2","Reset","Priced","6/3/2025","6/17/2025","sixt20_reset","BSL",
"False","False","Pikes Peak CLO 14","div&lt;div&gt;divX @ 110 DM
br&lt;br&gt;brSr AAA @ 138 DM (210.8mm)
br&lt;br&gt;brJr AAA @ 170 DM (13.6mm)
br&lt;br&gt;brAA @ 175 DM
br&lt;br&gt;brA @ 195 DM
br&lt;br&gt;brSr BBB @ 315 DM (20.4mm)
br&lt;br&gt;brJr BBB @ 465 DM (2.6mm)
br&lt;br&gt;brBB @ 600 DM/div&lt;/div&gt;/div",,"Mizuho","5NC2","Reset","Priced","6/2/2025","5/30/2025","pipk14_reset","BSL",
"False","False","Oaktree CLO 2025-32","div&lt;div&gt;divAAA @ 132 DM
br&lt;br&gt;brAA @ 170 DM
br&lt;br&gt;brA @ 195 DM
br&lt;br&gt;brSr BBB @ 270 DM (16mm)
br&lt;br&gt;brBBB @ 345 DM (8mm)
br&lt;br&gt;brJr BBB @ 425 DM (4mm)
br&lt;br&gt;brBB @ 535 DM
br&lt;br&gt;brB retained/div&lt;/div&gt;/div",,"Scotia","5NC2","New Issue","Priced","6/2/2025","5/30/2025","oakcl32_newissue","BSL",
"False","False","Golub Capital Partners Static 2024-1","div&lt;div&gt;divAAA call desk
br&lt;br&gt;brAA @ 150 DM
br&lt;br&gt;brA @ 165 DM
br&lt;br&gt;brSr BBB @ 260 DM (27.5mm)
br&lt;br&gt;brJr BBB @ 365 DM (5.5mm)
br&lt;br&gt;brBB retained/div&lt;/div&gt;/div","AAA @ 112 DM
AA @ 150 DM
A @ 165 DM
Sr BBB @ 260 DM (27.5mm)
Jr BBB @ 365 DM (5.5mm0
BB @ 475 DM","Wells Fargo","0NC1","Reset","Priced","6/2/2025","6/25/2025","gost2024-1_reset","BSL",
"False","False","LCM 41","div&lt;div&gt;divSr AAA @ 120 DM (195mm)
br&lt;br&gt;brJr AAA @ 150-155 DM (6mm)
br&lt;br&gt;brAA @ 170-175 DM
br&lt;br&gt;brA @ 190-200 DM
br&lt;br&gt;brSr BBB @ 350-360 DM (18mm)
br&lt;br&gt;brJr BBB @ 450-475 DM (4.5mm)
br&lt;br&gt;brBB @ 675-700 DM/div&lt;/div&gt;/div","Sr AAA @ 120 DM (195mm)
Jr AAA @ 155 DM (6mm)
AA @ 170 DM
A @ 200 DM
Sr BBB @ 360 DM (18mm)
Jr BBB @ 530 DM (4.5mm)","Bank of America","1.75NC0.75","Refinancing","Priced","6/2/2025","6/12/2025","lcm41_refi","BSL",
"False","False","OHA Credit Funding 7","div&lt;div&gt;divX @ 90-95
br&lt;br&gt;brSr AAA @ 127-128 DM (352mm)
br&lt;br&gt;brJr AAA @ 150 DM (11mm)
br&lt;br&gt;brAA @ 160-165 DM
br&lt;br&gt;brA @ 175-180 DM
br&lt;br&gt;brSr BBB @ 265-270 DM (33mm)
br&lt;br&gt;brJr BBB @ 390-400 DM (3.5mm)
br&lt;br&gt;brBB @ 475-485 DM
br&lt;br&gt;brB call desk/div&lt;/div&gt;/div","X @ 105 DM
Sr AAA @ 128 DM (352mm)
Jr AAA @ 150 DM (11mm)
AA @ 160 DM
AA (fixed) @ 5.434%
A @ 180 DM
Sr BBB @ 270 DM (33mm)
Jr BBB @ 405 DM (3.5mm)
BB @ 490 DM","Nomura","5NC2","Reset","Priced","6/2/2025","6/18/2025","oakc2020-7_reset","BSL",
"False","False","Parallel 2023-1","div&lt;div&gt;divAAA @ 138 DM
br&lt;br&gt;brAA @ 180 DM
br&lt;br&gt;brA @ 205 DM
br&lt;br&gt;brBBB @ 340 DM
br&lt;br&gt;brBB @ 650 DM/div&lt;/div&gt;/div","AAA @ 139 DM
AA @ 180 DM
A @ 205 DM
BBB @ 360 DM
BB @ 725 DM","Citigroup","3NC1","Refinancing","Priced","5/29/2025","6/12/2025","parl2023-1_refi","BSL",
"False","False","Carlyle US CLO 2023-1","div&lt;div&gt;divSr AAA preplaced
br&lt;br&gt;brJr AAA @ 155-160 DM
br&lt;br&gt;brAA @ 165-175 DM
br&lt;br&gt;brA @ 180-190 DM
br&lt;br&gt;brSr BBB @ 280-290 DM (28.75mm)
br&lt;br&gt;brJr BBB @ 425-435 DM (3.75mm)
br&lt;br&gt;brBB @ 535-550 DM/div&lt;/div&gt;/div","Sr AAA @ 132 DM (310mm)
Jr AAA @ 160 DM (17.5mm)
AA @ 170 DM (50mm)
A @ 190 DM (31.25mm)
Sr BBB @ 285 DM (26.25mm)
Jr BBB @ 425 DM (6.25mm)
BB @ 575 DM
","Goldman Sachs","5NC2","Reset","Priced","5/29/2025","6/18/2025","cgms2023-1_reset","BSL",
"False","False","Barings CLO 2025-III","div&lt;div&gt;divSr AAA @ 130 DM/div&lt;/div&gt;/div","Sr AAA @ 132 DM
Jr AAA @ 160 DM
AA @ 165 DM
A @ 185 DM
Sr BBB @ 280 DM
Jr BBB @ 415 DM
BB @ 500 DM","Goldman Sachs","5NC2","New Issue","Priced","5/29/2025","7/2/2025","babsn2025-3_newissue","BSL",
"False","False","TCW CLO 2023-1","div&lt;div&gt;divX @ 110 DM
br&lt;br&gt;brSr AAA @ 133 DM (256mm)
br&lt;br&gt;brJr AAA @ 155 DM (6mm)
br&lt;br&gt;brAA @ 175 DM
br&lt;br&gt;brA @ 190 DM
br&lt;br&gt;brSr BBB @ 300 DM (24mm)
br&lt;br&gt;brJr BBB @ 400 DM (4mm)
br&lt;br&gt;brBB @ 625 DM/div&lt;/div&gt;/div","X @ 110 DM
Sr AAA @ 138 DM (244mm)
Jr AAA @ 160 DM (18mm)
AA @ 175 DM
A @ 190 DM
Sr BBB @ 335 DM (24mm)
Jr BBB @ 425 DM (3mm)
BB @ 725 DM","Jefferies","5NC2","Reset","Priced","5/29/2025","6/18/2025","tcw2023-1_reset","BSL",
"False","False","Wonder Lake Park CLO","div&lt;div&gt;divAAA @ 128-129 DM
br&lt;br&gt;brAA circled
br&lt;br&gt;brA circled
br&lt;br&gt;brSr BBB circled
br&lt;br&gt;brJr BBB @ 400-415 DM
br&lt;br&gt;brBB @ 490 DM/div&lt;/div&gt;/div","AAA @ 129 DM
AA @ 163 DM
A @ 180 DM
Sr BBB @ 275 DM (30mm)
Jr BBB @ 400 DM (3.5mm)
BB @ 490 DM","Nomura","5NC2","New Issue","Priced","5/29/2025","6/12/2025","wonderlake_newissue","BSL",
"False","False","OCP CLO 2023-28","div&lt;div&gt;divAAA @ 130 DM (preplaced)
br&lt;br&gt;brAA @ 165-170 DM
br&lt;br&gt;brA @ 180-185 DM
br&lt;br&gt;brSr BBB @ 280-285 DM (28.5mm)
br&lt;br&gt;brJr BBB @ 400-415 DM (4.75mm)
br&lt;br&gt;brBB @ 500-515 DM/div&lt;/div&gt;/div","AAA @ 130 DM
AA @ 170 DM
A @ 185 DM
Sr BBB @ 285 DM (28.5mm)
Jr BBB @ 410 DM (4.75mm)
BB @ 525 DM","Bank of America","5NC2","Reset","Priced","5/29/2025","6/18/2025","ocp28_reset","BSL",
"False","False","Monroe Capital MML CLO X","div&lt;div&gt;divX @ 125 DM
br&lt;br&gt;brAAA @ 167 DM
br&lt;br&gt;brAA @ 195 DM
br&lt;br&gt;brA @ 275-285 DM
br&lt;br&gt;brBBB @ 400 DM
br&lt;br&gt;brBB @ 750-775 DM/div&lt;/div&gt;/div","X @ 125 DM
AAA @ 167 DM
AA @ 195 DM
AA (fixed) @ 5.70%
A @ 290 DM
BBB @ 450 DM
BB @ 775 DM","Deutsche Bank","4NC2","Reset","Priced","5/29/2025","6/16/2025","mcmml10_reset","MM",
"False","False","GoldenTree Loan Management US CLO 17","div&lt;div&gt;divX @ 90 DM
br&lt;br&gt;brSr AAA @ 126-128 DM (320mm)
br&lt;br&gt;brJr AAA @ 141-148 DM (10mm)
br&lt;br&gt;brAA @ 165 DM
br&lt;br&gt;brA @ 180 DM
br&lt;br&gt;brSr BBB @ 270-280 DM (30mm)
br&lt;br&gt;brJr BBB @ 400 DM (5mm)
br&lt;br&gt;brBB @ 500 DM
br&lt;br&gt;brB @ 750 DM ($99)/div&lt;/div&gt;/div","X @ 90 DM
Sr AAA @ 128 DM (320mm)
Jr AAA @ 148 DM (10mm)
AA @ 165 DM
A @ 180 DM
Sr BBB @ 280 DM (30mm)
Jr BBB @ 400 DM (5mm)
BB @ 540 DM
B retained","Scotia","5NC2","Reset","Priced","5/28/2025","6/13/2025","glm17_reset","BSL",
"False","False","Anchorage Capital CLO 15","div&lt;div&gt;divSr AAA @ 140 DM (251mm)
br&lt;br&gt;brJr AAA @ 165-170 DM (7mm)
br&lt;br&gt;brAA @ 175-180 DM
br&lt;br&gt;brA @ 205-215 DM
br&lt;br&gt;brBBB @ 325-335 DM
br&lt;br&gt;brBB @ 605-615 DM/div&lt;/div&gt;/div","Sr AAA @ 141 DM (251mm)
Jr AAA @ 165 DM (7mm)
AA @ 185 DM
A @ 210 DM
BBB @ 342 DM
BB @ 605 DM
B @ S+766 bps","Deutsche Bank","5NC2","Reset","Priced","5/28/2025","6/10/2025","anchc15_reset","BSL",
"False","False","Trinitas CLO XXXIII","div&lt;div&gt;divAAA @ 132-134 DM
br&lt;br&gt;brAA @ 173 DM
br&lt;br&gt;brAA (fixed) @ +170-175 bps
br&lt;br&gt;brA @ 185-190 DM
br&lt;br&gt;brSr BBB @ 290-300 DM (27mm)
br&lt;br&gt;brJr BBB @ 415-425 DM (3.375mm)
br&lt;br&gt;brBB @ 540-560 DM/div&lt;/div&gt;/div","AAA @ 132 DM
AA @ 173 DM
A @ 188 DM
Sr BBB @ 315 DM
Jr BBB @ 425 DM
BB @ 595 DM","BNP Paribas","5NC2","New Issue","Priced","5/28/2025","6/11/2025","trnts33_newissue","BSL",
"False","False","Texas Debt Capital CLO 2023-I","div&lt;div&gt;divSr AAA @ 130-132 DM/div&lt;/div&gt;/div","Sr AAA @ 130 DM (320mm)
Jr AAA @ 155 DM (10mm)
AA @ 165 DM
A @ 180 DM
Sr BBB @ 275 DM (30mm)
Jr BBB @ 400 DM (5mm)
BB @ 495 DM","RBC","5NC2","Reset","Priced","5/28/2025","6/13/2025","tcifc2023-1_reset","BSL",
"False","False","AGL CLO 25","div&lt;div&gt;divSr AAA call desk
br&lt;br&gt;brJr AAA @ 155 DM
br&lt;br&gt;brAA @ 165 DM
br&lt;br&gt;brA @ 175-180 DM
br&lt;br&gt;brSr BBB @ 280-285 DM (30mm)
br&lt;br&gt;brJr BBB @ 385-400 DM (5mm)
br&lt;br&gt;brBB @ 515-525 DM/div&lt;/div&gt;/div","Sr AAA @ 135 DM (315mm)
Jr AAA @ 155 DM (15mm)
AA @ 165 DM
A @ 190 DM
Sr BBB @ 290 DM (30mm)
Jr BBB @ 420 DM (5mm)
BB @ 570 DM","Citigroup","5NC2","Reset","Priced","5/28/2025","6/11/2025","agl25_reset","BSL",
"False","False","Golub Capital Partners CLO 54(M)-R","div&lt;div&gt;divSr AAA @ 147 DM (377mm)
br&lt;br&gt;brJr AAA @ 170 DM (26mm)
br&lt;br&gt;brAA @ 190 DM
br&lt;br&gt;brA @ 245-255 DM
br&lt;br&gt;brBBB retained/div&lt;/div&gt;/div","Sr AAA @ 147 DM (377mm)
Jr AAA @ 170 DM (26mm)
AA @ 190 DM
A @ 245 DM
BBB @ 340 DM","BNP Paribas","3NC1","Reset","Priced","5/27/2025","6/25/2025","gocap54m_reset","MM",
"False","False","Neuberger Berman Loan Advisers CLO 61","div&lt;div&gt;divSr AAA preplaced
br&lt;br&gt;brJr AAA @ 150-155 DM (20mm)
br&lt;br&gt;brAA @ 165-170 DM
br&lt;br&gt;brA @ 180-185 DM
br&lt;br&gt;brSr BBB @ 275-280 DM (30mm)
br&lt;br&gt;brJr BBB @ 400-415 DM (5mm)
br&lt;br&gt;brBB @ 500-515 DM/div&lt;/div&gt;/div","Sr AAA @ 130 DM (310mm)
Jr AAA @ 158 DM (20mm)
AA @ 165 DM
A @ 180 DM
Sr BBB @ 280 DM (30mm)
Jr BBB @ 395 DM (5mm)
BB @ 490 DM
B retained","Bank of America","5NC2","New Issue","Priced","5/27/2025","6/11/2025","neub61_newissue","BSL",
"False","False","Navesink CLO 3","div&lt;div&gt;divAAA @ 148 DM/div&lt;/div&gt;/div","Sr AAA @ 148 DM (288mm)
Jr AAA @ 168 DM (9mm)
AA @ 190 DM
AA (fixed) @ 5.65%
A @ 230 DM
A (fixed) @ 6.03%
Sr BBB @ 365 DM (22.5mm)
Jr BBB @ 500 DM (2mm)
Jr BBB (fixed) @ 9% (7mm)
BB @ S+682 bps","Goldman Sachs","3NC1","New Issue","Priced","5/22/2025","6/13/2025","navs2_newissue","BSL",
"False","False","Palmer Square CLO 2021-4","div&lt;div&gt;divX @ 100 DM
br&lt;br&gt;brSr AAA @ 132 DM (call desk)
br&lt;br&gt;brJr AAA @ 150 DM
br&lt;br&gt;brAA @ 165-170 DM
br&lt;br&gt;brA @ 180-185 DM
br&lt;br&gt;brSr BBB @ 280-285 DM
br&lt;br&gt;brJr BBB @ 410-420 DM
br&lt;br&gt;brBB @ 500-515 DM
br&lt;br&gt;brB call desk/div&lt;/div&gt;/div","X @ 100 DM
Sr AAA @ 132 DM (480mm)
Jr AAA @ 160 DM (15mm)
AA @ 170 DM
A @ 185 DM
Sr BBB @ 285 DM (37.5mm)
Jr BBB @ 450 DM (11.25mm)
BB @ 575 DM
B @ 850 DM","Morgan Stanley","5NC2","Reset","Priced","5/22/2025","6/5/2025","plmrs2021-4_reset","BSL",
"False","False","Elmwood CLO 43","div&lt;div&gt;divSr AAA preplaced
br&lt;br&gt;brJr AAA @ 150-155 DM
br&lt;br&gt;brAA @ 165-170 DM
br&lt;br&gt;brA @ 180-185 DM
br&lt;br&gt;brBBB @ 280-285 DM
br&lt;br&gt;brBB @ 500-510 DM
br&lt;br&gt;brB call desk/div&lt;/div&gt;/div","Sr AAA @ 136 DM (307.5mm)
Jr AAA @ 158 DM (17.5mm)
AA @ 170 DM
A @ 185 DM
BBB @ 280 DM
BB @ 500 DM
B @ 725 DM","Citigroup","5NC2","New Issue","Priced","5/21/2025","6/5/2025","elm43_newissue","BSL",
"False","False","Ares LXXVII CLO","div&lt;div&gt;divSr AAA @ 132 DM (320mm)
br&lt;br&gt;brJr AAA @ 150 DM (10mm)
br&lt;br&gt;brAA @ 165-170 DM
br&lt;br&gt;brA @ 180-185 DM
br&lt;br&gt;brSr BBB @ 275-285 DM (30mm)
br&lt;br&gt;brJr BBB @ 400-415 DM (5mm)
br&lt;br&gt;brBB @ 525 DM/div&lt;/div&gt;/div","Sr AAA @ 132 DM (320mm)
Jr AAA @ 160 DM (10mm)
AA @ 170 DM
A @ 185 DM
Sr BBB @ 285 DM (30mm)
Jr BBB @ 415 DM (5mm)
BB @ 555 DM","Scotia","5NC2","New Issue","Priced","5/21/2025","5/30/2025","ares77_newissue","BSL",
"False","False","Ballyrock CLO 29","div&lt;div&gt;divSr AAA @ 132-133 DM (320mm)
br&lt;br&gt;brJr AAA @ 150-155 DM (10mm)
br&lt;br&gt;brAA @ 165-170 DM
br&lt;br&gt;brA @ 185-195 DM
br&lt;br&gt;brSr BBB @ 280-290 DM (30mm)
br&lt;br&gt;brJr BBB @ 400-425 DM (5mm)
br&lt;br&gt;brBB @ 500-525 DM/div&lt;/div&gt;/div","Sr AAA @ 132 DM (320mm)
Jr AAA @ 160 DM (10mm)
AA @ 170 DM
A @ 195 DM
Sr BBB @ 290 DM (30mm)
Jr BBB @ 430 DM (5mm)
BB @ 515 DM","Barclays","5NC2","New Issue","Priced","5/21/2025","6/6/2025","bally29_newissue","BSL",
"False","False","Golub Capital Partners CLO 81(B)","div&lt;div&gt;divSr AAA call desk
br&lt;br&gt;brJr AAA @ 150-155 DM
br&lt;br&gt;brAA @ 165-170 DM
br&lt;br&gt;brA @ 180-185 DM
br&lt;br&gt;brSr BBB @ 275-285 DM (24mm)
br&lt;br&gt;brJr BBB @ 390-400 DM (4mm)
br&lt;br&gt;brBB retained/div&lt;/div&gt;/div","Sr AAA @ 131 DM (256mm)
Jr AAA @ 155 DM (6mm)
AA @ 170 DM
A @ 180 DM
Sr BBB @ 280 DM (24mm)
Jr BBB @ 400 DM (4mm)
BB @ 510 DM","BNP Paribas","5NC2","New Issue","Priced","5/21/2025","6/6/2025","gcbsl81_newissue","BSL",
"False","False","Flatiron CLO 23","div&lt;div&gt;divAAA @ 124-125 DM
br&lt;br&gt;brAA @ 165 DM
br&lt;br&gt;brA @ 180 DM
br&lt;br&gt;brBBB @ 270 DM
br&lt;br&gt;brBB @ 495 DM/div&lt;/div&gt;/div","AAA @ 124 DM
AA @ 165 DM
A @ 180 DM
BBB @ 270 DM
BB @ 495 DM","JPMorgan","3NC1","Refinancing","Priced","5/21/2025","5/29/2025","flat23_newissue","BSL",
"False","False","CENT CLO 35","div&lt;div&gt;divX @ 105 DM
br&lt;br&gt;brSr AAA @ 140 DM (240mm)
br&lt;br&gt;brJr AAA @ 165 DM (24mm)
br&lt;br&gt;brAA @ 175 DM
br&lt;br&gt;brA @ 200 DM
br&lt;br&gt;brSr BBB @ 310 DM (24mm)
br&lt;br&gt;brJr BBB @ 425 DM (4mm)
br&lt;br&gt;brBB @ 600 DM/div&lt;/div&gt;/div","Sr AAA @ 140 DM (240mm)
Jr AAA @ 165 DM (24mm)
AA @ 175 DM
A @ 200 DM
Sr BBB @ 350 DM (15mm)
Sr BBB (fixed) @ 7.213% (5mm)
Jr BBB @ 450 DM (3mm)
Jr BBB (fixed) @ 8.50% (5mm)
BB @ 675 DM","Jefferies","3NC1","New Issue","Priced","5/20/2025","6/4/2025","ceclo35_newissue","BSL",
"False","False","Cerberus Loan Funding 50","div&lt;div&gt;divAAA @ 165 DM
br&lt;br&gt;brAA @ 195-200 DM
br&lt;br&gt;brA @ 260-270 DM
br&lt;br&gt;brBBB @ 380-390 DM/div&lt;/div&gt;/div","AAA @ 165 DM
AA @ 195 DM
A @ 260 DM
BBB @ 380 DM","Wells Fargo","4NC2","Re-Issue","Priced","5/20/2025","6/10/2025","cerb50_reissue","MM",
"False","False","Voya CLO 2025-3","div&lt;div&gt;divSr AAA call desk
br&lt;br&gt;brJr AAA @ 150-155 DM
br&lt;br&gt;brAA @ 165-170 DM
br&lt;br&gt;brA @ 180-190 DM
br&lt;br&gt;brSr BBB @ 280-290 DM (24mm)
br&lt;br&gt;brJr BBB @ 400-425 DM (4mm)
br&lt;br&gt;brBB @ 550 DM/div&lt;/div&gt;/div","Sr AAA @ 131 DM (252mm)
Jr AAA @ 160 DM (16mm)
AA @ 168 DM
A @ 190 DM
Sr BBB @ 290 DM (24mm)
Jr BBB @ 405 DM (4mm)
BB @ 540 DM","Bank of America","5NC2","New Issue","Priced","5/20/2025","6/6/2025","voya2025-3_newissue","BSL",
"False","False","CBAMR 4 CLO","div&lt;div&gt;divX @ 100-110 DM
br&lt;br&gt;brAAA @ 140-145 DM
br&lt;br&gt;brAA @ 175-180 DM
br&lt;br&gt;brA @ 190-200 DM
br&lt;br&gt;brSr BBB @ 300-310 DM
br&lt;br&gt;brJr BBB @ 425-450 DM
br&lt;br&gt;brBB @ 600 DM/div&lt;/div&gt;/div","X @ 110 DM
Sr AAA @ 142 DM (620mm)
Jr AAA @ 168 DM (30mm)
AA @ 180 DM
A @ 200 DM
Sr BBB @ 300 DM (50mm)
Jr BBB @ 450 DM (10mm)
BB @ 600 DM
B retained","Morgan Stanley","5NC2","Reset","Priced","5/20/2025","6/6/2025","cbamr4_reset","BSL",
"False","False","Morgan Stanley Eaton Vance CLO 2023-19","div&lt;div&gt;divSr AAA preplaced
br&lt;br&gt;brJr AAA @ 155 DM
br&lt;br&gt;brAA @ 170 DM
br&lt;br&gt;brA @ 190 DM
br&lt;br&gt;brSr BBB @ 290 DM (24mm)
br&lt;br&gt;brJr BBB @ 400 DM (4mm)
br&lt;br&gt;brBB @ 550 DM/div&lt;/div&gt;/div","Sr AAA @ 135 DM (252mm)
Jr AAA @ 165 DM (12mm)
AA @ 175 DM
A @ 200 DM
Sr BBB @ 300 DM (20mm)
Jr BBB @ 450 DM (8mm)
BB @ 550 DM","Wells Fargo","5NC2","Reset","Priced","5/20/2025","6/13/2025","msev19_reset","BSL",
"False","False","Sculptor CLO XXX","div&lt;div&gt;divX @ 100 DM
br&lt;br&gt;brAAA @ 145 DM
br&lt;br&gt;brAA @ 180-185 DM
br&lt;br&gt;brA @ 200-210 DM
br&lt;br&gt;brSr BBB @ 330-345 DM (24mm)
br&lt;br&gt;brJr BBB @ 450 DM (2mm)
br&lt;br&gt;brBB @ 650-670 DM/div&lt;/div&gt;/div","X @ 105 DM
AAA @ 145 DM
AA @ 180 DM
A @ 205 DM
A (fixed) @ 5.931%
Sr BBB @ 360 DM (20mm)
Jr BBB @ 460 DM (6mm)
BB @ S+682 bps
","JPMorgan","5NC2","Reset","Priced","5/20/2025","6/11/2025","sculp30_reset","BSL",
"False","False","Brant Point CLO 2025-7","div&lt;div&gt;divSr AAA @ 138 DM (256mm)
br&lt;br&gt;brJr AAA @ 155-160 DM (8mm)
br&lt;br&gt;brAA @ 170 DM
br&lt;br&gt;brA @ 195-200 DM
br&lt;br&gt;brSr BBB @ 325 DM (24mm)
br&lt;br&gt;brJr BBB call desk
br&lt;br&gt;brBB @ 600-625 DM/div&lt;/div&gt;/div","Sr AAA @ 138 DM (256mm)
Jr AAA @ 160 DM (8mm)
AA @ 173 DM
A @ 200 DM
Sr BBB @ 320 DM (22mm)
Jr BBB @ 425 DM (4mm)
BB @ 650 DM","Societe Generale","5NC2","New Issue","Priced","5/20/2025","6/3/2025","brantpt7_newissue","BSL",
"False","False","Battalion CLO XXIX","Sr AAA @ 138-140  DM
Jr AAA @ 155 DM
AA @ 175 DM
A @ 200 DM
Sr BBB @ 310 DM
Jr BBB @ 430 DM","Sr AAA @ 140 DM (240mm)
Jr AAA @ 160 DM (12mm)
AA @ 180 DM
A @ 205 DM
Sr BBB @ 330 DM (24mm)
Jr BBB @ 425 DM (4mm)
BB @ 635 DM","Mizuho","5NC2","New Issue","Priced","5/19/2025","6/3/2025","batln29_newissue","BSL",
"False","False","OHA Credit Funding 15-R","div&lt;div&gt;divX @ 85-90 DM
br&lt;br&gt;brAAA @ 127-129 DM
br&lt;br&gt;brAA @ 165-170 DM
br&lt;br&gt;brAA (fixed) @ +165
br&lt;br&gt;brA @ 180-185 DM
br&lt;br&gt;brBBB @ 280-285 DM
br&lt;br&gt;brBB @ 500-510 DM/div&lt;/div&gt;/div","X @ 100 DM
AAA @ 129 DM
AA @ 165 DM
AA (fixed) @ 5.459%
A @ 180 DM
BBB @ 270 DM
BB @ 485 DM","Nomura","5NC2","Re-Issue","Priced","5/19/2025","6/4/2025","oha15r_reissue","BSL",
"False","False","Wind River 2023-1 CLO","div&lt;div&gt;divSr AAA @ 147 DM/div&lt;/div&gt;/div","X @ 115 DM
Sr AAA @ 147 DM (320mm)
Jr AAA @ 170 DM (10mm)
AA @ 180 DM
A @ 205 DM
A (fixed) @ 5.925%
Sr BBB @ 340 DM (22.5mm)
Jr BBB @ 500 DM (10mm)
BB @ 675 DM
B @ 975 DM","Goldman Sachs","5NC2","Reset","Priced","5/19/2025","6/4/2025","windr2023-1_reset","BSL",
"False","False","Magnetite XXXVI","div&lt;div&gt;divX call desk
br&lt;br&gt;brSr AAA @ 132 DM (273.5mm)
br&lt;br&gt;brJr AAA @ 160 DM (51.8mm)
br&lt;br&gt;brAA @ 160 DM
br&lt;br&gt;brA @ 180 DM
br&lt;br&gt;brBBB @ 280 DM
br&lt;br&gt;brBB @ 500 DM
br&lt;br&gt;brB @ 700 DM/div&lt;/div&gt;/div","X @ 110 DM
AAA @ 132 DM
AA @ 165 DM
A @ 185 DM
BBB @ 280 DM
BB @ 500 DM
B @ 750 DM","Santander","5NC2","Reset","Priced","5/19/2025","5/30/2025","magne36_reset","BSL",
"False","False","HalseyPoint CLO 7","div&lt;div&gt;divAAA @ 145 DM
br&lt;br&gt;brAA @ 180 DM
br&lt;br&gt;brA @ 200 DM
br&lt;br&gt;brBBB @ 325 DM
br&lt;br&gt;brBB @ 600 DM
br&lt;br&gt;brB @ 800 DM/div&lt;/div&gt;/div","Sr AAA @ 145 DM (258mm)
Jr AAA @ 170 DM (17.2mm)
AA @ 185 DM
A @ 220 DM
Sr BBB @ 330 DM (21mm)
Jr BBB @ 475 DM (6.95mm)
BB @ 675 DM
B @ 1100 DM","Santander","5NC2","Reset","Priced","5/19/2025","6/6/2025","hlsy7_reset","BSL",
"False","False","Sixth Street CLO 29","div&lt;div&gt;divAAA @ 133 DM
br&lt;br&gt;brAA @ 170 DM
br&lt;br&gt;brA @ 185-195 DM
br&lt;br&gt;brBBB @ 285-295 DM
br&lt;br&gt;brBB @ 500-525 DM/div&lt;/div&gt;/div","AAA @ 133 DM
AA @ 165 DM
A @ 185 DM
BBB @ 285 DM
BB @ 500 DM","Bank of America","5NC2","New Issue","Priced","5/16/2025","6/5/2025","sixst29_newissue","BSL",
"False","False","BCC Middle Market CLO 2025-1","div&lt;div&gt;divAAA @ LM160s DM/div&lt;/div&gt;/div","Sr AAA @ 162 DM (203mm)
Jr AAA @ 177 DM (14mm)
AA @ 195 DM
A @ 250 DM
Sr BBB @ 350 DM (19.25mm)
Jr BBB @ 550 DM (8.75mm)","Societe Generale","4NC2","New Issue","Priced","5/16/2025","6/5/2025","bcc2025-1_newissue","MM",
"False","False","Apidos CLO XLIII","div&lt;div&gt;divX @ 100 DM
br&lt;br&gt;brSr AAA preplaced
br&lt;br&gt;brJr AAA @ 150-160 DM
br&lt;br&gt;brAA @ 170-175 DM
br&lt;br&gt;brA @ 190-200 DM
br&lt;br&gt;brSr BBB @ 290-300 DM (30mm)
br&lt;br&gt;brJr BBB @ 425-435 DM (5mm)
br&lt;br&gt;brBB @ 550-575 DM
br&lt;br&gt;brB @ 750-775 DM/div&lt;/div&gt;/div","X @ 105 DM
Sr AAA @ 140 DM (307.5mm)
Jr AAA @ 160 DM (22.5mm)
AA @ 168 DM
A @ 190 DM
Sr BBB @ 300 DM (30mm)
Jr BBB @ 425 DM (5mm)
BB @ 535 DM
B @ S+667 bps","Deutsche Bank","5NC2","Reset","Priced","5/15/2025","5/28/2025","apid43_reset","BSL",
"False","False","CarVal CLO XII-C","div&lt;div&gt;divSr AAA preplaced
br&lt;br&gt;brJr AAA @ 160-165 DM
br&lt;br&gt;brAA preplaced
br&lt;br&gt;brA @ 200-210 DM
br&lt;br&gt;brBBB @ 300-320 DM
br&lt;br&gt;brBB @ 590-610 DM/div&lt;/div&gt;/div","Sr AAA @ 140 DM (256mm)
Jr AAA @ 160 DM (7mm)
AA @ 180 DM
A @ 190 DM
BBB @ 320 DM
BB @ 590 DM","JPMorgan","5NC2","New Issue","Priced","5/15/2025","5/29/2025","carval12c_newissue","BSL",
"False","False","Generate CLO 21","div&lt;div&gt;divAAA @ 135 DM
br&lt;br&gt;brAA @ 175-180 DM
br&lt;br&gt;brA @ 190-200 DM
br&lt;br&gt;brSr BBB @ 300-310 DM (24mm)
br&lt;br&gt;brJr BBB @ 425-450 DM (4mm)
br&lt;br&gt;brBB @ 575-595 DM/div&lt;/div&gt;/div","AAA @ 135 DM
AA @ 175 DM
A @ 190 DM
Sr BBB @ 310 DM (24mm)
Jr BBB @ 425 DM (4mm)
BB @ 550 DM","JPMorgan","5NC2","New Issue","Priced","5/15/2025","5/29/2025","gnrt21_newissue","BSL",
"False","False","RR 40","div&lt;div&gt;divAAA @ 134 DM
br&lt;br&gt;brAA @ 180 DM
br&lt;br&gt;brA @ 200 DM
br&lt;br&gt;brBBB @ 305 DM
br&lt;br&gt;brBB @ 575 DM/div&lt;/div&gt;/div","AAA @ 134 DM
AA @ 180 DM
A @ 200 DM
BBB @ 305 DM
BB @ 575 DM","Citigroup","5NC2","New Issue","Priced","5/15/2025","5/20/2025","rr40_newissue","BSL",
"False","False","Symphony CLO 49","div&lt;div&gt;divX @ 95 DM
br&lt;br&gt;brSr AAA preplaced
br&lt;br&gt;brJr AAA @ 155-160 DM
br&lt;br&gt;brAA @ 170 DM
br&lt;br&gt;brA @ 190-195 DM
br&lt;br&gt;brSr BBB @ 285-295 DM (24mm)
br&lt;br&gt;brJr BBB @ 415-430 DM (4mm)
br&lt;br&gt;brBB @ 520-540 DM/div&lt;/div&gt;/div","X @ 100 DM
Sr AAA @ 134 DM (240mm)
Jr AAA @ 160 DM (32mm)
AA @ 170 DM
A @ 185 DM
Sr BBB @ 280 DM (24mm)
Jr BBB @ 415 DM (4mm)
BB @ 540 DM","JPMorgan","5NC2","New Issue","Priced","5/15/2025","5/22/2025","symp49_newissue","BSL",
"False","False","Polus US CLO II","div&lt;div&gt;divX @ 100 DM
br&lt;br&gt;brSr AAA @ 152 DM (240mm)
br&lt;br&gt;brJr AAA @ 172 DM (24mm)
br&lt;br&gt;brAA @ 190 DM
br&lt;br&gt;brA @ 225 DM
br&lt;br&gt;brSr BBB @ 350 DM (24mm)
br&lt;br&gt;brJr BBB @ 425 DM (4mm)
br&lt;br&gt;brBB @ 625-650 DM/div&lt;/div&gt;/div","X @ 120 DM
Sr AAA @ 152 DM (240mm)
Jr AAA @ 172 DM (24mm)
AA @ 190 DM
A @ 225 DM
Sr BBB @ 350 DM (20mm)
Jr BBB @ 475 DM (8mm)
BB @ 675 DM","Jefferies","5NC2","New Issue","Priced","5/14/2025","5/23/2025","polus2_newissue","BSL",
"False","False","Birch Grove CLO 6","div&lt;div&gt;divSr AAA @ 138 DM (356.5mm)
br&lt;br&gt;brJr AAA @ 155-160 DM (23mm)
br&lt;br&gt;brAA @ 170-175 DM
br&lt;br&gt;brA @ 190-195 DM
br&lt;br&gt;brSr BBB @ 285-295 DM (34.5mm)
br&lt;br&gt;brJr BBB @ 400-425 DM (4.3mm)
br&lt;br&gt;brBB @ 525-550 DM
br&lt;br&gt;brB call desk/div&lt;/div&gt;/div",,"Bank of America","5NC2","Reset","Announced","5/14/2025",,"bgclo6_reset","BSL",
"False","False","Barings CLO 2025-2","div&lt;div&gt;divSr AAA @ 138 DM (288mm; preplaced)
br&lt;br&gt;brJr AAA @ 160-165 DM (9mm)
br&lt;br&gt;brAA @ 175 DM (preplaced)
br&lt;br&gt;brA @ 200 DM (preplaced)
br&lt;br&gt;brSr BBB @ 300-310 DM (27mm)
br&lt;br&gt;brJr BBB @ 400 DM (4.5mm)
br&lt;br&gt;brBB @ 565-590 DM/div&lt;/div&gt;/div","Sr AAA @ 138 DM (320mm)
Jr AAA @ 160 DM (10mm)
AA @ 175 DM
A @ 200 DM
Sr BBB @ 305 DM (30mm)
Jr BBB @ 405 DM (5mm)
BB @ 575 DM","Bank of America","5NC2","New Issue","Priced","5/13/2025","5/23/2025","babsn2025-2_newissue","BSL",
"False","False","AGL CLO 42","div&lt;div&gt;divSr AAA @ 130 DM (320mm)
br&lt;br&gt;brJr AAA @ 155-160 DM (10mm)
br&lt;br&gt;brAA @ 170-175 DM
br&lt;br&gt;brA @ 190-195 DM
br&lt;br&gt;brBBB @ 285-295 DM
br&lt;br&gt;brBB @ 530-550 DM
br&lt;br&gt;brB call desk/div&lt;/div&gt;/div","Sr AAA @ 130 DM (320mm)
Jr AAA @ 160 DM (10mm)
AA @ 165 DM
A @ 180 DM
BBB @ 285 DM
BB @ 515 DM
B @ 750 DM","Barclays","5NC2","New Issue","Priced","5/13/2025","5/28/2025","agl42_newissue","BSL",
"False","False","Palmer Square Loan Funding 2025-2","div&lt;div&gt;divTBD/div&lt;/div&gt;/div","AAA @ 94 DM
AA @ 140 DM
A @ 170 DM
BBB @ 250 DM
BB @ 450 DM","Citigroup","0NC1","New Issue","Priced","5/12/2025","6/25/2025","pstat2025-2_newissue","BSL",
"False","False","Golub Capital BDC 4 CLO 1","div&lt;div&gt;divSr AAA @ 163 DM (580mm)
br&lt;br&gt;brJr AAA @ 180 DM (40mm)
br&lt;br&gt;brAA @ 195-200 DM
br&lt;br&gt;brA not offered
br&lt;br&gt;br
br&lt;br&gt;br/div&lt;/div&gt;/div","Sr AAA @ 163 DM (667mm)
Jr AAA @ 180 DM (40.25mm)
AA @ 200 DM
A retained","BNP Paribas","4NC2","New Issue","Priced","5/12/2025","5/23/2025","golub-bdc4-1_newissue","MM",
"False","False","Warwick Capital CLO 6","div&lt;div&gt;divSr AAA @ 143 DM (240mm)
br&lt;br&gt;brJr AAA @ 160-165 DM (24mm)
br&lt;br&gt;brAA @ 175-180 DM
br&lt;br&gt;brA @ 200-210 DM
br&lt;br&gt;brSr BBB @ 310-320 DM (20mm)
br&lt;br&gt;brJr BBB @ 425 DM (6mm)
br&lt;br&gt;brBB @ 600-625 DM/div&lt;/div&gt;/div","Sr AAA @ 143 DM (240mm)
Jr AAA @ 165 DM (24mm)
AA @ 175 DM
A @ 200 DM
Sr BBB @ 305 DM (20mm)
Jr BBB (fixed) @ 8.412% (6mm)
BB @ 600 DM","RBC","5NC2","New Issue","Priced","5/12/2025","5/22/2025","wwick6_newissue","BSL",
"False","False","KKR CLO 57","div&lt;div&gt;divAAA call desk
br&lt;br&gt;brAA @ 175-180 DM
br&lt;br&gt;brA @ 200-210 DM
br&lt;br&gt;brBBB @ 310-320 DM
br&lt;br&gt;brBB @ 600-635 DM
br&lt;br&gt;brB call desk/div&lt;/div&gt;/div","AAA @ 140 DM
AA @ 170 DM
A @ 198 DM
BBB @ 345 DM
BB @ 575 DM
B @ 775 DM","Societe Generale","5NC2","New Issue","Priced","5/12/2025","5/23/2025","kkr57_newissue","BSL",
"False","False","HPS Loan Management 2025-25",,"AAA @ 143 DM
AA @ 190 DM
A @ 220 DM
A (fixed) @ 6.00%
Sr BBB @ 325 DM (30mm)
Jr BBB @ 485 DM (3.75mm)
BB @ 665 DM
B retained","Mizuho","5NC2","New Issue","Priced","5/9/2025","5/9/2025","hps2025-25_newissue","BSL",
"False","False","OHA Credit Funding 22",,"Sr AAA @ 133 DM (252mm)
Jr AAA @ 160 DM (12mm)
AA @ 175 DM
A @ 195 DM
Sr BBB @ 295 DM (20mm)
BBB @ 310 DM (4mm)
Jr BBB @ 425 DM (3mm)
BB @ 555 DM","BNP Paribas","3NC1","New Issue","Priced","5/9/2025","5/9/2025","ohalf22_newissue","BSL",
"False","False","Fortress Credit BSL XVIII","div&lt;div&gt;divSr AAA @ 157 DM/div&lt;/div&gt;/div","X @ 115 DM
Sr AAA @ 157 DM (248mm)
Jr AAA @ 175 DM (8mm)
AA @ 185 DM
A @ 225 DM
Sr BBB @ 390 DM (24mm)
Jr BBB @ 480 DM (6mm)
BB @ 610 DM
B retained","Goldman Sachs","3NC1","Refinancing","Priced","5/9/2025","5/23/2025","fcbsl18_refi","BSL",
"False","False","Carlyle US CLO 2025-3","div&lt;div&gt;divAAA @ 136-138 DM
br&lt;br&gt;brAA @ 170-175 DM
br&lt;br&gt;brA circled
br&lt;br&gt;brBBB circled
br&lt;br&gt;brBB @ 590-600 DM/div&lt;/div&gt;/div","AAA @ 138 DM
AA @ 170 DM
A @ 200 DM
BBB @ 305 DM
BB @ 525 DM","Nomura","5NC2","New Issue","Priced","5/9/2025","5/21/2025","cgms2025-3_newissue","BSL",
"False","False","AGL CLO 10","div&lt;div&gt;divAAA @ 131 DM/div&lt;/div&gt;/div",,"Citigroup",,"Refinancing","Priced","5/8/2025","5/6/2025","agl10_refi","BSL",
"False","False","PennantPark CLO VI",,"A @ 185 DM
BBB @ 450 DM
BB retained","GreensLedge","4NC2","Reset","Priced","5/8/2025",,"pntpk6_reset","MM",
"False","False","Greenacre Park CLO (fka Clover CLO 2021-2)","div&lt;div&gt;divAAA @ 137 DM (anchored there)/div&lt;/div&gt;/div","X @ 105 DM
AAA @ 137 DM
AA @ 170 DM
A @ 195 DM
Sr BBB @ 310 DM (24mm)
Jr BBB @ 450 DM (3mm)
BB @ 600 DM
B @ 850 DM
","Bank of America","5NC2","Reset","Priced","5/8/2025","5/22/2025","greenacre_reset","BSL",
"False","False","CQS CLO US 2025-4","div&lt;div&gt;divX @ 105 DM
br&lt;br&gt;brSr AAA @ 145 DM (256mm)
br&lt;br&gt;brJr AAA @ 170 DM (8mm)
br&lt;br&gt;brAA @ 190 DM
br&lt;br&gt;brA @ 210 DM
br&lt;br&gt;brBBB @ 340 DM
br&lt;br&gt;brBB @ 675 DM/div&lt;/div&gt;/div","Sr AAA @ 145 DM (256mm)
Jr AAA @ 170 DM (8mm)
AA @ 190 DM
A @ 225 DM
Sr BBB @ 350 DM (20mm)
Jr BBB @ 450 DM (4mm)
Jr BBB (fixed) @ 8.50%
BB @ 675 DM","Jefferies","3NC1","New Issue","Priced","5/8/2025","5/23/2025","cqs2025-4_newissue","BSL",
"False","False","Dryden 124 CLO","dealer tbd - goldman probably not right
dont think we&amp;amp;amp;#39;ve seen this one
AAA @ 140a DM",,"Goldman Sachs",,"New Issue","Upcoming","5/8/2025",,"drslf124_newissue","BSL",
"False","False","Anchorage Capital CLO 26","div&lt;div&gt;divSr AAA preplaced
br&lt;br&gt;brJr AAA preplaced
br&lt;br&gt;brAA preplaced
br&lt;br&gt;brA @ 225-235 DM
br&lt;br&gt;brSr BBB @ 345-355 DM (20mm)
br&lt;br&gt;brJr BBB @ 500-525 DM (8mm)
br&lt;br&gt;brBB @ 660-675 DM
br&lt;br&gt;brB retained/div&lt;/div&gt;/div","Sr AAA @ 152 DM (240mm)
Jr AAA @ 180 DM (20mm)
AA @ 205 DM
A @ 225 DM
Sr BBB @ 340 DM (22mm)
Jr BBB @ 475 DM (4mm)
BB @ 625 DM
B retained","Goldman Sachs","5NC2","Reset","Priced","5/8/2025","5/21/2025","anchc26_reset","BSL",
"False","False","Park Blue CLO 2023-III","div&lt;div&gt;divSr AAA @ 148 DM (248mm)
br&lt;br&gt;brJr AAA @ 170-175 DM (14mm)
br&lt;br&gt;brAA @ 190-195 DM
br&lt;br&gt;brA @ 220-230 DM
br&lt;br&gt;brSr BBB @ 350-370 DM (20mm)
br&lt;br&gt;brJr BBB @ 500-525 DM (5mm)
br&lt;br&gt;brBB @ 700-715 DM
br&lt;br&gt;brB @ 875 DM/div&lt;/div&gt;/div","Sr AAA @ 148 DM (248mm)
Jr AAA @ 168 DM (14mm)
AA @ 185 DM
A @ 218 DM
Sr BBB @ 350 DM (18mm)
Jr BBB @ 500 DM (7mm)
BB @ 725 DM
B retained","Goldman Sachs","5NC2","Reset","Priced","5/8/2025","5/29/2025","pkblu2023-3_reset","BSL",
"False","False","Golub Capital Partners CLO 66(B)","div&lt;div&gt;divAAA @ 145 DM
br&lt;br&gt;brAA @ 175-180 DM
br&lt;br&gt;brA @ 200-210 DM
br&lt;br&gt;brBBB call desk
br&lt;br&gt;brBB retained/div&lt;/div&gt;/div","AAA @ 145 DM
AA @ 180 DM
A @ 205 DM
BBB @ 300 DM
BB retained","Bank of America","5NC2","Reset","Priced","5/7/2025","5/16/2025","gcbsl66_reset","BSL",
"False","False","Garnet CLO 2025-1","div&lt;div&gt;divAAA @ 150 DM
br&lt;br&gt;brAA @ 190-200 DM
br&lt;br&gt;brA @ 230-240 DM
br&lt;br&gt;brBBB @ 340-350 DM
br&lt;br&gt;brBB @ 675-700 DM/div&lt;/div&gt;/div","AAA @ 150 DM
AA @ 190 DM
A @ 225 DM
BBB @ 340 DM
BB @ 625 DM","Citigroup","4NC2","New Issue","Priced","5/7/2025","5/22/2025","garnet2025-1_newissue","BSL",
"False","False","Galaxy 31 CLO","div&lt;div&gt;divAAA call desk
br&lt;br&gt;brAA @ 175-185 DM
br&lt;br&gt;brA @ 200-210 DM
br&lt;br&gt;brBBB @ 315-335 DM
br&lt;br&gt;brBB @ 600-625 DM/div&lt;/div&gt;/div","AAA @ 146 DM
AA @ 180 DM
A @ 200 DM
BBB @ 320 DM
BB @ 550 DM","JPMorgan","5NC2","New Issue","Priced","5/7/2025","5/19/2025","galxy31_reset","BSL",
"False","False","Bain Capital Credit CLO 2023-1","div&lt;div&gt;divX @ 105 DM
br&lt;br&gt;brSr AAA @ 140 DM (256mm)
br&lt;br&gt;brJr AAA @ 160 DM (8mm)
br&lt;br&gt;brAA @ 180 DM
br&lt;br&gt;brA @ 205 DM
br&lt;br&gt;brSr BBB @ 325 DM (24mm)
br&lt;br&gt;brJr BBB @ 425 DM (2mm)
br&lt;br&gt;brBB @ 625 DM/div&lt;/div&gt;/div","X @ 110 DM
Sr AAA @ 140 DM (256mm)
Jr AAA @ 162 DM (8mm)
AA @ 175 DM
A @ 205 DM
Sr BBB @ 320 DM (20mm)
BBB @ 395 DM (4mm)
Jr BBB @ 500 DM (2mm)
BB @ 625 DM","Jefferies","5NC2","Reset","Priced","5/6/2025","5/19/2025","bcc2023-1_reset","BSL",
"False","False","Owl Rock CLO XXI","div&lt;div&gt;divAAA @ 140 DM
br&lt;br&gt;brAA @ 190-195 DM
br&lt;br&gt;brA @ 225-235 DM/div&lt;/div&gt;/div","AAA @ 140 DM
AA @ 190 DM
A @ 240 DM","Societe Generale","0.5NC1","New Issue","Priced","5/6/2025","5/16/2025","or21_newissue","MM",
"False","False","BlackRock Mt. Lassen CLO XV","div&lt;div&gt;divSr AAA @ 165-168 DM/div&lt;/div&gt;/div","Sr AAA @ 165 DM (220mm)
Jr AAA @ 183 DM (20mm)
AA @ 205 DM
A @ 275 DM
BBB @ 395 DM
BB retained","Scotia","4NC2","New Issue","Priced","5/6/2025","5/28/2025","mtlassen_newissue","MM",
"False","False","Benefit Street Partners CLO XL","div&lt;div&gt;divAAA @ 130-135 DM/div&lt;/div&gt;/div","AAA @ 130 DM
AA @ 170 DM
A @ 180 DM
Sr BBB @ 275 DM (24mm)
Jr BBB @ 400 DM (4mm)
BB @ 525 DM","JPMorgan","5NC2","New Issue","Priced","5/5/2025","5/22/2025","bsp40_newissue","BSL",
"False","False","Franklin Park Place CLO VI","div&lt;div&gt;divAAA preplaced overseas/div&lt;/div&gt;/div","Sr AAA @ 147 DM (283.5mm)
Jr AAA @ 170 DM (13.5mm)
AA @ 180 DM
AA (fixed) @ 5.607%
A @ 200 DM
Sr BBB @ 310 DM (24.75mm)
Jr BBB @ 485 DM (6.75mm)
BB @ 640 DM","CIBC","5NC2","New Issue","Priced","5/5/2025","6/3/2025","fppc6_newissue","BSL",
"False","False","Invesco US CLO 2025-1","div&lt;div&gt;divMajority AAA done @ 140 DM (49% to sell)/div&lt;/div&gt;/div","AAA @ 140 DM
AA @ 180 DM
A @ 200 DM
BBB @ 310 DM
BB @ 600 DM","Citigroup","5NC2","New Issue","Priced","5/2/2025","5/23/2025","invco2025-1_newissue","BSL",
"False","False","MidOcean Credit CLO XIX","div&lt;div&gt;divSr AAA @ 145 DM (248mm)
br&lt;br&gt;brJr AAA @ 160-170 DM (16mm)
br&lt;br&gt;brAA @ 180-185 DM
br&lt;br&gt;brA @ 205-215 DM
br&lt;br&gt;brBBB @ 330-340 DM
br&lt;br&gt;brBB @ 625-650 DM/div&lt;/div&gt;/div","Sr AAA @ 145 DM (248mm)
Jr AAA @ 175 DM (16mm)
AA @ 185 DM
A @ 205 DM
Sr BBB @ 300 DM (16mm)
Jr BBB @ 390 DM (8mm)
BB @ 625 DM","Bank of America","3NC1","New Issue","Priced","5/2/2025","5/16/2025","mido19_newissue","BSL",
"False","False","Silver Point CLO 9","div&lt;div&gt;divSr AAA @ 152 DM (300mm)
br&lt;br&gt;brJr AAA @ 180 DM (22.5mm)
br&lt;br&gt;brAA @ 210 DM
br&lt;br&gt;brA @ 240 DM
br&lt;br&gt;brSr BBB @ 360 DM (26.25mm)
br&lt;br&gt;brJr BBB @ 500 DM (5mm)
br&lt;br&gt;brBB @ 690 DM
br&lt;br&gt;brB retained/div&lt;/div&gt;/div",,"Mizuho","5NC2","New Issue","Priced","5/1/2025","5/1/2025","spclo9_newissue","BSL",
"False","False","Churchill NCPCIF CLO-II",,"Sr AAA @ 166.5 DM (290mm)|
Jr AAA @ 185 DM (20mm)
AA @ 210 DM","Scotia","4NC2","New Issue","Priced","5/1/2025","4/30/2025","chmml2025-2_newissue","MM",
"False","False","BCRED BSL Static CLO 2025-1","div&lt;div&gt;divAAA @ 125-130 DM
br&lt;br&gt;brAA @ 185 DM
br&lt;br&gt;brA @ 200-210 DM/div&lt;/div&gt;/div","AAA @ 125 DM
AA @ 185 DM
A @ 210 DM
BBB retained","Morgan Stanley","0NC0.5","New Issue","Priced","5/1/2025","5/8/2025","bcred-static-bsl-2025-1_newissue","BSL",
"False","False","Market Street CLO I","div&lt;div&gt;divSr AAA @ 160 DM (256mm)
br&lt;br&gt;brJr AAA @ 180 DM (8mm)
br&lt;br&gt;brAA @ 205 DM
br&lt;br&gt;brA @ 250 DM
br&lt;br&gt;brSr BBB @ 350 DM (24mm)
br&lt;br&gt;brJr BBB @ 475 DM (4mm)
br&lt;br&gt;brBB @ 700 DM/div&lt;/div&gt;/div","Sr AAA @ 160 DM (256mm)
Jr AAA @ 180 DM (8mm)
AA @ 205 DM
A @ 240 DM
Sr BBB @ 350 DM (20mm)
Jr BBB @ 475 DM (3mm)
BB @ 700 DM","Jefferies","5NC2","New Issue","Priced","5/1/2025","5/8/2025","marketstreet1_newissue","BSL",
"False","False","Apidos CLO XXIX","div&lt;div&gt;divSr AAA preplaced
br&lt;br&gt;brJr AAA @ 155-160 DM (24.75mm)
br&lt;br&gt;brAA @ 170-180 DM
br&lt;br&gt;brA @ 205-215 DM
br&lt;br&gt;brSr BBB @ 310-320 DM (33mm)
br&lt;br&gt;brJr BBB @ 450-465 DM (5.5mm)
br&lt;br&gt;brBB @ 615-625 DM
br&lt;br&gt;brB call desk/div&lt;/div&gt;/div","Sr AAA @ 137 DM (338.25mm)
Jr AAA @ 165 DM (24.75mm)
AA @ 180 DM
A @ 200 DM
Sr BBB @ 310 DM (33mm)
Jr BBB @ 465 DM (5.5mm)
BB @ 600 DM
B retained","Bank of America","5NC2","Reset","Priced","5/1/2025","5/21/2025","apid29_reset","BSL",
"False","False","AB BSL CLO 6","div&lt;div&gt;divAAA @ 143-145 DM
br&lt;br&gt;brAA @ 185-190 DM
br&lt;br&gt;brA @ 215-225 DM
br&lt;br&gt;brSr BBB @ 330-345 DM (24mm)
br&lt;br&gt;brJr BBB @ 460-475 DM (4mm)
br&lt;br&gt;brBB @ 650-675 DM/div&lt;/div&gt;/div","AAA @ 143 DM
AA @ 185 DM
A @ 230 DM
Sr BBB @ 345 DM (24mm)
Jr BBB (fixed) @ 8.48% (4mm)
BB @ 600 DM","JPMorgan","3NC1","New Issue","Priced","5/1/2025","5/15/2025","abbsl6_newissue","BSL",
"False","False","Bryant Park Funding 2023-20","div&lt;div&gt;divAAA preplaced
br&lt;br&gt;brAA @ 190 DM
br&lt;br&gt;brA @ 220 DM
br&lt;br&gt;brBBB @ 330 DM
br&lt;br&gt;brBB @ 675 DM/div&lt;/div&gt;/div","AAA @ 149 DM
AA @ 190 DM
A @ 225 DM
BBB @ 340 DM
BB @ 675 DM
B retained","Citigroup","5NC2","Reset","Priced","4/30/2025","5/13/2025","brypk20_reset","BSL",
"False","False","Dryden 105 CLO","div&lt;div&gt;divX @ 105 DM
br&lt;br&gt;brAAA @ 145 DM
br&lt;br&gt;brAA @ 190-195 DM
br&lt;br&gt;brA @ 230-240 DM
br&lt;br&gt;brBBB @ 365-375 DM
br&lt;br&gt;brBB @ 715 DM/div&lt;/div&gt;/div","X @ 105 DM
AAA @ 145 DM
AA @ 190 DM
A @ 230 DM
BBB @ 380 DM
BB @ 720 DM","RBC","5NC2","Reset","Priced","4/30/2025","5/9/2025","drslf105_reset","BSL",
"False","False","AGL CLO 24","div&lt;div&gt;divSr AAA preplaced
br&lt;br&gt;brJr AAA @ 160-165 DM
br&lt;br&gt;brAA preplaced
br&lt;br&gt;brA @ 215-225 DM
br&lt;br&gt;brSr BBB @ 330-340 DM
br&lt;br&gt;brJr BBB @ 440-450 DM
br&lt;br&gt;brBB @ 675-700 DM ($99)/div&lt;/div&gt;/div","Sr AAA @ 147 DM (248mm)
Jr AAA @ 171 DM (16mm)
AA @ 190 DM
A @ 215 DM
Sr BBB @ 330 DM (24mm)
Jr BBB @ 475 DM (3mm)
BB @ S+684 bps","Nomura","5NC2","Reset","Priced","4/30/2025","5/9/2025","agl24_reset","BSL",
"False","False","Regatta 34 Funding","div&lt;div&gt;divSr AAA @ 140 DM (240mm)
br&lt;br&gt;brJr AAA @ 165-170 DM (24mm)
br&lt;br&gt;brAA @ 180 DM
br&lt;br&gt;brA @ 215 DM
br&lt;br&gt;brSr BBB @ 320 DM (24mm)
br&lt;br&gt;brJr BBB @ 425-450 DM (2mm)
br&lt;br&gt;brBB @ 615-640 DM/div&lt;/div&gt;/div","Sr AAA @ 140 DM (240mm)
Jr AAA @ 175 DM (24mm)
AA @ 180 DM
A @ 215 DM
Sr BBB @ 320 DM (24mm)
Jr BBB (fixed) @ 8.181% (+435; $2mm)
BB @ 650 DM","BNP Paribas","5NC2","New Issue","Priced","4/30/2025","5/9/2025","reg34_newissue","BSL",
"False","False","Trinitas CLO XXVI","div&lt;div&gt;divAAA preplaced
br&lt;br&gt;brAA preplaced
br&lt;br&gt;brA @ 220-230 DM
br&lt;br&gt;brBBB @ 340-360 DM
br&lt;br&gt;brBB @ 650-675 DM
br&lt;br&gt;brB call desk/div&lt;/div&gt;/div","AAA @ 145 DM
AA @ 195 DM
A @ 240 DM
A (fixed) @ 6.153%
BBB @ 370 DM
BB @ 675 DM
B retained","JPMorgan","5NC2","Reset","Priced","4/30/2025","5/9/2025","trnts26_reset","BSL",
"False","False","RAD CLO 19","div&lt;div&gt;divSr AAA @ 145 DM (240mm)
br&lt;br&gt;brJr AAA @ 165 DM (24mm)
br&lt;br&gt;brAA @ 195 DM
br&lt;br&gt;brA @ 215-225 DM
br&lt;br&gt;brSr BBB @ 335-345 DM (20mm)
br&lt;br&gt;brJr BBB @ 485 DM (5.6mm)
br&lt;br&gt;brBB @ 700 DM/div&lt;/div&gt;/div","Sr AAA @ 145 DM (240mm)
Jr AAA @ 165 DM (11mm)
AA @ 195 DM
AA (fixed) @ 5.657%
A @ 215 DM
Sr BBB @ 335 DM (19mm)
Jr BBB @ 500 DM (6.6mm)
BB @ 700 DM","CIBC","5NC2","Reset","Priced","4/29/2025","5/8/2025","rad19_reset","BSL",
"False","False","KKR CLO 61","div&lt;div&gt;divSr AAA @ 145 DM (250mm)
br&lt;br&gt;brJr AAA @ 170-180 DM (14mm)
br&lt;br&gt;brAA @ 190-200 DM
br&lt;br&gt;brA @ 220-230 DM
br&lt;br&gt;brSr BBB @ 350-375 DM (24mm)
br&lt;br&gt;brJr BBB @ 465-485 DM (2mm)
br&lt;br&gt;brBB @ 650-675 DM/div&lt;/div&gt;/div","Sr AAA @ 145 DM (256mm)
Jr AAA @ 182 DM (8mm)
AA @ 195 DM
A @ 215 DM
Sr BBB @ 385 DM (24mm)
Jr BBB @ 500 DM (2mm)
BB @ S+700","JPMorgan","3NC1","New Issue","Priced","4/29/2025","5/5/2025","kkr61_newissue","BSL",
"False","False","OHA Credit Funding 19","div&lt;div&gt;divSr AAA @ 130-135 DM (252mm)
br&lt;br&gt;brJr AAA @ 160-165 DM (12mm)
br&lt;br&gt;brAA @ 175-185 DM
br&lt;br&gt;brAA (fixed) @ +175-185
br&lt;br&gt;brA @ 200-210 DM
br&lt;br&gt;brSr BBB @ 295-310 DM (24mm)
br&lt;br&gt;brJr BBB @ 425-450 DM (3mm)
br&lt;br&gt;brBB @ 575-600 DM/div&lt;/div&gt;/div",,"BNP Paribas","3NC1","New Issue","Announced","4/29/2025",,"oakc21_newissue","BSL",
"False","False","Palmer Square CLO 2025-2","div&lt;div&gt;divSr AAA @ 135 DM
br&lt;br&gt;brJr AAA @ 160 DM
br&lt;br&gt;brAA @ 180 DM
br&lt;br&gt;brA @ 210 DM
br&lt;br&gt;brSr BBB @ 310 DM
br&lt;br&gt;brJr BBB @ 450 DM
br&lt;br&gt;brBB @ 625 DM/div&lt;/div&gt;/div","Sr AAA @ 135 DM (312.5mm)
Jr AAA @ 160 DM (17.5mm)
AA @ 180 DM
A @ 210 DM
Sr BBB @ 310 DM (30mm)
Jr BBB @ 420 DM (5mm)
BB @ 575 DM","Morgan Stanley","5NC2","New Issue","Priced","4/29/2025","5/13/2025","plmrs2025-2_newissue","BSL",
"False","False","Vibrant CLO XVI","div&lt;div&gt;divSr AAA @ 155 DM (256mm)
br&lt;br&gt;brJr AAA @ 170-175 DM (8mm)
br&lt;br&gt;brAA @ 190-200 DM
br&lt;br&gt;brA @ 230-240 DM
br&lt;br&gt;brSr BBB @ 350-365 DM (22mm)
br&lt;br&gt;brJr BBB @ 500-515 DM (4mm)
br&lt;br&gt;brBB @ 750-765 DM/div&lt;/div&gt;/div","Sr AAA @ 155 DM (256mm)
Jr AAA @ 180 DM(8mm)
AA @ 200 DM
A @ 240 DM
Sr BBB @ 360 DM (20mm)
Jr BBB @ 535 DM (6mm)
BB @ 725 DM","Bank of America","3NC1","New Issue","Priced","4/28/2025","5/9/2025","vibr16_reset","BSL",
"False","False","Atlas Senior Loan Fund XXV","div&lt;div&gt;divX @ 100 DM
br&lt;br&gt;brSr AAA @ 156 DM (256mm)
br&lt;br&gt;brJr AAA @ 180 DM (8mm)
br&lt;br&gt;brAA @ 200 DM
br&lt;br&gt;brA @ 240 DM
br&lt;br&gt;brBBB @ 375 DM
br&lt;br&gt;brBB @ 700 DM/div&lt;/div&gt;/div","X @ 120 DM
Sr AAA @ 152 DM (320mm)
Jr AAA @ 172 DM (10mm)
AA @ 185 DM
A @ 210 DM
Sr BBB @ 368 DM (25mm)
Jr BBB @ 490 DM (10mm0
BB @ S+714 bps","Jefferies","5NC2","New Issue","Priced","4/28/2025","5/30/2025","atlas25_newissue","BSL",
"False","False","AIMCO CLO 24","div&lt;div&gt;divSr AAA @ 133-135 DM (277mm)
br&lt;br&gt;brJr AAA @ 155-160 DM (15.5mm)
br&lt;br&gt;brAA @ 180-190 DM
br&lt;br&gt;brAA (fixed) @ +180
br&lt;br&gt;brA preplaced
br&lt;br&gt;brBBB preplaced
br&lt;br&gt;brBB @ +600-625
br&lt;br&gt;brB call desk/div&lt;/div&gt;/div","Sr AAA @ 135 DM (307.8mm)
Jr AAA @ 160 DM (17.2mm)
AA @ 185 DM
AA (fixed) @ 5.75%
A @ 215 DM
BBB @ 315 DM
BB @ 610 DM","Nomura","5NC2","New Issue","Priced","4/24/2025","4/30/2025","aimco24_newissue","BSL",
"False","False","Voya CLO 2025-2","div&lt;div&gt;divSr AAA call desk
br&lt;br&gt;brJr AAA @ 165 DM
br&lt;br&gt;brAA @ 185-190 DM
br&lt;br&gt;brA @ 215-225 DM
br&lt;br&gt;brSr BBB preplaced
br&lt;br&gt;brBBB preplaced
br&lt;br&gt;brJr BBB @ 485-500 DM
br&lt;br&gt;brBB @ 615-625 DM/div&lt;/div&gt;/div","Sr AAA @ 140 DM (320mm)
Jr AAA @ 165 DM (12.5mm)
AA @ 190 DM
A @ 220 DM
Sr BBB @ 320 DM (22.5mm)
BBB @ 340 DM (7.5mm)
Jr BBB @ 485 DM (5mm)
BB @ 625 DM","Scotia","5NC2","New Issue","Priced","4/24/2025","5/2/2025","voya2025-2_newissue","BSL",
"False","False","Apollo Direct Lending CLO 1","div&lt;div&gt;divSr AAA @ 165-170 DM
br&lt;br&gt;brJr AAA @ 190 DM
br&lt;br&gt;brAA call desk
br&lt;br&gt;brA not offered
br&lt;br&gt;brBBB not offered/div&lt;/div&gt;/div","Sr AAA @ 167 DM (290mm)
Jr AAA @ 190 DM (20mm)
AA @ 210 DM
A retained
BBB retained","BNP Paribas","4NC2","New Issue","Priced","4/24/2025","4/30/2025","adl1_newissue","MM",
"False","False","Birch Grove CLO 14","div&lt;div&gt;divAAA call desk
br&lt;br&gt;brAA @ 190-200 DM
br&lt;br&gt;brA @ 220-235 DM
br&lt;br&gt;brSr BBB @ 335-350 DM (24mm)
br&lt;br&gt;brJr BBB @ 475 DM (4mm)
br&lt;br&gt;brBB @ 650-675 DM/div&lt;/div&gt;/div","AAA @ 148 DM
AA @ 190 DM
A @ 220 DM
Sr BBB @ 350 DM (24mm)
Jr BBB @ 475 DM (4mm)
BB @ 665 DM","Wells Fargo","3NC1","New Issue","Priced","4/24/2025","5/9/2025","bgclo14_newissue","BSL",
"False","False","Palmer Square CLO 2023-2","div&lt;div&gt;divSr AAA preplaced (240mm)
br&lt;br&gt;brJr AAA @ 165 DM (10mm)
br&lt;br&gt;brAA @ 185-195 DM
br&lt;br&gt;brA @ 215-225 DM
br&lt;br&gt;brBBB @ 325-240 DM
br&lt;br&gt;brBB @ 650-675 DM/div&lt;/div&gt;/div","Sr AAA @ 145 DM (240mm)
Jr AAA @ 170 DM (10mm)
AA @ 185 DM
A @ 220 DM
BBB @ 340 DM
BB @ 640 DM","JPMorgan","5NC2","Reset","Priced","4/23/2025","5/1/2025","plmrs2023-2_reset","BSL",
"False","False","Anchorage Capital CLO 32","div&lt;div&gt;divAAA preplaced
br&lt;br&gt;brAA @ 205-215 DM
br&lt;br&gt;brA @ 250 DM
br&lt;br&gt;brBBB @ 400 DM
br&lt;br&gt;brBB @ 700 DM/div&lt;/div&gt;/div","AAA @ 162 DM
AA @ 205 DM
A @ 240 DM
BBB @ 395 DM
BB @ 700 DM","Citigroup","3NC1","New Issue","Priced","4/23/2025","5/6/2025","anchc32_newissue","BSL",
"False","False","Apidos CLO XLV","div&lt;div&gt;divSr AAA preplaced
br&lt;br&gt;brJr AAA @ 150-155 DM
br&lt;br&gt;brAA @ 160-165 DM
br&lt;br&gt;brA @ 180-185 DM
br&lt;br&gt;brSr BBB @ 280-285 DM (30mm)
br&lt;br&gt;brJr BBB @ 400 DM (5mm)
br&lt;br&gt;brBB @ 500-515 DM
br&lt;br&gt;brB call desk/div&lt;/div&gt;/div","Sr AAA @ 140 DM (315mm)
Jr AAA @ 158 DM (15mm)
AA @ 168 DM
A @ 190 DM
Sr BBB @ 285 DM (30mm)
Jr BBB @ 400 DM (5mm)
BB @ 515 DM
B @ 750 DM","Bank of America","5NC2","Reset","Priced","4/23/2025","6/5/2025","apid45_reset","BSL",
"False","False","Allegro CLO XVII","div&lt;div&gt;divX @ 105 DM
br&lt;br&gt;brSr AAA @ 145 DM (320mm)
br&lt;br&gt;brJr AAA @ 170 DM (10mm)
br&lt;br&gt;brAA @ 190-195 DM
br&lt;br&gt;brA @ 230-235 DM
br&lt;br&gt;brSr BBB @ 350 DM (27.5mm)
br&lt;br&gt;brJr BBB @ 485-500 DM (5mm)
br&lt;br&gt;brBB @ 700-715 DM
br&lt;br&gt;brB retained
br&lt;br&gt;br/div&lt;/div&gt;/div","X @ 135 DM
Sr AAA @ 145 DM (320mm)
Jr AAA @ 172 DM (10mm)
AA @ 195 DM
A @ 235 DM
Sr BBB @ 360 DM (25mm)
Jr BBB @ 525 DM (7.5mm)
BB @ 715 DM
B retained
","Goldman Sachs","5NC2","New Issue","Priced","4/23/2025","5/8/2025","alleg17_newissue","BSL",
"False","False","Navesink CLO 1","div&lt;div&gt;divSr AAA @ 168 DM (210mm)
br&lt;br&gt;brJr AAA @ 180 DM (17.5mm)
br&lt;br&gt;brAA @ 200 DM
br&lt;br&gt;brA @ 275 DM
br&lt;br&gt;brSr BBB @ 375 DM (14mm)
br&lt;br&gt;brJr BBB @ 450 DM (3.5mm)
br&lt;br&gt;brBB @ 800 DM/div&lt;/div&gt;/div","Sr AAA @ 168 DM (210mm)
Jr AAA @ 183 DM (17.5mm)
AA @ 215 DM
A @ 260 DM
Sr BBB @ 390 DM (14mm)
Jr BBB @ 560 DM (3.5mm)
BB @ 800 DM","Jefferies","1.25NC1","Refinancing","Priced","4/22/2025","5/1/2025","navs1_refi","BSL",
"False","False","Elmwood CLO 42","div&lt;div&gt;divAAA @ 135 DM
br&lt;br&gt;brAA @ 190 DM
br&lt;br&gt;brA @ 220-230 DM
br&lt;br&gt;brBBB @ 325 DM
br&lt;br&gt;brBB @ 650 DM/div&lt;/div&gt;/div","AAA @ 135 DM
AA @ 190 DM
A @ 220 DM
BBB @ 325 DM
BB @ 650 DM
B @ 750 DM","BNP Paribas","5NC2","New Issue","Priced","4/22/2025","4/25/2025","elm42_newissue","BSL",
"False","True","Barings CLO 2023-I","div&lt;div&gt;divSr AAA @ 135-140 DM (256mm)
br&lt;br&gt;brJr AAA @ 160-170 DM (8mm)
br&lt;br&gt;brAA @ 185-195 DM
br&lt;br&gt;brA @ 215-225 DM
br&lt;br&gt;brSr BBB @ 325-335 DM (20mm)
br&lt;br&gt;brJr BBB @ 500 DM (4mm)
br&lt;br&gt;brBB @ 670-690 DM/div&lt;/div&gt;/div","Sr AAA @ 140 DM (256mm)
Jr AAA @ 170 DM (8mm)
AA @ 185 DM
A @ 235 DM
Sr BBB @ 340 DM (20mm)
Jr BBB @ 500 DM (4mm)
BB @ 670 DM","Morgan Stanley","5NC2","Reset","Priced","4/21/2025","5/8/2025","babsn2023-1_reset","BSL",
"False","False","Regatta 33 Funding","div&lt;div&gt;divSr AAA @ 145 DM (256mm)
br&lt;br&gt;brJr AAA @ 170-175 DM (8mm)
br&lt;br&gt;brAA @ 190-195 DM
br&lt;br&gt;brA @ 220-230 DM
br&lt;br&gt;brSr BBB call desk
br&lt;br&gt;brJr BBB call desk
br&lt;br&gt;brBB @ 650-665 DM/div&lt;/div&gt;/div","Sr AAA @ 145 DM (256mm)
Jr AAA @ 175 DM (8mm)
AA @ 195 DM
A @ 230 DM
Sr BBB @ 325 DM (18mm)
Jr BBB @ 345 DM (6mm)
BB @ 665 DM","Bank of America","5NC2","New Issue","Priced","4/21/2025","5/2/2025","reg33_newissue","BSL",
"False","False","Octagon 67","div&lt;div&gt;divX @ 100 DM
br&lt;br&gt;brAAA @ 140 DM
br&lt;br&gt;brAA @ 185 DM
br&lt;br&gt;brA @ 225 DM
br&lt;br&gt;brBBB @ 350 DM
br&lt;br&gt;brBB @ 700 DM ($98)
br&lt;br&gt;brB call desk/div&lt;/div&gt;/div","AAA @ 145 DM
AA @ 195 DM
A @ 235 DM
A (fixed) @ 6.162%
BBB @ 390 DM
BB @ 741 DM","Santander","5NC2","Reset","Priced","4/21/2025","5/9/2025","oct67_reset","BSL",
"False","False","Carlyle US CLO 2025-2","div&lt;div&gt;divAAA preplaced
br&lt;br&gt;brAA @ 190-195 DM
br&lt;br&gt;brA @ 220-230 DM
br&lt;br&gt;brBBB @ 330-340 DM
br&lt;br&gt;brBB @ 675 DM/div&lt;/div&gt;/div","AAA @ 128 DM
AA @ 195 DM
A @ 230 DM
BBB @ 335 DM
BB @ 675 DM","Citigroup","5NC2","New Issue","Priced","4/17/2025","5/1/2025","cgms2025-2_newissue","BSL",
"False","False","Audax Senior Debt CLO 4",,"AA @ 210 DM
A @ 295 DM
BBB @ 465 DM","Bank of America","2NC1","Refinancing","Priced","4/16/2025",,"audax4_refi","MM",
"False","False","Symphony CLO 38","div&lt;div&gt;divX @ 110-115 DM
br&lt;br&gt;brSr AAA @ 145 DM (283.5mm)
br&lt;br&gt;brJr AAA @ 175 DM (9mm)
br&lt;br&gt;brAA @ 195 DM
br&lt;br&gt;brA @ 230 DM
br&lt;br&gt;brSr BBB @ 350-375 DM (27mm)
br&lt;br&gt;brJr BBB @ 500 DM (3.375mm)
br&lt;br&gt;brBB call desk/div&lt;/div&gt;/div","X @ 115 DM
Sr AAA @ 145 DM (284.5mm)
Jr AAA @ 175 DM (9mm)
AA @ 195 DM
A @ 230 DM
Sr BBB @ 340 DM (22.375mm)
Jr BBB @ 500 DM (8mm)
BB retained","BNP Paribas","5NC2","Reset","Priced","4/16/2025","4/25/2025","symp38_reset","BSL",
"False","False","Hook Park CLO","div&lt;div&gt;divSr AAA subject
br&lt;br&gt;brJr AAA @ 170a DM
br&lt;br&gt;brAA @ 190-195 DM
br&lt;br&gt;brA @ 220-230 DM
br&lt;br&gt;brSr BBB call desk
br&lt;br&gt;brJr BBB @ 450-475 DM
br&lt;br&gt;brBB retained
br&lt;br&gt;brB retained/div&lt;/div&gt;/div","Sr AAA @ 140 DM (307.5mm)
Jr AAA @ 170 DM (22.5mm)
AA @ 190 DM
AA (fixed) @ 5.64%
A @ 220 DM
Sr BBB @ 320 DM (22.5mm)
BBB @ 340 DM (7.5mm)
Jr BBB @ 475 DM (5mm)
BB retained
B retained","Bank of America","5NC2","New Issue","Priced","4/15/2025","4/24/2025","hookpark_newissue","BSL",
"False","False","ABPCI Direct Lending Fund CLO XII","div&lt;div&gt;divSr AAA call desk
br&lt;br&gt;brJr AAA call desk
br&lt;br&gt;brAA @ 215-225 DM
br&lt;br&gt;brA @ 300-L300s DM
br&lt;br&gt;brBBB @ M400s DM
br&lt;br&gt;brBB @ 825 DM/div&lt;/div&gt;/div","Sr AAA @ 168.5 DM (459.2mm)
Jr AAA @ 190 DM
AA @ 215 DM
A @ 315 DM
BBB @ 460 DM
BB @ 825 DM","Societe Generale","4NC2","Reset","Priced","4/15/2025","5/1/2025","abpci12_reset","MM",
"False","False","OCP CLO 2025-43","div&lt;div&gt;divAAA preplaced
br&lt;br&gt;brAA @ 190 DM
br&lt;br&gt;brA @ 215-230 DM
br&lt;br&gt;brSr BBB @ 320-340 DM (30mm)
br&lt;br&gt;brJr BBB @ 450-475 DM (2.5mm)
br&lt;br&gt;brBB @ 650-675 DM/div&lt;/div&gt;/div","Sr AAA @ 140 DM (330mm)
Jr AAA @ 165 DM (11mm)
AA @ 190 DM
A @ 220 DM
Sr BBB @ 325 DM (33mm)
Jr BBB @ 465 DM (2.75mm)
BB @ 650 DM","JPMorgan","5NC2","New Issue","Priced","4/15/2025","4/23/2025","ocp43_newissue","BSL",
"False","False","Magnetite XLIII","div&lt;div&gt;divAAA @ 135 DM
br&lt;br&gt;brAA @ 185-190 DM
br&lt;br&gt;brA @ 210-220 DM
br&lt;br&gt;brBBB @ 325-335 DM
br&lt;br&gt;brBB @ 635-650 DM
br&lt;br&gt;brB retained/div&lt;/div&gt;/div","AAA @ 135 DM
AA @ 190 DM
A @ 220 DM
Sr BBB @ 315 DM (16.7mm)
Jr BBB @ 335 DM (12.55mm)
BB @ 650 DM
B retained","Bank of America","5NC2","New Issue","Priced","4/15/2025","4/25/2025","magne43_newissue","BSL",
"False","False","Empower CLO 2023-1","div&lt;div&gt;divAAA @ 160 DM/div&lt;/div&gt;/div","AAA @ 160 DM
AA @ 200 DM
A @ 240 DM
Sr BBB @ 385 DM (25mm)
Jr BBB @ 525 DM (7.5mm)
BB @ 750 DM ($99)","Goldman Sachs","5NC2","Reset","Priced","4/14/2025","4/24/2025","empwr2023-1_reset","BSL",
"False","True","37 Capital CLO 3","div&lt;div&gt;div140-145 DM AAA early thoughts/div&lt;/div&gt;/div","X @ 100 DM
Sr AAA @ 150 DM (210mm)
Jr AAA @ 185 DM (21mm)
AA @ 200 DM
A @ 250 DM
A (fixed) @ 6.25% (5mm)
Sr BBB @ 390 DM (15.75mm)
Jr BBB @ 564 DM (7mm)
BB @ 785 DM","Santander","5NC2","Reset","Priced","4/11/2025","5/2/2025","37clo3_reset","BSL",
"False","False","Kohlberg Credit CLO 2025-1","div&lt;div&gt;divAAA @ 168-170 DM/div&lt;/div&gt;/div","AAA @ 175 DM
AA @ 240 DM
A @ 340 DM
A (fixed) @ 7.002%","Scotia","4NC2","New Issue","Priced","4/10/2025","4/28/2025","kohlberg2025-1_newissue","MM",
"False","False","Black Diamond 2025-1 CLO",,"Sr AAA @ 150 DM (240mm)
Jr AAA @ 175 DM (16mm)
AA @ 215 DM
A @ 240 DM
A (fixed) @ 6.00%
BBB @ 490 DM
BB @ 750 DM","Mizuho","5NC2","New Issue","Priced","4/9/2025","4/7/2025","black2025-1_newissue","BSL",
"False","False","Golub Capital Partners Static 2025-1","div&lt;div&gt;divAAA preplaced
br&lt;br&gt;brAA @ 185 DM
br&lt;br&gt;brA @ 225 DM
br&lt;br&gt;brSr BBB call desk
br&lt;br&gt;brJr BBB preplaced
br&lt;br&gt;brBB preplaced/div&lt;/div&gt;/div","AAA @ 104 DM
AA @ 190 DM
A @ 240 DM
Sr BBB @ 325 DM (26.25mm)
Jr BBB @ 425 DM (5mm)
BB @ 650 DM","Societe Generale","0NC1","New Issue","Priced","4/9/2025","4/21/2025","gcbsl-static2025-1_newissue","BSL",
"False","False","Cerberus Loan Funding XXIV",,"Sr AAA @ 135 DM (167.9mm)
Jr AAA @ 155 DM (18mm)
AA @ 175 DM","Wells Fargo","0NC1","Refinancing","Priced","4/8/2025","4/8/2025","cerb2018-3_refi","MM",
"False","False","Elmwood CLO 41","div&lt;div&gt;divAAA @ 135-140 DM/div&lt;/div&gt;/div","AAA @ 135 DM
AA @ 190 DM
A @ 240 DM
BBB @ 355 DM
BB @ 600 DM
B @ 750 DM","SMBC","5NC2","New Issue","Priced","4/8/2025","4/17/2025","elm41_newissue","BSL",
"False","False","Ballyrock CLO 23","div&lt;div&gt;divSr AAA call desk
br&lt;br&gt;brJr AAA subject
br&lt;br&gt;brAA @ 180-190 DM
br&lt;br&gt;brA @ 200-210 DM
br&lt;br&gt;brSr BBB @ 305-325 DM (22.5mm)
br&lt;br&gt;brJr BBB @ 450-475 DM (6.75mm)
br&lt;br&gt;brBB @ 625-650 DM/div&lt;/div&gt;/div",,"Morgan Stanley","5NC2","Reset","Announced","4/4/2025",,"bally23_reset","BSL",
"False","False","Trinitas CLO XXXIV","div&lt;div&gt;divAAA @ 134 DM
br&lt;br&gt;brAA @ 210-220 DM
br&lt;br&gt;brA @ 250-260 DM
br&lt;br&gt;brSr BBB @ 390-400 DM (24mm)
br&lt;br&gt;brJr BBB @ 475-500 DM (4mm)
br&lt;br&gt;brBB @ 725-750 DM ($98-99)/div&lt;/div&gt;/div","AAA @ 134 DM
AA @ 220 DM
A @ 280 DM
Sr BBB @ 400 DM (22mm)
Jr BBB @ 550 DM (5mm)
BB @ 750 DM","Bank of America","5NC2","New Issue","Priced","4/3/2025","4/16/2025","trnts34_newissue","BSL",
"False","False","HPS Private Credit CLO 2025-3","div&lt;div&gt;divAAA @ 150a DM/div&lt;/div&gt;/div","Sr AAA @ 165 DM (232mm)
Jr AAA @ 185 DM (10mm)
AA @ 205 DM
A @ 280 DM
BBB @ 400 DM
BB @ 745 DM","Morgan Stanley","4NC2","New Issue","Priced","4/2/2025","5/22/2025","hpspc2025-3_newissue","MM",
"False","False","Octagon 64","div&lt;div&gt;divSr AAA subject
br&lt;br&gt;brJr AAA @ 160-165 DM
br&lt;br&gt;brAA @ 175-180 DM
br&lt;br&gt;brA @ 215-225 DM/div&lt;/div&gt;/div","Sr AAA @ 126 DM (527mm)
Jr AAA @ 155 DM (25.5mm)
AA @ 170 DM
A @ 195 DM
BBB @ 360 DM","Bank of America","2.25NC1.5","Refinancing","Priced","4/2/2025","5/27/2025","oct64_refi","BSL",
"False","False","Ivy Hill Middle Market Credit Fund XX","div&lt;div&gt;divAAA @ 148 DM/div&lt;/div&gt;/div","X @ 120 DM
Sr AAA @ 165 DM (232mm)
Jr AAA @ 185 DM (10mm)
AA @ 210 DM
A @ 280 DM
BBB @ 400 DM
BB @ 750 DM","Natixis","4NC2","Reset","Priced","4/1/2025","5/8/2025","ivyh20_reset","MM",
"False","False","OCP CLO 2025-42","div&lt;div&gt;divAAA @ 124 DM
br&lt;br&gt;brAA @ 175 DM
br&lt;br&gt;brA @ 185 DM
br&lt;br&gt;brSr BBB @ 285 DM (30mm)
br&lt;br&gt;brJr BBB @ 410 DM (5mm)
br&lt;br&gt;brBB @ 537 DM/div&lt;/div&gt;/div","AAA @ 125 DM
AA @ 175 DM
AA (fixed) @ 5.49% (N+175)
A @ 185 DM
Sr BBB @ 285 DM (33mm)
Jr BBB @ 410 DM (5.5mm)
BB @ 537 DM (S+530)","BNP Paribas","5NC2","New Issue","Priced","4/1/2025","4/9/2025","ocp2025-42_newissue","BSL",
"False","False","Apidos CLO LIII","div&lt;div&gt;divSr AAA @ 135 DM (346.5mm)
br&lt;br&gt;brJr AAA @ 145-150 DM (16.5mm)
br&lt;br&gt;brAA @ 170-175 DM
br&lt;br&gt;brA @ 185-190 DM
br&lt;br&gt;brSr BBB @ 280-290 DM (33mm)
br&lt;br&gt;brJr BBB @ 400-410 DM (5.5mm)
br&lt;br&gt;brBB @ 525 DM
br&lt;br&gt;brB call desk/div&lt;/div&gt;/div","Sr AAA @ 132 DM (299.25mm)
Jr AAA @ 175 DM (11.875mm)
AA @ 190 DM
A @ 210 DM
A (fixed) @ 5.86% (+210)
Sr BBB @ 350 DM (28.5mm)
Jr BBB @ 480 DM (2.375mm)
BB @ 675 DM
B @ 850 DM","Societe Generale","5NC2","New Issue","Priced","4/1/2025","4/17/2025","apid53_newissue","BSL",
"False","False","Madison Park Funding LXIII","div&lt;div&gt;divSr AAA @ 142-145 DM (384mm)
br&lt;br&gt;brJr AAA @ 160 DM (6mm)
br&lt;br&gt;brAA @ 175-180 DM
br&lt;br&gt;brA @ 200-210 DM
br&lt;br&gt;brSr BBB @ 305-315 DM (38mm)
br&lt;br&gt;brJr BBB @ 450-460 DM (1.5mm)
br&lt;br&gt;brBB @ 600-625 DM
br&lt;br&gt;brB call desk/div&lt;/div&gt;/div","Sr AAA @ 140 DM (384mm)
Jr AAA @ 160 DM (6mm)
AA @ 175 AM
A @ 215 DM
Sr BBB @ 315 DM (32mm)
Jr BBB @ 465 DM (7.5mm)
BB @ 600 DM
B @ S+742 bps","Nomura","5NC2","Reset","Priced","3/31/2025","5/23/2025","mdpk63_reset","BSL",
"False","False","PennantPark CLO IX","div&lt;div&gt;divSr AAA @ 135 DM (174mm)
br&lt;br&gt;brJr AAA @ 145 DM (9mm)
br&lt;br&gt;brAA @ 180 DM
br&lt;br&gt;brA @ 230 DM/div&lt;/div&gt;/div","Sr AAA @ 135 DM (174mm)
Jr AAA @ 145 DM (9mm)
AA @ 200 DM","CIBC","1NC1","Refinancing","Priced","3/31/2025","4/4/2025","pntpk9_refi","MM",
"False","False","Fortress Credit Opportunities XXXI CLO","div&lt;div&gt;divSr AAA @ 145 DM
br&lt;br&gt;brJr AAA @ 170 DM
br&lt;br&gt;brAA @ 180-185 DM
br&lt;br&gt;brA @ 230-240 DM
br&lt;br&gt;brBBB @ 375-385 DM/div&lt;/div&gt;/div","Sr AAA @ 150 DM (232mm)
Jr AAA @ 175 DM (16mm)
AA @ 190 DM
A @ 270 DM
BBB @ 230 DM","Deutsche Bank","0NC1","New Issue","Priced","3/31/2025","4/8/2025","fortmm31_newissue","MM",
"False","True","Neuberger Berman Loan Advisers CLO 60","div&lt;div&gt;divSr AAA @ 124-125 DM/div&lt;/div&gt;/div","Sr AAA @ 135 DM (320mm)
Jr AAA @ 155 DM (10mm)
AA @ 180 DM (50mm)
A @ 190 DM
BBB @ 280 DM
BB @ S+648 ($99)","Goldman Sachs","5NC2","New Issue","Priced","3/31/2025","4/8/2025","neub60_newissue","BSL",
"False","False","GoldenTree Loan Management US CLO 25","div&lt;div&gt;divX @ 90 DM
br&lt;br&gt;brSr AAA @ 124 DM (320mm)
br&lt;br&gt;brJr AAA @ 145-150 DM (10mm)
br&lt;br&gt;brAA @ 165-170 DM
br&lt;br&gt;brA @ 180-190 DM
br&lt;br&gt;brSr BBB @ 275-285 DM (30mm)
br&lt;br&gt;brJr BBB @ 400 DM
br&lt;br&gt;brBB @ 525 DM
br&lt;br&gt;brB @ 750 DM/div&lt;/div&gt;/div","Sr AAA @ 132 DM (218mm)
Jr AAA @ 156 DM (7mm)
AA @ 185 DM
A @ 210 DM
Sr BBB @ 350 DM (21mm)
Jr BBB @ 440 DM (3.5mm)
BB retained
B retained","Bank of America","5NC2","New Issue","Priced","3/31/2025","4/10/2025","glm25_newissue","BSL",
"False","False","CTM CLO 2025-1","div&lt;div&gt;divAAA @ H130s-140 DM
br&lt;br&gt;brAA @ 185-190 DM
br&lt;br&gt;brA @ 210-220 DM/div&lt;/div&gt;/div","Sr AAA @ 150 DM (248mm)
Jr AAA @ 175 DM (44mm)
AA @ 185 DM
A @ 235 DM
Sr BBB @ 350 DM (20mm)
Jr BBB @ 445 DM (6mm)
BB @ 675 DM","Morgan Stanley","5NC2","New Issue","Priced","3/30/2025","6/10/2025","ctm2025-1_newissue","BSL",
"False","False","Elmwood CLO 23","div&lt;div&gt;divPivoted to 3NC1 Refi, AAA talked 135 DM/div&lt;/div&gt;/div","AAA @ 135 DM
AA @ 175 DM
A @ 200 DM
BBB @ 315 DM
BB @ 590 DM","RBC","3NC1","Refinancing","Priced","3/28/2025","5/14/2025","elmwood23_reset","BSL",
"False","False","Arini US CLO I","div&lt;div&gt;divAAA @ 143 DM 
br&lt;br&gt;brAA @ 185-190 DM 
br&lt;br&gt;brA @ 210-215 DM 
br&lt;br&gt;brSr BBB @ 310-320 
br&lt;br&gt;brJr BBB TBD/div&lt;/div&gt;/div","AAA @ 150 DM
AA @ 225 DM
A @ 290 DM
BBB @ 400 DM
BB @ S+609","Goldman Sachs","5NC2","New Issue","Priced","3/28/2025","4/11/2025","arini1_newissue","BSL",
"False","False","Whitebox CLO IV","div&lt;div&gt;divSr AAA @ 125a DM
br&lt;br&gt;brJr AAA @ 150a DM
br&lt;br&gt;brAA @ 170-175 DM
br&lt;br&gt;brA @ 190-200 DM
br&lt;br&gt;brSr BBB @ 285-295 DM
br&lt;br&gt;brJr BBB @ 390-400 DM/div&lt;/div&gt;/div","Sr AAA @ 149 DM (248mm)
AAA @ 180 DM (16mm)
Jr AAA @ 181 DM (8mm)
AA @ 210 DM
A @ 250 DM
Sr BBB @ 390 DM (24mm)
Jr BBB @ 600 DM (4mm)
BB @ S+648 ","Mizuho","3NC1","Reset","Priced","3/28/2025","4/10/2025","wboxclo4_reset","BSL",
"False","False","Great Lakes VI CLO","div&lt;div&gt;divX @ 110a DM
br&lt;br&gt;brSr AAA @ 148a DM
br&lt;br&gt;brJr AAA @ 185a DM
br&lt;br&gt;brAA @ 200a DM
br&lt;br&gt;brA @ 250a DM
br&lt;br&gt;brBBB @ 400a DM/div&lt;/div&gt;/div","X @ 110 DM 
Sr AAA @ 155 DM (207.765mm)
Jr AAA @ 195 DM (10.935mm)
AA @ 225 DM
A @ 340 DM
BBB @ 485 DM
BB @ 800 DM","BMO","4.25NC2.25","Reset","Priced","3/28/2025","4/7/2025","glakes6_reset","MM",
"False","False","MidOcean Credit CLO XVIII","div&lt;div&gt;divSr AAA @ 133 DM (256mm)
br&lt;br&gt;brJr AAA @ 150 DM (12mm)
br&lt;br&gt;brAA @ 180 DM
br&lt;br&gt;brA @ 200 DM
br&lt;br&gt;brSr BBB @ 300-310 DM (24mm)
br&lt;br&gt;brJr BBB preplaced
br&lt;br&gt;brBB @ 560-575 DM/div&lt;/div&gt;/div","Sr AAA @ 117 DM (256mm)
Jr AAA @ 147 DM (8mm)
AA @ 165 DM
A @ 185 DM
Sr BBB @ 270 DM (16mm)
BBB @ 330 DM (8mm)
Jr BBB @ 435 DM (4mm)
BB @ 540 DM","Scotia","5NC2","New Issue","Priced","3/28/2025","6/24/2025","mido18_newissue","BSL",
"False","False","Maranon Loan Funding 2022-1","div&lt;div&gt;divX @ 107 DM
br&lt;br&gt;brAAA @ 143 DM
br&lt;br&gt;brAA @ 170-175 DM
br&lt;br&gt;brA @ 205-210 DM
br&lt;br&gt;brBBB @ 310-325 DM
br&lt;br&gt;brBB @ 650-675 DM/div&lt;/div&gt;/div","X @ 107 DM
AAA @ 143 DM
AA @ 175 DM
A @ 235 DM
BBB @ 350 DM
BB @ 675 DM","Natixis","4NC2","Reset","Priced","3/27/2025","3/14/2025","mrnon2022-1_reset","MM",
"False","False","California Street CLO IX (fka Symphony CLO IX)","div&lt;div&gt;divAAA @ 95 DM
br&lt;br&gt;brAA @ 145-150 DM
br&lt;br&gt;brA @ 185 DM
br&lt;br&gt;brBBB @ 305-315 DM/div&lt;/div&gt;/div",,"RBC","0NC0.5","Refinancing","Announced","3/27/2025",,"symp9_refi","BSL",
"False","True","720 East CLO 2023-I","div&lt;div&gt;divSr AAA @ 135-137 DM/div&lt;/div&gt;/div","Sr AAA @ 137 DM (320mm)
Jr AAA @ 160 DM (20mm)
AA @ 185 DM
A @ 290 DM
BBB @ 400 DM
BB @ 731 DM","JPMorgan","5NC2","Reset","Priced","3/27/2025","4/15/2025","nwml2023-1_reset","BSL",
"False","False","Bayard Park CLO","AAA @ 125  DM AA @ 170-175 DM A @ 185-190 DM BBB preplaced ","AAA @ 125 DM
AA @ 180 DM
AA (fixed) @ 5.443%
A @ 195 DM
Sr BBB @ 280 DM (22.5mm)
BBB @ 300 DM (7.5mm)
Jr BBB @ 500 DM (2.5mm)
BB @ 650 DM (S+635)","Citigroup","5NC2","New Issue","Priced","3/27/2025","4/10/2025","baypkclo_newissue","BSL",
"False","False","Benefit Street Partners CLO XXXI","div&lt;div&gt;divSr AAA Call Desk 
br&lt;br&gt;brJr AAA @ 155-160 
br&lt;br&gt;brAA @ 165-175 
br&lt;br&gt;brA @ 185-195 
br&lt;br&gt;brSr BBB @ 280-290 
br&lt;br&gt;brJr BBB @ 400-425 /div&lt;/div&gt;/div","Sr AAA @ 140 DM (300mm)
Jr AAA @ 160 DM (25mm)
AA @ 175 DM
A @ 200 DM
Sr BBB @ 295 DM (30mm)
Jr BBB (fixed) @ 8.12% (5mm)
BB @ 750 DM","Bank of America","5NC2","Reset","Priced","3/27/2025","4/15/2025","bsp2023-1_reset","BSL",
"False","False","CIFC Funding 2025-III","div&lt;div&gt;divAAA @ 125-126 DM/div&lt;/div&gt;/div","Sr AAA @ 135 DM (256mm)
Jr AAA @ 180 DM (7mm)
AA @ 200 DM
A @ 240 DM
Sr BBB @ 315 DM (18mm)
BBB @ 335 DM (6mm)
Jr BBB @ 540 DM (3mm)
BB @ 725 DM","Barclays","5NC2","New Issue","Priced","3/27/2025","4/15/2025","cifc2025-3_newissue","BSL",
"False","False","Fortress Credit Opportunities XXIX CLO","div&lt;div&gt;divSr AAA @ 125 DM (228mm)
br&lt;br&gt;brJr AAA @ 145 DM (20mm)
br&lt;br&gt;brAA @ 160-165 DM
br&lt;br&gt;brA @ 215-225 DM
br&lt;br&gt;brBBB @ 325-350 DM/div&lt;/div&gt;/div","Sr AAA @ 125 DM (228mm)
Jr AAA @ 145 DM (20mm)
AA @ 165 DM
A @ 225 DM
BBB @ 350 DM","Deutsche Bank","0NC1","New Issue","Priced","3/26/2025","3/7/2025","fco29_newissue","MM",
"False","False","BlackRock Rainier CLO VI","div&lt;div&gt;divX @ 120 DM Sr AAA @ 145-150 DM Jr AAA @ 180-185 DM AA @ 200 DM A @ 275 DM Sr BBB @ 425 DM/div&lt;/div&gt;/div","X @ 125 DM
Sr AAA @ 155 DM (440mm)
Jr AAA @ 185 DM (24mm)
AA @ 200 DM
AA (fixed) @ 5.40% (N+200)
A @ 295 DM
BBB @ 470 DM
BB @ 825 DM","Societe Generale","4NC2","Reset","Priced","3/26/2025","4/4/2025","blkmm6_reset","MM",
"False","False","Sycamore Tree CLO 2024-5","X @ 95 DM
AR (AAA) preplaced
BR (AA) @ 160 DM
CR (A) @ 180 DM
D1R (Sr BBB) @ 275-280 DM (30mm)
D2R (Jr BBB) @ 385-395 DM (5mm)
ER (BB) @ 525-540 DM",,"Goldman Sachs","2NC1","Reset","Cancelled","3/26/2025",,"stcp2024-5_reset","BSL",
"False","False","Oaktree CLO 2023-1","div&lt;div&gt;divAAA @ 129 DM
br&lt;br&gt;brAA @ 180-185 DM
br&lt;br&gt;brA @ 200a DM
br&lt;br&gt;brSr BBB @ 300-315 DM
br&lt;br&gt;brJr BBB @ 400-415/div&lt;/div&gt;/div","AAA @ 150 DM
AA @ 200 DM
A @ 210 DM
Sr BBB @ 325 DM (22mm)
Jr BBB @ 597 DM (6mm)
BB @ 800 DM","Citigroup","5NC2","Reset","Priced","3/26/2025","4/16/2025","oaktree2023-1_reset","BSL",
"False","False","Whitehorse Finance CLO I","div&lt;div&gt;divAAA @ 153-155 DM/div&lt;/div&gt;/div","AAA @ 170 DM
AA @ 215 DM
A @ 280 DM","JPMorgan","4NC2","New Issue","Priced","3/26/2025","5/16/2025","whclo_1","PC",
"False","False","OBRA CLO 2","div&lt;div&gt;divAAA @ H130s DM/div&lt;/div&gt;/div","Sr AAA @ 154 DM (300mm)
Jr AAA @ 170 DM (12.5mm)
AA @ 185 DM
A @ 215 DM
Sr BBB @ 335 DM (27.5mm)
Jr BBB @ 425 DM (5mm)
BB @ 650 DM","Morgan Stanley","5NC2","New Issue","Priced","3/26/2025","5/22/2025","obra2_newissue","BSL",
"False","False","Octagon 61","div&lt;div&gt;divX @ 100-105 DM
br&lt;br&gt;brSr AAA @ 127-128 DM (256mm)
br&lt;br&gt;brJr AAA @ 150-155 DM (8mm)
br&lt;br&gt;brAA @ 175a DM
br&lt;br&gt;brA @ 195-200 DM
br&lt;br&gt;brSr BBB @ 300-310 DM (24mm)
br&lt;br&gt;brJr BBB @ 400-425 DM (2.6mm)
br&lt;br&gt;brBB @ 575-600 DM
br&lt;br&gt;brB call desk/div&lt;/div&gt;/div","X @ 105 DM
Sr AAA @ 140 DM (256mm)
Jr AAA @ 165 DM (8mm)
AA @ 187 DM
A @ 235 DM
Sr BBB @ 400 DM (16mm)
Jr BBB @ 575 DM (7.6mm)
BB @ 789 DM
B retained","RBC","5NC2","Reset","Priced","3/26/2025","4/16/2025","oct61_reset","BSL",
"False","False","Trestles CLO V","div&lt;div&gt;divSr AAA @ 125 DM
br&lt;br&gt;brAA @ 170-175 DM
br&lt;br&gt;brA @ 200-210 DM
br&lt;br&gt;brBBB @ 305-315 DM
br&lt;br&gt;brBB @ 590-600 DM/div&lt;/div&gt;/div","AAA @ 125 DM
AA @ 175 DM
A @ 225 DM
BB @ 650 DM","Natixis","1.5NC1","Refinancing","Priced","3/26/2025","4/3/2025","trest5_refi","BSL",
"False","False","Symphony CLO 48 ","div&lt;div&gt;divSr AAA @ 128 DM Jr AAA @ 150a DM AA @ 165-175 A @ 185-195 DM Sr BBB @ 285-295 DM Jr BBB @ 400-425 DM/div&lt;/div&gt;/div","Sr AAA @ 128 DM (256mm)
Jr AAA @ 152 DM (12mm)
AA @ 175 DM
A @ 185 DM
Sr BBB @ 280 DM (19.5mm)
BBB @ 300 DM (4.5mm)
Jr BBB @ 400 DM (4mm)
BB @ 550 DM","Bank of America","5NC2","New Issue","Priced","3/25/2025","4/4/2025","symp48_newissue","BSL",
"False","False","Palmer Square Loan Funding 2023-2","div&lt;div&gt;divAAA @ 105 DM AA @ 145-155 DM A @ 175-185 DM BBB @ 250-275 DM/div&lt;/div&gt;/div","AAA @ 105 DM
AA @ 150 DM
A @ 175 DM
BBB @ 250 DM
BB @ 475 DM","Citigroup","0NC0.5","Refinancing","Priced","3/25/2025","4/1/2025","pstat2023-2_refi","BSL",
"False","False","Sixth Street CLO 28","div&lt;div&gt;divAAA @ 125 DM
br&lt;br&gt;brAA @ 170-175 DM
br&lt;br&gt;br/div&lt;/div&gt;/div","AAA @ 125 DM
AA @ 175 DM
AA (fixed) @ 5.401%
A @ 240 DM
Sr BBB @ 315 DM (22.5mm)
Jr BBB @ 515 DM (7.5mm)
BB @ 545 DM","Citigroup","5NC2","New Issue","Priced","3/25/2025","4/8/2025","sixstclo28_newissue","BSL",
"False","False","CBAMR 2018-6","div&lt;div&gt;divX @ 100a DM
br&lt;br&gt;brAAA @ 129a DM
br&lt;br&gt;brAA @ 175a DM
br&lt;br&gt;brA @ 195a DM
br&lt;br&gt;brSr BBB @ 295a
br&lt;br&gt;brJr BBB @ 425a/div&lt;/div&gt;/div","X @ 130 DM
AAA @ 155 DM
AA @ 230 DM
A @ 270 DM
Sr BBB @ 375 DM (50mm)
Jr BBB @ 600 DM (17.5mm)
BB @ 757 DM
B retained
 ","Morgan Stanley","5NC2","Reset","Priced","3/25/2025","4/15/2025","cbam6_reset","BSL",
"False","False","AGL CLO 40",,"Sr AAA @ 124 DM 
Jr AAA @ 153 DM 
AA @ 175 DM 
A @ 185 DM 
Sr BBB @ 290 DM 
Jr BBB @ 410 DM","Societe Generale","5NC2","New Issue","Priced","3/24/2025","3/28/2025","agl40_newissue","BSL",
"False","False","OZLM Funding II","div&lt;div&gt;divX @ 90 DM
br&lt;br&gt;brAAA @ 120 DM/div&lt;/div&gt;/div","X @ 100 DM
AAA @ 120 DM
AA @ 175 DM
A @ 200 DM
A (fixed) @ 5.725%
Sr BBB (fixed) @ 6.747% (11.2mm)
Jr BBB @ 497 DM (6.3mm)
BB @ 689 DM
B @ S+12%
","Santander","2NC1","Reset","Priced","3/24/2025","6/27/2025","ozlm-funding2_reset","BSL",
"False","True","Apidos CLO XXXIII","div&lt;div&gt;divSr AAA @ 125-128 DM 
br&lt;br&gt;brJr AAA @ 145a 
br&lt;br&gt;brAA @ 170-175 DM 
br&lt;br&gt;brA @ 190-195 DM 
br&lt;br&gt;brSr BBB @ 285-295 DM 
br&lt;br&gt;brJr BBB @ 400A/div&lt;/div&gt;/div","Sr AAA @ 130 DM (289.28mm)
Jr AAA @ 150 DM (6.78mm)
AA @ 175 DM
A @ 195 DM
Sr BBB @ 300 DM (27.12mm)
Jr BBB @ 500 DM (2.28mm)
BB @ 732 DM
B @ S+855","Deutsche Bank","5NC 2","Reset","Priced","3/20/2025","4/9/2025","apid33_reset","BSL",
"False","False","Generate CL0 19","div&lt;div&gt;divAAA @ 125 AA @ 175a A @ 200-210 Sr BBB @ 305-315 DM Jr BBB @ 425a/div&lt;/div&gt;/div","AAA @ 125 DM
AA @ 180 DM
A @ 215 DM
Sr BBB @ 320 DM (20mm)
BBB (fixed) @ 7.00% (4mm)
Jr BBB @ 425 DM (4mm)
BB @ 600 DM","Bank of America","3NC1","New Issue","Priced","3/20/2025","4/2/2025","generate19_newissue","BSL",
"False","False","Palmer Square CLO 2021-2",,"Sr AAA @ 125 DM (341mm)
Jr AAA @ 150 DM (22mm)
AA @ 170 DM
A @ 200 DM
Sr BBB @ 290 DM (27.5mm)
Jr BBB @ 414 DM (10.5mm)
BB @ 525 DM
B retained","Wells Fargo","5NC2","Reset","Priced","3/19/2025","3/19/2025","plmrs2021-2_reset","BSL",
"False","False","RR 39","div&lt;div&gt;divAAA preplaced
br&lt;br&gt;brAA preplaced
br&lt;br&gt;brA preplaced
br&lt;br&gt;brSr BBB preplaced (36mm)
br&lt;br&gt;brJr BBB @ 425a DM (3mm)
br&lt;br&gt;brBB @ 525 DM/div&lt;/div&gt;/div","AAA @ 125 DM
AA @ 165 DM
A @ 185 DM
Sr BBB @ 270 DM
Jr BBB @ 350 DM ","Bank of America","5NC2","New Issue","Priced","3/19/2025","3/27/2025","rr39_newissue","BSL",
"False","False","Chenango Park CLO","div&lt;div&gt;divSr AAA @ 105 DM (92.05mm)
br&lt;br&gt;brJr AAA @ 115 DM (17.5mm)
br&lt;br&gt;brAA @ 130 DM
br&lt;br&gt;brA @ 165 DM
br&lt;br&gt;brBBB @ 260 DM/div&lt;/div&gt;/div","Sr AAA @ 105 DM
Jr AAA @ 130 DM
AA @ 145 DM
A @ 180 DM","Bank of America","0NC0.5","Refinancing","Priced","3/19/2025","3/25/2025","chprk_refi","BSL",
"False","False","Silver Point SCF CLO VI",,"Sr AAA @ 123 DM (232mm)
Jr AAA @ 140 DM (16mm)
AA @ 160 DM
A @ 205 DM
BBB @ 300 DM","Deutsche Bank","0NC1","Reset","Priced","3/18/2025","3/18/2025","spcsl6_reset","MM",
"False","False","Menlo CLO II","div&lt;div&gt;divAAA subject
br&lt;br&gt;brAA @ 185 DM
br&lt;br&gt;brA @ 200-210 DM
br&lt;br&gt;brSr BBB @ 310-320 DM (24mm)
br&lt;br&gt;brJr BBB @ 425 DM (3mm)
br&lt;br&gt;brBB @ 600 DM
br&lt;br&gt;brB call desk/div&lt;/div&gt;/div","AAA @ 139 DM
AA @ 190 DM
A @ 235 DM
Sr BBB @ 330 DM (20mm)
BBB (fixed) @ 6.80% (+340; 4mm)
Jr BBB @ 425 DM (3mm)
BB @ 625 DM
B @ S+651","Bank of America","5NC2","New Issue","Priced","3/18/2025","4/4/2025","menlo2_newissue","BSL",
"False","False","Clermont Park CLO","div&lt;div&gt;divAAA @ 125 DM/div&lt;/div&gt;/div","AAA @ 125 DM
AA @ 175 DM
AA (fixed) @ 5.308%
A @ 190 DM
Sr BBB @ 290 DM (30mm)
Jr BBB @ 425 DM (3mm)
BB @ 550 DM","Citigroup","5NC2","New Issue","Priced","3/17/2025","4/3/2025","clermont-park_newissue","BSL",
"False","False","BCC Middle Market CLO 2019-1","div&lt;div&gt;divAAA @ 128-130 DM/div&lt;/div&gt;/div","Sr AAA @ 145 DM (232mm)
Jr AAA @ 160 DM (16mm)
AA @ 185 DM
A @ 235 DM
BBB @ 335 DM","Scotia","2NC1","Reset","Priced","3/17/2025","6/18/2025","bcc2019-1_reset","MM",
"False","False","New Mountain CLO 4","div&lt;div&gt;divAAA @ 133-134 DM/div&lt;/div&gt;/div","Sr AAA @ 160 DM (240mm)
Jr AAA @ 185 DM (15.4mm)
AA @ 205 DM
A @ 260 DM
Sr BBB @ 370 DM (21.6mm)
Jr BBB @ 550 DM (5.4mm)
BB @ 691 DM","Wells Fargo","5NC2","Reset","Priced","3/17/2025","4/17/2025","nmc4_reset","BSL",
"False","False","Owl Rock CLO VIII","div&lt;div&gt;divOR speaking to anchor about taking all AAA reset bonds in L140s AAA context/div&lt;/div&gt;/div","Sr AAA @  149 DM
Jr AAA @ 180 DM
AA @ 190 DM
A @ 240 DM","Natixis","4NC2","Reset","Priced","3/17/2025","3/27/2025","or8_reset","MM",
"False","True","RAD CLO 15","div&lt;div&gt;divAAA @ 127-130 DM
br&lt;br&gt;brAA @ 170-175 DM
br&lt;br&gt;brA @ 185-195 DM
br&lt;br&gt;brSr BBB @ 315-325 DM
br&lt;br&gt;brJr BBB @ 435-450 DM
br&lt;br&gt;brBB @ 600-615 DM/div&lt;/div&gt;/div","Sr AAA @ 136 DM (256mm)
Jr AAA @ 160 DM (6mm)
AA @ 175 DM
A @ 190 DM
Sr BBB @ 285 DM (20mm)
Jr BBB @ 415 DM (6mm)
BB @ 650 DM","Bank of America","5NC2","Reset","Priced","3/17/2025","6/12/2025","rad15_reset","BSL",
"False","False","OBRA CLO 2","AAA @ LMM130s DM",,"Morgan Stanley","5NC2","New Issue","Announced","3/14/2025",,"obra2_newissue","BSL",
"False","False","Bain Capital Credit CLO 2025-2","div&lt;div&gt;divSr AAA @ 124 DM
br&lt;br&gt;brJr AAA @ 150 DM
br&lt;br&gt;brAA @ 175 DM
br&lt;br&gt;brA @ 190 DM
br&lt;br&gt;brSr BBB @ 290
br&lt;br&gt;brJr BBB @ 400/div&lt;/div&gt;/div","Sr AAA @ 128 DM (315mm)
Jr AAA @ 165 DM (20mm)
AA @ 175 DM
A @ 250 DM
Sr BBB @ 310 DM (25mm)
Jr BBB @ 500 DM (5mm)
Jr BBB (fixed) @ 8.75% (5mm)
BB @ 775 DM","Jefferies","5NC2","New Issue","Priced","3/14/2025","4/16/2025","bcc2025-2_newissue","BSL",
"False","False","Steele Creek CLO 2022-1","div&lt;div&gt;divX @ 100a DM
br&lt;br&gt;brSr AAA @ 130 DM (220.5mm)
br&lt;br&gt;brJr AAA @ 160 DM (7mm)
br&lt;br&gt;brAA @ 180-190 DM
br&lt;br&gt;brA @ 220-230 DM
br&lt;br&gt;brSr BBB @ 360-375 DM (17.5mm)
br&lt;br&gt;brJr BBB @ 475-500 DM (3.5mm)
br&lt;br&gt;brBB @ 700-725 DM/div&lt;/div&gt;/div","X @ 105 DM
Sr AAA @ 130 DM (220.5mm)
Jr AAA @ 165 DM (7mm)
AA @ 210 DM
Sr A @ 210 DM (38.5mm)
Jr A @ 220 DM (10mm)
BBB @ 485 DM
Sr BB @ S+800 bps (12.25mm; unknown DM)
Jr BB @ S+800 bps (1.75mm; unknown DM)","BNP Paribas","5NC2","Reset","Priced","3/14/2025","4/1/2025","stcr2022-1_reset","BSL",
"False","False","Invesco US CLO 2023-2","div&lt;div&gt;divSr AAA @ 125 DM (320mm)
br&lt;br&gt;brJr AAA @ 140-145 DM (10mm)
br&lt;br&gt;brAA @ 165-170 DM
br&lt;br&gt;brA @ 185-195 DM
br&lt;br&gt;brSr BBB @ 285-295 DM (30mm)
br&lt;br&gt;brJr BBB @ 400-425 DM (5mm)
br&lt;br&gt;brBB @ 525-550 DM/div&lt;/div&gt;/div","Sr AAA @ 130 DM
Jr AAA @ 160 DM
AA @ 180 DM
A @ 185 DM
Sr BBB @ 315 DM (30mm)
Jr BBB (fixed) @ 10.51% (5mm)
BB @ 840 DM ","Bank of America","5NC2","Reset","Priced","3/13/2025","4/17/2025","invco2023-2_reset","BSL",
"False","False","Brightwood MM CLO 2025-1","div&lt;div&gt;divSr AAA @ 150 DM (285mm)/div&lt;/div&gt;/div","Sr AAA @ 158 DM (285mm)
Jr AAA @ 173 DM (20mm)
AA @ 205 DM
A @ 300 DM
A (fixed) @ 6.638%
BBB @ S+491 bps","Scotia","3NC1","New Issue","Priced","3/13/2025","4/8/2025","bwcap2025-1_newissue","MM",
"False","False","Apidos CLO XI","div&lt;div&gt;divX @ 80a DM
br&lt;br&gt;brAAA @ 108-110 DM
br&lt;br&gt;brAA @ 155-160 DM
br&lt;br&gt;brA @ 180-185 DM
br&lt;br&gt;brBBB @ 270-280 DM
br&lt;br&gt;brBB @ 480-490 DM
br&lt;br&gt;brB call desk/div&lt;/div&gt;/div","X @ 100 DM
AAA @ 124 DM 
AA @ 165 DM
A @ 200 DM
BBB @ 300 DM
BB @ 600 DM","Morgan Stanley","3NC1","Refinancing","Priced","3/13/2025","3/27/2025","apid11_refi","BSL",
"False","False","Carlyle US CLO 2025-1","div&lt;div&gt;divSr AAA @ 120 DM (320mm)
br&lt;br&gt;brJr AAA @ 140 DM (5mm)
br&lt;br&gt;brAA @ 155-160 DM
br&lt;br&gt;brA call desk
br&lt;br&gt;brSr BBB call desk
br&lt;br&gt;brJr BBB @ 390-400 DM
br&lt;br&gt;brBB @ 470-480 DM/div&lt;/div&gt;/div","Sr AAA @ 123 DM (320mm)
Jr AAA @ 145 DM (5mm)
AA @ 175 DM
A @ 195 DM
Sr BBB @ 305 DM (31.25mm)
Jr BBB @ 425 DM (2.5mm)
BB @ 570 DM","Morgan Stanley","5NC2","New Issue","Priced","3/13/2025","4/1/2025","cgms2025-1_newissue","BSL",
"False","False","Flatiron CLO 19","div&lt;div&gt;divAAA @ 95-98 DM
br&lt;br&gt;brAA @ 150-155 DM
br&lt;br&gt;brA @ 170-175 DM
br&lt;br&gt;brBBB @ 250-260 DM
br&lt;br&gt;brBB @ 460-470 DM/div&lt;/div&gt;/div","AAA @ 118 DM
AA @ 150 DM
A @ 190 DM
BBB @ 290","Morgan Stanley","0NC0.5","Refinancing","Priced","3/13/2025","3/25/2025","flat19_refi","BSL",
"False","False","Silver Point CLO 2","div&lt;div&gt;divSr AAA @ 128-130 DM (256mm)
br&lt;br&gt;brJr AAA @ 150-155 DM (6mm)
br&lt;br&gt;brAA @ 170-175 DM
br&lt;br&gt;brA @ 200-210 DM
br&lt;br&gt;brSr BBB @ 300-310 DM (24mm)
br&lt;br&gt;brJr BBB @ 415-425 DM (4mm)
br&lt;br&gt;brBB @ 550-575 DM
br&lt;br&gt;brB call desk/div&lt;/div&gt;/div","Sr AAA @ 137 DM (320mm)
Jr AAA @ 165 DM (7.5mm)
AA @ 190 DM
A @ 220 DM
Sr BBB @ 315 DM (25mm)
Jr BBB @ 460 DM (9mm)
BB @ 625 DM
B retained","Wells Fargo","5NC2","Reset","Priced","3/12/2025","4/4/2025","spclo2_reset","BSL",
"False","False","Antares CLO 2017-2","div&lt;div&gt;divSr AAA @ MH130s DM/div&lt;/div&gt;/div","Sr AAA @ 148 DM
Jr AAA @ 180 DM
AA @ 190 DM
A @ 240 DM
BBB @ 390 DM","Citigroup","4NC2","Reset","Priced","3/12/2025","3/26/2025","antr2017-2_reset","MM",
"False","False","Voya 2015-4 CLO",,"Sr AAA @ 115 DM (378.3mm)
Jr AAA @ 140 DM (35.9mm)
AA @ 170 DM","Scotia","0NC0.5","Refinancing","Priced","3/11/2025","5/6/2024","voya2015-3_refi","BSL",
"False","False","Voya CLO 2021-3","div&lt;div&gt;divX @ 100 DM
br&lt;br&gt;brSr AAA @ 125 DM (320mm)
br&lt;br&gt;brJr AAA @ 145 DM (15mm)
br&lt;br&gt;brAA @ 160 DM
br&lt;br&gt;brA @ 185 DM
br&lt;br&gt;brSr BBB @ 270 DM (30mm)
br&lt;br&gt;brJr BBB @ 380 DM (5mm)
br&lt;br&gt;brBB @ H400s DM/div&lt;/div&gt;/div","X @ 105 DM
Sr AAA @ 125 DM (320mm)
Jr AAA @ 150 DM (15mm)
AA @ 175 DM
A @ 190 DM
Sr BBB @ 285 DM (30mm)
Jr BBB @ 435 DM (5mm) 
BB @ 590 DM","Scotia","5NC2","Reset","Priced","3/11/2025","3/21/2025","voya2021-3_reset","BSL",
"False","False","Flatiron CLO 30","div&lt;div&gt;divSr AAA @ 116-117 DM (256mm)
br&lt;br&gt;brJr AAA @ 140 DM (12mm)
br&lt;br&gt;brAA @ 155 DM
br&lt;br&gt;brA @ 175-180 DM
br&lt;br&gt;brSr BBB @ 260-270 DM (24mm)
br&lt;br&gt;brJr BBB @ 360-370 DM (4mm)
br&lt;br&gt;brBB @ 465-475 DM/div&lt;/div&gt;/div","Sr AAA @ 116 DM
Jr AAA @ 140 DM
AA @ 160 DM
A @ 180 DM
Sr BBB @ 285 DM
Jr BBB @ 410 DM ","Bank of America","5NC2","New Issue","Priced","3/11/2025","3/24/2025","flat30_newissue","BSL",
"False","False","Sculptor CLO XXXV","div&lt;div&gt;divAAA @ 125 DM
br&lt;br&gt;brAA @ 165-170 DM
br&lt;br&gt;brA @ 190-200 DM
br&lt;br&gt;brSr BBB @ 310-320 DM (24mm)
br&lt;br&gt;brJr BBB @ 410-420 DM (4mm)
br&lt;br&gt;brBB @ 600-625 DM/div&lt;/div&gt;/div","Sr AAA @ 125 DM
Jr AAA @ 150 DM
AA @ 170 DM
A @ 215 DM
Sr BBB @ 345 DM
Jr BBB @ 425 DM","BNP Paribas","5NC2","New Issue","Priced","3/10/2025","3/24/2025","sculp35_newissue","BSL",
"False","False","Benefit Street Partners CLO XXX","div&lt;div&gt;divSr AAA @ 117-118 DM (267.8mm)
br&lt;br&gt;brJr AAA @ 140-145 DM (8.5mm)
br&lt;br&gt;brAA @ 155-160 DM
br&lt;br&gt;brA @ 180-185 DM
br&lt;br&gt;brSr BBB @ 265-275 DM (25.5mm)
br&lt;br&gt;brJr BBB @ 375-385 DM (4.25mm)
br&lt;br&gt;brBB @ 470-480 DM/div&lt;/div&gt;/div","Sr AAA @ 127 DM (267.75mm)
Jr AAA @ 160 DM (8.5mm)
AA @ 175 DM
A @ 185 DM
Sr BBB @ 280 DM (25.5mm)
Jr BBB @ 8.01% (fixed) (4.25mm)
BB @ 545 DM","Bank of America","5NC2","Reset","Priced","3/10/2025","3/28/2025","bsp30_reset","BSL",
"False","False","Madison Park Funding XIV","div&lt;div&gt;divAAA @ 95 DM
br&lt;br&gt;brAA @ 135-140 DM
br&lt;br&gt;brA @ 160-165 DM
br&lt;br&gt;brBBB @ 250-260 DM
br&lt;br&gt;brBB @ 525-550 DM/div&lt;/div&gt;/div","AAA @ 96 DM","SMBC","0NC0.3","Refinancing","Priced","3/7/2025","3/14/2025","mdpk14_refi","BSL",
"False","False","Balboa Bay Loan Funding 2021-2","Sr AAA @ 113 DM (248mm)
Jr AAA @ 140-145 DM (12mm)
AA @ 155-160 DM
A @ 190-195 DM
BBB @ 290-315 DM
BB not refi&amp;amp;amp;#39;d","Sr AAA @ 113 DM
AA @ 180 DM
A @ 225 DM","Bank of America","1.75NC1","Refinancing","Priced","3/7/2025","3/19/2025","boba2021-2_refi","BSL",
"False","False","Pikes Peak CLO 18","div&lt;div&gt;divSr AAA @ 119 DM (248mm)
br&lt;br&gt;brJr AAA @ 145-150 DM (12mm)
br&lt;br&gt;brAA @ 160-165 DM
br&lt;br&gt;brA @ 185-190 DM
br&lt;br&gt;brBBB @ 280-285 DM
br&lt;br&gt;brBB @ 475-500 DM/div&lt;/div&gt;/div","Sr AAA @ 122 DM
Jr AAA @ 160 DM
AA @ 180 DM
A @ 205 DM
BBB @ 315 DM","Citigroup","5NC2","New Issue","Priced","3/7/2025","3/21/2025","pipk18_newissue","BSL",
"False","False","Octagon Investment Partners 41","div&lt;div&gt;divSr AAA @ 109 DM (310mm)
br&lt;br&gt;brJr AAA @ 140 DM (10mm)
br&lt;br&gt;brAA @ 160 DM
br&lt;br&gt;brA @ 180 DM
br&lt;br&gt;brBBB @ 285 DM
br&lt;br&gt;brBB @ 550 DM/div&lt;/div&gt;/div","Sr AAA @ 109 DM (310mm)
Jr AAA @ 160 DM (10mm)
AA @ 170 DM
A @ 200 DM
BBB @ 315 DM","JPMorgan","1.5NC0.75","Refinancing","Priced","3/7/2025","3/18/2025","oct41_refi","BSL",
"False","False","CIFC Funding 2013-III-R","div&lt;div&gt;divSr AAA @ 80 DM (134.6mm)
br&lt;br&gt;brJr AAA @ 120-125 DM (44.8mm)
br&lt;br&gt;brAA @ 145-150 DM
br&lt;br&gt;brBBB @ 240-250 DM
br&lt;br&gt;brBB @ 575 DM/div&lt;/div&gt;/div","Sr AAA @ 100 DM (134.6mm)
Jr AAA @ 120 DM (44.8mm)
AA @ 150 DM
A @ 250 DM","CIBC","0NC0.5","Refinancing","Priced","3/6/2025","3/12/2025","cifc2013-3r_refi","BSL",
"False","False","Symetra CLO 2025-1","div&lt;div&gt;divSr AAA @ 127 DM (256mm)
br&lt;br&gt;brJr AAA @ 150 DM (8mm)
br&lt;br&gt;brAA @ 165-170 DM
br&lt;br&gt;brA @ 190-195 DM
br&lt;br&gt;brBBB @ 310-315 DM
br&lt;br&gt;brBB @ 575 DM/div&lt;/div&gt;/div","Sr AAA @ 129 DM (256mm)
Jr AAA @ 150 DM (8mm)
AA @ 170 DM
A @ 200 DM
BBB @ 325 DM
BB @ 575 DM","Morgan Stanley","5NC2","New Issue","Priced","3/6/2025","3/12/2025","symc2025-1_newissue","BSL",
"False","False","Trimaran CAVU 2022-2","div&lt;div&gt;divX @ 90 DM
br&lt;br&gt;brAAA @ 124 DM
br&lt;br&gt;brAA @ 160 DM
br&lt;br&gt;brA @ 180-190 DM
br&lt;br&gt;brSr BBB @ 280-290 DM (28.5mm)
br&lt;br&gt;brJr BBB @ 390-400 DM (4.75mm)
br&lt;br&gt;brBB @ 525-550 DM/div&lt;/div&gt;/div","X @ 95 DM
AAA @ 124 DM
AA @ 195 DM
A @ 210 DM
Sr BBB @ 315 DM (24.95mm)
Jr BBB (fixed) @ 8.34% (6.65mm)
BB @ 645 DM","Barclays","5NC2","Reset","Priced","3/6/2025","3/19/2025","cavu2022-2_reset","BSL",
"False","False","Battalion CLO XXII","div&lt;div&gt;divAAA @ 108 DM/div&lt;/div&gt;/div","AAA @ 118 DM
AA @ 165 DM","RBC","1.8NC1","Refinancing","Priced","3/6/2025","3/19/2025","batln22_refi","BSL",
"False","False","Wellfleet CLO 2021-2","div&lt;div&gt;divSr AAA @ 108 DM (270mm)
br&lt;br&gt;brJr AAA @ 135-140 DM (18mm)
br&lt;br&gt;brAA @ 160 DM
br&lt;br&gt;brA @ 180 DM/div&lt;/div&gt;/div",,"Barclays","1.25NC1","Refinancing","Cancelled","3/6/2025",,"welf2021-2_refi","BSL",
"False","False","Golub Capital Partners CLO 48(B)-R","div&lt;div&gt;divSr AAA @ 118-120 DM (352mm)
br&lt;br&gt;brJr AAA @ 140 DM (5.5mm)
br&lt;br&gt;brAA @ 155-160 DM
br&lt;br&gt;brA @ 180-185 DM
br&lt;br&gt;brSr BBB @ 265-275 DM (33mm)
br&lt;br&gt;brJr BBB @ 375 DM (5.5mm)
br&lt;br&gt;brBB @ 475 DM/div&lt;/div&gt;/div","Sr AAA @ 131 DM (346.5mm)
Jr AAA @ 155 DM (11mm)
AA @ 185 DM
A @ 230 DM
Sr BBB @ 275 DM (33mm)
Jr BBB @ 400 DM (5.5mm)
BB @ 550 DM","Wells Fargo","5NC2","Reset","Priced","3/5/2025","4/8/2025","gcbsl48_reset","BSL",
"False","False","AB BSL CLO 4","div&lt;div&gt;divSr AAA @ 120-122 DM/div&lt;/div&gt;/div","Sr AAA @ 130 DM (240mm)
Jr AAA @ 165 DM (24mm)
AA @ 190 DM
A @ 220 DM
Sr BBB @ 315 DM (20mm)
Jr BBB (fixed) @ 8.174% (8mm)
BB @ 610 DM","Goldman Sachs","5NC2","Reset","Priced","3/5/2025","3/28/2025","abbsl4_reset","BSL",
"False","False","AGL CLO 6","div&lt;div&gt;divX @ 90 DM
br&lt;br&gt;brSr AAA @ 117-118 DM (371.2mm)
br&lt;br&gt;brJr AAA @ 140 DM (11.6mm)
br&lt;br&gt;brAA @ 155-160 DM
br&lt;br&gt;brSr A @ 180-185 DM (34.8mm)
br&lt;br&gt;brJr A @ 200 DM (2.9mm)
br&lt;br&gt;brSr BBB @ 280-285 DM (31.9mm)
br&lt;br&gt;brJr BBB @ 380-390 DM (5.8mm)
br&lt;br&gt;brBB @ 510-525 DM
br&lt;br&gt;brB @ 725-750 DM/div&lt;/div&gt;/div","X @ 90 DM
Sr AAA @ 128 DM
Jr AAA @ 153 DM
AA @ 175 DM
A @ 200 DM
Sr BBB @ 330 DM
Jr BBB @ 420 DM","BNP Paribas","5NC2","Reset","Priced","3/5/2025","3/21/2025","agl6_reset","BSL",
"False","False","Golub Capital Partners CLO 80(M)","div&lt;div&gt;divSr AAA call desk
br&lt;br&gt;brJr AAA @ 150 DM (16mm)
br&lt;br&gt;brAA @ 165a DM
br&lt;br&gt;brA @ 195-200 DM
br&lt;br&gt;brBBB call desk/div&lt;/div&gt;/div","Sr AAA @ 136 DM (232mm)
Jr AAA @ 160 DM (16mm)
AA @ 175 DM
A @ 200 DM
BBB @ 310 DM","Natixis","5NC2","New Issue","Priced","3/5/2025","3/14/2025","gocap80_newissue","MM",
"False","False","OCP Aegis CLO 2025-41","div&lt;div&gt;divAAA @ 107 DM
br&lt;br&gt;brAA @ 150 DM
br&lt;br&gt;brAA (fixed) @ flat to floater
br&lt;br&gt;brA @ 170-175 DM
br&lt;br&gt;brSr BBB @ 240-245 DM (16mm)
br&lt;br&gt;brJr BBB @ 350-360 DM (4mm)
br&lt;br&gt;brBB @ 470-485 DM/div&lt;/div&gt;/div","AAA @ 112 DM
AA @ 175 DM
AA (fixed) @ 5.60%
A @ 185 DM
Sr BBB @ 250 DM (16mm)
Jr BBB (fixed) @ 8.00% (4mm)
BB @ 530 DM","Bank of America","3NC1","New Issue","Priced","3/5/2025","3/20/2025","ocpa41_newissue","BSL",
"False","False","PennantPark CLO 12","div&lt;div&gt;divSr AAA @ 145 DM (171mm)
br&lt;br&gt;brJr AAA @ 155 DM (12mm)
br&lt;br&gt;brAA @ 180 DM
br&lt;br&gt;brA @ 210 DM
br&lt;br&gt;brBBB @ 320-330 DM/div&lt;/div&gt;/div","Sr AAA @ 145 DM (171mm)
Jr AAA @ 160 DM
AA @ 185 DM
A @ 230 DM
BBB @ 330 DM","CIBC","4NC2","New Issue","Priced","3/5/2025","3/19/2025","pnnt12_newissue","MM",
"False","False","Neuberger Berman Loan Advisers CLO 35","div&lt;div&gt;divAAA @ 92-93 DM
br&lt;br&gt;brAA @ 165-170 DM
br&lt;br&gt;brBBB @ 265-275 DM
br&lt;br&gt;brBB @ 525-550 DM/div&lt;/div&gt;/div","AAA @ 105 DM
A @ 165 DM
BBB @ 315 DM
BB @ 595 DM","Societe Generale","0NC0.5","Refinancing","Priced","3/5/2025","3/14/2025","neub35_refi","BSL",
"False","False","Regatta 32 Funding","div&lt;div&gt;divSr AAA @ 117-118 DM (288mm)
br&lt;br&gt;brJr AAA @ 140-145 DM (9mm)
br&lt;br&gt;brAA @ 155-160 DM
br&lt;br&gt;brA @ 185-190 DM
br&lt;br&gt;brSr BBB @ 260-270 DM (27mm)
br&lt;br&gt;brJr BBB @ 375-385 DM (4.5mm)
br&lt;br&gt;brBB @ 470-480 DM/div&lt;/div&gt;/div","Sr AAA @ 134 DM (288mm)
Jr AAA @ 160 DM (9mm)
AA @ 170 DM
A @ 190 DM
Sr BBB @ 285 DM (22.5mm)
Jr BBB @ 430 DM (9mm)
BB @ 575 DM","Nomura","5NC2","New Issue","Priced","3/5/2025","6/11/2025","reg32_newissue","BSL",
"False","False","BlackRock Rainier CLO VI","div&lt;div&gt;divAAA @ MH140s DM/div&lt;/div&gt;/div",,"Societe Generale","5NC2","Reset","Announced","3/5/2025",,"blkmm6_reset","MM",
"False","True","OHA Credit Funding 14-R","div&lt;div&gt;divAAA @ 123 DM/div&lt;/div&gt;/div","AAA @ 123 DM
AA @ 170 DM
AA (fixed) @ 5.65%
A @ 190 DM
Sr BBB @ 290 DM (30mm)
Jr BBB @ 410 DM (2.5mm)
BB @ 525 DM","Nomura","5NC2","Re-Issue","Priced","3/5/2025","3/28/2025","oakc14_reissue","BSL",
"False","False","ABPCI Direct Lending Fund CLO XX","div&lt;div&gt;divSr AAA @ 139 DM (280mm)
br&lt;br&gt;brJr AAA @ 155 DM (30mm)
br&lt;br&gt;brAA @ 175 DM
br&lt;br&gt;brA @ 205 DM
br&lt;br&gt;brBBB @ 310 DM
br&lt;br&gt;brBB @ 625 DM/div&lt;/div&gt;/div",,"Deutsche Bank","4NC2","New Issue","Priced","3/4/2025","2/27/2025","abpci20_newissue","MM",
"False","False","AIMCO CLO 15","div&lt;div&gt;divAAA @ 115-117 DM
br&lt;br&gt;brAA @ 150-155 DM
br&lt;br&gt;brA @ 170-175 DM
br&lt;br&gt;brSr BBB @ 250-260 DM (24mm)
br&lt;br&gt;brJr BBB @ 355-365 DM (3mm)
br&lt;br&gt;brBB @ 450-460 DM
br&lt;br&gt;brB call desk/div&lt;/div&gt;/div","AAA @ 120 DM
AA @ 155 DM
A @ 175 DM
Sr BBB @ 275 DM (24mm)
Jr BBB @ 390 DM (3mm)
BB @ 460 DM","Bank of America","5NC2","Reset","Priced","3/4/2025","3/13/2025","aimco15_reset","BSL",
"False","False","Steele Creek CLO 2019-1","div&lt;div&gt;divAAA @ 102-103 DM
br&lt;br&gt;brAA @ 155-160 DM
br&lt;br&gt;brA @ 185-195 DM
br&lt;br&gt;brBBB @ 285-300 DM
br&lt;br&gt;brBB @ 640-660 DM/div&lt;/div&gt;/div","AAA @ 104 DM
AA @ 175 DM
A @ 220 DM
BBB @ 300 DM","BNP Paribas","0NC0.5","Refinancing","Priced","3/4/2025","3/11/2025","stcr2019-1_refi2","BSL",
"False","False","Dryden 86 CLO","div&lt;div&gt;divAAA @ 117-118 DM/div&lt;/div&gt;/div","X @ 90 DM
Sr AAA @ 113 DM
Jr AAA @ 148 DM
AA @ 160 DM
A @ 190 DM","Nomura","5NC2","Reset","Priced","3/4/2025","7/10/2025","drslf86_reset","BSL",
"False","False","HPS Loan Management 2023-17","div&lt;div&gt;divAAA @ 118-119 DM
br&lt;br&gt;brAA @ 155-160 DM
br&lt;br&gt;brA @ 180-185 DM
br&lt;br&gt;brSr BBB @ 270-280 DM (24mm)
br&lt;br&gt;brJr BBB @ 370-380 DM (3mm)
br&lt;br&gt;brBB @ 475-490 DM/div&lt;/div&gt;/div","AAA @ 127 DM
AA @ 165 DM
A @ 180 DM
Sr BBB @ 280 DM (24mm)
Jr BBB @ 390 DM (3mm)
BB @ 550 DM","BNP Paribas","5NC2","Reset","Priced","3/4/2025","3/18/2025","hlm17_reset","BSL",
"False","False","Ares LVIII CLO","div&lt;div&gt;divSr AAA @ 118 DM (256mm)
br&lt;br&gt;brJr AAA @ 140 DM (8mm)
br&lt;br&gt;brAA @ 150-155 DM
br&lt;br&gt;brA @ 175-180 DM
br&lt;br&gt;brSr BBB @ 270-275 DM (24mm)
br&lt;br&gt;brJr BBB @ 370-375 DM (4mm)
br&lt;br&gt;brBB @ 490-500 DM/div&lt;/div&gt;/div","Sr AAA @ 124 DM (252mm)
Jr AAA @ 143 DM (8mm)
AA @ 155 DM
A @ 195 DM
Sr BBB @ 295 DM (22mm)
Jr BBB @ 440 DM (6mm)
BB @ 590 DM","Morgan Stanley","5NC2","Reset","Priced","3/3/2025","3/19/2025","ares58_reset","BSL",
"False","False","Barings CLO 2022-I","div&lt;div&gt;divAAA @ 117 DM
br&lt;br&gt;brAA @ 155 DM
br&lt;br&gt;brA @ 180-185 DM
br&lt;br&gt;brSr BBB @ 270-280 DM (24mm)
br&lt;br&gt;brJr BBB @ 370-380 DM (4mm)
br&lt;br&gt;brBB @ 475-485 DM/div&lt;/div&gt;/div",,"Citigroup","5NC2","Reset","Announced","3/3/2025",,"babsn2022-1_reset","BSL",
"False","False","Sound Point CLO 2025-2","div&lt;div&gt;divSr AAA @ 121 DM (217mm)
br&lt;br&gt;brJr AAA @ 145 DM (7mm)
br&lt;br&gt;brAA @ 160 DM
br&lt;br&gt;brA @ 180 DM
br&lt;br&gt;brSr BBB @ 280 DM (21mm)
br&lt;br&gt;brJr BBB @ 375 DM (2mm)
br&lt;br&gt;brBB @ 625 DM/div&lt;/div&gt;/div","Sr AAA @ 125 DM (217mm)
Jr AAA @ 150 DM (7mm)
AA @ 165 DM
A @ 190 DM
Sr BBB @ 430 DM (17.5mm)
Jr BBB @ 495 DM (5.5mm)
BB @ 650 DM","Citigroup","5NC2","New Issue","Priced","3/3/2025","3/20/2025","sndpt2025-2_newissue","BSL",
"False","False","Neuberger Berman Loan Advisers CLO 33","div&lt;div&gt;divX @ 95 DM
br&lt;br&gt;brAAA @ 117-118 DM
br&lt;br&gt;brAA @ 155-160 DM
br&lt;br&gt;brA @ 175-180 DM
br&lt;br&gt;brSr BBB @ 255-265 DM (36mm)
br&lt;br&gt;brJr BBB @ 375 DM (3.6mm)
br&lt;br&gt;brBB @ 475-490 DM/div&lt;/div&gt;/div","X @ 95 DM
Sr AAA @ 122 DM (375mm)
Jr AAA @ 170 DM (81mm)
AA @ 170 DM
A @ 200 DM
Sr BBB @ 290 DM (30mm)
BBB @ 415 DM (6mm)
Jr BBB @ 440 DM (2.4mm)
BB @ 550 DM","JPMorgan","5NC2","Reset","Priced","3/3/2025","3/14/2025","neub33_reset","BSL",
"False","False","GoldenTree Loan Management US CLO 24","div&lt;div&gt;divX @ 90 DM
br&lt;br&gt;brSr AAA @ 110 DM (320mm)
br&lt;br&gt;brJr AAA @ 130-135 DM (10mm)
br&lt;br&gt;brAA @ 145-150 DM
br&lt;br&gt;brA @ 165-170 DM
br&lt;br&gt;brSr BBB @ 240-250 DM (30mm)
br&lt;br&gt;brJr BBB @ 350 DM (5mm)
br&lt;br&gt;brBB @ 440-450 DM
br&lt;br&gt;brB @ 700a DM/div&lt;/div&gt;/div","X @ 90 DM
Sr AAA @ 115 DM (320mm)
Jr AAA @ 135 DM (10mm)
AA @ 155 DM
A @ 175 DM
Sr BBB @ 260 DM (20mm)
BBB @ 305 DM (10mm)
Jr BBB @ 365 DM (5mm)
BB @ 460 DM
B @ 700 DM","JPMorgan","5NC2","Reset","Priced","3/3/2025","3/14/2025","glm24_newissue","BSL",
"False","False","Diameter Capital CLO 10","div&lt;div&gt;divAAA @ 117-119 DM/div&lt;/div&gt;/div","AAA @ 131 DM
AA @ 190 DM
A @ 215 DM
Sr BBB @ 325 DM (24mm)
Jr BBB @ 525 DM (3mm)
BB @ 575 DM","Barclays","5NC2","New Issue","Priced","3/3/2025","4/7/2025","dclo10_newissue","BSL",
"False","True","Elmwood CLO 22","div&lt;div&gt;divAAA @ 117-118 DM
br&lt;br&gt;brAA @ 155a DM
br&lt;br&gt;brA @ 180a DM
br&lt;br&gt;brSr BBB @ 265-275 DM (24mm)
br&lt;br&gt;brJr BBB @ 365-375 DM (3mm)
br&lt;br&gt;brBB @ 465-475 DM
br&lt;br&gt;brB call desk/div&lt;/div&gt;/div","AAA @ 120 DM
AA @ 158 DM
A @ 185 DM
Sr BBB @ 280 DM (24mm)
Jr BBB @ 395 DM (3mm)
BB @ 480 DM
B @ 725 DM","Citigroup","5NC2","Reset","Priced","2/28/2025","3/12/2025","elm22_reset","BSL",
"False","False","Apidos CLO XXIII","div&lt;div&gt;divAAA @ 93 DM
br&lt;br&gt;brAA @ 130 DM
br&lt;br&gt;brA @ 165 DM
br&lt;br&gt;brBBB @ 230 DM
br&lt;br&gt;brBB @ 500 DM/div&lt;/div&gt;/div","AAA @ 105 DM
AA @ 130 DM
A @ 175 DM
BBB @ 260 DM
BB @ 520 DM","Jefferies","0NC0.5","Refinancing","Priced","2/28/2025","3/12/2025","apid23_refi","BSL",
"False","False","RAD CLO 29","div&lt;div&gt;divAAA call desk
br&lt;br&gt;brAA @ 155-160 DM
br&lt;br&gt;brA @ 175-185 DM
br&lt;br&gt;brSr BBB @ 255-265 DM (24mm)
br&lt;br&gt;brJr BBB @ 350-375 DM (4mm)
br&lt;br&gt;brBB @ 475-500 DM/div&lt;/div&gt;/div","AAA @ 118 DM
AA @ 165 DM
A @ 185 DM
Sr BBB @ 275 DM (24mm)
Jr BBB @ 440 DM (4mm)
BB @ 520 DM","Bank of America","5NC2","New Issue","Priced","2/28/2025","3/14/2025","rad29_newissue","BSL",
"False","False","Galaxy 35 CLO","div&lt;div&gt;divAAA @ 114 DM
br&lt;br&gt;brAA @ 150 DM
br&lt;br&gt;brSr A @ 170-175 DM (30mm)
br&lt;br&gt;brJr A @ 195a DM (5mm)
br&lt;br&gt;brSr BBB @ 250-260 DM (25mm)
br&lt;br&gt;brJr BBB @ 370 DM (5mm)
br&lt;br&gt;brBB @ 450-475 DM/div&lt;/div&gt;/div","AAA @ 118 DM
AA @ 166 DM
Sr A @ 175 DM (33mm)
Jr A @ 195 DM (5.5mm
Sr BBB @ 240 DM (22mm)
BBB @ 290 DM (5.5mm)
Jr BBB @ 395 DM (8.25mm)
BB @ 500 DM","JPMorgan","5NC2","New Issue","Priced","2/28/2025","3/11/2025","galxy35_newissue","BSL",
"False","False","Battalion CLO XXVI","div&lt;div&gt;divAAA @ 120a DM/div&lt;/div&gt;/div",,"Morgan Stanley","5NC2","New Issue","Announced","2/28/2025",,"batln26_newissue","BSL",
"False","False","CIFC Funding 2014-III","div&lt;div&gt;divSr AAA @ 116-117 DM (320mm)
br&lt;br&gt;brJr AAA @ 140-145 DM (10mm)
br&lt;br&gt;brAA @ 150-155 DM
br&lt;br&gt;brA @ 170-175 DM
br&lt;br&gt;brSr BBB @ 260-270 DM (30mm)
br&lt;br&gt;brJr BBB @ 360-375 DM (5mm)
br&lt;br&gt;brBB @ 460-475 DM
br&lt;br&gt;brB @ 725-750 DM/div&lt;/div&gt;/div","Sr AAA @ 118 DM (312.5mm)
Jr AAA @ 140 DM (17.5mm)
AA @ 155 DM
A @ 180 DM
Sr BBB @ 275 DM (30mm)
Jr BBB @ 395 DM (5mm)
BB @ 525 DM
B @ 865 DM","BNP Paribas","5NC2","Reset","Priced","2/27/2025","3/11/2025","cifc2014-3_reset","BSL",
"False","False","TCW CLO 2022-1",,"X @ 110 DM
Sr AAA @ 120 DM (252mm)
Jr AAA @ 145 DM (12mm)
AA @ 165 DM
A @ 198 DM
Sr BBB @ 300 DM (18mm)
Sr BBB (fixed) @ 6.821% (+295; 4mm)
Jr BBB @ 435 DM (6mm)
BB @ 650 DM","Jefferies","5NC2","Reset","Priced","2/27/2025","2/27/2025","tcw2022-1_reset","BSL",
"False","False","AGL CLO 14","div&lt;div&gt;divAAA @ 98-99 DM
br&lt;br&gt;brAA @ 140a DM
br&lt;br&gt;brA @ 170a DM
br&lt;br&gt;brBBB @ 250a DM
br&lt;br&gt;brBB @ 460a DM/div&lt;/div&gt;/div","AAA @ 113 DM
AA @ 160 DM
A @ 195 DM
BBB @ 285 DM
BB @ 625 DM","Morgan Stanley","1.7NC0.5","Refinancing","Priced","2/27/2025","3/13/2025","agl14_refi","BSL",
"False","False","Cedar Funding VI CLO","AR3 (AAA) call desk
BR3 (AA) @ 155 DM
CR3 (A) @ 180 DM
DR3 (BBB) @ 300 DM
ER3 (BB) @ 625-650 DM",,"RBC","5NC2","Reset","Cancelled","2/27/2025",,"cedf6_refi","BSL",
"False","False","Bryant Park Funding 2025-26","div&lt;div&gt;divAAA @ 120 DM
br&lt;br&gt;brSr AA @ 160 DM (52mm)
br&lt;br&gt;brJr AA @ 165 DM (16mm)
br&lt;br&gt;brA @ 180-185 DM
br&lt;br&gt;brSr BBB @ 270-280 DM (24mm)
br&lt;br&gt;brJr BBB @ 380-390 DM (4mm)
br&lt;br&gt;brBB @ 490-500 DM/div&lt;/div&gt;/div","AAA @ 120 DM
Sr AA @ 160 DM (52mm)
Jr AA @ 170 DM (16mm)
A @ 185 DM
Sr BBB @ 270 DM (19mm)
BBB @ 295 DM (5mm)
Jr BBB (fixed) @ 7.68% (4mm)
BB @ 535 DM","Bank of America","5NC2","New Issue","Priced","2/26/2025","3/14/2025","brypk2025-26_newissue","BSL",
"False","False","Octagon 58","div&lt;div&gt;divSr AAA preplaced
br&lt;br&gt;brJr AAA @ 135-140 DM
br&lt;br&gt;brAA @ 150-160 DM
br&lt;br&gt;brA @ 170-180 DM
br&lt;br&gt;brSr BBB @ 260-270 DM (42mm)
br&lt;br&gt;brJr BBB @ 370-380 DM (7mm)
br&lt;br&gt;brBB @ 485-510 DM/div&lt;/div&gt;/div","Sr AAA @ 117 DM (441mm)
Jr AAA @ 160 DM (21mm)
AA @ 175 DM
A @ 190 DM
Sr BBB @ 285 DM (42mm)
Jr BBB @ 450 DM (14mm)
BB @ 625 DM","Wells Fargo","5NC2","Reset","Priced","2/26/2025","3/14/2025","oct58_reset","BSL",
"False","False","Thompson Park CLO","div&lt;div&gt;divAAA @ 104-105 DM
br&lt;br&gt;brAA @ 140-145 DM
br&lt;br&gt;brA @ 180-185 DM
br&lt;br&gt;brBBB @ 260-270 DM
br&lt;br&gt;brBB @ 450-470 DM/div&lt;/div&gt;/div","AAA @ 105 DM
AA @ 150 DM
A @ 190 DM
BBB @ 270 DM
BB @ 460 DM","Wells Fargo","1NC0.75","Refinancing","Priced","2/26/2025","3/6/2025","tprk_refi","BSL",
"False","False","TCW CLO 2017-1","AR4 (AAA) @ 127 DM","X @ 95 DM
Sr AAA @ 115 DM (305.5mm)
Jr AAA @ 145 DM (20mm)
AA @ 155 DM
A @ 210 DM
Sr BBB @ 370 DM (28mm)
Jr BBB (fixed) @ 7.50% (2mm)","Jefferies","1.5NC0.5","Refinancing","Priced","2/26/2025","3/13/2025","tcw2017-1_reset","BSL",
"False","False","Parallel 2021-2","div&lt;div&gt;divAAA @ 107 DM
br&lt;br&gt;brAA @ 160 DM
br&lt;br&gt;brA @ 195 DM
br&lt;br&gt;brBBB @ 325 DM
br&lt;br&gt;brBB @ 625 DM/div&lt;/div&gt;/div",,"Citigroup","1.5NC1","Refinancing","Announced","2/26/2025",,"parl2021-2_refi","BSL",
"False","True","Carlyle Global Market Strategies CLO 2016-1","div&lt;div&gt;divAAA @ 103-104 DM
br&lt;br&gt;brAA @ 145-150 DM
br&lt;br&gt;brA @ 185-195 DM
br&lt;br&gt;brBBB @ 280-300 DM
br&lt;br&gt;brBB @ 600-625 DM/div&lt;/div&gt;/div","AAA @ 109 DM
AA @ 160 DM
A @ 210 DM
BBB @ 310 DM
BB @ 625 DM","Scotia","1NC0.5","Refinancing","Priced","2/26/2025","3/14/2025","cgms2016-1_refi","BSL",
"False","False","OCP CLO 2020-19","div&lt;div&gt;divX @ 85-90 DM
br&lt;br&gt;brAAA @ 116-117 DM
br&lt;br&gt;brAA @ 155a DM
br&lt;br&gt;brSr A @ 175a DM (30mm)
br&lt;br&gt;brJr A @ 200a DM (5mm)
br&lt;br&gt;brSr BBB @ 260-270 DM (25mm)
br&lt;br&gt;brJr BBB @ 360-375 DM (5mm)
br&lt;br&gt;brBB @ 460-475 DM/div&lt;/div&gt;/div","X @ 85 DM
Sr AAA @ 118 DM (312.5mm)
Jr AAA @ 140 DM (5mm)
AA @ 160 DM
Sr A @ 185 DM (30mm)
Jr A @ 195 DM (5mm)
Sr BBB @ 270 DM (25mm)
Jr BBB @ 375 DM (5mm)
BB @ 485 DM
","BNP Paribas","5NC2","Reset","Priced","2/26/2025","3/10/2025","ocp19_reset","BSL",
"False","False","Post CLO 2021-1","div&lt;div&gt;divAAA @ 105 DM
br&lt;br&gt;brAA @ 155 DM
br&lt;br&gt;brA @ 195 DM
br&lt;br&gt;brBBB @ 295 DM
br&lt;br&gt;brBB @ 500 DM/div&lt;/div&gt;/div","AAA @ 108 DM
AA @ 160 DM
A @ 195 DM
BBB @ 300 DM
BB @ 570 DM","Morgan Stanley","1.5NC0.5","Refinancing","Priced","2/26/2025","3/6/2025","post2021-1_refi","BSL",
"False","False","OFSI BSL XV CLO","div&lt;div&gt;divSr AAA @ 124 DM (180mm)
br&lt;br&gt;brJr AAA @ 140-145 DM (12mm)
br&lt;br&gt;brAA @ 170 DM
br&lt;br&gt;brA @ 195-210 DM
br&lt;br&gt;brSr BBB @ 295-310 DM (15mm)
br&lt;br&gt;brJr BBB @ 400-410 DM (6mm)
br&lt;br&gt;brBB @ 550-575 DM/div&lt;/div&gt;/div","Sr AAA @ 124 DM (180mm)
Jr AAA @ 150 DM (12mm)
AA @ 170 DM
A @ 210 DM
A (fixed) @ 6.0377%
Sr BBB @ 375 DM (15mm)
Jr BBB @ 450 DM (2mm)
Jr BBB (fixed) @ 8.4058% (4mm)
BB @ 650 DM","Goldman Sachs","5NC2","New Issue","Priced","2/21/2025","3/13/2025","ofsi15_newissue","BSL",
"False","False","Elevation CLO 2025-18","div&lt;div&gt;divSr AAA @ 124 DM (240mm)
br&lt;br&gt;brJr AAA @ 145 DM (20mm)
br&lt;br&gt;brAA @ 170 DM
br&lt;br&gt;brA @ 195-210 DM
br&lt;br&gt;brSr BBB @ 295-310 DM (20mm)
br&lt;br&gt;brJr BBB @ 400-410 DM (8mm)
br&lt;br&gt;brBB @ 550-575 DM/div&lt;/div&gt;/div","Sr AAA @ 124 DM (240mm)
Jr AAA @ 150 DM (20mm)
AA @ 170 DM
A @ 220 DM
Sr BBB @ 295 DM (20mm)
Jr BBB @ 400 DM (9mm)
BB @ S+584 bps","Goldman Sachs","5NC2","New Issue","Priced","2/21/2025","3/11/2025","awpt18_newissue","BSL",
"False","False","Bridge Street CLO V",,"Sr AAA @ 122 DM (256mm)
Jr AAA @ 140 DM (8mm)
AA @ 160 DM
A @ 195 DM
A (fixed) @ 5.95% (+185)
Sr BBB @ 285 DM (18.5mm)
Sr BBB (fixed) @ 6.95% (+285)
Jr BBB @ 400 DM (4mm)
BB @ 535 DM","Mizuho","5NC2","New Issue","Priced","2/20/2025",,"brdgs5_newissue","BSL",
"False","False","Bryant Park Funding 2023-19",,"X @ 105 DM
Sr AAA @ 120 DM (252mm)
Jr AAA @ 140 DM (6mm)
AA @ 160 DM
A @ 180 DM
Sr BBB @ 280 DM (24mm)
Jr BBB @ 395 DM (3mm)
BB @ 500 DM
B retained
","Mitsubishi","5NC2","Reset","Priced","2/20/2025","2/20/2025","brypk19_reset","BSL",
"False","False","1988 CLO 2","div&lt;div&gt;divSr AAA @ 118-120 DM (256mm)
br&lt;br&gt;brJr AAA @ 140-145 DM (12mm)
br&lt;br&gt;brAA @ 155-160 DM
br&lt;br&gt;brA @ 180-185 DM
br&lt;br&gt;brSr BBB @ 260-275 DM (24mm)
br&lt;br&gt;brJr BBB @ 375-385 DM (4mm)
br&lt;br&gt;brBB @ 500 DM/div&lt;/div&gt;/div","Sr AAA @ 120 DM (256mm)
Jr AAA @ 140 DM (75mm)
AA @ 160 DM
A @ 185 DM
Sr BBB @ 305 DM (24mm)
Jr BBB @ 400 DM (4mm)
BB @ 525 DM","Scotia","5NC2","Reset","Priced","2/20/2025","3/12/2025","muz88-2_reset","BSL",
"False","False","MCF CLO 10","div&lt;div&gt;divSr AAA @ 140a DM/div&lt;/div&gt;/div","X @ 100 DM
Sr AAA @ 145 DM (261mm)
Jr AAA @ 155 DM (18mm)
AA @ 175 DM
A @ 210 DM
Sr BBB @ 355 DM (27mm)
Jr BBB @ 550 DM (8.05mm)
BB @ 645 DM","SMBC","5NC2","Reset","Priced","2/20/2025","3/18/2025","mcfcl2023-1_reset","MM",
"False","False","ICG US CLO 2020-1","div&lt;div&gt;divAAA subject
br&lt;br&gt;brAA call desk
br&lt;br&gt;brA @ 200a DM/div&lt;/div&gt;/div","AAA @ 110 DM
AA @ 165 DM
A @ 220 DM","CIBC","1.75NC1","Refinancing","Priced","2/20/2025","2/28/2025","icg2020-1_refi","BSL",
"False","False","Ballyrock CLO 18",,"AAA @ 115 DM
AA @ 165 DM
A @ 195 DM
Sr BBB @ 285 DM (30.25mm)
Jr BBB @ 395 DM (5.5mm)
BB @ 575 DM","Citigroup","5NC2","Reset","Priced","2/20/2025","3/13/2025","bally18_reset","BSL",
"False","False","Rockford Tower CLO 2022-1","div&lt;div&gt;divSr AAA @ 106a DM
br&lt;br&gt;brAA @ 150-155 DM
br&lt;br&gt;brA @ 185-195 DM
br&lt;br&gt;brBBB @ 275-285 DM
br&lt;br&gt;brBB @ 575 DM/div&lt;/div&gt;/div",,"Barclays","2.5NC1","Refinancing","Cancelled","2/19/2025",,"rockt2022-1_refi","BSL",
"False","False","Barrow Hanley CLO II","A1R (Sr AAA) @ 130 DM","BBB @ 265 DM
BB @ 510 DM","Goldman Sachs","2NC0.5","Refinancing","Priced","2/19/2025","3/3/2025","bh2_reset","BSL",
"False","False","Allegro CLO XIX","div&lt;div&gt;divAAA call desk
br&lt;br&gt;brAA @ 155 DM
br&lt;br&gt;brA @ 175 DM
br&lt;br&gt;brSr BBB @ 275 DM
br&lt;br&gt;brJr BBB @ 375 DM
br&lt;br&gt;brBB @ L500s DM/div&lt;/div&gt;/div","AAA @ 118 DM
AA @ 165 DM
A @ 195 DM
Sr BBB @ 295 DM (22mm)
Jr BBB @ 405 DM (6mm)
BB @ 550 DM","Scotia","5NC2","New Issue","Priced","2/19/2025","3/11/2025","alleg19_newissue","BSL",
"False","False","Magnetite XLV","div&lt;div&gt;divSr AAA @ 111-113 DM (320mm)
br&lt;br&gt;brJr AAA @ 130-135 DM (7.5mm)
br&lt;br&gt;brAA @ 140-150 DM
br&lt;br&gt;brA @ 170 DM
br&lt;br&gt;brSr BBB @ 240-250 DM (30mm)
br&lt;br&gt;brJr BBB @ 340-350 DM (5mm)
br&lt;br&gt;brBB @ 440-450 DM
br&lt;br&gt;brB @ 650 DM/div&lt;/div&gt;/div","Sr AAA @ 115 DM (399.9mm)
Jr AAA @ 140 DM (9.45mm)
AA @ 155 DM
A @ 170 DM
Sr BBB @ 250 DM (37.5mm)
Jr BBB @ 360 DM (5.7mm)
BB @ 450 DM
B @ 650 DM","Citigroup","5NC2","New Issue","Priced","2/19/2025","3/12/2025","magne45_newissue","BSL",
"False","False","Harvest US CLO 2025-1","div&lt;div&gt;divSr AAA @ 118 DM (256mm)
br&lt;br&gt;brJr AAA @ 140 DM (8mm)
br&lt;br&gt;brAA @ 155-160 DM
br&lt;br&gt;brA @ 180-190 DM
br&lt;br&gt;brSr BBB @ 270-280 DM (24mm)
br&lt;br&gt;brJr BBB @ 380-385 DM (4mm)
br&lt;br&gt;brBB @ 515-535 DM/div&lt;/div&gt;/div","Sr AAA @ 118 DM (256mm)
Jr AAA @ 150 DM (3.5mm)
AA @ 170 DM
A @ 190 DM
Sr BBB @ 300 DM (20mm)
Jr BBB @ 420 DM (8mm)
BB @ 535 DM","JPMorgan","5NC2","New Issue","Priced","2/19/2025","3/13/2025","harvt2025-1_newissue","BSL",
"False","False","Canyon CLO 2025-1","div&lt;div&gt;divSr AAA @ 115 DM (320mm; preplaced)
br&lt;br&gt;brJr AAA @ 140 DM (10mm)
br&lt;br&gt;brAA @ 150-155 DM
br&lt;br&gt;brA @ 175-185 DM
br&lt;br&gt;brSr BBB @ 255-265 DM (30mm)
br&lt;br&gt;brJr BBB @ 370-380 DM (5mm)
br&lt;br&gt;brBB @ 450-475 DM/div&lt;/div&gt;/div","Sr AAA @ 115 DM (315mm)
Jr AAA @ 145 DM (15mm)
AA @ 160 DM
A @ 185 DM
Sr BBB @ 275 DM (30mm)
Jr BBB @ 390 DM (5mm)
BB @ 475 DM
B @ 750 DM","Barclays","5NC2","New Issue","Priced","2/19/2025","3/10/2025","canyc2025-1_newissue","BSL",
"False","False","Lakeside Park CLO","div&lt;div&gt;divAAA call desk
br&lt;br&gt;brAA @ 145-150 DM
br&lt;br&gt;brAA (fixed) @ +145
br&lt;br&gt;brA preplaced
br&lt;br&gt;brBBB preplaced
br&lt;br&gt;brBB @ 450-460 DM/div&lt;/div&gt;/div","AAA @ 115 DM
AA @ 155 DM
AA (fixed) @ 5.386%
A @ 175 DM
BBB @ 260 DM
BB @ 460 DM","Nomura","5NC2","New Issue","Priced","2/18/2025","3/7/2025","lakesidepark_newissue","BSL",
"False","False","Oaktree CLO 2025-29","div&lt;div&gt;divAAA call desk
br&lt;br&gt;brAA @ 150-155 DM
br&lt;br&gt;brA @ 170-175 DM
br&lt;br&gt;brSr BBB @ 250-260 DM (24mm)
br&lt;br&gt;brJr BBB @ 355-365 DM (4mm)
br&lt;br&gt;brBB @ 450-470 DM/div&lt;/div&gt;/div","AAA @ 115 DM
AA @ 165 DM
A @ 185 DM
Sr BBB @ 270 DM (22mm)
Jr BBB @ 400 DM (8mm)
BB @ 465 DM","Wells Fargo","5NC2","New Issue","Priced","2/18/2025","3/7/2025","oakcl29_newissue","BSL",
"False","False","Sagard-HalseyPoint CLO 9","div&lt;div&gt;divAAA @ 120-122 DM
br&lt;br&gt;brAA @ 155-160 DM
br&lt;br&gt;brA @ 180-190 DM
br&lt;br&gt;brSr BBB @ 275-280 DM (28.5mm)
br&lt;br&gt;brJr BBB @ 385-390 DM (4.75mm)
br&lt;br&gt;brBB @ 525-550 DM/div&lt;/div&gt;/div","AAA @ 129 DM
AA @ 190 DM
A @ 215 DM
A (fixed) @ 6.033%
Sr BBB @ 325 DM
Jr BBB @ 450 DM
BB @ 585 DM","JPMorgan","5NC2","New Issue","Priced","2/18/2025","3/17/2025","hlsy9_newissue","BSL",
"False","False","Elevation CLO 2018-10","div&lt;div&gt;divAAA @ 92 DM
br&lt;br&gt;brAA @ 120-130 DM
br&lt;br&gt;brA @ 140-150 DM
br&lt;br&gt;brBBB @ 260-270 DM/div&lt;/div&gt;/div","AAA @ 92 DM
AA @ 120 DM
A @ 150 DM
BBB @ 240 DM","Scotia","0NC0.5","Refinancing","Priced","2/18/2025","2/26/2025","awpt10_refi","BSL",
"False","False","LCM 35","div&lt;div&gt;divSr AAA preplaced
br&lt;br&gt;brJr AAA @ 130 DM
br&lt;br&gt;brAA @ 150 DM
br&lt;br&gt;brA @ 205 DM/div&lt;/div&gt;/div","Sr AAA @ 108 DM (300mm)
Jr AAA @ 140 DM (25mm)
AA @ 165 DM","Wells Fargo","1.6NC1","Refinancing","Priced","2/18/2025","3/5/2025","lcm35_refi","BSL",
"False","False","OHA Credit Funding 20","div&lt;div&gt;divAAA @ 110-111 DM
br&lt;br&gt;brAA @ 145-150 DM
br&lt;br&gt;brAA (fixed) @ +145-150
br&lt;br&gt;brSr A @ 170 DM (30mm)
br&lt;br&gt;brJr A @ 195-200 DM (5mm)
br&lt;br&gt;brSr BBB @ 240-250 DM (25mm)
br&lt;br&gt;brJr BBB @ 340-350 DM (5mm)
br&lt;br&gt;brBB @ 440-450 DM/div&lt;/div&gt;/div","AAA @ 110 DM
AA @ 150 DM
AA (fixed) @ 5.271% (N+150 bps)
Sr A @ 170 DM (30mm)
Jr A @ 195 DM (5mm)
Sr BBB @ 240 DM (25mm)
Jr BBB @ 355 DM (5mm)
BB @ 445 DM","BNP Paribas","5NC2","New Issue","Priced","2/18/2025","2/28/2025","oha20_newissue","BSL",
"False","False","Tralee CLO V","div&lt;div&gt;divX @ 75 DM
br&lt;br&gt;brSr AAA call desk
br&lt;br&gt;brJr AAA @ 120 DM
br&lt;br&gt;brAA @ 140 DM
br&lt;br&gt;brA @ 170 DM/div&lt;/div&gt;/div","X @ 85 DM
Sr AAA @ 108 DM (229mm)
Jr AAA @ 145 DM (11mm)
AA @ 175 DM
A @ 200 DM","Santander","1.5NC1","Refinancing","Priced","2/18/2025","3/6/2025","tral2018-5_refi","BSL",
"False","False","Dryden 95 CLO","div&lt;div&gt;divAAA call desk
br&lt;br&gt;brAA @ 150-155 DM
br&lt;br&gt;brA @ 180-185 DM
br&lt;br&gt;brBBB @ 280-290 DM
br&lt;br&gt;brBB @ 600-625 DM/div&lt;/div&gt;/div","AAA @ 104 DM
AA @ 160 DM
A @ 200 DM
BBB @ 305 DM","Citigroup","1.5NC1","Refinancing","Priced","2/18/2025","3/3/2025","drslf95_refi","BSL",
"False","True","Franklin Park Place CLO I",,"X @ 95 DM
AAA @ 125 DM
AA @ 160 DM
A @ 190 DM
Sr BBB @ 335 DM (15.4mm)
Jr BBB @ 480 DM (11.55mm)
BB @ 716 DM","JPMorgan","5NC2","Reset","Priced","2/14/2025","3/18/2025","fppc1_reset","BSL",
"False","True","RR 19","div&lt;div&gt;divAAA @ 114-115 DM/div&lt;/div&gt;/div","AAA @ 118 DM
AA @ 155 DM
A @ 180 DM
Sr BBB @ 250 DM (31.5mm)
BBB @ 310 DM (10.5mm)
Jr BBB @ 365 DM (3.5mm)
BB @ 470 DM","CIBC","5NC2","Reset","Priced","2/14/2025","3/4/2025","rr19_reset","BSL",
"False","False","Neuberger Berman Loan Advisers CLO 43","div&lt;div&gt;divAAA @ 96-98 DM
br&lt;br&gt;brAA @ 135-140 DM
br&lt;br&gt;brA @ 180-185 DM
br&lt;br&gt;brBBB @ 245-255 DM
br&lt;br&gt;brBB @ 450-475 DM/div&lt;/div&gt;/div","AAA @ 105 DM
AA @ 145 DM
A @ 190 DM
BBB @ 265 DM
BB @ 460 DM","Wells Fargo","1.3NC1","Refinancing","Priced","2/14/2025","3/4/2025","neub43_refi","BSL",
"False","False","Neuberger Berman Loan Advisers CLO 45","div&lt;div&gt;divAAA @ 96-98 DM
br&lt;br&gt;brAA @ 135-140 DM
br&lt;br&gt;brA @ 185-190 DM
br&lt;br&gt;brBBB @ 250-260 DM
br&lt;br&gt;brBB @ 475-500 DM/div&lt;/div&gt;/div","AAA @ 106 DM
AA @ 155 DM
A @ 195 DM
BBB @ 270 DM
BB @ 485 DM","Wells Fargo","1.6NC1","Refinancing","Priced","2/14/2025","3/4/2025","neub45_refi","BSL",
"False","False","Park Blue CLO 2025-VII","div&lt;div&gt;divSr AAA @ 120-122 DM (263.5mm)
br&lt;br&gt;brJr AAA @ 140-145 DM (12.75mm)
br&lt;br&gt;brAA @ 155-160 DM
br&lt;br&gt;brA @ 175-185 DM
br&lt;br&gt;brSr BBB @ 265-275 DM (25.5mm)
br&lt;br&gt;brJr BBB @ 375-385 DM (4.25mm)
br&lt;br&gt;brBB @ 485-500 DM/div&lt;/div&gt;/div","Sr AAA @ 122 DM (263.5mm)
Jr AAA @ 145 DM (12.75mm)
AA @ 160 DM
A @ 190 DM
Sr BBB @ 285 DM (25.5mm)
Jr BBB @ 400 DM (4.25mm)
BB @ 530 DM","Bank of America","5NC2","New Issue","Priced","2/14/2025","3/5/2025","pkblu7_newissue","BSL",
"False","False","Atlas Senior Loan Fund XVIII","div&lt;div&gt;divX @ 90 DM
br&lt;br&gt;brSr AAA @ 104 DM (248mm)
br&lt;br&gt;brJr AAA @ 125 DM (12mm)
br&lt;br&gt;brAA @ 155 DM
br&lt;br&gt;brA @ 195 DM
br&lt;br&gt;brBBB @ 330 DM
br&lt;br&gt;brBB @ 650 DM/div&lt;/div&gt;/div","X @ 95 DM
Sr AAA @ 111 DM (248mm)
Jr AAA @ 150 DM (12mm)
AA @ 170 DM
A @ 210 DM
BB @ 705 DM","Jefferies","1.9NC0.9","Refinancing","Priced","2/14/2025","3/7/2025","atclo18_refi","BSL",
"False","False","AGL CLO 39","div&lt;div&gt;divSr AAA @ 113 DM (320mm)
br&lt;br&gt;brJr AAA @ 135 DM (10mm)
br&lt;br&gt;brAA @ 150 DM
br&lt;br&gt;brA @ 170-175 DM
br&lt;br&gt;brSr BBB @ 250-260 DM (30mm)
br&lt;br&gt;brJr BBB @ 350 DM (5mm)
br&lt;br&gt;brBB @ 480 DM
br&lt;br&gt;brB @ tbd/div&lt;/div&gt;/div","Sr AAA @ 113 DM (320mm)
Jr AAA @ 135 DM (10mm)
AA @ 150 DM
A @ 165 DM
Sr BBB @ 250 DM (30mm)
Jr BBB @ 365 DM (5mm)
BB @ 450 DM
B @ 700 DM","JPMorgan","5NC2","New Issue","Priced","2/14/2025","2/28/2025","agl39_newissue","BSL",
"False","False","Ocean Trails CLO IX","div&lt;div&gt;divX @ 95 DM
br&lt;br&gt;brAAA @ call desk
br&lt;br&gt;brAA @ call desk
br&lt;br&gt;brA @ 190-195 DM
br&lt;br&gt;brSr BBB @ 300 DM (22.5mm)
br&lt;br&gt;brJr BBB @ 400 DM (3.75mm)
br&lt;br&gt;brBB @ 600-625 DM
br&lt;br&gt;brB call desk/div&lt;/div&gt;/div","X @ 95 DM
AAA @ 123 DM
AA @ 170 DM
A @ 200 DM
A (fixed) @ 5.75% (+200)
Sr BBB @ 315 DM (15mm)
Sr BBB (fixed) @ 6.91% (+315; 3.75mm)
Jr BBB @ 410 DM (7.5mm)
BB @ 625 DM
B retained","Societe Generale","5NC2","Reset","Priced","2/14/2025","3/3/2025","octr9_reset","BSL",
"False","False","RR 26","div&lt;div&gt;divAAA @ 105 DM
br&lt;br&gt;brAA @ 145 DM
br&lt;br&gt;brA preplaced
br&lt;br&gt;brSr BBB preplaced
br&lt;br&gt;brJr BBB preplaced
br&lt;br&gt;brBB @ 440 DM/div&lt;/div&gt;/div","AAA @ 112 DM
AA @ 150 DM
Sr A @ 170 DM (29.75mm)
Jr A @ 205 DM (5mm)
Sr BBB @ 245 DM (23mm)
Jr BBB @ 315 DM (6.25mm)
BB @ 440 DM","Atlas","3NC1","Refinancing","Priced","2/14/2025","2/28/2025","rr26_refi","BSL",
"False","False","Ares Direct Lending CLO 5","div&lt;div&gt;divAAA @ MH130s DM/div&lt;/div&gt;/div","Sr AAA @ 138 DM (285mm)
Jr AAA @ 160 DM (15mm)
AA @ 170 DM","Scotia","5NC2","New Issue","Priced","2/14/2025","3/14/2025","aresdl5_newissue","MM",
"False","False","NGC CLO 2025-2","div&lt;div&gt;divX @ 90 DM
br&lt;br&gt;brSr AAA @ 123 DM (252mm)
br&lt;br&gt;brJr AAA @ 150 DM (12mm)
br&lt;br&gt;brAA @ 165 DM
br&lt;br&gt;brA @ 185 DM
br&lt;br&gt;brSr BBB @ 300 DM (24mm)
br&lt;br&gt;brJr BBB @ 400 DM (4mm)
br&lt;br&gt;brBB @ 575-600 DM/div&lt;/div&gt;/div","X @ 120 DM
Sr AAA @ 123 DM (240mm)
Jr AAA @ 160 DM (24mm)
AA @ 175 DM
Sr A @ 220 DM (24mm)
Jr A (fixed) @ 6.472% (+260; 4mm)
Sr BBB @ 355 DM (20mm)
Jr BBB (fixed) @ 8.25% (4mm)
BB @ 645 DM","Jefferies","5NC2","New Issue","Priced","2/13/2025","3/6/2025","ngc2025-2_newissue","BSL",
"False","False","Octagon Investment Partners XXI","div&lt;div&gt;divSr AAA @ LM80s DM/div&lt;/div&gt;/div","Sr AAA @ 81 DM (224.5mm)
Jr AAA @ 105 DM (37.5mm)
AA @ 115 DM
A @ 135 DM
BBB @ 225 DM
BB @ 540 DM","SMBC","0NC0.5","Refinancing","Priced","2/13/2025","2/21/2025","oct21_refi","BSL",
"False","False","Starwood 2025-SIF5",,"AAA @ 155 DM
AA @ 185 DM
A @ 210 DM
BBB @ 360 DM","Jefferies","3NC1.5","New Issue","Priced","2/13/2025","3/21/2025","stwd2025-sif5_newissue","Infra",
"False","True","Carlyle US CLO 2021-7","div&lt;div&gt;divSr AAA @ 115-117 DM (320mm)
br&lt;br&gt;brJr AAA @ 140 DM (7.5mm)
br&lt;br&gt;brAA @ 155-160 DM
br&lt;br&gt;brA @ 175-180 DM
br&lt;br&gt;brSr BBB @ 280-290 DM (30mm)
br&lt;br&gt;brJr BBB @ 375-385 DM (3.75mm)
br&lt;br&gt;brBB @ 475-500 DM/div&lt;/div&gt;/div","Sr AAA @ 120 DM (320mm)
Jr AAA @ 140 DM (7.5mm)
AA @ 160 DM
A @ 200 DM
Sr BBB @ 300 DM (30mm)
Jr BBB @ 400 DM (3.75mm)
BB @ 550 DM","Barclays","5NC2","Reset","Priced","2/13/2025","3/13/2025","cgms2021-7_reset","BSL",
"False","False","Benefit Street Partners CLO VI-B","div&lt;div&gt;divAAA @ 115-116 DM
br&lt;br&gt;brAA @ 150-155 DM
br&lt;br&gt;brA @ 175 DM
br&lt;br&gt;brSr BBB @ 260-270 DM (37.5mm)
br&lt;br&gt;brJr BBB @ 375-385 DM (6.25mm)
br&lt;br&gt;brBB @ 465-475 DM/div&lt;/div&gt;/div","Sr AAA @ 118 DM (387.5mm)
Jr AAA @ 140 DM (12.5mm)
AA @ 155 DM
A @ 180 DM
Sr BBB @ 270 DM (37.5mm)
Jr BBB @ 375 DM (6.25mm)
BB @ 475 DM","Societe Generale","5NC2","Reset","Priced","2/13/2025","3/7/2025","bsp6b_reset","BSL",
"False","False","Apex Credit CLO 12","div&lt;div&gt;divSr AAA @ 125-127 DM (256mm)
br&lt;br&gt;brJr AAA @ 140-143 DM (8mm)
br&lt;br&gt;brAA @ 165-170 DM
br&lt;br&gt;brA @ 190-195 DM
br&lt;br&gt;brSr BBB @ 300-310 DM (22mm)
br&lt;br&gt;brJr BBB @ 400-410 DM (6mm)
br&lt;br&gt;brBB @ 600-625 DM/div&lt;/div&gt;/div","Sr AAA @ 127 DM (256mm)
Jr AAA @ 142 DM (8mm)
Sr AA @ 170 DM (31.8mm)
Jr AA (fixed) @ 5.75% (8.2mm)
A @ 225 DM
A (fixed) @ 6.1423%
Sr BBB @ 375 DM (18mm)
Jr BBB @ 425 DM (10.55mm)
BB @ 625 DM","Goldman Sachs","5NC2","New Issue","Priced","2/13/2025","3/13/2025","apexc12_newissue","BSL",
"False","False","Sixth Street CLO XXII","div&lt;div&gt;divAAA preplaced
br&lt;br&gt;brAA @ 150-155 DM
br&lt;br&gt;brA @ 175 DM
br&lt;br&gt;brSr BBB @ 255-265 DM (24mm)
br&lt;br&gt;brJr BBB @ 370-375 DM (1.4mm)
br&lt;br&gt;brBB @ 465-475 DM/div&lt;/div&gt;/div","AAA @ 113 DM
AA @ 155 DM
A @ 180 DM
Sr BBB @ 265 DM (24mm)
Jr BBB @ 375 DM (1.4mm)
BB @ 475 DM","JPMorgan","5NC2","Reset","Priced","2/13/2025","3/3/2025","sixt22_reset","BSL",
"False","False","Benefit Street Partners CLO XXIV","div&lt;div&gt;divAAA @ 96-98 DM
br&lt;br&gt;brAA @ 130-135 DM
br&lt;br&gt;brA @ 160-170 DM
br&lt;br&gt;brBBB @ 230-240 DM
br&lt;br&gt;brBB @ 440-465 DM/div&lt;/div&gt;/div","AAA @ 106 DM
AA @ 150 DM
A @ 180 DM
BBB @ 240 DM
BB @ 460 DM","Wells Fargo","1.6NC0.5","Refinancing","Priced","2/12/2025","3/11/2025","bsp24_refi","BSL",
"False","False","Anchorage Capital CLO 13","div&lt;div&gt;divAAA @ 121 DM
br&lt;br&gt;brAA @ 160-165 DM
br&lt;br&gt;brA @ 185-190 DM
br&lt;br&gt;brBBB @ 295-305 DM
br&lt;br&gt;brBB @ 550-560 DM
br&lt;br&gt;brB @ 750 DM/div&lt;/div&gt;/div","AAA @ 127 DM
AA @ 172 DM
A @ 205 DM
BBB @ 325 DM
BB @ 650 DM","Citigroup","5NC2","Reset","Priced","2/12/2025","3/12/2025","anchc13_reset","BSL",
"False","False","Trinitas CLO VII","div&lt;div&gt;divAAA @ 103-105 DM
br&lt;br&gt;brAA @ 150 DM
br&lt;br&gt;brA @ 180-185 DM/div&lt;/div&gt;/div","AAA @ 106 DM
AA @ 160 DM","SMBC","2NC1","Refinancing","Priced","2/12/2025","2/21/2025","trnts7_refi","BSL",
"False","False","Golub Capital Partners CLO 51(M)-R","div&lt;div&gt;divAAA @ M110s DM
br&lt;br&gt;brAA @ 155-160 DM
br&lt;br&gt;brA @ 185-190 DM
br&lt;br&gt;brBBB @ 295-300 DM/div&lt;/div&gt;/div","AAA @ 120 DM
AA @ 165 DM
A @ 200 DM","BNP Paribas","2NC1","Reset","Priced","2/12/2025","3/7/2025","gocap51m_reset","MM",
"False","False","Churchill NCDLC CLO-I",,"X @ 105 DM
AAA @ 138 DM
AA @ 170 DM","Societe Generale","5NC2","Reset","Priced","2/12/2025","2/24/2025","chmml-ncdlc1_reset","MM",
"False","False","AGL CLO 16",,"AAA @ 95 DM
AA @ 140 DM
A @ 170 DM
BBB @ 240 DM
BB @ 465 DM","Mizuho","2NC1","Refinancing","Priced","2/11/2025","2/11/2025","agl16_refi","BSL",
"False","False","Birch Grove CLO 12","div&lt;div&gt;divSr AAA @ 117 DM (294.5mm)
br&lt;br&gt;brJr AAA @ 135 DM (11.875mm)
br&lt;br&gt;brAA @ 150-155 DM
br&lt;br&gt;brA @ 170-175 DM
br&lt;br&gt;brSr BBB @ 260 DM (28.5mm)
br&lt;br&gt;brJr BBB @ 375 DM (4.75mm)
br&lt;br&gt;brBB @ 450-475 DM
br&lt;br&gt;brB call desk/div&lt;/div&gt;/div","Sr AAA @ 117 DM (294.5mm)
Jr AAA @ 135 DM (11.875mm)
AA @ 155 DM
A @ 180 DM
Sr BBB @ 275 DM (28.5mm)
Jr BBB @ 375 DM (4.75mm)
BB @ 495 DM
B @ S+700","JPMorgan","5NC2","New Issue","Priced","2/11/2025","2/21/2025","bgclo12_newissue","BSL",
"False","False","Barings Middle Market CLO 2025-I","div&lt;div&gt;divAAA @ 142-143 DM/div&lt;/div&gt;/div","X @ 105 DM
AAA @ 145 DM (203mm)
AA @ 175 DM
A @ 215 DM
BBB @ 335 DM
BB @ 635 DM","Wells Fargo","4NC2","New Issue","Priced","2/11/2025","3/12/2025","bmm2025-1_newissue","MM",
"False","False","OCP CLO 2023-26","div&lt;div&gt;divAAA @ 105 DM
br&lt;br&gt;brAA @ 140-145 DM
br&lt;br&gt;brA @ 160-165 DM
br&lt;br&gt;brSr BBB @ 240-245 DM (24mm)
br&lt;br&gt;brJr BBB @ 350-360 DM (4mm)
br&lt;br&gt;brBB @ 440-450 DM/div&lt;/div&gt;/div","AAA @ 108 DM
AA @ 145 DM
A @ 165 DM
Sr BBB @ 245 DM (24mm)
Jr BBB @ 360 DM (4mm)
BB @ 445 DM","Citigroup","3NC1","Reset","Priced","2/11/2025","2/28/2025","ocp2023-26_reset","BSL",
"False","False","Balboa Bay Loan Funding 2022-1","div&lt;div&gt;divAAA @ 105 DM/div&lt;/div&gt;/div","X @ 105 DM
AAA @ 119 DM
AA @ 185 DM
A @ 230 DM
Sr BBB @ 330 DM (19mm)
Jr BBB (fixed) @ 7.931% (7mm)
BB @ 700 DM ($98)","Goldman Sachs","3NC1","Reset","Priced","2/11/2025","4/3/2025","boba2022-1_reset","BSL",
"False","False","Antares CLO 2018-1","div&lt;div&gt;divSr AAA @ call desk
br&lt;br&gt;brJr AAA @ 150 DM
br&lt;br&gt;brAA @ 165-170 DM
br&lt;br&gt;brA @ 190-200 DM
br&lt;br&gt;brBBB @ 320 DM
br&lt;br&gt;brBB retained/div&lt;/div&gt;/div","Sr AAA @ 137 DM (406mm)
Jr AAA @ 160 DM (28mm)
AA @ 170 DM
A @ 200 DM
BBB @ 320 DM
BB retained","CIBC","5NC2","Reset","Priced","2/11/2025","2/21/2025","antr2018-1_reset","BSL",
"False","False","Broad River BSL Funding CLO 2020-1",,,"Citigroup",,"Refinancing","Upcoming","2/11/2025",,"bdrvr2020-1_refi","BSL",
"False","True","AMMC CLO 26","div&lt;div&gt;divX subject
br&lt;br&gt;brAAA @ 127-129 DM
br&lt;br&gt;brAA @ 155-160 DM
br&lt;br&gt;brA subject
br&lt;br&gt;brSr BBB @ 290 DM (24mm)
br&lt;br&gt;brJr BBB subject
br&lt;br&gt;brBB @ 500-525 DM
br&lt;br&gt;brB call desk/div&lt;/div&gt;/div","Sr AAA @ 127 DM (248mm)
Jr AAA @ 165 DM (8mm)
AA @ 190 DM
A @ 220 DM
Sr BBB @ 330 DM (19.7mm)
Jr BBB @ 450 DM (3.9mm)
BB @ 650 DM","RBC","5NC2","Reset","Priced","2/11/2025","4/1/2025","ammc26_refi","BSL",
"False","False","Elmwood CLO IX","div&lt;div&gt;divAAA @ 114 DM/div&lt;/div&gt;/div","AAA @ 114 DM
AA @ 155 DM
A @ 180 DM
Sr BBB @ 265 DM (30mm)
Jr BBB @ 375 DM (4.5mm)
BB @ 465 DM
B @ 725 DM","Bank of America","5NC2","Reset","Priced","2/11/2025","2/28/2025","elmw9_reset","BSL",
"False","False","Madison Park Funding XXIX","div&lt;div&gt;divX @ 85-90 DM
br&lt;br&gt;brSr AAA @ 114-115 DM (384mm)
br&lt;br&gt;brJr AAA @ 135-140 DM (8mm)
br&lt;br&gt;brAA @ 145-150 DM
br&lt;br&gt;brA @ 175-180 DM
br&lt;br&gt;brSr BBB @ 250-260 DM (36mm)
br&lt;br&gt;brJr BBB @ 360-370 DM (6mm)
br&lt;br&gt;brBB @ 500-515 DM
br&lt;br&gt;brB call desk/div&lt;/div&gt;/div","X @ 88 DM
Sr AAA @ 118 DM (378mm)
Jr AAA @ 140 DM (14mm)
AA @ 160 DM
A @ 195 DM
Sr BBB @ 290 DM (33mm)
Jr BBB @ 410 DM (9mm)
BB @ 585 DM","Nomura","5NC2","Reset","Priced","2/11/2025","3/7/2025","mdpk29_reset","BSL",
"False","False","Morgan Stanley Eaton Vance CLO 2025-21","div&lt;div&gt;divSr AAA @ 116 DM (256mm)
br&lt;br&gt;brJr AAA call desk
br&lt;br&gt;brAA @ 150-155 DM
br&lt;br&gt;brA @ 170-175 DM
br&lt;br&gt;brSr BBB @ 250-260 DM (24mm)
br&lt;br&gt;brJr BBB @ 355-375 DM (4mm)
br&lt;br&gt;brBB @ 450-470 DM/div&lt;/div&gt;/div","Sr AAA @ 117 DM (256mm)
Jr AAA @ 140 DM (8mm)
AA @ 155 DM
A @ 180 DM
Sr BBB @ 270 DM (24mm)
Jr BBB @ 375 DM (4mm)
BB @ 470 DM","Wells Fargo","5NC2","New Issue","Priced","2/11/2025","3/7/2025","msev2025-21_newissue","BSL",
"False","False","Marathon CLO 14","div&lt;div&gt;divAAA @ 95 DM
br&lt;br&gt;brA @ 185 DM/div&lt;/div&gt;/div","AAA @ 95 DM
A @ 185 DM","Citigroup","0NC0.5","Refinancing","Priced","2/11/2025","2/14/2025","mclo14_refi","BSL",
"False","False","Ares Loan Funding IX","div&lt;div&gt;divSr AAA @ 114-115 DM (320mm)
br&lt;br&gt;brJr AAA @ 135-140 DM (10mm)
br&lt;br&gt;brAA @ 145-150 DM
br&lt;br&gt;brA @ 175-180 DM
br&lt;br&gt;brSr BBB @ 245-255 DM (30mm)
br&lt;br&gt;brJr BBB @ 350-360 DM (5mm)
br&lt;br&gt;brBB @ 460-470 DM/div&lt;/div&gt;/div","Sr AAA @ 118 DM (315mm)
Jr AAA @ 140 DM (15mm)
AA @ 155 DM
A @ 180 DM
Sr BBB @ 260 DM (30mm)
Jr BBB @ 380 DM (5mm)
BB @ 500 DM","Nomura","5NC2","New Issue","Priced","2/10/2025","3/3/2025","areslf9_newissue","BSL",
"False","True","Wise CLO 2025-2","div&lt;div&gt;divAAA @ 119 DM/div&lt;/div&gt;/div","AAA @ 120 DM
AA @ 194 DM
","Wells Fargo","5NC2","New Issue","Priced","2/10/2025","3/20/2025","wyze2025-2_newissue","BSL",
"False","False","Bain Capital Credit CLO 2019-4","div&lt;div&gt;divSr AAA @ 99 DM (378mm)
br&lt;br&gt;brJr AAA @ 125-130 DM
br&lt;br&gt;brAA @ 140-145 DM
br&lt;br&gt;brA @ 165-175 DM
br&lt;br&gt;brBBB @ 275-285 DM
br&lt;br&gt;brBB @ 635-645 DM/div&lt;/div&gt;/div","Sr AAA @ 99 DM (378mm)
Jr AAA @ 130 DM (19mm)
AA @ 145 DM
A @ 180 DM
BBB @ 290 DM
BB @ 700 DM
","CIBC","2NC0.75","Refinancing","Priced","2/10/2025","2/19/2025","bcc2019-4_refi","BSL",
"False","False","Palmer Square Loan Funding 2025-1","div&lt;div&gt;divAAA @ 80 DM
br&lt;br&gt;brAA @ 120-130 DM
br&lt;br&gt;brA @ 145-155 DM
br&lt;br&gt;brBBB @ 225-235 DM
br&lt;br&gt;brBB @ 400-425 DM/div&lt;/div&gt;/div","AAA @ 80 DM
AA @ 120 DM
A @ 160 DM
BBB @ 225 DM
BB @ 410 DM","Citigroup","0NC1","New Issue","Priced","2/10/2025","2/14/2025","pstat2025-1_newissue","BSL",
"False","False","Regatta 31 Funding","div&lt;div&gt;divSr AAA @ 116-118 DM (256mm)
br&lt;br&gt;brJr AAA @ 145-150 DM (6mm)
br&lt;br&gt;brAA @ 155-160 DM
br&lt;br&gt;brA @ 185-190 DM
br&lt;br&gt;brSr BBB @ 270-280 DM (24mm)
br&lt;br&gt;brJr BBB @ 375-385 DM (4mm)
br&lt;br&gt;brBB @ 475-500 DM/div&lt;/div&gt;/div","Sr AAA @ 117 DM (248mm)
Jr AAA @ 145 DM (16mm)
AA @ 160 DM
A @ 190 DM
Sr BBB @ 280 DM (24mm)
Jr BBB @ 385 DM (4mm)
BB @ 490 DM","Citigroup","5NC2","Re-Issue","Priced","2/10/2025","2/21/2025","reg31_reissue","BSL",
"False","False","Silver Rock CLO II","div&lt;div&gt;divAAA @ 104 DM
br&lt;br&gt;brAA @ 145-147 DM
br&lt;br&gt;brA @ 165 DM/div&lt;/div&gt;/div","AAA @ 104 DM
AA @ 160 DM
A @ 210 DM
A (fixed) @ 6.0822%","Goldman Sachs","2NC1","Refinancing","Priced","2/10/2025","2/21/2025","slvrk2_refi","BSL",
"False","False","Texas Debt Capital CLO 2025-I","div&lt;div&gt;divAAA @ 113-114 DM
br&lt;br&gt;brAA @ 150 DM
br&lt;br&gt;brA preplaced
br&lt;br&gt;brSr BBB preplaced
br&lt;br&gt;brJr BBB preplaced
br&lt;br&gt;brBB @ 440 DM/div&lt;/div&gt;/div","Sr AAA @ 114 DM (378mm)
Jr AAA @ 140 DM (18mm)
AA @ 155 DM
A @ 170 DM
Sr BBB @ 250 DM (36mm)
Jr BBB @ 355 DM (6mm)
BB @ 450 DM","Bank of America","5NC2","New Issue","Priced","2/10/2025","2/19/2025","tcifc2025-1_newissue","BSL",
"False","False","Madison Park Funding XLIX","div&lt;div&gt;divAAA @ 96 DM
br&lt;br&gt;brAA @ 135-145 DM
br&lt;br&gt;brA @ 170-180 DM
br&lt;br&gt;brBBB @ 250-260 DM
br&lt;br&gt;brBB @ 450-460 DM/div&lt;/div&gt;/div","AAA @ 105 DM
AA @ 145 DM
A @ 180 DM
BBB @ 280 DM
BB @ 460 DM
","Bank of America","1.75NC0.75","Refinancing","Priced","2/10/2025","2/20/2025","mdpk49_refi","BSL",
"False","False","BCRED CLO 2025-1","div&lt;div&gt;divAAA @ 138 DM
br&lt;br&gt;brAA @ 160-170 DM
br&lt;br&gt;brA @ 190-200 DM/div&lt;/div&gt;/div","AAA @ 138 DM
AA @ 170 DM
A @ 200 DM","Citigroup","4NC2","New Issue","Priced","2/7/2025","2/28/2025","bcred2025-1_newissue","MM",
"False","False","Venture 38 CLO","div&lt;div&gt;divAAA @ 93 DM
br&lt;br&gt;brAA @ 125 DM
br&lt;br&gt;brA @ 195 DM
br&lt;br&gt;brBBB @ 330 DM/div&lt;/div&gt;/div","AAA @ 100 DM
AA @ 140 DM
A @ 195 DM
BBB @ 395 DM","Jefferies","0NC0.3","Refinancing","Priced","2/7/2025","3/4/2025","ventr38_refi","BSL",
"False","False","CIFC Funding 2013-IV","div&lt;div&gt;divSr AAA @ 75 DM (84.4mm)
br&lt;br&gt;brJr AAA @ 90 DM
br&lt;br&gt;brAA @ 115-120 DM
br&lt;br&gt;brA @ 135-140 DM
br&lt;br&gt;brBBB @ 205-220 DM
br&lt;br&gt;brBB @ 450 DM/div&lt;/div&gt;/div","Sr AAA @ 75 DM (84.4mm)
Jr AAA @ 90 DM (15mm)
AA @ 115 DM
A @ 135 DM
BBB @ 190 DM
BB @ 430 DM","CIBC","0NC0.5","Refinancing","Priced","2/7/2025","2/12/2025","cifc2013-4_refi","BSL",
"False","False","GoldenTree Loan Management US CLO 6","div&lt;div&gt;divAAA @ 93-95 DM
br&lt;br&gt;brAA @ 135-140 DM
br&lt;br&gt;brA @ 160-170 DM
br&lt;br&gt;brBBB @ 235-245 DM
br&lt;br&gt;brBB @ 450-475 DM
br&lt;br&gt;brB call desk/div&lt;/div&gt;/div","AAA @ 97 DM
AA @ 140 DM
A @ 175 DM
BBB @ 245 DM
BB @ 450 DM
B @ 800 DM","Wells Fargo","2.25NC0.5","Refinancing","Priced","2/6/2025","2/19/2025","glm6_refi","BSL",
"False","False","1988 CLO 6","div&lt;div&gt;divSr AAA @ 117 DM (252mm)
br&lt;br&gt;brJr AAA @ 140 DM (12mm)
br&lt;br&gt;brAA @ 150 DM
br&lt;br&gt;brA @ 170-175 DM
br&lt;br&gt;brSr BBB @ 255-265 DM (24mm)
br&lt;br&gt;brJr BBB @ 365-375 DM (4mm)
br&lt;br&gt;brBB @ 450-475 DM/div&lt;/div&gt;/div","Sr AAA @ 117 DM (252mm)
Jr AAA @ 140 DM (12mm)
AA @ 155 DM
Sr A @ 175 DM (16mm)
Jr A @ 205 DM (8mm)
Sr BBB @ 265 DM (24mm)
Jr BBB @ 380 DM (4mm)
BB @ 490 DM","Bank of America","5NC2","New Issue","Priced","2/6/2025","2/20/2025","muz88-6_newissue","BSL",
"False","False","Symphony CLO 47","div&lt;div&gt;divSr AAA @ 112-113 DM/div&lt;/div&gt;/div","Sr AAA @ 114 DM (256mm)
Jr AAA @ 140 DM (8mm)
AA @ 155 DM
A @ 180 DM
Sr BBB @ 240 DM (20mm)
BBB @ 300 DM (4mm)
Jr BBB @ 400 DM (6mm)
BB @ 460 DM","Barclays","5NC2","New Issue","Priced","2/6/2025","3/5/2025","symp47_newissue","BSL",
"False","False","Canyon CLO 2022-2","div&lt;div&gt;divSr AAA @ 118 DM (256mm)
br&lt;br&gt;brJr AAA @ 140 DM (8mm)
br&lt;br&gt;brAA @ 150-155 DM
br&lt;br&gt;brA @ 170-175 DM
br&lt;br&gt;brSr BBB @ 250-260 DM (20mm)
br&lt;br&gt;brJr BBB @ 370-380 DM (8mm)
br&lt;br&gt;brBB @ 475-500 DM/div&lt;/div&gt;/div","Sr AAA @ 118 DM (256mm)
Jr AAA @ 140 DM (8mm)
AA @ 155 DM
A @ 175 DM
Sr BBB @ 260 DM (20mm)
Jr BBB @ 400 DM (8mm)
BB @ 475 DM
B @ S+720","Barclays","5NC2","Reset","Priced","2/5/2025","2/20/2025","canyc2022-2_reset","BSL",
"False","False","CIFC Funding 2014-IV-R","div&lt;div&gt;divSr AAA @ 96-97 DM (325.5mm)
br&lt;br&gt;brJr AAA @ 120 DM (15.75mm)
br&lt;br&gt;brAA @ 135-140 DM
br&lt;br&gt;brA @ 170-175 DM
br&lt;br&gt;brBBB @ 245-255 DM
br&lt;br&gt;brBB @ 500-525 DM
br&lt;br&gt;brB call desk/div&lt;/div&gt;/div","Sr AAA @ 99 DM (325.5mm)
Jr AAA @ 120 DM (15.75mm)
AA @ 150 DM
A @ 180 DM
BBB @ 260 DM
BB @ 580 DM","RBC","1.9NC1","Refinancing","Priced","2/5/2025","2/20/2025","cifc2014-4r_refi","BSL",
"False","False","Symphony CLO XXI","div&lt;div&gt;divAAA @ 88 DM
br&lt;br&gt;brAA @ 135 DM
br&lt;br&gt;brA @ 170 DM/div&lt;/div&gt;/div","AAA @ 90 DM 
AA @ 135 DM
A @ 175 DM
Sr BBB @ 265 DM (18mm)
Jr BBB @ 435 DM (5mm)","Santander","0NC0.5","Refinancing","Priced","2/5/2025","2/7/2025","symp21_refi","BSL",
"False","False","Lake George Park CLO","div&lt;div&gt;divAAA @ 113 DM
br&lt;br&gt;brAA @ 145-150 DM
br&lt;br&gt;brA @ 170 DM
br&lt;br&gt;brBBB @ 250 DM
br&lt;br&gt;brBB @ 435-445 DM
br&lt;br&gt;brB @ 700 DM/div&lt;/div&gt;/div","AAA @ 113 DM
AA @ 150 DM
A @ 170 DM
BBB @ 250 DM
BB @ 460 DM
B @ 700 DM","BNP Paribas","5NC2","New Issue","Priced","2/5/2025","2/18/2025","lkgpk_newissue","BSL",
"False","False","Palmer Square CLO 2021-1","div&lt;div&gt;divSr AAA @ 113-115 DM (304mm)
br&lt;br&gt;brJr AAA @ 135-140 DM (9.5mm)
br&lt;br&gt;brAA @ 145-150 DM
br&lt;br&gt;brA @ 170-175 DM
br&lt;br&gt;brSr BBB @ 250-260 DM (28.5mm)
br&lt;br&gt;brJr BBB @ 355-365 DM (4.75mm)
br&lt;br&gt;brBB @ 450-460 DM
br&lt;br&gt;brB call desk/div&lt;/div&gt;/div","Sr AAA @ 115 DM (294.5mm)
Jr AAA @ 140 DM (19mm)
AA @ 150 DM
A @ 180 DM
Sr BBB @ 270 DM (28.5mm)
Jr BBB @ 355 DM (4.75mm)
BB @ 475 DM
B @ 760 DM","Morgan Stanley","5NC2","Reset","Priced","2/5/2025","2/20/2025","plmrs2021-1_reset","BSL",
"False","False","Marble Point CLO XVIII","div&lt;div&gt;divX @ 90 DM
br&lt;br&gt;brSr AAA @ 121 DM (300mm)
br&lt;br&gt;brJr AAA @ 145-150 DM (10mm)
br&lt;br&gt;brAA @ 165 DM
br&lt;br&gt;brA @ 180-190 DM
br&lt;br&gt;brSr BBB @ 275-285 DM (30mm)
br&lt;br&gt;brJr BBB @ 385 DM (5mm)
br&lt;br&gt;brBB @ 525-550 DM/div&lt;/div&gt;/div","X @ 90 DM
Sr AAA @ 121 DM (300mm)
Jr AAA @ 145 DM (10mm)
AA @ 165 DM
A @ 200 DM
Sr BBB @ 325 DM (17.5mm)
Sr BBB (fixed) @ 7.2616% (10mm)
Jr BBB @ 425 DM (7.5mm)
BB @ 650 DM","Barclays","5NC2","Reset","Priced","2/5/2025","2/21/2025","mp18_reset","BSL",
"False","False","Madison Park Funding XLVI",,"AAA @ 100 DM
AA @ 150 DM
A @ 180 DM
BBB @ 275 DM
BB @ 525 DM","Deutsche Bank","1.75NC1","Refinancing","Priced","2/4/2025","2/4/2025","mdpk46_refi","BSL",
"False","True","Cedar Funding XII CLO","div&lt;div&gt;divX @ 95 DM
br&lt;br&gt;brAAA @ 118-119 DM
br&lt;br&gt;brAA @ 150-155 DM
br&lt;br&gt;brA @ 175 DM
br&lt;br&gt;brBBB @ 280-290 DM
br&lt;br&gt;brBB @ 600-615 DM/div&lt;/div&gt;/div","X @ 95 DM
AAA @ 120 DM
AA @ 155 DM
A @ 190 DM
BBB @ 300 DM (20mm)
BBB (fixed) @ 7.145%
BB @ 645 DM","Jefferies","5NC2","Reset","Priced","2/4/2025","2/13/2025","cedf12_reset","BSL",
"False","False","Steele Creek CLO 2019-2","div&lt;div&gt;divAAA @ 100 DM
br&lt;br&gt;brAA @ 145 DM
br&lt;br&gt;brA @ 170 DM
br&lt;br&gt;brBBB @ 270 DM
br&lt;br&gt;brBB @ 525 DM/div&lt;/div&gt;/div","AAA @ 100 DM
AA @ 152 DM
A @ 180 DM
BBB @ 280 DM
BB @ 635 DM","Natixis","0NC0.75","Refinancing","Priced","2/4/2025","2/12/2025","stcr2019-2_refi","BSL",
"False","False","RR 20","div&lt;div&gt;divAAA @ 99 DM
br&lt;br&gt;brAA @ 135-140 DM
br&lt;br&gt;brA @ 165-170 DM
br&lt;br&gt;brBBB @ 235-245 DM
br&lt;br&gt;brBB @ 435-450 DM/div&lt;/div&gt;/div","AAA @ 99 DM
AA @ 155 DM
A @ 180 DM
BBB @ 260 DM
BB @ 450 DM","BNP Paribas","2.4NC1","Refinancing","Priced","2/4/2025","2/18/2025","rr20_refi","BSL",
"False","False","Anchorage Capital CLO 17","div&lt;div&gt;divX @ 90 DM
br&lt;br&gt;brSr AAA @ 123 DM (270mm)
br&lt;br&gt;brJr AAA @ 140-145 DM (15.75mm)
br&lt;br&gt;brAA @ 165 DM
br&lt;br&gt;brA @ 185-190 DM
br&lt;br&gt;brBBB @ 285-295 DM
br&lt;br&gt;brBB @ 550-560 DM/div&lt;/div&gt;/div","X @ 90 DM
Sr AAA @ 123 DM (270mm)
Jr AAA @ 145 DM (15.75mm)
AA @ 165 DM
A @ 200 DM
BBB @ 305 DM
BB @ 560 DM","BNP Paribas","5NC2","Reset","Priced","2/4/2025","2/12/2025","anchc17_reset","BSL",
"False","False","720 East CLO VII","div&lt;div&gt;divAAA @ 102-105 DM/div&lt;/div&gt;/div","Sr AAA @ 106 DM (256mm)
Jr AAA @ 140 DM (24mm)
AA @ 155 DM
A @ 170 DM
Sr BBB @ 255 DM (24mm)
Jr BBB @ 360 DM (4mm)
BB @ 475 DM","Bank of America","3NC1","New Issue","Priced","2/4/2025","2/20/2025","nwml7_newissue","BSL",
"False","False","KKR - FSK CLO 2","div&lt;div&gt;divSr AAA @ 145-148 DM (42% par sub)/div&lt;/div&gt;/div","Sr AAA @ 148 DM (290mm)
Jr AAA @ 160 DM (20mm)
AA @ 175 DM
A @ 215 DM","Scotia","4NC2","New Issue","Priced","2/4/2025","3/13/2025","fskmm2_newissue","MM",
"False","False","KKR CLO 37","div&lt;div&gt;divX @ 90 DM
br&lt;br&gt;brAAA @ 115-117 DM (320mm)
br&lt;br&gt;brAA @ 155 DM
br&lt;br&gt;brA @ 180 DM
br&lt;br&gt;brSr BBB @ 265 DM (30mm)
br&lt;br&gt;brJr BBB @ 375 DM (6.25mm)
br&lt;br&gt;brBB @ 475 DNM
br&lt;br&gt;brB @ 750 DM/div&lt;/div&gt;/div","X @ 90 DM
AAA @ 117 DM
AA @ 165 DM
A @ 193 DM
Sr BBB @ 295 DM (30mm)
Jr BBB @ 425 DM (6.25mm)
BB @ 575 DM
B @ 750 DM","BNP Paribas","5NC2","Reset","Priced","2/4/2025","2/21/2025","kkr37_reset","BSL",
"False","False","Capital Four US CLO III","div&lt;div&gt;divSr AAA @ 120a DM/div&lt;/div&gt;/div","Sr AAA @ 126 DM (240mm)
Jr AAA @ 142 DM (24mm)
AA @ 170 DM
A @ 220 DM
A (fixed) @ 6.0736%
Sr BBB @ 330 DM (18mm)
Jr BBB @ 400 DM (8mm)
BB @ 625 DM","Goldman Sachs","5NC2","Reset","Priced","2/4/2025","3/14/2025","cfour3_reset","BSL",
"False","False","Bain Capital Credit CLO 2021-1","div&lt;div&gt;divX @ 70 DM
br&lt;br&gt;brAAA @ 92 DM (315mm)
br&lt;br&gt;brAA @ 135-140 DM
br&lt;br&gt;brA @ 165-170 DM
br&lt;br&gt;brBBB @ 260-270 DM
br&lt;br&gt;brBB @ 600 DM/div&lt;/div&gt;/div","X @ 70 DM
AAA @ 94 DM
AA @ 140 DM
A @ 165 DM
BBB @ 275 DM
BB @ 630 DM","Jefferies","1.3NC0.5","Refinancing","Priced","2/3/2025","2/7/2025","bcc2021-1_refi","BSL",
"False","False","Sixth Street CLO XVII","div&lt;div&gt;divX @ 90 DM
br&lt;br&gt;brAAA @ 112-114 DM
br&lt;br&gt;brAA @ 145-150 DM
br&lt;br&gt;brA @ 170-175 DM
br&lt;br&gt;brSr BBB @ 245-255 DM (25.5mm)
br&lt;br&gt;brJr BBB @ 360-370 DM (1.5mm)
br&lt;br&gt;brBB @ 455-465 DM/div&lt;/div&gt;/div","X @ 90 DM
Sr AAA @ 115 DM (259.25mm)
Jr AAA @ 145 DM (4.25mm)
AA @ 158 DM
Sr A @ 170 DM (18.05mm)
Jr A @ 200 DM (8.5mm)
Sr BBB @ 270 DM (25.5mm)
Jr BBB @ 385 DM (1.5mm)
BB @ 475 DM","BNP Paribas","5NC2","Reset","Priced","2/3/2025","2/14/2025","sixt17_reset","BSL",
"False","False","AIMCO CLO, Series 2017-A","div&lt;div&gt;divX @ 85-90 DM
br&lt;br&gt;brAAA @ 111-112 DM
br&lt;br&gt;brAA @ 135-140 DM
br&lt;br&gt;brA @ 165-170 DM
br&lt;br&gt;brSr BBB @ 235-245 DM (24mm)
br&lt;br&gt;brJr BBB @ 340-350 DM (4mm)
br&lt;br&gt;brBB @ 425-435 DM
br&lt;br&gt;brB call desk/div&lt;/div&gt;/div","X @ 90 DM
AAA @ 114 DM
AA @ 150 DM
A @ 165 DM
Sr BBB @ 240 DM (24mm)
Jr BBB @ 355 DM (4mm)
BB @ 445 DM
B @ 709 DM
","Nomura","5NC2","Reset","Priced","2/3/2025","2/19/2025","aimco2017a_reset","BSL",
"False","False","AGL CLO 3","div&lt;div&gt;divX @ 90 DM
br&lt;br&gt;brSr AAA @ 115 DM (384mm)
br&lt;br&gt;brJr AAA @ 135-140 DM (12mm)
br&lt;br&gt;brAA @ 145-155 DM
br&lt;br&gt;brA @ 165-175 DM
br&lt;br&gt;brSr BBB @ 240-250 DM (36mm)
br&lt;br&gt;brJr BBB @ 350-360 DM (6mm)
br&lt;br&gt;brBB @ 460-470 DM/div&lt;/div&gt;/div","X @ 95 DM
Sr AAA @ 115 DM (384mm)
Jr AAA @ 140 DM (12mm)
AA @ 160 DM
A @ 180 DM
Sr BBB @ 280 DM (36mm)
Jr BBB @ 360 DM (6mm)
BB @ 525 DM
B retained","Barclays","5NC2","Reset","Priced","2/3/2025","2/21/2025","agl3_reset","BSL",
"False","False","Sycamore Tree CLO 2025-6","div&lt;div&gt;divAAA @ 120 DM
br&lt;br&gt;brAA @ 155-160 DM
br&lt;br&gt;brA @ 175-180 DM
br&lt;br&gt;brSr BBB @ 260-265 DM (24mm)
br&lt;br&gt;brJr BBB @ 375 DM (4mm)
br&lt;br&gt;brBB @ 500-525 DM/div&lt;/div&gt;/div","Sr AAA @ 120 DM (310mm)
Jr AAA @ 140 DM (10mm)
AA @ 160 DM
A @ 180 DM
Sr BBB @ 270 DM (25mm)
Sr BBB (fixed) @ 6.8581% (5mm)
Jr BBB @ 390 DM (5mm)
BB @ 535 DM","Goldman Sachs","5NC2","New Issue","Priced","2/3/2025","2/19/2025","stcp2025-6_newissue","BSL",
"False","False","Balboa Bay Loan Funding 2021-1","div&lt;div&gt;divAAA @ 99 DM
br&lt;br&gt;brAA @ 150-155 DM
br&lt;br&gt;brA @ 180-190 DM/div&lt;/div&gt;/div","AAA @ 99 DM
AA @ 157 DM
A @ 195 DM","Morgan Stanley","1.5NC0.5","Refinancing","Priced","2/3/2025","2/12/2025","boba2021-1_refi","BSL",
"False","False","Flatiron CLO 22","div&lt;div&gt;divAAA @ 91 DM
br&lt;br&gt;brAA @ 130-140 DM
br&lt;br&gt;brA @ 150-160 DM
br&lt;br&gt;brBBB @ 230-240 DM
br&lt;br&gt;brBB @ 425-450 DM/div&lt;/div&gt;/div","AAA @ 91 DM
AA @ 140 DM
A @ 150 DM
BBB @ 240 DM
BB @ 425 DM","Morgan Stanley","1.75NC0.5","Refinancing","Priced","2/3/2025","2/7/2025","flat22_refi","BSL",
"False","False","Wind River 2016-1K CLO","div&lt;div&gt;divSr AAA @ 106 DM (213mm)
br&lt;br&gt;brJr AAA @ 130-135 DM (14mm)
br&lt;br&gt;brAA @ 150-160 DM
br&lt;br&gt;brA @ 185-200 DM
br&lt;br&gt;brBBB @ 325-335 DM/div&lt;/div&gt;/div","Sr AAA @ 106 DM (213.1mm)
Jr AAA @ 130 DM (14mm)
AA @ 160 DM
A @ 225 DM
BBB @ 345 DM","Scotia","1.75NC1","Refinancing","Priced","2/3/2025","2/11/2025","windr2016-1k_refi","BSL",
"False","False","Sound Point CLO 35","div&lt;div&gt;divX @ 95 DM
br&lt;br&gt;brSr AAA preplaced
br&lt;br&gt;brJr AAA @ 140 DM
br&lt;br&gt;brAA @ 155-160 DM
br&lt;br&gt;brA @ 175-185 DM
br&lt;br&gt;brSr BBB @ 270-280 DM (24mm)
br&lt;br&gt;brJr BBB @ 380-385 DM (4mm)
br&lt;br&gt;brBB @ 520-540 DM/div&lt;/div&gt;/div","X @ 95 DM
Sr AAA @ 120 DM (240mm)
Jr AAA @ 140 DM (16mm)
AA @ 160 DM
Sr A @ 190 DM (20mm)
Jr A @ 200 DM (8mm)
Sr BBB @ 300 DM (20mm)
Jr BBB @ 385 DM (4mm)
BB @ 580 DM","JPMorgan","5NC2","Reset","Priced","1/31/2025","2/13/2025","sndpt35_reset","BSL",
"False","False","Silver Point CLO 8",,"Sr AAA @ 121 DM (310mm)
Jr AAA @ 145 DM (17.5mm)
AA @ 150 DM
A @ 180 DM
Sr BBB @ 280 DM (30mm)
Jr BBB @ 370 DM (5mm)
BB @ 515 DM
B @ 725 DM","Citigroup","5NC2","New Issue","Priced","1/31/2025","2/28/2025","spclo8_newissue","BSL",
"False","False","OHA Credit Partners X-R","div&lt;div&gt;divX @ 90-95 DM
br&lt;br&gt;brAAA @ 111-112 DM
br&lt;br&gt;brAA @ 145 DM
br&lt;br&gt;brAA (fixed) @ N+145
br&lt;br&gt;brSr A @ 170 DM (36mm)
br&lt;br&gt;brJr A @ 195 DM (6mm)
br&lt;br&gt;brSr BBB @ 245 DM (30mm)
br&lt;br&gt;brJr BBB @ 350 DM (6mm)
br&lt;br&gt;brBB @ 440 DM /div&lt;/div&gt;/div","X @ 90 DM
AAA @ 113 DM
AA @ 148 DM
AA (fixed) @ 5.569% (+145)
Sr A @ 175 DM (42mm)
Jr A @ 195 DM (6mm)
Sr BBB @ 250 DM (30mm)
Jr BBB @ 360 DM (6mm)
BB @ 440 DM ","BNP Paribas","5NC2","Reset","Priced","1/31/2025","2/18/2025","oakc10r_reset","BSL",
"False","False","Guggenheim CLO 2022-2","div&lt;div&gt;divSr AAA preplaced
br&lt;br&gt;brJr AAA @ 135 DM
br&lt;br&gt;brAA @ 160 DM
br&lt;br&gt;brA @ 190 DM
br&lt;br&gt;brBBB @ 300 DM
br&lt;br&gt;brBB @ 650 DM/div&lt;/div&gt;/div","Sr AAA @ 115 DM (240mm)
Jr AAA @ 140 DM (16mm)
AA @ 180 DM
A @ 200 DM
A (fixed) @ 6.10% (+200 bps)
BBB @ 385 DM
BB @ 650 DM","Barclays","2NC1","Refinancing","Priced","1/31/2025","2/19/2025","gugg2022-2_refi","BSL",
"False","False","Carlyle US CLO 2021-2","div&lt;div&gt;divSr AAA @ 115 DM (320mm)
br&lt;br&gt;brJr AAA @ 135-140 DM (10mm)
br&lt;br&gt;brAA @ 150 DM
br&lt;br&gt;brA @ 170-175 DM
br&lt;br&gt;brSr BBB @ 260-275 DM (30mm)
br&lt;br&gt;brJr BBB @ 375-385 DM (4.25mm)
br&lt;br&gt;brBB @ 475-490 DM/div&lt;/div&gt;/div","Sr AAA @ 115 DM (320mm)
Jr AAA @ 135 DM (10mm)
AA @ 155 DM
AA (fixed) @ 5.619%
A @ 175 DM
Sr BBB @ 285 DM (30mm)
Jr BBB @ 395 DM (4.25mm)
BB @ 490 DM","JPMorgan","5NC2","Reset","Priced","1/31/2025","2/14/2025","cgms2021-2_reset","BSL",
"False","False","Battalion CLO XX","div&lt;div&gt;divAAA @ 122 DM
br&lt;br&gt;brAA @ 160-165 DM
br&lt;br&gt;brA @ 190-195 DM
br&lt;br&gt;brSr BBB @ 305-315 DM (24mm)
br&lt;br&gt;brJr BBB @ 400-410 DM (2mm)
br&lt;br&gt;brBB @ 575-600 DM/div&lt;/div&gt;/div","AAA @ 122 DM
AA @ 169 DM
A @ 195 DM
Sr BBB (fixed) @ 7.252% (5mm)
Sr BBB @ 315 DM (15mm)
Jr BBB @ 415 DM
BB @ 625 DM","Morgan Stanley","5NC2","Reset","Priced","1/31/2025","2/20/2025","batln20_reset","BSL",
"False","False","Deerpath Capital CLO 2023-1",,"Sr AAA @ 148 DM (290mm)
Jr AAA @ 160 DM (15mm)
AA @ 180 DM
A @ 225 DM
BBB @ 375 DM","GreensLedge","4NC2","Reset","Priced","1/31/2025","3/28/2025","dpath2023-1_reset","MM",
"False","False","Neuberger Berman Loan Advisers CLO 38","div&lt;div&gt;divAAA @ 95 DM
br&lt;br&gt;brAA @ 135-140 DM
br&lt;br&gt;brA @ 160-170 DM
br&lt;br&gt;brBBB @ 240-250 DM
br&lt;br&gt;brBB @ 475-500 DM/div&lt;/div&gt;/div","AAA @ 96 DM
AA @ 140 DM
A @ 188 DM
BBB @ 260 DM
BB @ 460 DM","Bank of America","1.75NC1","Reset","Priced","1/30/2025","2/14/2025","neub38_reset","BSL",
"False","False","Neuberger Berman Loan Advisers CLO 42","div&lt;div&gt;divAAA @ 95 DM
br&lt;br&gt;brAA @ 135-140 DM
br&lt;br&gt;brA @ 160-170 DM
br&lt;br&gt;brBBB @ 240-250 DM
br&lt;br&gt;brBB @ 475-500 DM/div&lt;/div&gt;/div","AAA @ 95 DM
AA @ 140 DM
A @ 185 DM
BBB @ 250 DM
BB @ 460 DM","Bank of America","1.5NC1","Reset","Priced","1/30/2025","2/14/2025","neub42_reset","BSL",
"False","False","Crown Point CLO 11","div&lt;div&gt;divSr AAA @ 126 DM (240mm)
br&lt;br&gt;brJr AAA @ 150-155 DM (16mm)
br&lt;br&gt;brAA @ 175 DM
br&lt;br&gt;brA @ 190-195 DM
br&lt;br&gt;brBBB @ 300-310 DM
br&lt;br&gt;brBB @ 575-600 DM
br&lt;br&gt;br/div&lt;/div&gt;/div","Sr AAA @ 126 DM (240mm)
Jr AAA @ 150 DM (16mm)
AA @ 175 DM
A @ 195 DM
Sr BBB @ 300 DM (12.75mm)
Sr BBB (fixed) @ 7.07056% (+300; 8.25mm)
Jr BBB @ 425 DM (5mm)
BB @ 615 DM
B retained ","Barclays","5NC2","Reset","Priced","1/30/2025","2/14/2025","crnpt11_reset","BSL",
"False","False","Trinitas CLO XX","div&lt;div&gt;divSr AAA subject
br&lt;br&gt;brAA @ 150 DM
br&lt;br&gt;brA @ 175 DM
br&lt;br&gt;brSr BBB @ 275 DM (20.5mm)
br&lt;br&gt;brJr BBB @ 400 DM (8.5mm)
br&lt;br&gt;brBB @ 575 DM
br&lt;br&gt;brB @ 675 DM/div&lt;/div&gt;/div","Sr AAA @ 104 DM
AA @ 150 DM
A @ 195 DM
Sr BBB @ 300 DM (20.5mm)
Jr BBB @ 400 DM (8.5mm)
BB @ 575 DM
B @ 785 DM","Jefferies","2.5NC1","Refinancing","Priced","1/30/2025","2/19/2025","trnts20_refi","BSL",
"False","False","HPS CLO 24","div&lt;div&gt;divSr AAA @ 115 DM (288mm)
br&lt;br&gt;brJr AAA @ 135 DM (9mm)
br&lt;br&gt;brAA @ 145-150 DM
br&lt;br&gt;brA @ 170 DM
br&lt;br&gt;brSr BBB @ 255 DM (27mm)
br&lt;br&gt;brJr BBB @ 370 DM (3.825mm)
br&lt;br&gt;brBB @ 450 DM/div&lt;/div&gt;/div",,"Morgan Stanley","5NC2","New Issue","Announced","1/30/2025",,"hps24_newissue","BSL",
"False","False","Tikehau US CLO VII","div&lt;div&gt;divSr AAA preplaced
br&lt;br&gt;brJr AAA @ 145-150 DM
br&lt;br&gt;brAA @ 162 DM
br&lt;br&gt;brA @ 180-190 DM
br&lt;br&gt;brSr BBB @ 275-285 DM (30mm)
br&lt;br&gt;brJr BBB @ 390 DM (5mm)
br&lt;br&gt;brBB @ 525-550 DM/div&lt;/div&gt;/div","Sr AAA @ 122 DM (310mm)
Jr AAA @ 140 DM (15mm)
AA @ 162 DM
A @ 200 DM
Sr BBB @ 310 DM (30mm)
Jr BBB @ 395 DM (5mm)
BB @ 550 DM","JPMorgan","5NC2","New Issue","Priced","1/30/2025","2/14/2025","tko7_newissue","BSL",
"False","False","Allegro CLO XV","div&lt;div&gt;divX @ 95 DM
br&lt;br&gt;brSr AAA @ 118 DM (256mm)
br&lt;br&gt;brJr AAA @ 140 DM (12mm)
br&lt;br&gt;brAA @ 160 DM
br&lt;br&gt;brA @ 180 DM
br&lt;br&gt;brSr BBB @ 275 DM (24mm)
br&lt;br&gt;brJr BBB @ 380 DM (6mm)
br&lt;br&gt;brBB @ 525 DM
br&lt;br&gt;brB call desk/div&lt;/div&gt;/div","X @ 95 DM
Sr AAA @ 118 DM (256mm)
Jr AAA @ 140 DM (12mm)
AA @ 162 DM
Sr A @ 180 DM (24mm)
Jr A @ 250 DM (4mm)
Sr BBB @ 300 DM (16mm)
Sr BBB (fixed) @ 7.10% (4mm)
Jr BBB @ 400 DM (6mm)
BB @ 550 DM
B @ 800 DM","Natixis","5NC2","Reset","Priced","1/29/2025","2/14/2025","alleg15_reset","BSL",
"False","False","Twin Brook CLO 2025-1","div&lt;div&gt;divAAA @ 140-145 DM/div&lt;/div&gt;/div","AAA @ 144 DM
AA @ 177.5 DM
A @ 210 DM
BBB @ 340 DM","Wells Fargo","4NC2","New Issue","Priced","1/29/2025","2/18/2025","twbrk2025-1_newissue","MM",
"False","False","Elmwood CLO 39","div&lt;div&gt;divAAA @ 111-113 DM
br&lt;br&gt;brSr AA @ 145-150 DM (60mm)
br&lt;br&gt;brJr AA @ 155-160 DM (5mm)
br&lt;br&gt;brSr A @ 165-170 DM (25mm)
br&lt;br&gt;brJr A @ 190-195 DM (5mm)
br&lt;br&gt;brSr BBB @ 240-250 DM (25mm)
br&lt;br&gt;brJr BBB @ 345-355 DM (5mm)
br&lt;br&gt;brSr BB @ 425-450 DM (15mm)
br&lt;br&gt;brJr BB @ 550-560 DM (1.25mm)
br&lt;br&gt;brB call desk/div&lt;/div&gt;/div","Sr AAA @ 114 DM (315mm)
Jr AAA @ 135 DM (5mm)
Sr AA @ 150 DM (60mm)
Jr AA @ 155 DM (5mm)
Sr A @ 175 DM (25mm)
Jr A @ 195 DM (5mm)
Sr BBB @ 250 DM (25mm)
Jr BBB @ 355 DM (5mm)
Sr BB @ 440 DM (15mm)
Jr BB @ 525 DM (1.25mm)
","RBC","5NC2","New Issue","Priced","1/29/2025","2/18/2025","elm39_newissue","BSL",
"False","False","Barings CLO 2025-1","div&lt;div&gt;divAAA @ 112-113 DM
br&lt;br&gt;brAA @ 145-150 DM
br&lt;br&gt;brA @ 170 DM (preplaced)
br&lt;br&gt;brSr BBB @ 250-260 DM (30mm)
br&lt;br&gt;brJr BBB @ 350-375 DM (5mm)
br&lt;br&gt;brBB @ 475-500 DM/div&lt;/div&gt;/div","AAA @ 113 DM
AA @ 150 DM
A @ 170 DM
Sr BBB @ 260 DM (30mm)
Jr BBB @ 365 DM (5mm)
BB @ 460 DM","Bank of America","5NC2","New Issue","Priced","1/29/2025","2/14/2025","babsn2025-1_newissue","BSL",
"False","False","Apidos CLO LII","div&lt;div&gt;divSr AAA @ 113 DM (256mm)
br&lt;br&gt;brJr AAA @ 130 DM (6mm)
br&lt;br&gt;brAA @ 140-145 DM
br&lt;br&gt;brA @ 160-165 DM
br&lt;br&gt;brSr BBB @ 235-245 DM (24mm)
br&lt;br&gt;brJr BBB @ 340-350 DM (4mm)
br&lt;br&gt;brBB @ 425-435 DM
br&lt;br&gt;brB subject/div&lt;/div&gt;/div","Sr AAA @ 113 DM (256mm)
Jr AAA @ 130 DM (6mm)
AA @ 145 DM
A @ 170 DM
Sr BBB @ 240 DM (24mm)
Jr BBB @ 350 DM (4mm)
BB @ 445 DM
B @ 650 DM","Deutsche Bank","5NC2","New Issue","Priced","1/29/2025","2/14/2025","apid52_newissue","BSL",
"False","False","BBAM US CLO I","div&lt;div&gt;divX @ 90-95 DM
br&lt;br&gt;brAAA @ 120-122 DM
br&lt;br&gt;brAA @ 145-155 DM
br&lt;br&gt;brA @ 175-185 DM
br&lt;br&gt;brSr BBB @ 280-290 DM (24mm)
br&lt;br&gt;brJr BBB @ 380-390 DM (3mm)
br&lt;br&gt;brBB @ 500-525 DM/div&lt;/div&gt;/div","X @ 95 DM
AAA @ 120 DM
AA @ 160 DM
A @ 200 DM
Sr BBB @ 300 DM (24mm)
Jr BBB @ 390 DM (3mm)
BB @ 550 DM","Nomura","5NC2","Reset","Priced","1/29/2025","2/11/2025","bbam1_reset","BSL",
"False","False","OCP CLO 2025-40","div&lt;div&gt;divAAA @ 114 DM (preplaced)
br&lt;br&gt;brAA @ 145 DM
br&lt;br&gt;brA @ 170 DM
br&lt;br&gt;brSr BBB @ 250 DM (30mm)
br&lt;br&gt;brJr BBB @ 350 DM (5mm)
br&lt;br&gt;brBB @ 450-460 DM/div&lt;/div&gt;/div","AAA @ 114 DM
AA @ 145 DM
A @ 170 DM
Sr BBB @ 250 DM (30mm)
Jr BBB @ 355 DM (5mm)
BB @ 440 DM","Bank of America","5NC2","New Issue","Priced","1/29/2025","2/12/2025","ocp40_newissue","BSL",
"False","False","Pikes Peak CLO 6","div&lt;div&gt;divAAA @ 94 DM
br&lt;br&gt;brAA @ 140-145 DM
br&lt;br&gt;brA @ 165 DM
br&lt;br&gt;brBBB @ 245-250 DM
br&lt;br&gt;brBB @ 450-475 DM
br&lt;br&gt;brB @ 700-725 DM/div&lt;/div&gt;/div","AAA @ 94 DM
AA @ 145 DM
A @ 160 DM
BBB @ 250 DM
BB @ 460 DM
B @ 740 DM","CIBC","1.25NC0.5","Refinancing","Priced","1/29/2025","2/5/2025","pipk6_refi","BSL",
"False","False","ABPCI Direct Lending Fund CLO VI","div&lt;div&gt;divSr AAA engaged
br&lt;br&gt;brJr AAA @ 160-165 DM (14mm)
br&lt;br&gt;brAA @ 170-175 DM
br&lt;br&gt;brA retained/div&lt;/div&gt;/div","Sr AAA @ 140 DM (203mm)
Jr AAA @ 160 DM (14mm)
AA @ 170 DM
A retained","RBC","5NC2","Reset","Priced","1/28/2025","2/13/2025","abpci6_newissue","MM",
"False","False","Voya CLO 2025-1","div&lt;div&gt;divX @ 90-95 DM
br&lt;br&gt;brSr AAA @ 113 DM (320mm)
br&lt;br&gt;brJr AAA @ 135-140 DM (15mm)
br&lt;br&gt;brAA @ 145-150 DM
br&lt;br&gt;brA @ 170-175 DM
br&lt;br&gt;brSr BBB @ 250-260 DM (30mm)
br&lt;br&gt;brJr BBB @ 360-370 DM (5mm)
br&lt;br&gt;brBB @ 460-475 DM
br&lt;br&gt;br/div&lt;/div&gt;/div","X @ 90 DM
Sr AAA @ 113 DM (320mm)
Jr AAA @ 140 DM (15mm)
AA @ 155 DM
A @ 175 DM
Sr BBB @ 260 DM (30mm)
Jr BBB @ 375 DM (5mm)
BB @ 460 DM","Bank of America","5NC2","New Issue","Priced","1/28/2025","2/12/2025","voya2025-1_newissue","BSL",
"False","False","Madison Park Funding LXXI","div&lt;div&gt;divSr AAA @ 113-114 DM (384mm)
br&lt;br&gt;brJr AAA @ 135-140 DM (12mm)
br&lt;br&gt;brAA @ 145-150 DM
br&lt;br&gt;brA @ 170-175 DM
br&lt;br&gt;brSr BBB @ 240-250 DM (36mm)
br&lt;br&gt;brJr BBB @ 360-370 DM (6mm)
br&lt;br&gt;brBB @ 450-460 DM (18mm)
br&lt;br&gt;brB call desk/div&lt;/div&gt;/div","Sr AAA @ 114 DM (384mm)
Jr AAA @ 138 DM (12mm)
AA @ 150 DM
A @ 180 DM
Sr BBB @ 260 DM (36mm)
Jr BBB @ 370 DM (6mm)
BB @ 475 DM
B @ S+627","Nomura","5NC2","New Issue","Priced","1/28/2025","2/11/2025","mdpk71_newissue","BSL",
"False","False","CIFC Funding 2025-II","div&lt;div&gt;divAAA @ 113 DM
br&lt;br&gt;brAA @ 145-150 DM
br&lt;br&gt;brA @ 170 DM
br&lt;br&gt;brSr BBB @ 250 DM (30mm)
br&lt;br&gt;brJr BBB @ 350 DM (5mm)
br&lt;br&gt;brBB @ 440-450 DM/div&lt;/div&gt;/div","AAA @ 113 DM
AA @ 150 DM
A @ 170 DM
Sr BBB @ 250 DM (30mm)
Jr BBB @ 355 DM (5mm)
BB @ 440 DM","Bank of America","5NC2","New Issue","Priced","1/28/2025","2/7/2025","cifc2025-2_newissue","BSL",
"False","False","Magnetite XXXIV","div&lt;div&gt;divSr AAA @ 112-114 DM (262.4mm)/div&lt;/div&gt;/div","Sr AAA @ 114 DM (262.4mm)
Jr AAA @ 135 DM (8.2mm)
AA @ 150 DM
A @ 175 DM
Sr BBB @ 255 DM (24.6mm)
Jr BBB @ 355 DM (2.46mm)
BB @ 450 DM
B retained","RBC","5NC2","Reset","Priced","1/28/2025","2/18/2025","magne34_reset","BSL",
"False","False","New Mountain CLO 7","div&lt;div&gt;divAAA @ 117 DM/div&lt;/div&gt;/div","Sr AAA @ 120 DM (244mm)
Jr AAA @ 145 DM (15mm)
AA @ 165 DM
Sr A @ 180 DM (20mm)
Jr A (fixed) @ 5.839% (5mm)
Sr BBB @ 275 DM (24mm)
Jr BBB @ 385 DM (4mm)
BB @ 500 DM","Goldman Sachs","5NC2","New Issue","Priced","1/28/2025","3/13/2025","nmc7_newissue","BSL",
"False","True","Dryden 123 CLO","div&lt;div&gt;divSr AAA @ 115 DM (256mm)
br&lt;br&gt;brJr AAA @ 130-135 DM (12mm)
br&lt;br&gt;brAA @ 150-155 DM
br&lt;br&gt;brA @ 170-175 DM
br&lt;br&gt;brSr BBB @ 250-260 DM (24mm)
br&lt;br&gt;brJr BBB @ 365-375 DM (4mm)
br&lt;br&gt;brBB @ 450-465 DM/div&lt;/div&gt;/div","Sr AAA @ 115 DM (320mm)
Jr AAA @ 132 DM (15mm)
AA @ 150 DM (45mm)
A @ 175 DM (30mm)
Sr BBB @ 285 DM (30mm)
Jr BBB @ 370 DM (5mm)
BB @ 485 DM (15mm)","Goldman Sachs","5NC2","New Issue","Priced","1/28/2025","2/19/2025","drslf123_newissue","BSL",
"False","False","Regatta XVIII Funding","div&lt;div&gt;divX @ 85-90 DM
br&lt;br&gt;brSr AAA @ 115-116 DM (352mm)
br&lt;br&gt;brJr AAA @ 135-140 DM (11mm)
br&lt;br&gt;brAA @ 150-155 DM
br&lt;br&gt;brA @ 170-175 DM
br&lt;br&gt;brSr BBB @ 245-255 DM (33mm)
br&lt;br&gt;brJr BBB @ 360-370 DM (5.5mm)
br&lt;br&gt;brBB @ 465-475 DM/div&lt;/div&gt;/div","X @ 85 DM
Sr AAA @ 116 DM (352mm)
Jr AAA @ 140 DM (11mm)
AA @ 155 DM
A @ 185 DM
Sr BBB @ 260 DM (33mm)
Jr BBB @ 370 DM (5.5mm)
BB @ 470 DM","Goldman Sachs","5NC2","Reset","Priced","1/28/2025","2/7/2025","reg18_reset","BSL",
"False","False","Fortress Credit BSL XXIV","div&lt;div&gt;divAAA @ 127 DM
br&lt;br&gt;brAA @ 170-175 DM
br&lt;br&gt;brA @ 200-210 DM
br&lt;br&gt;brSr BBB @ 325-340 DM (24mm)
br&lt;br&gt;brJr BBB @ 425 DM (6mm)
br&lt;br&gt;brBB @ 625-640 DM
br&lt;br&gt;br/div&lt;/div&gt;/div","AAA @ 127 DM
AA @ 175 DM
A @ 210 DM
Sr BBB @ 345 DM (24mm)
Jr BBB @ 415 DM (6mm)
BB @ 585 DM","Bank of America","5NC2","New Issue","Priced","1/27/2025","2/5/2025","fcbsl24_newissue","BSL",
"False","False","Vibrant CLO IX-R","div&lt;div&gt;divSr AAA @ 100-102 DM (227.5mm)
br&lt;br&gt;brJr AAA @ 135-140 DM (7mm)
br&lt;br&gt;brAA @ 150-160 DM
br&lt;br&gt;brSr A @ 180-190 DM (21mm)
br&lt;br&gt;brJr A @ LM200s DM (5.25mm)
br&lt;br&gt;brSr BBB @ 285-300 DM (15.75mm)
br&lt;br&gt;brJr BBB @ 375-395 DM (5.25mm)
br&lt;br&gt;brBB @ 575-595 DM/div&lt;/div&gt;/div","Sr AAA @ 100 DM (227.5mm)
Jr AAA @ 140 DM (7mm)
AA @ 160 DM
Sr A @ 182 DM (21mm)
Jr A @ 215 DM (5.25mm)
Sr BBB @ 285 DM (15.75mm)
Jr BBB @ 400 DM (5.25mm)
BB @ 575 DM","BNP Paribas","2NC1","Re-Issue","Priced","1/27/2025","2/7/2025","vibr9r_reissue","BSL",
"False","False","RIN XII","div&lt;div&gt;divAAA @ 130-135 DM
br&lt;br&gt;brAA @ 160-170 DM
br&lt;br&gt;brA @ 185-195 DM
br&lt;br&gt;brBBB @ 310-320 DM
br&lt;br&gt;brBB @ 510-530 DM/div&lt;/div&gt;/div","Sr AAA @ 130 DM (288mm)
Jr AAA @ 155 DM (9mm)
AA @ 170 DM
A @ 195 DM
BBB @ 310 DM
BB @ 545 DM","Scotia","5NC2","New Issue","Priced","1/27/2025","2/20/2025","rin12_newissue","Infra",
"False","False","Polen Capital CLO 2025-1","div&lt;div&gt;divX @ 95 DM
br&lt;br&gt;brSr AAA preplaced
br&lt;br&gt;brJr AAA @ 150-155 DM
br&lt;br&gt;brAA preplaced
br&lt;br&gt;brA @ 190-195 DM
br&lt;br&gt;brSr BBB @ 300-310 DM (24mm)
br&lt;br&gt;brJr BBB @ 400a DM (4mm)
br&lt;br&gt;brBB @ 565 DM
br&lt;br&gt;brB call desk/div&lt;/div&gt;/div","X @ 100 DM
Sr AAA @ 132 DM (240mm)
Jr AAA @ 155 DM (12mm)
AA @ 170 DM
A @ 195 DM
Sr BBB @ 315 DM (24mm)
Jr BBB @ 425 DM (4mm)
BB @ 565 DM
B retained","Bank of America","5NC2","New Issue","Priced","1/27/2025","2/6/2025","polen2025-1_newissue","BSL",
"False","False","Neuberger Berman CLO XX","div&lt;div&gt;divSr AAA @ 115 DM (320mm)
br&lt;br&gt;brJr AAA @ 145 DM (7.5mm)
br&lt;br&gt;brAA @ 150-155 DM
br&lt;br&gt;brA @ 170-175 DM
br&lt;br&gt;brSr BBB @ 250-275 DM (30mm)
br&lt;br&gt;brJr BBB @ 370-395 DM (5mm)
br&lt;br&gt;brBB @ 475-500 DM/div&lt;/div&gt;/div","X @ 95 DM
Sr AAA @ 115 DM (320mm)
Jr AAA @ 135 DM (7.5mm)
AA @ 150 DM
A @ 175 DM
Sr BBB @ 265 DM (30mm)
Jr BBB @ 370 DM (5mm)
BB @ 475 DM","Citigroup","5NC2","Reset","Priced","1/27/2025","2/10/2025","neub20_reset","BSL",
"False","False","Golub Capital Partners CLO 53(B)-R","div&lt;div&gt;divAAA @ 93-95 DM/div&lt;/div&gt;/div","AAA @ 98 DM
AA @ 135 DM
A @ 170 DM
BBB @ 240 DM
BB @ 470 DM","Wells Fargo","1.5NC0.75","Refinancing","Priced","1/27/2025","2/14/2025","gcbsl53b_refi","BSL",
"False","False","Bain Capital Credit CLO 2025-1",,"Sr AAA @ 116 DM (320mm)
Jr AAA @ 140 DM (20mm)
AA @ 155 DM
A @ 180 DM
Sr BBB @ 250 DM (30mm)
Jr BBB @ 375 DM (5mm)
BB @ 485 DM
","Mizuho","5NC2","New Issue","Priced","1/27/2025",,"bcc2025-1_newissue","BSL",
"False","False","Elevation CLO 2021-13","div&lt;div&gt;divSr AAA @ 106 DM (250mm; preplaced)
br&lt;br&gt;brJr AAA @ 130-135 DM (12.3mm)
br&lt;br&gt;brAA @ 160 DM
br&lt;br&gt;brA @ 180 DM
br&lt;br&gt;brSr BBB @ tbd
br&lt;br&gt;brJr BBB @ tbd
br&lt;br&gt;brBB @ tbd/div&lt;/div&gt;/div","Sr AAA @ 106 DM (250.1mm)
Jr AAA @ 135 DM (12.3mm)
AA @ 160 DM
A @ 200 DM","Goldman Sachs","1.5NC1","Refinancing","Priced","1/24/2025","2/4/2025","awpt13_refi","BSL",
"False","False","Apex Credit CLO 2018-II","div&lt;div&gt;divAAA @ 95 DM (185.2mm)
br&lt;br&gt;brAA @ 125 DM (46mm)
br&lt;br&gt;brA @ 175 DM
br&lt;br&gt;brBBB @ 285 DM /div&lt;/div&gt;/div","Sr AAA @ 95 DM (185.2mm)
Jr AAA @ 125 DM (46mm)
AA @ 190 DM
A @ 285 DM","Jefferies","0NC0.5","Refinancing","Priced","1/24/2025","1/31/2025","apexc2018-2_refi","BSL",
"False","False","Hayfin US XII","div&lt;div&gt;divAAA @ 125 DM
br&lt;br&gt;brAA @ 165 DM
br&lt;br&gt;brA @ 185 DM
br&lt;br&gt;brBBB @ 300 DM
br&lt;br&gt;brBB @ 575 DM/div&lt;/div&gt;/div","Sr AAA @ 123 DM (208mm)
Jr AAA @ 145 DM (13.9mm)
AA @ 165 DM
Sr A @ 210 DM (20.8mm)
Jr A @ 265 DM (3.5mm)
BBB @ 325 DM
BB @ 575 DM","Jefferies","5NC2","Reset","Priced","1/24/2025","2/11/2025","hayfn12_reset","BSL",
"False","True","RR 38 (fka RR 1)","div&lt;div&gt;divSr AAA @ 115 DM (372mm)
br&lt;br&gt;brJr AAA @ 135 DM (30mm)
br&lt;br&gt;brAA @ 150 DM
br&lt;br&gt;brA preplaced
br&lt;br&gt;brSr BBB @ preplaced
br&lt;br&gt;brJr BBB @ 355 DM
br&lt;br&gt;brBB @ 450 DM /div&lt;/div&gt;/div","Sr AAA @ 115 DM (372mm)
Jr AAA @ 140 DM (30mm)
AA @ 150 DM
A @ 170 DM
Sr BBB @ 250 DM (36mm)
Jr BBB @ 365 DM (6mm)
BB @ 450 DM","Citigroup","5NC2","Re-Issue","Priced","1/24/2025","2/5/2025","rr38_reissue","BSL",
"False","False","TCW CLO 2025-1","div&lt;div&gt;divX @ 95 DM
br&lt;br&gt;brAAA @ 119 DM
br&lt;br&gt;brAA @ 150-155 DM
br&lt;br&gt;brA @ 170-175 DM
br&lt;br&gt;brSr BBB @ 260 DM (24mm)
br&lt;br&gt;brJr BBB @ 370 DM (4mm)
br&lt;br&gt;brBB @ 510 DM/div&lt;/div&gt;/div","X @ 105 DM
AAA @ 119 DM
AA @ 160 DM
A @ 190 DM
Sr BBB @ 260 DM (20mm)
Jr BBB @ 439 DM (8mm)
BB @ 590 DM","Jefferies","5NC2","New Issue","Priced","1/24/2025","2/18/2025","tcw2025-1_newissue","BSL",
"False","False","Owl Rock CLO VII","div&lt;div&gt;divAAA @ 140 DM
br&lt;br&gt;brAA @ 170 DM/div&lt;/div&gt;/div","AAA @ 140 DM
AA @ 170 DM","Societe Generale","5NC2","Reset","Priced","1/23/2025","2/7/2025","or7_reset","MM",
"False","False","LCM 36","div&lt;div&gt;divSr AAA @ 103-105 DM (240mm)
br&lt;br&gt;brJr AAA @ 125-130 DM (20mm)
br&lt;br&gt;brAA @ 145-150 DM
br&lt;br&gt;brA @ 185-190 DM
br&lt;br&gt;brBBB call desk/div&lt;/div&gt;/div","Sr AAA @ 107 DM (240mm)
Jr AAA @ 130 DM (20mm)
AA @ 150 DM
A @ 205 DM","BMO","2NC1","Refinancing","Priced","1/23/2025","2/6/2025","lcm36_refi","BSL",
"False","False","Signal Peak CLO 10","div&lt;div&gt;divSr AAA call desk
br&lt;br&gt;brJr AAA @ 145 DM
br&lt;br&gt;brAA call desk
br&lt;br&gt;brA @ 175-185 DM
br&lt;br&gt;brSr BBB @ 280-290 DM (24mm)
br&lt;br&gt;brJr BBB @ 400 DM
br&lt;br&gt;brBB @ 575-600 DM/div&lt;/div&gt;/div","Sr AAA @ 119 DM (246mm)
Jr AAA @ 145 DM (10mm)
AA @ 160 DM
A @ 185 DM
A (fixed) @ 5.85%
Sr BBB @ 290 DM (24mm)
Jr BBB @ 400 DM (4mm)
BB @ 575 DM","Citigroup","5NC2","Reset","Priced","1/23/2025","2/6/2025","speak10_reset","BSL",
"False","False","Golub Capital Partners CLO 78(M)","div&lt;div&gt;divSr AAA call desk
br&lt;br&gt;brJr AAA @ 160a DM
br&lt;br&gt;brAA @ 170a DM
br&lt;br&gt;brA @ 200a DM
br&lt;br&gt;brBBB @ 335-345 DM/div&lt;/div&gt;/div","Sr AAA @ 138 DM (464.72mm)
Jr AAA @ 160 DM (31.36mm)
AA @ 170 DM
A @ 200 DM
BBB @ 320 DM","Societe Generale","5NC2","New Issue","Priced","1/23/2025","2/10/2025","gocap78_newissue","MM",
"False","False","Atlas Senior Loan Fund XVII","div&lt;div&gt;divAAA @ 102 DM
br&lt;br&gt;brAA not refinanced
br&lt;br&gt;brA @ 195 DM
br&lt;br&gt;brBBB @ 325 DM
br&lt;br&gt;brBB @ 675 DM/div&lt;/div&gt;/div","AAA @ 106 DM
A @ 208 DM
BB @ 700 DM","Citigroup","1.75NC1","Refinancing","Priced","1/23/2025","2/6/2025","atclo17_refi","BSL",
"False","False","Jamestown CLO XIV","div&lt;div&gt;divSr AAA @ 104 DM (291mm)
br&lt;br&gt;brJr AAA @ 130 DM (19mm)
br&lt;br&gt;brAA @ 155 DM (preplaced)
br&lt;br&gt;brA @ 165-175 DM
br&lt;br&gt;brBBB @ 265-275 DM
br&lt;br&gt;brBB @ 550-575 DM/div&lt;/div&gt;/div","Sr AAA @ 104 DM (291mm)
Jr AAA @ 130 DM (19mm)
AA @ 155 DM
A @ 175 DM
BBB @ 275 DM
BB @ 565 DM","JPMorgan","1.7NC1","Refinancing","Priced","1/23/2025","1/29/2025","jtwn14_refi","BSL",
"False","False","Oaktree CLO 2021-2","div&lt;div&gt;divAAA @ 96 DM
br&lt;br&gt;brAA @ 140 DM
br&lt;br&gt;brA @ 170 DM
br&lt;br&gt;brSr BBB @ 240 DM (17mm)
br&lt;br&gt;brJr BBB @ 350 DM (7mm)
br&lt;br&gt;brBB @ 465 DM/div&lt;/div&gt;/div","AAA @ 97 DM
AA @ 140 DM
A @ 170 DM
Sr BBB @ 240 DM (17mm)
Jr BBB @ 350 DM (7mm)
BB @ 450 DM","Morgan Stanley","2NC1","Refinancing","Priced","1/23/2025","1/31/2025","oakcl2021-2_refi","BSL",
"False","False","Sculptor CLO XXVIII","div&lt;div&gt;divAAA @ 106 DM
br&lt;br&gt;brAA @ 160 DM
br&lt;br&gt;brA @ 195 DM
br&lt;br&gt;brSr BBB @ 280-290 DM (16mm)
br&lt;br&gt;brJr BBB @ 390-400 DM (8mm)
br&lt;br&gt;brBB @ 625 DM/div&lt;/div&gt;/div","AAA @ 106 DM
AA @ 160 DM
A @ 195 DM
Sr BBB @ 285 DM (16mm)
Jr BBB @ 400 DM (8mm)
BB @ 630 DM","Deutsche Bank","2NC1","Refinancing","Priced","1/23/2025","1/29/2025","scul28_refi","BSL",
"False","False","Octagon 51","div&lt;div&gt;divAAA @ 94-95 DM
br&lt;br&gt;brAA @ 135-140 DM
br&lt;br&gt;brA @ 165 DM
br&lt;br&gt;brBBB @ 260 DM
br&lt;br&gt;brBB @ 485-500 DM/div&lt;/div&gt;/div","AAA @ 99 DM
AA @ 150 DM
A @ 180 DM
BBB @ 285 DM
BB @ 565 DM","RBC","1.5NC0.5","Refinancing","Priced","1/23/2025","2/6/2025","oct51_refi","BSL",
"False","False","Sculptor CLO XXVII",,"X @ 85 DM
Sr AAA @ 106 DM (248mm)
Jr AAA @ 130 DM (4mm)
AA @ 150 DM
A @ 195 DM
BBB @ 300 DM
BB @ 625 DM","Deutsche Bank","1.5NC1","Refinancing","Priced","1/22/2025","1/22/2025","scul27_refi","BSL",
"False","True","Wellington Management CLO 4","div&lt;div&gt;divAAA @ 115 DM
br&lt;br&gt;brAA @ 145-150 DM
br&lt;br&gt;brA @ 165-175 DM
br&lt;br&gt;brSr BBB @ 255-265 DM (24mm)
br&lt;br&gt;brJr BBB @ 365-375 DM (3mm)
br&lt;br&gt;brBB @ 450 DM (preplaced)/div&lt;/div&gt;/div","AAA @ 115 DM
AA @ 148 DM
A @ 175 DM
Sr BBB @ 255 DM (24mm)
Jr BBB @ 375 DM (3mm)
BB @ 450 DM","Citigroup","5NC2","New Issue","Priced","1/22/2025","2/6/2025","welli4_newissue","BSL",
"False","True","Jefferies Credit Partners BDC CLO I","div&lt;div&gt;divAAA @ 150-153 DM
br&lt;br&gt;brAA @ 180-185 DM
br&lt;br&gt;brA call desk/div&lt;/div&gt;/div","AAA @ 155 DM
AA @ 180 DM
A retained","JPMorgan","4NC2","New Issue","Priced","1/22/2025","2/28/2025","jcpbdc1_newissue","MM",
"False","False","Audax Senior Debt CLO 12","div&lt;div&gt;divAAA @ LM140s DM/div&lt;/div&gt;/div","AAA @ 142 DM
AA @ 175 DM
A @ 210 DM
BBB @ 325 DM
BB retained","JPMorgan","4NC2","New Issue","Priced","1/22/2025","2/21/2025","audax12_newissue","MM",
"False","False","Northwoods Capital XV","A1R3 (Sr AAA) @ 131 DM
A2R3 (Jr AAA) @ 160 DM
BR3 (AA) @ 175 DM
CR3 (A) @ 200-210 DM
D1R3 (Sr BBB) @ 325-335 DM
D2R3 (Jr BBB) @ 420-430 DM
ER3 (BB) @ 625-650 DM","Sr AAA @ 105 DM (270mm)
Jr AAA @ 130 DM (11.7mm)
AA @ 155 DM
A @ 185 DM
BBB @ 325 DM
BBB (fixed) @ 6.805%
BB @ 690 DM","Jefferies","1.5NC0.5","Refinancing","Priced","1/22/2025","1/31/2025","woods15_reset","BSL",
"False","False","Symphony CLO XXXI","div&lt;div&gt;divX @ 90 DM
br&lt;br&gt;brAAA @ 117 DM
br&lt;br&gt;brAA @ 150-155 DM
br&lt;br&gt;brA @ 170-175 DM
br&lt;br&gt;brBBB @ 250-260 DM
br&lt;br&gt;brBB @ 475-490 DM/div&lt;/div&gt;/div","X @ 90 DM
AAA @ 117 DM
AA @ 150 DM
A @ 175 DM
BBB @ 260 DM
BB @ 500 DM","Wells Fargo","5NC2","Reset","Priced","1/22/2025","2/7/2025","symp31_reset","BSL",
"False","False","Sixth Street CLO XIV","div&lt;div&gt;divX @ 90-95 DM
br&lt;br&gt;brSr AAA @ 115 DM (244mm)
br&lt;br&gt;brJr AAA @ 135 DM (11mm)
br&lt;br&gt;brAA @ 145-150 DM
br&lt;br&gt;brA @ 170-175 DM
br&lt;br&gt;brSr BBB @ 245-255 DM (25mm)
br&lt;br&gt;brJr BBB @ 360-370 DM (2mm)
br&lt;br&gt;brBB @ 460-475 DM
br&lt;br&gt;brB @ 725 DM/div&lt;/div&gt;/div","X @ 95 DM
Sr AAA @ 115 DM (244mm)
Jr AAA @ 140 DM (11mm)
AA @ 150 DM
A @ 175 DM
Sr BBB @ 255 DM (25mm)
Jr BBB @ 370 DM (2mm)
BB @ 465 DM
B @ 725 DM","BNP Paribas","5NC2","Reset","Priced","1/22/2025","2/3/2025","sixt14_reset","BSL",
"False","False","Trestles CLO VI","div&lt;div&gt;divAAA @ 118 DM/div&lt;/div&gt;/div","X @ 95 DM
Sr AAA @ 118 DM (256mm)
Jr AAA @ 143 DM (10mm)
AA @ 155 DM
Sr A @ 170 DM (16mm)
Jr A @ 195 DM (8mm)
Sr BBB @ 265 DM (24mm)
Jr BBB @ 380 DM (4mm)
BB @ 475 DM
B @ 740 DM","Scotia","5NC2","Reset","Priced","1/22/2025","2/7/2025","trest6_reset","BSL",
"False","False","Wind River 2021-3","div&lt;div&gt;divSr AAA @ 124 DM (296.1mm)
br&lt;br&gt;brJr AAA @ 145-150 DM (9.4mm)
br&lt;br&gt;brAA @ 155-160 DM
br&lt;br&gt;brA @ 180-185 DM
br&lt;br&gt;brSr BBB @ 270-280 DM (28.2mm)
br&lt;br&gt;brJr BBB @ 375-385 DM (4.7mm)
br&lt;br&gt;brBB @ 575-600 DM/div&lt;/div&gt;/div","Sr AAA @ 124 DM (296.1mm)
Jr AAA @ 145 DM (9.4mm)
AA @ 175 DM
A @ 199 DM
A (fixed) @ 6.06%
Sr BBB @ 300 DM (18.5mm)
Sr BBB (fixed) @ 7.07% (5mm)
Jr BBB @ 395 DM (9.4mm)
BB @ 625 DM","Morgan Stanley","5NC2","Reset","Priced","1/22/2025","2/7/2025","windr2021-3_reset","BSL",
"False","False","Bain Capital Credit CLO 2021-7","div&lt;div&gt;divSr AAA @ 98 DM (252mm)
br&lt;br&gt;brJr AAA @ 120-125 DM (13mm)
br&lt;br&gt;brAA @ 140-150 DM
br&lt;br&gt;brA @ 170-180 DM
br&lt;br&gt;brBBB @ 260-270 DM
br&lt;br&gt;brBB @ 625-650 DM/div&lt;/div&gt;/div","Sr AAA @ 98 DM (252mm) 
Jr AAA @ 125 DM (6.5mm)
AA @ 150 DM
A @ 180 DM
BBB @ 290 DM
BB @ 650 DM","Bank of America","2NC1","Refinancing","Priced","1/22/2025","2/3/2025","bcc2021-7_refi","BSL",
"False","False","Great Lakes CLO 2019-1","div&lt;div&gt;divX @ 105-110 DM
br&lt;br&gt;brAAA @ 148-150 DM
br&lt;br&gt;brAA @ 185-190 DM
br&lt;br&gt;brA @ 230-240 DM
br&lt;br&gt;brBBB @ 385-400 DM
br&lt;br&gt;brBB @ 725-750 DM/div&lt;/div&gt;/div","X @ 105 DM
AAA @ 148 DM
AA @ 185 DM
A @ 230 DM
BBB @ 385 DM
BB @ 750 DM","BMO","4NC2","Reset","Priced","1/22/2025","2/7/2025","grtlk191_reset","MM",
"False","False","Apidos CLO XLII","div&lt;div&gt;divSr AAA preplaced
br&lt;br&gt;brJr AAA @ 135-140 DM
br&lt;br&gt;brAA @ 150-155 DM
br&lt;br&gt;brA @ 165-170 DM
br&lt;br&gt;brSr BBB @ 240-250 DM (33mm)
br&lt;br&gt;brJr BBB @ 360-370 DM (5.5mm)
br&lt;br&gt;brBB @ 440-450 DM
br&lt;br&gt;brB call desk/div&lt;/div&gt;/div","Sr AAA @ 120 DM (352mm)
Jr AAA @ 135 DM (11mm)
AA @ 150 DM
A @ 170 DM
Sr BBB @ 245 DM (33mm)
Jr BBB @ 365 DM (5.5mm)
BB @ 450 DM","Barclays","5NC2","Reset","Priced","1/22/2025","2/12/2025","apid42_reset","BSL",
"False","False","Fort Greene Park CLO (fka Clover CLO 2021-1)","div&lt;div&gt;divAAA @ 91-93 DM
br&lt;br&gt;brAA @ 130-135 DM
br&lt;br&gt;brA @ 160-165 DM
br&lt;br&gt;brBBB @ 235-245 DM
br&lt;br&gt;brBB @ 440-450 DM/div&lt;/div&gt;/div","AAA @ 95 DM
AA @ 135 DM
A @ 165 DM
BBB @ 235 DM
BB @ 440 DM","RBC","1NC0.5","Refinancing","Priced","1/21/2025","2/3/2025","clvr2021-1_refi","BSL",
"False","False","Symphony CLO XXIII","div&lt;div&gt;divAAA @ 92 DM
br&lt;br&gt;brAA @ 135 DM
br&lt;br&gt;brA @ 160 DM
br&lt;br&gt;brBBB @ 250 DM
br&lt;br&gt;brBB @ 475 DM/div&lt;/div&gt;/div","AAA @ 90 DM
AA @ 135 DM
A @ 175 DM
Sr BBB @ 260 DM (14.6mm)
Jr BBB @ 400 DM (5.975mm)
BB @ 550 DM","Santander","0NC0.5","Refinancing","Priced","1/21/2025","1/30/2025","symp2020-23_refi","BSL",
"False","False","Silver Point SCF CLO V","div&lt;div&gt;divSr AAA @ 150 DM/div&lt;/div&gt;/div","Sr AAA @ 150 DM (275.5mm)
Jr AAA @ 170 DM (19mm)
AA @ 180 DM
A @ 215 DM
BBB retained","Wells Fargo","4NC2","New Issue","Priced","1/21/2025","2/4/2025","spcsl2025-1_newissue","MM",
"False","False","Parallel 2021-1","div&lt;div&gt;divAAA @ 111 DM (preplaced)
br&lt;br&gt;brAA @ 150-155 DM
br&lt;br&gt;brA @ 180-185 DM
br&lt;br&gt;brBBB @ 300-310 DM
br&lt;br&gt;brBB @ 600-625 DM/div&lt;/div&gt;/div","AAA @ 111 DM
AA @ 165 DM
A @ 205 DM
BBB @ 360 DM
BB @ 625 DM","Barclays","1.5NC1","Refinancing","Priced","1/21/2025","1/31/2025","parl2021-1_refi","BSL",
"False","False","Barings Loan Partners CLO 3","div&lt;div&gt;divAAA subject
br&lt;br&gt;brAA @ 135a DM/div&lt;/div&gt;/div","AAA @ 95 DM
AA @ 135 DM","Bank of America","0.5NC0.5","Refinancing","Priced","1/21/2025","1/27/2025","babsnlp3_refi","BSL",
"False","False","HPS Loan Management 2025-23","div&lt;div&gt;divSr AAA call desk
br&lt;br&gt;brJr AAA @ 138 DM
br&lt;br&gt;brAA preplaced
br&lt;br&gt;brA @ 170-175 DM
br&lt;br&gt;brSr BBB @ 260-270 DM (24mm)
br&lt;br&gt;brJr BBB @ 375a DM (4mm)
br&lt;br&gt;brBB @ 475-495 DM
br&lt;br&gt;brB retained/div&lt;/div&gt;/div","Sr AAA @ 118 DM (256mm)
Jr AAA @ 138 DM (8mm)
AA @ 155 DM
A @ 170 DM
Sr BBB @ 260 DM (24mm)
Jr BBB @ 375 DM (4mm)
BB @ 475 DM
B retained","Wells Fargo","5NC2","New Issue","Priced","1/21/2025","2/6/2025","hlm23_newissue","BSL",
"False","True","Milford Park CLO","div&lt;div&gt;divX @ 90 DM
br&lt;br&gt;brAAA @ 116 DM
br&lt;br&gt;brAA @ 150 DM
br&lt;br&gt;brA @ 170 DM
br&lt;br&gt;brSr BBB @ 250 DM (30mm)
br&lt;br&gt;brJr BBB @ 370 DM (5mm)
br&lt;br&gt;brBB @ 475 DM
br&lt;br&gt;brB @ 725 DM/div&lt;/div&gt;/div","X @ 90 DM
AAA @ 116 DM
AA @ 153 DM
A @ 175 DM
Sr BBB @ 270 DM (30mm)
Jr BBB (fixed) @ 7.833% (5mm)
BB @ 485 DM
B @ 725 DM","Citigroup","5NC2","Reset","Priced","1/21/2025","2/7/2025","mlfpk2022-1_reset","BSL",
"False","False","CIFC Funding 2015-I","div&lt;div&gt;divAAA call desk
br&lt;br&gt;brAA @ 145-150 DM
br&lt;br&gt;brA @ 160-170 DM
br&lt;br&gt;brSr BBB @ 240-250 DM (30mm)
br&lt;br&gt;brJr BBB @ 350-360 DM (5mm)
br&lt;br&gt;brBB @ 440-450 DM/div&lt;/div&gt;/div",,"Bank of America","5NC2","New Issue","Announced","1/21/2025",,"cifc2025-1_newissue","BSL",
"False","False","AMMC CLO 27","div&lt;div&gt;divAAA @ 108-109 DM/div&lt;/div&gt;/div","X @ 95 DM
Sr AAA @ 108 DM (219.48mm)
Jr AAA @ 135 DM (10.62mm)
AA @ 160 DM (32.94mm)
AA (fixed) @ 5.659% (6mm)
A @ 180 DM
BBB @ 270 DM
BB @ 515 DM","Morgan Stanley","3NC1","Reset","Priced","1/17/2025","2/7/2025","ammc27_reset","BSL",
"False","False","Ares LII CLO","div&lt;div&gt;divSr AAA @ 88-90 DM (231mm)
br&lt;br&gt;brJr AAA @ 110-115 DM (25mm)
br&lt;br&gt;brAA @ 135 DM
br&lt;br&gt;brA @ 155 DM
br&lt;br&gt;brBBB @ 250 DM
br&lt;br&gt;brBB @ 600 DM/div&lt;/div&gt;/div","Sr AAA @ 88 DM (197mm)
Jr AAA @ 110 DM (25mm)
AA @ 135 DM
A @ 155 DM
BBB @ 250 DM
BB @ 550 DM","Societe Generale","0NC0.5","Refinancing","Priced","1/17/2025","1/24/2025","ares52_refi","BSL",
"False","False","GoldenTree Loan Management US CLO 1","div&lt;div&gt;divAAA @ 97 DM
br&lt;br&gt;brAA @ 135 DM
br&lt;br&gt;brA @ 160 DM
br&lt;br&gt;brBBB @ 240-250 DM
br&lt;br&gt;brBB @ 475 DM/div&lt;/div&gt;/div","AAA @ 97 DM
AA @ 135 DM
A @ 160 DM
BBB @ 240 DM
BB @ 450 DM","Bank of America","1NC1","Refinancing","Priced","1/17/2025","1/24/2025","glm1_refi","BSL",
"False","False","Elmwood CLO XI","div&lt;div&gt;divAAA preplaced
br&lt;br&gt;brAA @ 145-150 DM
br&lt;br&gt;brA @ 165 DM
br&lt;br&gt;brSr BBB @ 250 DM (30mm)
br&lt;br&gt;brJr BBB @ 360-370 DM (2.5mm)
br&lt;br&gt;brBB @ 450-465 DM/div&lt;/div&gt;/div","AAA @ 115 DM
AA @ 155 DM
A @ 180 DM
Sr BBB @ 270 DM (30mm)
Jr BBB @ 370 DM (2.5mm)
BB @ 470 DM","RBC","5NC2","Reset","Priced","1/17/2025","2/3/2025","elm12_reset","BSL",
"False","False","Golub Capital Partners CLO 79(B)","div&lt;div&gt;divAAA @ 117 DM (preplaced)
br&lt;br&gt;brAA @ 145-150 DM
br&lt;br&gt;brA @ 165-170 DM
br&lt;br&gt;brSr BBB @ 245-255 DM (24mm)
br&lt;br&gt;brJr BBB @ 355-365 DM (4mm)
br&lt;br&gt;brBB @ 465-480 DM/div&lt;/div&gt;/div","AAA @ 117 DM
AA @ 150 DM
A @ 172 DM
Sr BBB @ 255 DM (24mm)
Jr BBB @ 355 DM (4mm)
BB @ 465 DM","Bank of America","5NC2","New Issue","Priced","1/17/2025","2/3/2025","gcbsl79_newissue","BSL",
"False","False","Canyon CLO 2019-2","div&lt;div&gt;divAAA @ 101 DM
br&lt;br&gt;brAA @ 145-155 DM
br&lt;br&gt;brA @ 170-180 DM
br&lt;br&gt;brBBB @ 280-290 DM
br&lt;br&gt;brBB @ 550-575 DM/div&lt;/div&gt;/div","AAAA @ 101 DM
AA @ 150 DM
A @ 190 DM
BBB @ 285 DM
BB @ 600 DM","Scotia","1.75NC1","Refinancing","Priced","1/17/2025","1/28/2025","canyc2019-2_refi","BSL",
"False","False","Voya CLO 2021-2","div&lt;div&gt;divX @ 95 DM
br&lt;br&gt;brSr AAA @ 117-118 DM (320mm)
br&lt;br&gt;brJr AAA @ 140a DM (15mm)
br&lt;br&gt;brAA @ 150-155 DM
br&lt;br&gt;brA @ 170-175 DM
br&lt;br&gt;brSr BBB @ 255-265 DM (30mm)
br&lt;br&gt;brJr BBB @ 370-380 DM (5mm)
br&lt;br&gt;brBB @ 485-500 DM/div&lt;/div&gt;/div","X @ 95 DM
Sr AAA @ 117 DM (320mm)
Jr AAA @ 140 DM (15mm)
AA @ 155 DM
A @ 180 DM
Sr BBB @ 260 DM (28.75mm)
Jr BBB (fixed) @ 7.945% (6.25mm)
BB @ 485 DM","Scotia","5NC2","Reset","Priced","1/16/2025","2/3/2025","voya2021-2_reset","BSL",
"False","False","CBAMR 2021-15","div&lt;div&gt;divSr AAA @ 118 DM (256mm)
br&lt;br&gt;brJr AAA @ 145 DM (6mm)
br&lt;br&gt;brAA @ 155 DM
br&lt;br&gt;brA @ 175 DM
br&lt;br&gt;brSr BBB @ 275 DM (24mm)
br&lt;br&gt;brJr BBB @ 395 DM (2mm)
br&lt;br&gt;brBB @ 510 DM/div&lt;/div&gt;/div","Sr AAA @ 118 DM (256mm)
Jr AAA @ 145 DM (6mm)
AA @ 157 DM
Sr A @ 180 DM (14mm)
Jr A @ 205 DM (8mm)
Sr BBB @ 290 DM (22mm)
Jr BBB @ 440 DM (6mm)
BB @ 550 DM","Citigroup","5NC2","Reset","Priced","1/16/2025","2/5/2025","cbamr15_reset","BSL",
"False","False","Oaktree CLO 2020-1","div&lt;div&gt;divX @ 85-90 DM
br&lt;br&gt;brAAA @ 118-119 DM
br&lt;br&gt;brAA @ 150-155 DM
br&lt;br&gt;brA @ 170-175 DM
br&lt;br&gt;brSr BBB @ 260-270 DM (24mm)
br&lt;br&gt;brJr BBB @ 360-370 DM (4mm)
br&lt;br&gt;brBB @ 485-500 DM/div&lt;/div&gt;/div","X @ 90 DM
AAA @ 119 DM
AA @ 155 DM
A @ 175 DM
Sr BBB @ 260 DM (24mm)
Jr BBB @ 370 DM (4mm)
BB @ 500 DM","Nomura","5NC2","Reset","Priced","1/16/2025","1/30/2025","oakcl2020-1_reset","BSL",
"False","False","AIMCO CLO 23","div&lt;div&gt;divAAA @ 113 DM
br&lt;br&gt;brAA @ 140 DM
br&lt;br&gt;brA @ 160-170 DM
br&lt;br&gt;brSr BBB @ 235-245 DM (24mm)
br&lt;br&gt;brJr BBB @ 340-350 DM (3mm)
br&lt;br&gt;brBB @ 425 DM/div&lt;/div&gt;/div","AAA @ 113 DM
AA @ 140 DM
A @ 170 DM
Sr BBB @ 240 DM (30mm)
Jr BBB @ 345 DM (2.5mm)
BB @ 450 DM","BNP Paribas","5NC2","New Issue","Priced","1/16/2025","1/29/2025","aimco23_newissue","BSL",
"False","False","AGL CLO 17","div&lt;div&gt;divAAA @ 95-97 DM
br&lt;br&gt;brAA @ 135-140 DM
br&lt;br&gt;brA @ 170 DM
br&lt;br&gt;brBBB @ 245 DM
br&lt;br&gt;brBB @ 450 DM/div&lt;/div&gt;/div","AAA @ 95 DM
AA @ 140 DM
A @ 170 DM
 BBB @ 245 DM
BB @ 465 DM","CIBC","2NC0.75","Refinancing","Priced","1/16/2025","1/24/2025","agl17_refi","BSL",
"False","False","Ivy Hill Middle Market Credit Fund XII","div&lt;div&gt;divAAA @ 140-142 DM
br&lt;br&gt;brAA @ 170-175 DM
br&lt;br&gt;brA @ 200-210 DM
br&lt;br&gt;brBBB @ 340-350 DM
br&lt;br&gt;brBB @ 625a DM/div&lt;/div&gt;/div","AAA @ 140 DM
AA @ 170 DM
A @ 200 DM
BBB @ 325 DM
BB @ 625 DM","BNP Paribas","5NC2","Reset","Priced","1/16/2025","1/30/2025","ivyh12_reset","MM",
"False","False","Elevation CLO 2021-14","div&lt;div&gt;divX @ 95 DM
br&lt;br&gt;brSr AAA call desk
br&lt;br&gt;brJr AAA @ 145 DM (30mm)
br&lt;br&gt;brAA call desk
br&lt;br&gt;brA @ 190 DM
br&lt;br&gt;brSr BBB @ 285 DM (30mm)
br&lt;br&gt;brJr BBB @ 400 DM (5mm)
br&lt;br&gt;brBB @ 600 DM ($98)
br&lt;br&gt;brB call desk/div&lt;/div&gt;/div","X @ 110 DM
Sr AAA @ 128 DM (300mm)
Jr AAA @ 148 DM (30mm)
AA @ 170 DM
Sr A @ 195 DM (20mm)
Sr A (fixed) @ 6.01% (5mm)
Jr A @ 215 DM (10mm)
Sr BBB @ 325 DM (14mm)
Sr BBB (fixed) @ 7.31% (6mm)
Jr BBB @ 438 DM (10mm)
BB @ 645 DM
B @ 3mSW + 6.30%","Santander","5NC2","Reset","Priced","1/15/2025","2/7/2025","awpt14_reset","BSL",
"False","False","Magnetite XXVI","div&lt;div&gt;divX @ 90-95 DM
br&lt;br&gt;brAAA @ 115-117 DM
br&lt;br&gt;brAA @ 145-150 DM
br&lt;br&gt;brA @ 165-170 DM
br&lt;br&gt;brSr BBB @ 240-250 DM (41.205mm)
br&lt;br&gt;brJr BBB @ 350-360 DM (4.02mm)
br&lt;br&gt;brBB @ 460-470 DM
br&lt;br&gt;brB retained/div&lt;/div&gt;/div","X @ 90 DM
Sr AAA @ 115 DM (428.8mm)
Jr AAA @ 150 DM (80.4mm)
AA @ 150 DM
A @ 175 DM
Sr BBB @ 250 DM (41.205mm)
Jr BBB @ 365 DM (4.02mm)
BB @ 470 DM
B retained","RBC","5NC2","Reset","Priced","1/15/2025","1/28/2025","magne26_reset","BSL",
"False","False","AGL CLO 23","div&lt;div&gt;divX @ 95 DM
br&lt;br&gt;brSr AAA @ 115 DM (320mm)
br&lt;br&gt;brJr AAA @ 140 DM (10mm)
br&lt;br&gt;brAA @ 150-155 DM
br&lt;br&gt;brA @ 170-175 DM
br&lt;br&gt;brSr BBB @ 250-255 DM (30mm)
br&lt;br&gt;brJr BBB @ 370-380 DM (5mm)
br&lt;br&gt;brBB @ 470-480 DM
br&lt;br&gt;brB TBD
br&lt;br&gt;br
br&lt;br&gt;br/div&lt;/div&gt;/div","X @ 95 DM
Sr AAA @ 115 DM (320mm)
Jr AAA @ 140 DM (10mm)
AA @ 155 DM
A @ 175 DM
Sr BBB @ 245 DM (30mm)
Jr BBB @ 365 DM (5mm)
BB @ 470 DM","Barclays","5NC2","Reset","Priced","1/15/2025","1/31/2025","agl23_reset","BSL",
"False","False","RAD CLO 21","div&lt;div&gt;divSr AAA @ 107-108 DM (247.5mm)
br&lt;br&gt;brJr AAA @ 135-140 DM (3.75mm)
br&lt;br&gt;brAA @ 145-150 DM
br&lt;br&gt;brA @ 170-175 DM
br&lt;br&gt;brSr BBB @ 260-270 DM (22.5mm)
br&lt;br&gt;brJr BBB @ 360-370 DM (3.75mm)
br&lt;br&gt;brSr BB @ 490-500 DM (11.25mm)
br&lt;br&gt;brJr BB @ 560-590 DM (2.8mm)/div&lt;/div&gt;/div","Sr AAA @ 107 DM (247.5mm)
Jr AAA @ 140 DM (3.75mm)
AA @ 155 DM
A @ 180 DM
Sr BBB @ 260 DM (22.5mm)
Jr BBB @ 380 DM (3.75mm)
Sr BB @ 490 DM (11.25mm)
Jr BB @ 580 DM (2.8mm)","Nomura","3NC1","Reset","Priced","1/15/2025","1/27/2025","rad21_reset","BSL",
"False","False","CIFC Funding 2022-II","Sr AAA @ 98-99 DM (310mm)
Jr AAA @ 120 DM (15mm)
AA @ 135-140 DM
A @ 165-170 DM
BBB @ 245-255 DM (30mm)
BB @ 475-500 DM
B  call desk","Sr AAA @ 97 DM (310mm)
Jr AAA @ 122 DM (15mm)
AA @ 140 DM
A @ 175 DM
BBB @ 255 DM
BB @ 475 DM","RBC","2.25NC1","Refinancing","Priced","1/15/2025","1/29/2025","cifc2022-2_refi","BSL",
"False","False","OHA Credit Partners VII","div&lt;div&gt;div114-115 DM
br&lt;br&gt;brAA @ 145 DM
br&lt;br&gt;brA @ 160-170 DM
br&lt;br&gt;brSr BBB @ 240-250 DM (42mm)
br&lt;br&gt;brJr BBB @ 350-360 DM (7mm)
br&lt;br&gt;brBB @ 440-450 DM/div&lt;/div&gt;/div","AAA @ 114 DM
AA @ 145 DM
AA (fixed) @ 5.55%
A @ 170 DM
Sr BBB @ 250 DM (42mm)
Jr BBB @ 350 DM (7mm)
BB @ 450 DM","Bank of America","5NC2","Reset","Priced","1/15/2025","1/31/2025","oakc2012-7_reset","BSL",
"False","False","OCP CLO 2021-21","div&lt;div&gt;divAAA @ 118-120 DM/div&lt;/div&gt;/div","AAA @ 118 DM
AA @ 155 DM
A @ 175 DM
Sr BBB @ 265 DM (36mm)
Jr BBB @ 370 DM (6mm)
BB @ 470 DM","Wells Fargo","5NC2","Reset","Priced","1/14/2025","1/31/2025","ocp21_reset","BSL",
"False","True","Cedar Funding VIII CLO","div&lt;div&gt;divX @ 95 DM
br&lt;br&gt;brAAA @ 122-124 DM
br&lt;br&gt;brAA @ 155-160 DM
br&lt;br&gt;brA @ 180-185 DM
br&lt;br&gt;brBBB @ 295-305 DM
br&lt;br&gt;brBB @ 615-625 DM/div&lt;/div&gt;/div","X @ 95 DM
AAA @ 122 DM
AA @ 160 DM
A @ 185 DM
BBB @ 295 DM
BB @ 650 DM","Jefferies","5NC2","Reset","Priced","1/14/2025","1/27/2025","cedf8_reset","BSL",
"False","False","Madison Park Funding XXVII","div&lt;div&gt;divX @ 100 DM
br&lt;br&gt;brSr AAA @ 120 DM (492mm; preplaced)
br&lt;br&gt;brJr AAA @ 140-145 DM
br&lt;br&gt;brAA @ 150-155 DM
br&lt;br&gt;brA @ 170-175 DM
br&lt;br&gt;brSr BBB @ 265-275 DM (48mm)
br&lt;br&gt;brJr BBB @ 385-400 DM (8mm)
br&lt;br&gt;brBB @ 500-515 DM
br&lt;br&gt;brB call desk/div&lt;/div&gt;/div","X @ 90 DM
Sr AAA @ 120 DM (490.8mm)
Jr AAA @ 150 DM (37.2mm)
AA @ 160 DM
A @ 190 DM
Sr BBB @ 285 DM (48mm)
Jr BBB @ 400 DM (8mm)
BB @ 550 DM
B @ 800 DM","Bank of America","5NC2","Reset","Priced","1/14/2025","1/31/2025","mdpk27_reset","BSL",
"False","False","Trimaran CAVU 2025-1","div&lt;div&gt;divAAA preplaced
br&lt;br&gt;brAA @ 155-160 DM
br&lt;br&gt;brA @ 180-190 DM
br&lt;br&gt;brSr BBB @ 280-290 DM (30mm)
br&lt;br&gt;brJr BBB @ 390-400 DM (5mm)
br&lt;br&gt;brBB @ 500-525 DM/div&lt;/div&gt;/div","AAA @ 125 DM
AA @ 155 DM
A @ 180 DM
Sr BBB @ 290 DM (30mm)
Jr BBB @ 390 DM (5mm)
BB @ 525 DM
","JPMorgan","5NC2","New Issue","Priced","1/14/2025","1/30/2025","cavu2025-1_newissue","BSL",
"False","False","AB BSL CLO 3","div&lt;div&gt;divSr AAA @ 125 DM (310mm)
br&lt;br&gt;brJr AAA @ 140 DM (20mm)
br&lt;br&gt;brAA @ 155 DM
br&lt;br&gt;brA @ 175 DM
br&lt;br&gt;brSr BBB @ 260 DM (30mm)
br&lt;br&gt;brJr BBB @ 375 DM (5mm)
br&lt;br&gt;brBB @ 525a DM/div&lt;/div&gt;/div","Sr AAA @ 125 DM (310mm)
Jr AAA @ 1445 DM (20mm)
AA @ 155 DM
A @ 180 DM
Sr BBB @ 265 DM (25mm)
Jr BBB @ 390 DM (5mm)
BB @ 510 DM","Santander","5NC2","Reset","Priced","1/14/2025","2/5/2025","abbsl3_reset","BSL",
"False","False","Alinea CLO",,"Sr AAA @ 90 DM (136mm)
Jr AAA @ 115 DM (51mm)
AA @ 135 DM
A @ 225 DM
BB @ 595 DM","Goldman Sachs","0NC0.5","Refinancing","Priced","1/14/2025","1/23/2025","aline_refi","BSL",
"False","False","Benefit Street Partners CLO XXV","div&lt;div&gt;divSr AAA @ 100 DM (305mm)
br&lt;br&gt;brJr AAA @ 120 DM (20mm)
br&lt;br&gt;brAA @ 140-145 DM
br&lt;br&gt;brA @ 165-170 DM
br&lt;br&gt;brBBB @ 250-260 DM
br&lt;br&gt;brBB @ 475-500 DM/div&lt;/div&gt;/div","Sr AAA @ 100 DM (305mm)
Jr AAA @ 120 DM (20mm)
AA @ 145 DM
A @ 165 DM
BBB @ 235 DM
BB @ 460 DM","Wells Fargo","2NC0.5","Refinancing","Priced","1/14/2025","2/5/2025","bsp25_refi","BSL",
"False","False","Anchorage Capital CLO 16","div&lt;div&gt;divSr AAA @ 123-125 DM (283.5mm)
br&lt;br&gt;brJr AAA @ 145-150 DM (12.375mm)
br&lt;br&gt;brAA @ 160-165 DM
br&lt;br&gt;brA @ 180-185 DM
br&lt;br&gt;brSr BBB @ 275-285 DM (24.075mm)
br&lt;br&gt;brJr BBB @ 390a DM (5.625mm)
br&lt;br&gt;brBB @ 550a DM
br&lt;br&gt;br/div&lt;/div&gt;/div","Sr AAA @ 125 DM (283.5mm)
Jr AAA @ 145 DM (12.375mm)
AA @ 165 DM
AA (fixed) @ 5.734% (+165)
A @ 190 DM
Sr BBB @ 290 DM (24.075mm)
Jr BBB @ 400 DM (5.625mm)
BB @ 570 DM","CIBC","5NC2","Reset","Priced","1/14/2025","1/28/2025","anchc16_reset","BSL",
"False","False","CarVal CLO III",,"AAA @ 99 DM
AA @ 140 DM
A @ 160 DM
BBB @ 250 DM
BB @ 600 DM","Deutsche Bank","0NC1","Refinancing","Priced","1/13/2025","1/13/2025","carval3_refi","BSL",
"False","False","ICG US CLO 2015-2","div&lt;div&gt;divAAA @ 99 DM
br&lt;br&gt;brAA @ 145a DM
br&lt;br&gt;brA @ 170-175 DM
br&lt;br&gt;brBBB @ 255-260 DM /div&lt;/div&gt;/div","AAA @ 99 DM
AA @ 150 DM
A @ 175 DM
BBB @ 270 DM","JPMorgan","0NC0.5","Refinancing","Priced","1/13/2025","1/21/2025","icg2015-2_refi","BSL",
"False","False","Octagon 75","div&lt;div&gt;divSr AAA @ 120 DM (320mm)
br&lt;br&gt;brJr AAA @ 135 DM (10mm)
br&lt;br&gt;brAA @ 150-155 DM
br&lt;br&gt;brA @ 170-175 DM
br&lt;br&gt;brSr BBB @ 250-260 DM (30mm)
br&lt;br&gt;brJr BBB @ 350-375 DM (5mm)
br&lt;br&gt;brBB @ 475-485 DM/div&lt;/div&gt;/div","Sr AAA @ 120 DM (384mm)
Jr AAA @ 140 DM (12mm)
AA @ 155 DM
Sr A @ 175 DM (30mm)
Jr A @ 200 DM (10.5mm)
Sr BBB @ 260 DM (28.5mm)
Jr BBB@ 365 DM (9mm)
BB @ 495 DM","Santander","5NC2","New Issue","Priced","1/13/2025","1/31/2025","oct75_newissue","BSL",
"False","False","Dryden 109 CLO","div&lt;div&gt;divAAA @ 117-120 DM
br&lt;br&gt;brAA @ 150-155 DM
br&lt;br&gt;brA @ 175-180 DM
br&lt;br&gt;brBBB @ 260-270 DM
br&lt;br&gt;brBB @ 525-550 DM/div&lt;/div&gt;/div","AAA @ 118 DM
AA @ 157 DM
A @ 180 DM
BBB @ 270 DM
BB @ 535 DM","Citigroup","5NC2","Reset","Priced","1/13/2025","1/28/2025","drslf109_reset","BSL",
"False","False","KKR CLO 35","div&lt;div&gt;divAAA @ 120-121 DM/div&lt;/div&gt;/div","AAA @ 120 DM
AA @ 160 DM
A @ 185 DM
BBB @ 275 DM
BB @ 490 DM","Goldman Sachs","5NC2","Reset","Priced","1/13/2025","1/31/2025","kkr35_reset","BSL",
"False","False","Generate CLO 10","div&lt;div&gt;divX @ 95 DM
br&lt;br&gt;brAAA preplaced
br&lt;br&gt;brAA @ 155-160 DM
br&lt;br&gt;brA @ 175-185 DM
br&lt;br&gt;brSr BBB @ 265-275 DM (24mm)
br&lt;br&gt;brJr BBB @ 375-385 DM (4mm)
br&lt;br&gt;brBB @ 490-515 DM/div&lt;/div&gt;/div","X @ 95 DM
AAA @ 121 DM
AA @ 160 DM
A @ 180 DM
Sr BBB @ 285 DM (24mm)
Jr BBB @ 375 DM (4mm)
BB @ 490 DM","Bank of America","5NC2","Reset","Priced","1/13/2025","1/30/2025","gnrt10_reset","BSL",
"False","False","MFIC Bethesda CLO 2","div&lt;div&gt;divSr AAA preplaced
br&lt;br&gt;brJr AAA @ 170-175 DM
br&lt;br&gt;brAA @ 185 DM
br&lt;br&gt;brA @ 230 DM
br&lt;br&gt;brBBB call desk/div&lt;/div&gt;/div","Sr AAA @ 148 DM (304.5mm)
Jr AAA @ 170 DM (21mm)
AA @ 185 DM
A @ 230 DM
BBB @ 375 DM","Citigroup","4NC2","New Issue","Priced","1/10/2025","1/29/2025","mfclo2_newissue","MM",
"False","False","Diameter Capital CLO 9","div&lt;div&gt;divAAA @ 118-120 DM
br&lt;br&gt;brAA @ 150 DM
br&lt;br&gt;brA @ 170 DM
br&lt;br&gt;brBBB @ 250 DM
br&lt;br&gt;brBB @ 480 DM/div&lt;/div&gt;/div","AAA @ 117 DM
AA @ 155 DM
A @ 175 DM
BBB @ 260 DM
BB @ 470 DM","Morgan Stanley","5NC2","New Issue","Priced","1/10/2025","1/27/2025","dclo9_newissue","BSL",
"False","False","Ballyrock CLO 25","div&lt;div&gt;divSr AAA @ 119-120 DM (288mm)
br&lt;br&gt;brJr AAA @ 140 DM
br&lt;br&gt;brAA @ 150-155 DM
br&lt;br&gt;brA @ 170-175 DM
br&lt;br&gt;brSr BBB @ 250-260 DM (27mm)
br&lt;br&gt;brJr BBB @ 365-375 DM (4.5mm)
br&lt;br&gt;brBB @ 470-480 DM/div&lt;/div&gt;/div","Sr AAA @ 118 DM (288mm)
Jr AAA @ 142 DM (11.25mm)
AA @ 150 DM
A @ 175 DM
Sr BBB @ 260 DM (27mm)
Jr BBB @ 375 DM (4.5mm)
BB @ 480 DM","RBC","5NC2","Reset","Priced","1/10/2025","2/7/2025","bally25_reset","BSL",
"False","False","Regatta XX Funding","div&lt;div&gt;divX @ 100 DM
br&lt;br&gt;brAAA @ 122 DM
br&lt;br&gt;brAA @ 150-155 DM
br&lt;br&gt;brA @ 170-175 DM
br&lt;br&gt;brSr BBB @ 260-270 DM (30mm)
br&lt;br&gt;brJr BBB @ 375-385 DM (5mm)
br&lt;br&gt;brBB @ 480-490 DM/div&lt;/div&gt;/div","X @ 97 DM
AAA @ 118 DM
AA @ 155 DM
A @ 175 DM
Sr BBB @ 260 DM (30mm)
Jr BBB @ 385 DM (5mm)
BB @ 490 DM","Bank of America","5NC2","Reset","Priced","1/10/2025","1/28/2025","reg20_reset","BSL",
"False","False","GoldenTree Loan Management US CLO 16","div&lt;div&gt;divSr AAA @ 115-117 DM/div&lt;/div&gt;/div","X @ 92 DM
Sr AAA @ 112 DM (352mm)
Jr AAA @ 127 DM (10mm)
AA @ 150 DM
A @ 170 DM
Sr BBB @ 240 DM (33mm)
Jr BBB @ 350 DM (5.5mm)
BB @ 450 DM
B @ 775 DM","Wells Fargo","5NC2","Reset","Priced","1/10/2025","1/31/2025","glm16_reset","BSL",
"False","False","Voya CLO 2021-1","div&lt;div&gt;divAAA @ 102-103 DM
br&lt;br&gt;brAA @ 140a DM
br&lt;br&gt;brA @ 175a DM
br&lt;br&gt;brBBB @ 290a DM
br&lt;br&gt;brBB @ 575a DM/div&lt;/div&gt;/div","AAA @ 100 DM
AA @ 135 DM
A @ 170 DM
BBB @ 280 DM
BB @ 575 DM","Morgan Stanley","1.5NC0.75","Refinancing","Priced","1/10/2025","1/21/2025","voya2021-1_refi","BSL",
"False","False","Ocean Trails CLO XI","div&lt;div&gt;divAAA @ 104a DM
br&lt;br&gt;brAA @ 155a DM
br&lt;br&gt;brA @ 185a DM
br&lt;br&gt;brBBB @ 290a DM
br&lt;br&gt;brBB @ 650a DM/div&lt;/div&gt;/div","AAA @ 103 DM
AA @ 155 DM
A @ 185 DM
BBB @ 310 DM
BB @ 685 DM","Citigroup","1.5NC1","Refinancing","Priced","1/10/2025","1/24/2025","octr11_refi","BSL",
"False","False","Barings Loan Partners CLO 2","div&lt;div&gt;divAAA subject
br&lt;br&gt;brAA @ 135 DM
br&lt;br&gt;brA @ 150 DM/div&lt;/div&gt;/div","AAA @ 95 DM
AA @ 135 DM
A @ 165 DM","Bank of America","0NC0.5","Refinancing","Priced","1/10/2025","1/27/2025","babsnlp2_refi","BSL",
"False","False","PennantPark CLO 11","div&lt;div&gt;divSr AAA @ 149-152 DM/div&lt;/div&gt;/div","Sr AAA @ 149 DM (275.5mm)
Jr AAA @ 160 DM (19mm)
AA @ 175 DM
A @ 220 DM
BBB retained","GreensLedge","4NC2","New Issue","Priced","1/10/2025","2/7/2025","pnnt11_newissue","MM",
"False","False","Churchill Middle Market CLO V","div&lt;div&gt;divSr AAA preplaced
br&lt;br&gt;brJr AAA @ 165a DM
br&lt;br&gt;brAA @ 175a DM
br&lt;br&gt;brA @ 210a DM
br&lt;br&gt;brBBB @ 350a DM
br&lt;br&gt;brBB @ 675a DM/div&lt;/div&gt;/div","Sr AAA @ 141.5 DM (435mm)
Jr AAA @ 155 DM (30mm)
AA @ 170 DM
A @ 200 DM
BBB @ 330 DM
BB @ 685 DM","Natixis","4NC2","New Issue","Priced","1/10/2025","1/29/2025","chmml5_newissue","MM",
"False","False","Venture 28 CLO","div&lt;div&gt;divX @ 90 DM
br&lt;br&gt;brSr AAA @ 107 DM (316mm)
br&lt;br&gt;brJr AAA @ 135 DM (15mm)
br&lt;br&gt;brAA @ 160 DM
br&lt;br&gt;brA @ 185 DM
br&lt;br&gt;brBBB @ 310-320 DM/div&lt;/div&gt;/div",,"Jefferies","1.75NC1","Refinancing","Announced","1/10/2025",,"ventr28_refi","BSL",
"False","False","Canyon CLO 2020-2","div&lt;div&gt;divAAA @ 103 DM
br&lt;br&gt;brAA @ 145-150 DM
br&lt;br&gt;brA @ 170-180 DM
br&lt;br&gt;brBBB @ 285-295 DM
br&lt;br&gt;brBB @ 575-600 DM/div&lt;/div&gt;/div","AAA @ 103 DM
AA @ 153 DM
A @ 185 DM
BBB @ 295 DM
BB @ 575 DM","Scotia","1.75NC0.5","Refinancing","Priced","1/9/2025","1/17/2025","canyc2020-2_refi","BSL",
"False","False","Green Lakes Park","div&lt;div&gt;divX @ 90 DM
br&lt;br&gt;brAAA @ 118-120 DM
br&lt;br&gt;brAA @ 150 DM
br&lt;br&gt;brA @ 170 DM
br&lt;br&gt;brSr BBB @ 250 DM (30mm)
br&lt;br&gt;brJr BBB @ 360 DM (3.75mm)
br&lt;br&gt;brBB @ 470 DM
br&lt;br&gt;brB @ 725 DM/div&lt;/div&gt;/div","X @ 95 DM
AAA @ 118 DM
AA @ 150 DM
A @ 170 DM
Sr BBB @ 250 DM (30mm)
Jr BBB @ 370 DM (3.75mm)
BB @ 475 DM
B @ 725 DM","Morgan Stanley","5NC2","Reset","Priced","1/9/2025","1/17/2025","gnlkpk_reset","BSL",
"False","False","Pikes Peak CLO 12","div&lt;div&gt;divSr AAA @ 122 DM (256mm)
br&lt;br&gt;brJr AAA @ 145-150 DM (8mm)
br&lt;br&gt;brAA @ 155-160 DM
br&lt;br&gt;brA @ 175-180 DM
br&lt;br&gt;brSr BBB @ 265-275 DM (22mm)
br&lt;br&gt;brJr BBB @ 375-385 DM (6mm)
br&lt;br&gt;brBB @ 490 DM/div&lt;/div&gt;/div","AAA @ 122 DM
AA @ 150 DM
A @ 180 DM
A (fixed) @ 5.752% (+170)
Sr BBB @ 265 DM (22mm)
Jr BBB @ 380 DM (6mm)
BB @ 500 DM","GreensLedge","5NC2","Reset","Priced","1/9/2025","1/30/2025","pipk12_reset","BSL",
"False","False","Birch Grove CLO 3","div&lt;div&gt;divAAA @ 126 DM
br&lt;br&gt;brAA @ 160-165 DM
br&lt;br&gt;brA @ 180-185 DM
br&lt;br&gt;brSr BBB @ 285-290 DM (30mm)
br&lt;br&gt;brJr BBB @ 380-390 DM (5mm)
br&lt;br&gt;brBB @ 525-540 DM/div&lt;/div&gt;/div","Sr AAA @ 126 DM (320mm)
Jr AAA @ 145 DM (5mm)
AA @ 160 DM
A @ 180 DM
Sr BBB @ 285 DM (30mm)
Jr BBB @ 385 DM (5mm)
BB @ 515 DM","Goldman Sachs","5NC2","Reset","Priced","1/9/2025","1/23/2025","bgclo3_reset","BSL",
"False","False","Golub Capital Partners CLO 61(M)",,"Sr AAA @ 123 DM
Jr AAA @ 150 DM
AA @ 165 DM
A @ 200 DM
A (fixed) @ 6.03%
Sr BBB @ 300 DM","SMBC","1.5NC1.5","Refinancing","Priced","1/9/2025","12/20/2024","gocap61m_refi","MM",
"False","False","Battalion CLO 28","div&lt;div&gt;divSr AAA call desk
br&lt;br&gt;brJr AAA preplaced
br&lt;br&gt;brAA @ 160-165 DM
br&lt;br&gt;brA @ 180-185 DM
br&lt;br&gt;brSr BBB @ 275-285 DM (24mm)
br&lt;br&gt;brJr BBB @ 390-400 DM (4mm)
br&lt;br&gt;brBB @ 525-550 DM
br&lt;br&gt;brB call desk/div&lt;/div&gt;/div",,"Bank of America","5NC2","New Issue","Announced","1/9/2025",,"batln28_newissue","BSL",
"False","False","Sixth Street CLO XIII","div&lt;div&gt;divX @ 95a DM
br&lt;br&gt;brSr AAA call desk
br&lt;br&gt;brJr AAA @ 145a DM
br&lt;br&gt;brAA @ 150-155 DM
br&lt;br&gt;brA @ 170-175 DM
br&lt;br&gt;brSr BBB @ 260-270 DM
br&lt;br&gt;brJr BBB @ 370-380 DM
br&lt;br&gt;brBB @ 490-500 DM
br&lt;br&gt;br/div&lt;/div&gt;/div","X @ 95 DM
Sr AAA @ 122 DM (281.25mm)
Jr AAA @ 140 DM (13.5mm)
AA @ 145 DM
A @ 175 DM
A (fixed) @ 5.863% (+175)
Sr BBB @ 260 DM (27mm)
Jr BBB @ 370 DM (2.7mm)
BB @ 480 DM","Morgan Stanley","5NC2","Reset","Priced","1/8/2025","1/21/2025","sixst13_reset","BSL",
"False","False","Rockford Tower CLO 2020-1","div&lt;div&gt;divX @ 90-95 DM
br&lt;br&gt;brSr AAA subject
br&lt;br&gt;brJr AAA @ 130-135 DM
br&lt;br&gt;brAA @ 150-155 DM
br&lt;br&gt;brA @ 175-185 DM
br&lt;br&gt;brSr BBB @ 280-290 DM (24mm)
br&lt;br&gt;brJr BBB @ 400-425 DM (5mm)
br&lt;br&gt;brBB @ 600-625 DM/div&lt;/div&gt;/div","X @ 100 DM
Sr AAA @ 109 DM (240mm)
Jr AAA @ 130 DM (20mm)
AA @ 155 DM
A @ 190 DM
Sr BBB @ 300 DM (24mm)
Jr BBB @ 400 DM (5mm)
BB @ 590 DM","Bank of America","2NC1","Refinancing","Priced","1/8/2025","1/16/2025","rockt2020-1_refi","BSL",
"False","True","37 Capital CLO 4","div&lt;div&gt;divX @ 80a DM
br&lt;br&gt;brSr AAA @ 109 DM (256mm)
br&lt;br&gt;brJr AAA @ 125 DM (8mm)
br&lt;br&gt;brAA @ 150 DM
br&lt;br&gt;brA @ 180 DM
br&lt;br&gt;brSr BBB @ 275 DM (24mm)
br&lt;br&gt;brJr BBB @ 350 DM (4mm)
br&lt;br&gt;brBB @ 525 DM/div&lt;/div&gt;/div","X @ 95 DM
Sr AAA @ 109 DM (256mm)
Jr AAA @ 130 DM (8mm)
AA @ 150 DM
A @ 180 DM
Sr BBB @ 275 DM (24mm)
Jr BBB @ 380 DM (4mm)
BB @ 535 DM","Santander","2NC1","Reset","Priced","1/8/2025","1/17/2025","37clo4_reset","BSL",
"False","False","Barrow Hanley CLO I","div&lt;div&gt;divX @ 95 DM
br&lt;br&gt;brSr AAA call desk
br&lt;br&gt;brJr AAA @ 154a DM (18mm)
br&lt;br&gt;brAA call desk
br&lt;br&gt;brA @ 200 DM
br&lt;br&gt;brSr BBB @ 310 DM (22.5mm)
br&lt;br&gt;brJr BBB @ 410 DM (4.5mm)
br&lt;br&gt;brBB @ 550 DM
br&lt;br&gt;brB retained/div&lt;/div&gt;/div","X @ 95 DM
Sr AAA @ 134 DM (134 DM)
Jr AAA @ 154 DM (18mm)
AA @ 174 DM
A @ 200 DM
Sr BBB @ 310 DM (22.5mm)
Jr BBB @ 400 DM (4.5mm)
BB @ 525 DM
B retained","Citigroup","5NC2","Reset","Priced","1/8/2025","1/16/2025","barhn2023-1_reset","BSL",
"False","False","RR 37","div&lt;div&gt;divAAA @ 120a DM/div&lt;/div&gt;/div","Sr AAA @ 118 DM (283.5mm)
Jr AAA @ 140 DM (18mm)
AA @ 150 DM
A @ 170 DM
Sr BBB @ 245 DM (24.75mm)
BBB @ 305 DM (2.25mm)
Jr BBB @ 370 DM (4.5mm)
BB @ 465 DM
B not offered","Bank of America","5NC2","New Issue","Priced","1/8/2025","1/21/2025","rr37_newissue","BSL",
"False","False","Octagon Investment Partners 40","div&lt;div&gt;divSr AAA @ 104 DM (378mm)
br&lt;br&gt;brJr AAA @ 130-135 DM (12mm)
br&lt;br&gt;brAA @ 145-150 DM
br&lt;br&gt;brA @170-175 DM
br&lt;br&gt;brBBB @ 300-315 DM
br&lt;br&gt;brBB @ 675-700 DM/div&lt;/div&gt;/div","Sr AAA @ 104 DM (378mm)
Jr AAA @ 130 DM (12mm)
AA @ 155 DM
A @ 175 DM","BNP Paribas","2NC1","Refinancing","Priced","1/8/2025","1/22/2025","oct40_refi","BSL",
"False","False","Ares LXVII CLO","div&lt;div&gt;divSr AAA @ 119-120 DM (256mm)
br&lt;br&gt;brJr AAA @ 135-140 DM (8mm)
br&lt;br&gt;brAA @ 150-155 DM
br&lt;br&gt;brA @ 170-175 DM
br&lt;br&gt;brSr BBB @ 260-270 DM (24mm)
br&lt;br&gt;brJr BBB @ 370-380 DM (4mm)
br&lt;br&gt;brBB @ 485-500 DM/div&lt;/div&gt;/div","Sr AAA @ 119 DM (256mm)
Jr AAA @ 140 DM (8mm)
AA @ 155 DM
A @ 170 DM
Sr BBB @ 260 DM (24mm)
Jr BBB @ 370 DM (4mm)
BB @ 500 DM","Nomura","5NC2","Reset","Priced","1/8/2025","1/21/2025","ares67_reset","BSL",
"False","False","New Mountain CLO 1","div&lt;div&gt;divX @ 95
br&lt;br&gt;brSr AAA @ 125 DM (300mm)
br&lt;br&gt;brJr AAA @ 150-155 DM (25mm)
br&lt;br&gt;brAA @ 160-165 DM
br&lt;br&gt;brA @ 180-185 DM
br&lt;br&gt;brBBB @ 285-295 DM
br&lt;br&gt;brBB @ 515-540 DM/div&lt;/div&gt;/div","Sr AAA @ 125 DM (300mm)
Jr AAA @ 150 DM (25mm)
AA @ 165 DM
A @ 180 DM
BBB @ 285 DM
BB @ 525 DM","Deutsche Bank","5NC2","Reset","Priced","1/8/2025","1/27/2025","nmc1_reset","BSL",
"False","True","Elmwood CLO 38","AAA:  120-121 DM
AA:  155- 160 DM
A:  170-175 DM
BBB Sr.:  250-260 DM
BBB Jr.:  360-370 DM","AAA @ 115 DM
AA @ 145 DM
AA (fixed) @ 5.702%
A @ 170 DM
Sr BBB @ 250 DM (30mm)
Jr BBB @ 360 DM (2mm)
BB @ 450 DM","Nomura","5NC2","New Issue","Priced","1/7/2025","1/17/2025","elm38_newissue","BSL",
"False","True","Wise CLO 2025-1","AAA:  125 DM
AA:  165 DM
A:  185 DM","AAA @ 123 DM
AA @ 155 DM
AA (fixed) @ 5.60% (+155)
A @ 195 DM","Bank of America","5NC2","New Issue","Priced","1/7/2025","1/27/2025","wise2025-1_newissue","BSL",
"False","True","Carlyle US CLO 2020-1","div&lt;div&gt;divX @ 95 DM
br&lt;br&gt;brSr AAA @ 122 DM (320mm)
br&lt;br&gt;brJr AAA @ 145 DM (5mm)
br&lt;br&gt;brAA @ 155a DM
br&lt;br&gt;brA @ 175a DM
br&lt;br&gt;brSr BBB @ 260-270 DM (30mm)
br&lt;br&gt;brJr BBB @ 375-385 DM (3mm)
br&lt;br&gt;brBB @ 500a DM
br&lt;br&gt;br/div&lt;/div&gt;/div","X @ 95 DM
Sr AAA @ 122 DM (320mm)
Jr AAA @ 145 DM (5mm)
AA @ 155 DM
A @ 175 DM
Sr BBB @ 265 DM (30mm)
Jr BBB @ 385 DM (3mm)
BB @ 495 DM","Citigroup","5NC2","Reset","Priced","1/7/2025","1/17/2025","cgms2020-1_reset","BSL",
"False","False","Neuberger Berman Loan Advisers CLO 31","div&lt;div&gt;divAAA @ 123 DM
br&lt;br&gt;brAA @ 150-155 DM
br&lt;br&gt;brA @ 170-175 DM
br&lt;br&gt;brSr BBB @ 260-270 DM (28.5mm)
br&lt;br&gt;brJr BBB @ 380a DM (4.75mm)
br&lt;br&gt;brBB @ 490-500 DM/div&lt;/div&gt;/div","AAA @ 123 DM
AA @ 150 DM
A @ 175 DM
Sr BBB @ 270 DM (28.5mm)
Jr BBB @ 390 DM (4.75mm)
BB @ 500 DM","Barclays","5NC2","Reset","Priced","1/7/2025","1/24/2025","neub31_reset","BSL",
"False","False","Benefit Street Partners CLO XXIX","div&lt;div&gt;divAAA @ 120a DM
br&lt;br&gt;brAA @ 150-155 DM
br&lt;br&gt;brA @ 170-175 DM
br&lt;br&gt;brSr BBB @ 260-265 DM (30mm)
br&lt;br&gt;brJr BBB @ 370-380 DM (5mm)
br&lt;br&gt;brBB @ 475-485 DM/div&lt;/div&gt;/div","AAA @ 118 DM
AA @ 150 DM
A @ 175 DM
Sr BBB @ 255 DM (60mm)
Jr BBB @ 360 DM (10mm)
BB @ 460 DM","JPMorgan","5NC2","Reset","Priced","1/7/2025","1/24/2025","bsp29_reset","BSL",
"False","False","PPM CLO 8","div&lt;div&gt;divSr AAA @ 127 DM (252mm)
br&lt;br&gt;brJr AAA @ 150 DM (12mm)
br&lt;br&gt;brAA @ 170 DM
br&lt;br&gt;brA @ 200 DM
br&lt;br&gt;brSr BBB @ 300 DM (20mm)
br&lt;br&gt;brJr BBB @ 400 DM (7mm)
br&lt;br&gt;brBB @ 525 DM
br&lt;br&gt;brB retained/div&lt;/div&gt;/div","Sr AAA @ 127 DM (252mm)
Jr AAA @ 150 DM (12mm)
AA @ 160 DM
A @ 195 DM
Sr BBB @ 300 DM (20mm)
Jr BBB @ 405 DM (7mm)
BB @ 565 DM
B retained","Citigroup","5NC2","New Issue","Priced","1/7/2025","1/23/2025","ppm8_newissue","BSL",
"False","False","Nassau 2021-I","div&lt;div&gt;divAAA @ 110-112 DM
br&lt;br&gt;brAA @ 160-165 DM
br&lt;br&gt;brA @ 190-195 DM
br&lt;br&gt;brBBB @ 325 DM
br&lt;br&gt;brBB @ 650-675 DM/div&lt;/div&gt;/div","AAA @ 111 DM
AA @ 170 DM
A @ 195 DM
BBB @ 360 DM
BB @ 710 DM","RBC","1.5NC1","Refinancing","Priced","1/7/2025","1/17/2025","ncc2021-1_refi","BSL",
"False","False","OCP CLO 2015-9","div&lt;div&gt;divAAA @ 110 DM/div&lt;/div&gt;/div","AAA @ 110 DM
AA @ 145 DM
A @ 165 DM
Sr BBB @ 250 DM (24mm)
Jr BBB @ 7.625% (+350; 4mm)
BB @ 470 DM","Goldman Sachs","3NC1","Reset","Priced","1/7/2025","1/24/2025","ocp2015-9_reset","BSL",
"False","False","HalseyPoint CLO 6","div&lt;div&gt;divSr AAA @ 135 DM (300mm)
br&lt;br&gt;brJr AAA @ 155a DM (25mm)
br&lt;br&gt;brAA @ 175a DM
br&lt;br&gt;brA @ 200-205 DM
br&lt;br&gt;brSr BBB @ 300-310 DM (25mm)
br&lt;br&gt;brJr BBB @ 400-415 DM (10mm0
br&lt;br&gt;brBB @ 650-675 DM
br&lt;br&gt;brB @ 900 DM/div&lt;/div&gt;/div","Sr AAA @ 135 DM (300mm)
Jr AAA @ 153 DM (25mm)
AA @ 175 DM
A @ 205 DM
Sr BBB @ 325 DM (25mm)
Jr BBB @ 400 DM (10mm)
BB @ 675 DM
B @ 900 DM","Goldman Sachs","5NC2","Reset","Priced","1/6/2025","1/23/2025","hlsy6_reset","BSL",
"False","False","CENT CLO 31","div&lt;div&gt;divX @ 95 DM
br&lt;br&gt;brAAA @ 110 DM
br&lt;br&gt;brAA @ 160 DM
br&lt;br&gt;brA @ 185 DM
br&lt;br&gt;brBBB @ 310-320 DM/div&lt;/div&gt;/div","X @ 100 DM
AAA @ 110 DM
AA @ 160 DM
A @ 185 DM","Jefferies","1.25NC1","Refinancing","Priced","1/6/2025","1/13/2025","cent31_refi","BSL",
"False","False","TCW CLO 2019-2","div&lt;div&gt;divSr AAA @ 125-127 DM (256mm)
br&lt;br&gt;brJr AAA @ 145 DM (8mm)
br&lt;br&gt;brAA @ 165 DM
br&lt;br&gt;brA @ 190-195 DM
br&lt;br&gt;brSr BBB @ 300 DM (24mm)
br&lt;br&gt;brJr BBB @ 385 DM (6mm)
br&lt;br&gt;brBB @ 600 DM/div&lt;/div&gt;/div",,"Jefferies","5NC2","Reset","Announced","1/6/2025",,"tcw2019-2_reset","BSL",
"False","False","AGL Core CLO 38","div&lt;div&gt;divSr AAA @ 124 DM (preplaced; 372mm)
br&lt;br&gt;brJr AAA @ 140a DM (18mm)
br&lt;br&gt;brAA @ 150-155 DM
br&lt;br&gt;brA @ 165-170 DM/div&lt;/div&gt;/div","Sr AAA @ 124 DM (372mm)
Jr AAA @ 144 DM (18mm)
AA @ 150 DM
A @ 165 DM","Barclays","5NC2","New Issue","Priced","1/6/2025","1/17/2025","agl38_newissue","BSL",
"False","False","BlueMountain CLO XXXII","div&lt;div&gt;divAAA @ 110 DM
br&lt;br&gt;brAA @ 155 DM
br&lt;br&gt;brA @ 185 DM
br&lt;br&gt;brBBB @ 300 DM
br&lt;br&gt;brBB @ 650 DM/div&lt;/div&gt;/div","AAA @ 110 DM
AA @ 155 DM
A @ 190 DM
BBB @ 310 DM
BB @ 660 DM","Natixis","1.75NC1","Refinancing","Priced","1/6/2025","1/14/2025","bluem2021-32_refi","BSL",
"False","False","Bain Capital Credit CLO 2019-3","div&lt;div&gt;divAAA @ 103-104 DM/div&lt;/div&gt;/div","AAA @ 103 DM
AA @ 145 DM
A @ 170 DM
BBB @ 280 DM
BB @ 685 DM","Goldman Sachs","1.75NC0.75","Refinancing","Priced","1/6/2025","1/15/2025","bcc2019-3_refi","BSL",
"False","False","OFSI BSL XII CLO","div&lt;div&gt;divX @ 105 DM
br&lt;br&gt;brSr AAA preplaced
br&lt;br&gt;brJr AAA @ 155 DM
br&lt;br&gt;brAA preplaced
br&lt;br&gt;brA @ 200-210 DM
br&lt;br&gt;brSr BBB @ 300-310 DM
br&lt;br&gt;brJr BBB @ 400-415 DM
br&lt;br&gt;brBB @ 635-660 DM/div&lt;/div&gt;/div","Sr AAA @ 134 DM (180mm)
Jr AAA @ 155 DM (9mm)
AA @ 180 DM
A @ 205 DM
Sr BBB @ 320 DM (15mm)
Jr BBB @ 400 DM (6mm)
BB @ 660 DM","Goldman Sachs","5NC2","Reset","Priced","1/6/2025","1/21/2025","ofsbs2023-12_reset","BSL",
"False","False","CIFC Funding 2018-IV","div&lt;div&gt;divX @ 100 DM
br&lt;br&gt;brAAA call desk
br&lt;br&gt;brAA @ 150-155 DM
br&lt;br&gt;brA @ 170-175 DM
br&lt;br&gt;brSr BBB @ 260-270 DM (36mm)
br&lt;br&gt;brJr BBB @ 375-385 DM (6mm)
br&lt;br&gt;brBB @ 480-490 DM/div&lt;/div&gt;/div","X @ 105 DM
AAA @ 122 DM
AA @ 155 DM
A @ 175 DM
Sr BBB @ 260 DM (36mm)
Jr BBB @ 375 DM (6mm)
BB @ 485 DM","Bank of America","5NC2","Reset","Priced","1/6/2025","1/17/2025","cifc2018-4_reset","BSL",
"False","False","Neuberger Berman Loan Advisers CLO 46","div&lt;div&gt;divAAA call desk
br&lt;br&gt;brAA @ 145-150 DM
br&lt;br&gt;brA @ 170-180 DM
br&lt;br&gt;brBBB @ 265-275 DM
br&lt;br&gt;brBB @ 515-535 DM/div&lt;/div&gt;/div","AAA @ 105 DM
AA @ 150 DM
A @ 175 DM
BBB @ 265 DM
BB @ 515 DM","Wells Fargo","2NC1","Refinancing","Priced","1/3/2025","1/21/2025","neub46_refi","BSL",
"False","False","Neuberger Berman Loan Advisers CLO 44","div&lt;div&gt;divAAA call desk
br&lt;br&gt;brAA @ 145-150 DM
br&lt;br&gt;brA @ 170-180 DM
br&lt;br&gt;brBBB @ 265-275 DM
br&lt;br&gt;brBB @ 515-535 DM/div&lt;/div&gt;/div","AAA @ 105 DM
AA @ 150 DM
A @ 170 DM
BBB @ 265 DM
BB @ 515 DM","Wells Fargo","1.75NC1","Refinancing","Priced","1/3/2025","1/21/2025","neub44_refi","BSL",
"False","False","Madison Park Funding XXXVI","div&lt;div&gt;divSr AAA @ 106 DM (504mm)
br&lt;br&gt;brJr AAA @ 125-130 DM (5.5mm)
br&lt;br&gt;brAA @ 140 DM
br&lt;br&gt;brA @ 170-175 DM
br&lt;br&gt;brSr BBB @ 250-255 DM (40mm)
br&lt;br&gt;brJr BBB @ 345-355 DM (16mm)
br&lt;br&gt;brBB @ 500-525 DM/div&lt;/div&gt;/div","Sr AAA @ 106 DM (504mm)
Jr AAA @ 130 DM (5.5mm)
AA @ 155 DM
A @ 185 DM
Sr BBB @ 255 DM (40mm)
Jr BBB @ 370 DM (16mm) 
BB @ 560 DM","RBC","2.25NC1","Refinancing","Priced","1/3/2025","1/15/2025","mdpk36_refi","BSL",
"False","False","AMMC CLO 31","div&lt;div&gt;divSr AAA @ 131 DM (248mm)
br&lt;br&gt;brJr AAA @ 155 DM (16mm)
br&lt;br&gt;brAA @ 170 DM
br&lt;br&gt;brA @ 190 DM
br&lt;br&gt;brBBB @ 295 DM
br&lt;br&gt;brBB @ 525-550 DM/div&lt;/div&gt;/div","Sr AAA @ 131 DM (248mm)
Jr AAA @ 155 DM (16mm)
AA @ 170 DM
A @ 190 DM
BBB @ 295 DM
BB @ 545 DM","Natixis","5NC2","New Issue","Priced","1/3/2025","1/16/2025","ammc31_newissue","BSL",
"False","False","Battalion CLO XXVIII","div&lt;div&gt;divAAA @ MH120s/div&lt;/div&gt;/div","Sr AAA @ 125 DM (252mm)
Jr AAA @ 147 DM (10mm)
AA @ 160 DM
A @ 190 DM
Sr BBB @ 305 DM (24mm)
Jr BBB @ 395 DM
BB @ 570 DM","Bank of America","5NC2","New Issue","Priced","1/2/2025","1/31/2025","batln28_newissue","BSL",
"False","False","Bardot CLO","div&lt;div&gt;divAAA @ 98-99 DM
br&lt;br&gt;brAA @ 140-145 DM
br&lt;br&gt;brA @ 160-170 DM
br&lt;br&gt;brBBB @ 250 DM
br&lt;br&gt;brBB @ 575 DM/div&lt;/div&gt;/div","AAA @ 98 DM
AA @ 135 DM
A @ 155 DM
BBB @ 250 DM
BB @ 620 DM","Barclays","0NC1","Refinancing","Priced","1/2/2025","1/17/2025","bardt_refi","BSL",
"False","False","Ares LXXVI CLO","div&lt;div&gt;divSr AAA @ 125 DM/div&lt;/div&gt;/div","Sr AAA @ 140 DM (256mm)
Jr AAA @ 180 DM (8mm)
AA @ 190 DM
A @ 200 DM
Sr BBB @ 290 DM (24mm)
Jr BBB @ 460 DM (3mm)
BB @ S+7.16%","JPMorgan","5NC2","New Issue","Priced","12/26/2024","4/14/2025","ares76_newissue","BSL",
"False","False","HLEND CLO 2025-3","div&lt;div&gt;divAAA 155 DM
br&lt;br&gt;brAA 180 DM/div&lt;/div&gt;/div","AAA @ 140 DM
AA @ 170 DM","JPMorgan","4NC2","New Issue","Priced","12/18/2024","1/31/2025","hlend2024-3_newissue","MM",
"False","False","CIFC Funding 2016-I",,"AAA @ 100 DM
AA @ 145 DM
A @ 170 DM
Sr BBB @ 230 DM (17.5mm)
Jr BBB @ 300 DM (12.5mm)
BB @ 600 DM","Mizuho","0NC0.5","Refinancing","Priced","12/17/2024","12/17/2024","cifc2016-1_refi","BSL",
"False","False","Anchorage Capital CLO 20",,"Sr AAA @ 110 DM (243.2mm)
Jr AAA @ 140 DM (10.5mm)
AA @ 165 DM
A @ 195 DM
BBB @ 320 DM
BB @ 800 DM","Deutsche Bank","2NC1","Refinancing","Priced","12/17/2024","12/16/2024","anchc20_refi","BSL",
"False","False","Signal Peak CLO 1",,"AAA @ 108 DM
AA @ 160 DM
A @ 195 DM
BBB @ 350 DM","Deutsche Bank","2.25NC1","Refinancing","Priced","12/17/2024","12/16/2024","speak1_refi","BSL",
"False","False","ZAIS CLO 16","div&lt;div&gt;divSr AAA @ 112-113 DM/div&lt;/div&gt;/div","Sr AAA @ 113 DM (145mm)
Jr AAA @ 140 DM (12mm)
AA @ 160 DM
A @ 190 DM
Sr BBB @ 335 DM (6mm)
Sr BBB (fixed) @ 7.327% (7mm)
Jr BBB @ 450 DM (5mm)
BB @ 775 DM
","Goldman Sachs","2NC1","Refinancing","Priced","12/17/2024","2/4/2025","zais16_refi","BSL",
"False","False","Palmer Square CLO 2015-1","div&lt;div&gt;divSr AAA @ 105 DM (435mm)
br&lt;br&gt;brJr AAA @ 135-140 DM (29mm)
br&lt;br&gt;brAA @ 150-155 DM
br&lt;br&gt;brA @ 175-180 DM
br&lt;br&gt;brBBB @ 265-275 DM
br&lt;br&gt;brBB @ 600-625 DM
br&lt;br&gt;brB @ 800-825 DM/div&lt;/div&gt;/div","Sr AAA @ 105 DM (435mm)
Jr AAA @ 135 DM (29mm)
AA @ 160 DM
A @ 190 DM
BBB @ 275 DM","JPMorgan","1.5NC0.75","Refinancing","Priced","12/17/2024","12/23/2024","plmrs2015-1_refi","BSL",
"False","False","Antares CLO 2017-1",,"Sr AAA @ 149 DM (1.34bn)
Jr AAA @ 175 DM (144mm)
AA @ 190 DM
A @ 225 DM
BBB @ 375 DM
BB @ 725 DM","BNP Paribas","4NC2","Reset","Priced","12/16/2024","12/13/2024","antr2017-1_reset","MM",
"False","False","OCP CLO 2018-15","div&lt;div&gt;divAAA @ 125a DM
br&lt;br&gt;brAA @ 160a DM
br&lt;br&gt;brA @ 180a DM
br&lt;br&gt;brSr BBB @ 265a DM (27mm)
br&lt;br&gt;brJr BBB @ 380a DM (4.5mm)
br&lt;br&gt;brBB @ 500a DM/div&lt;/div&gt;/div","AAA @ 125 DM
AA @ 160 DM
A @ 180 DM
Sr BBB @ 275 DM (27mm)
Jr BBB @ 380 DM (4.5mm)
BB @ 510 DM","CIBC","5NC2","Reset","Priced","12/16/2024","12/20/2024","ocp2018-15_reset","BSL",
"False","False","Silver Point CLO 1","div&lt;div&gt;divSr AAA @ 132-134 DM (256mm)
br&lt;br&gt;brJr AAA @ 150-155 DM (8mm)
br&lt;br&gt;brAA @ 165-170 DM
br&lt;br&gt;brA @ 180-190 DM
br&lt;br&gt;brSr BBB @ 280-290 DM (24mm)
br&lt;br&gt;brJr BBB @ 400a DM (4mm)
br&lt;br&gt;brBB @ 550a DM
br&lt;br&gt;brB call desk/div&lt;/div&gt;/div","Sr AAA @ 132 DM (320mm)
Jr AAA @ 155 DM (10mm)
AA @ 170 DM
A @ 190 DM
Sr BBB @ 290 DM (30mm)
Jr BBB @ 400 DM (5mm)
BB @ 525 DM","Barclays","5NC2","Reset","Priced","12/16/2024","12/23/2024","spclo1_reset","BSL",
"False","False","Bain Capital Credit CLO 2021-3","div&lt;div&gt;divAAA @ 107 DM
br&lt;br&gt;brAA @ 155 DM
br&lt;br&gt;brA @ 180 DM
br&lt;br&gt;brBBB @ 310 DM
br&lt;br&gt;brBB @ 625 DM/div&lt;/div&gt;/div","AAA @ 106 DM
AA @ 155 DM
A @ 190 DM
BB @ 625 DM","Jefferies","1.5NC1","Refinancing","Priced","12/16/2024","12/20/2024","bcc2021-3_refi","BSL",
"False","False","CIFC Funding 2019-III","div&lt;div&gt;divSr AAA @ 126 DM (384mm)
br&lt;br&gt;brJr AAA @ 145 DM (18mm)
br&lt;br&gt;brAA @ 160 DM
br&lt;br&gt;brA @ 175-180 DM
br&lt;br&gt;brSr BBB @ 275a DM (36mm)
br&lt;br&gt;brJr BBB @ 380-385 DM (6mm)
br&lt;br&gt;brBB @ 500-505 DM/div&lt;/div&gt;/div","Sr AAA @ 126 DM (384mm)
Jr AAA @ 149 DM (18mm)
AA @ 160 DM
A @ 180 DM
Sr BBB @ 275 DM (36mm)
Jr BBB @ 390 DM (6mm)
BB @ 500 DM","CIBC","5NC2","Reset","Priced","12/16/2024","12/23/2024","cifc2019-3_reset","BSL",
"False","False","Signal Peak CLO 14","div&lt;div&gt;divAAA @ 130 DM/div&lt;/div&gt;/div","AAA @ 130 DM
AA @ 170 DM
A @ 190 DM
Sr BBB not offered
Jr BBB not offered
BB not offered","JPMorgan","5NC2","New Issue","Priced","12/13/2024","12/20/2024","speak2024-14_newissue","BSL",
"False","False","Elevation 2022-16","div&lt;div&gt;divAAA @ 113 DM
br&lt;br&gt;brAA @ 160-165 DM/div&lt;/div&gt;/div","AAA @ 113 DM
AA @ 165 DM","JPMorgan","1.5NC1","Refinancing","Priced","12/12/2024","12/19/2024","awpt2022-16_refi","BSL",
"False","False","Cedar Funding IV CLO","div&lt;div&gt;divX @ 100a DM
br&lt;br&gt;brAAA @ 134-136 DM
br&lt;br&gt;brAA @ 170-175 DM
br&lt;br&gt;brA @ 195-205 DM
br&lt;br&gt;brBBB @ 320-325 DM
br&lt;br&gt;brBB @ 635-650 DM/div&lt;/div&gt;/div","X @ 100 DM
AAA @ 134 DM
AA @ 175 DM
A @ 205 DM
BBB @ 330 DM
BB @ 667 DM","BMO","5NC2","Reset","Priced","12/12/2024","12/20/2024","cedf4_reset","BSL",
"False","False","Sound Point CLO 2025R-1","div&lt;div&gt;divX @ 120 DM
br&lt;br&gt;brSr AAA @ 134 DM (248mm)
br&lt;br&gt;brJr AAA @ 155 DM (16mm)
br&lt;br&gt;brAA @ 175 DM
br&lt;br&gt;brA @ 200 DM
br&lt;br&gt;brSr BBB @ 315 DM (24mm)
br&lt;br&gt;brJr BBB @ 400 DM (4mm)
br&lt;br&gt;brBB @ 700 DM/div&lt;/div&gt;/div","X @ 130 DM
Sr AAA @ 134 DM (248mm)
Jr AAA @ 165 DM (16mm)
AA @ 179 DM
A @ 210 DM
Sr BBB @ 325 DM (22mm)
Jr BBB @ 475 DM (6mm)
BB @ S+758","Natixis","5NC2","Re-Issue","Priced","12/12/2024","12/20/2024","sndpt2025r-1_reissue","BSL",
"False","False","OCP CLO 2021-23",,"AAA @ 116 DM
AA @ 155 DM
A @ 170 DM
Sr BBB @ 275 DM (24mm)
Jr BBB @ 390 DM (4mm)
BB @ 485 DM","CIBC","3NC1","Reset","Priced","12/11/2024","12/11/2024","ocp2021-23_reset","BSL",
"False","False","OZLM XIV","div&lt;div&gt;divX @ 105a DM
br&lt;br&gt;brAAA @ 134 DM
br&lt;br&gt;brAA @ 180a DM
br&lt;br&gt;brA @ 215a DM
br&lt;br&gt;brSr BBB @ 340a DM (19.5mm)
br&lt;br&gt;brJr BBB @ 420a DM (2.437mm)
br&lt;br&gt;brBB @ 700a DM/div&lt;/div&gt;/div","X @ 105 DM
AAA @ 134 DM
AA @ 184 DM
Sr A @ 220 DM (19.5mm)
Jr A @ 270 DM (7.45mm)
Sr BBB @ 340 DM (8.8mm)
Jr BBB (fixed) @ 8.103% (5.687mm)
BB @ S+815","Wells Fargo","5NC2","Reset","Priced","12/11/2024","12/20/2024","ozlm14_reset","BSL",
"False","False","TCW CLO 2020-1","div&lt;div&gt;divAAA @ 107 DM
br&lt;br&gt;brAA @ 155 DM
br&lt;br&gt;brA @ 175 DM
br&lt;br&gt;brBBB @ 290 DM/div&lt;/div&gt;/div","Sr AAA @ 105 DM (300mm)
Jr AAA @ 145 DM (25mm)
AA @ 160 DM
A @ 200 DM
BBB @ 340 DM","Jefferies","1.3NC1","Refinancing","Priced","12/11/2024","12/24/2024","tcw2020-1_refi","BSL",
"False","False","RAD CLO 9","div&lt;div&gt;divSr AAA @ 134 DM (283.5mm)
br&lt;br&gt;brJr AAA @ 160 DM (13.5mm)
br&lt;br&gt;brAA @ 170-175 DM
br&lt;br&gt;brA @ 190-200 DM
br&lt;br&gt;brSr BBB @ 280-290 DM (22.5mm)
br&lt;br&gt;brJr BBB @ 380 DM
br&lt;br&gt;brBB @ 550-575 DM/div&lt;/div&gt;/div","Sr AAA @ 134 DM (283.5mm)
Jr AAA @ 156 DM (13.5mm)
AA @ 175 DM
A @ 200 DM
Sr BBB @ 290 DM (22.5mm)
Jr BBB (fixed) @ 7.868% (9mm)
BB @ 575 DM","Citigroup","5NC2","Reset","Priced","12/11/2024","12/19/2024","rad9_reset","BSL",
"False","False","Clover CLO 2021-3","div&lt;div&gt;divAAA @ 105-107 DM
br&lt;br&gt;brAA @ 145-150 DM
br&lt;br&gt;brA @ 160-165 DM
br&lt;br&gt;brBBB @ 255-260 DM
br&lt;br&gt;brBB @ 480-490 DM/div&lt;/div&gt;/div","AAA @ 107 DM
AA @ 145 DM
A @ 175 DM
BBB @ 255 DM
BB @ 490 DM","CIBC","2NC0.75","Refinancing","Priced","12/11/2024","12/19/2024","clvr2021-3_refi","BSL",
"False","False","Octagon Investment Partners 47","div&lt;div&gt;divX @ 100a DM
br&lt;br&gt;brSr AAA call desk
br&lt;br&gt;brJr AAA @ 150a DM
br&lt;br&gt;brAA @ 165-170 DM
br&lt;br&gt;brA @ 185-190 DM
br&lt;br&gt;brSr BBB @ 280-290 DM (30mm)
br&lt;br&gt;brJr BBB @ 400-410 DM (5mm)
br&lt;br&gt;brBB @ 575-600 DM/div&lt;/div&gt;/div","X @ 105 DM
Sr AAA @ 128 DM (320mm)
Jr AAA @ 155 DM (10mm)
AA @ 170 DM
A @ 185 DM
Sr BBB @ 290 DM (27.5mm)
Jr BBB @ 390 DM (7.5mm)
BB @ 600 DM","Wells Fargo","5NC2","Reset","Priced","12/11/2024",,"oct47_reset","BSL",
"False","False","Magnetite XXVIII","div&lt;div&gt;divSr AAA @ 125a DM (288mm)
br&lt;br&gt;brJr AAA @ 145a DM (9mm)
br&lt;br&gt;brAA @ 155a DM
br&lt;br&gt;brA @ 170-175 DM
br&lt;br&gt;brSr BBB @ 260-265 DM (27mm)
br&lt;br&gt;brJr BBB @ 370a DM (4.5mm)
br&lt;br&gt;brBB @ 470-480 DM
br&lt;br&gt;brB retained/div&lt;/div&gt;/div","Sr AAA @ 124 DM (288mm)
Jr AAA @ 145 DM (9mm)
AA @ 155 DM
A @ 175 DM
Sr BBB @ 270 DM (27mm)
Jr BBB @ 375 DM (4.5mm)
BB @ 470 DM
B retained","Barclays","5NC2","Reset","Priced","12/10/2024","12/23/2024","magne28_reset","BSL",
"False","False","CIFC Funding 2021-V","div&lt;div&gt;divSr AAA @ 127-128 DM (320mm)
br&lt;br&gt;brJr AAA @ 148a DM (15mm)
br&lt;br&gt;brAA @ 160a DM
br&lt;br&gt;brA @ 175-180 DM
br&lt;br&gt;brSr BBB @ 275-280 DM (30mm)
br&lt;br&gt;brJr BBB @ 390a DM (5mm)
br&lt;br&gt;brBB @ 490-500 DM/div&lt;/div&gt;/div","Sr AAA @ 126 DM (320mm)
Jr AAA @ 149 DM (15mm)
AA @ 160 DM
A @ 180 DM
Sr BBB @ 275 DM (30mm)
Jr BBB @ 390 DM (5mm)
BB @ 510 DM","CIBC","5NC2","Reset","Priced","12/10/2024","12/19/2024","cifc2021-5_reset","BSL",
"False","False","Regatta XXIV Funding","div&lt;div&gt;divX call desk
br&lt;br&gt;brSr AAA call desk
br&lt;br&gt;brAA @ 165a DM
br&lt;br&gt;brA @ 180a DM
br&lt;br&gt;brSr BBB @ 280a DM (30mm)
br&lt;br&gt;brJr BBB @ 400a DM (5mm)
br&lt;br&gt;brBB @ 540a DM /div&lt;/div&gt;/div","X @ 110 DM
AAA @ 132 DM
AA @ 165 DM
A @ 180 DM
Sr BBB @ 280 DM (30mm)
Jr BBB @ 400 DM (5mm)
BB @ 515 DM","Natixis","5NC2","Reset","Priced","12/10/2024","12/20/2024","reg24_reset","BSL",
"False","False","OHA Credit Funding 2","div&lt;div&gt;divX @ 90 DM
br&lt;br&gt;brAAA @ 124 DM
br&lt;br&gt;brAA @ 155 DM
br&lt;br&gt;brAA (fixed) @ floater + 5 bps
br&lt;br&gt;brA @ 175 DM
br&lt;br&gt;brSr BBB @ 265 DM (36mm)
br&lt;br&gt;brJr BBB @ 370 DM (6mm)
br&lt;br&gt;brBB @ 485 DM/div&lt;/div&gt;/div","X @ 95 DM
AAA @ 124 DM
AA @ 155 DM
AA (fixed) @ 5.507% (+160)
A @ 175 DM
Sr BBB @ 270 DM (36mm)
Jr BBB @ 370 DM (6mm)
BB @ 480 DM ","BNP Paribas","5NC2","Reset","Priced","12/10/2024","12/18/2024","oakc2019-2_reset","BSL",
"False","False","Ares LVI CLO",,"Sr AAA @ 125 DM (384mm)
Jr AAA @ 150 DM (12mm)
AA @ 170 DM
A @ 190 DM
Sr BBB @ 285 DM (36mm)
Jr BBB (fixed) @ 7.905% (6mm)
BB @ 535 DM","Nomura","5NC2","Reset","Priced","12/10/2024","12/30/2024","ares56_reset","BSL",
"False","False","Madison Park Funding XXII","AAA call desk
AA @ 165a DM
A @ 185-190 DM
Sr BBB @ 275-285 DM (48mm)
Jr BBB @ 400a DM (8mm)
BB @ 550-575 DM
B na","AAA @ 131 DM
AA @ 165 DM
A @ 195 DM
Sr BBB @ 290 DM (40mm)
Jr BBB @ 390 DM (16mm)
BB @ 590 DM
B @ 850 DM","Wells Fargo","5NC2","Reset","Priced","12/10/2024","12/20/2024","mdpk22_reset","BSL",
"False","False","Barings CLO 2020-I","div&lt;div&gt;divSr AAA @ 125-126 DM (224mm)
br&lt;br&gt;brJr AAA @ 145-150 DM (10.5mm)
br&lt;br&gt;brAA @ 160-165 DM
br&lt;br&gt;brA @ 175-185 DM
br&lt;br&gt;brSr BBB @ 260-270 DM (21mm)
br&lt;br&gt;brJr BBB @ 380-390 DM (3.5mm)
br&lt;br&gt;brBB @ 525-550 DM/div&lt;/div&gt;/div","Sr AAA @ 126 DM (224mm)
Jr AAA @ 150 DM (10.5mm)
AA @ 165 DM
A @ 190 DM
Sr BBB @ 275 DM (21mm)
Jr BBB @ 380 DM (3.5mm)
BB @ 550 DM","Bank of America","5NC2","Reset","Priced","12/10/2024","12/20/2024","babsn_2020-1_reset","BSL",
"False","False","KKR Static CLO I","div&lt;div&gt;divAAA @ 98 DM
br&lt;br&gt;brAA @ 145a DM
br&lt;br&gt;brA @ 160a DM
br&lt;br&gt;brBBB @ 250a DM
br&lt;br&gt;brBB @ LM500s DM/div&lt;/div&gt;/div","AAA @ 98 DM
AA @ 145 DM
A @ 160 DM
BBB @ 250 DM
BB @ 575 DM","Citigroup","0NC0.5","Refinancing","Priced","12/10/2024","12/17/2024","kstat2022-1_refi","BSL",
"False","False","Symphony CLO 33","div&lt;div&gt;divAAA @ 126-128 DM
br&lt;br&gt;brAA @ 155-160 DM
br&lt;br&gt;brA @ 175-185 DM
br&lt;br&gt;brSr BBB @ 260-270 DM (20mm)
br&lt;br&gt;brJr BBB @ 390-400 DM (6mm)
br&lt;br&gt;brBB @ 500-515 DM/div&lt;/div&gt;/div","AAA @ 126 DM
AA @ 160 DM
A @ 185 DM
A (fixed) @ 5.908%
Sr BBB @ 260 DM (20mm)
Jr BBB @ 390 DM (6mm)
BB @ 535 DM (10mm)
BB (fixed) @ 9.413% (3mm)","Scotia","5NC2","Reset","Priced","12/10/2024","12/23/2024","symp33_reset","BSL",
"False","True","Wellfleet CLO 2024-2","div&lt;div&gt;divAAA @ 133 DM
br&lt;br&gt;brAA @ 170 DM
br&lt;br&gt;brA @ 190 DM
br&lt;br&gt;brsr BBB- @ 285 DM
br&lt;br&gt;brjr BBB @ 400 DM/div&lt;/div&gt;/div","AAA @ 133 DM
AA @ 170 DM
AA (fixed) @ 5.83% (+175)
A @ 195 DM
Sr BBB @ 300 DM (20mm)
Jr BBB (fixed) @ 7.88% (+395)
BB @ 660 DM","Mizuho","5NC2","New Issue","Priced","12/9/2024","12/19/2024","welf2024-2_newissue","BSL",
"False","False","Canyon CLO 2020-1","div&lt;div&gt;divAAA @ 108-110 DM
br&lt;br&gt;brAA @ 155-160 DM
br&lt;br&gt;brA @ 185a DM
br&lt;br&gt;brBBB @ H200s DM
br&lt;br&gt;brBB @ 625-640 DM/div&lt;/div&gt;/div","AAA @ 108 DM
AA @ 165 DM
A @ 195 DM
BBB @ 310 DM
BB @ 625 DM","Scotia","1.5NC0.5","Refinancing","Priced","12/9/2024","12/19/2024","canyc2020-1_refi","BSL",
"False","False","Apidos CLO LI","div&lt;div&gt;divSr AAA call desk
br&lt;br&gt;brJr AAA @ 145a DM
br&lt;br&gt;brAA @ 160a DM
br&lt;br&gt;brA @ 170a DM
br&lt;br&gt;brSr BBB @ 260-265 DM (30mm)
br&lt;br&gt;brJr BBB @ 370-375 DM (5mm)
br&lt;br&gt;brBB @ 480-490 DM
br&lt;br&gt;brB call desk/div&lt;/div&gt;/div","Sr AAA @ 126 DM (307.5mm)
Jr AAA @ 147 DM (22.5mm)
AA @ 155 DM
A @ 175 DM
Sr BBB @ 260 DM (30mm)
Jr BBB @ 370 DM (5mm)
BB @ 485 DM
B @ 700 DM","Societe Generale","5NC2","New Issue","Priced","12/9/2024","12/18/2024","apid51_newissue","BSL",
"False","False","AGL CLO 37","div&lt;div&gt;divSr AAA call desk
br&lt;br&gt;brJr AAA @ 145a DM
br&lt;br&gt;brAA @ 155a DM
br&lt;br&gt;brA @ 170a DM
br&lt;br&gt;brSr BBB preplaced
br&lt;br&gt;brJr BBB @ 370a DM
br&lt;br&gt;brBB @ 470-480 DM
br&lt;br&gt;brB call desk/div&lt;/div&gt;/div","Sr AAA @ 124 DM (320mm)
Jr AAA @ 145 DM (10mm)
AA @ 155 DM
A @ 170 DM
Sr BBB @ 265 DM (30mm)
Jr BBB @ 375 DM (5mm)
BB @ 480 DM","Societe Generale","5NC2","New Issue","Priced","12/9/2024","12/18/2024","agl37_newissue","BSL",
"False","False","Fortress Credit Opportunities XXI CLO","div&lt;div&gt;divSr AAA @ 157 DM (216mm)
br&lt;br&gt;brJr AAA @ 170a DM (12mm)
br&lt;br&gt;brAA @ 190 DM
br&lt;br&gt;brA @ 230-235 DM
br&lt;br&gt;brBBB @ 385-395 DM
br&lt;br&gt;brBB @ 725-750 DM/div&lt;/div&gt;/div","Sr AAA @ 157 DM (216mm)
Jr AAA @ 170 DM (12mm)
AA @ 190 DM
A @ 235 DM
BBB @ 385 DM
BB @ 725 DM","Natixis","4NC2","Reset","Priced","12/9/2024","12/18/2024","fco2023-21_reset","MM",
"False","False","Golub Capital Partners CLO 77(B)","div&lt;div&gt;divAAA @ 125 DM
br&lt;br&gt;brAA @ 155-160 DM
br&lt;br&gt;brA @ 170-180 DM
br&lt;br&gt;brSr BBB @ 260-275 DM (24mm)
br&lt;br&gt;brJr BBB @ 370-380 DM (4mm)
br&lt;br&gt;brBB @ 475-500 DM/div&lt;/div&gt;/div","Sr AAA @ 125 DM (256mm)
Jr AAA @ 145 DM (4mm)
AA @ 160 DM
A @ 180 DM
Sr BBB @ 270 DM (24mm)
Jr BBB @ 380 DM (4mm)
BB @ 485 DM","JPMorgan","5NC2","New Issue","Priced","12/9/2024","12/20/2024","gcbsl77_newissue","BSL",
"False","False","OCP Aegis CLO 2023-29","div&lt;div&gt;divAAA preplaced
br&lt;br&gt;brAA @ 150a DM
br&lt;br&gt;brA @ 160-170 DM
br&lt;br&gt;brSr BBB @ 265-275 DM (18mm)
br&lt;br&gt;brJr BBB @ 375-380 DM (4.5mm)
br&lt;br&gt;brBB @ 500a DM/div&lt;/div&gt;/div","AAA @ 109 DM
AA @ 155 DM
A @ 180 DM
Sr BBB @ 255 DM (18mm)
Jr BBB @ 385 DM (4.5mm)
BB @ 500 DM","Bank of America","2NC1","Reset","Priced","12/9/2024","12/19/2024","ocpa2023-29_reset","BSL",
"False","False","LCM 37","div&lt;div&gt;divSr AAA @ 106a DM (246mm)
br&lt;br&gt;brJr AAA @ 130a DM (10mm)
br&lt;br&gt;brAA @ 160a DM
br&lt;br&gt;brA @ 190a DM
br&lt;br&gt;brBBB @ 350a DM
br&lt;br&gt;brBB @ 730a DM/div&lt;/div&gt;/div","Sr AAA @ 106 DM (246mm)
Jr AAA @ 130 DM (10mm)
AA @ 160 DM
A @ 190 DM
BBB @ 350 DM","BMO","0.25NC0.5","Refinancing","Priced","12/6/2024",,"lcm37_refi","BSL",
"False","False","RR 36 (fka RRX 6)",,"AAA @ 129 DM
AA @ 168 DM
A @ 190 DM
Sr BBB @ 275 DM (27mm)
Jr BBB (fixed) @ 7.75% (3.15mm)
BB @ 525 DM","Santander","5NC2","Reset","Priced","12/5/2024","12/13/2024","rr36_reset","BSL",
"False","False","Trimaran CAVU 2019-1","div&lt;div&gt;divX @ 100a DM
br&lt;br&gt;brAAA @ 119 DM
br&lt;br&gt;brAA @ 160-165 DM
br&lt;br&gt;brA @ 185-195 DM
br&lt;br&gt;brBBB @ 280-290 DM
br&lt;br&gt;brBB @ 575-600 DM/div&lt;/div&gt;/div","X @ 103 DM
Sr AAA @ 119 DM (310mm)
Jr AAA @ 150 DM (15.43mm)
AA @ 165 DM
A @ 195 DM
Sr BBB @ 295 DM (22mm)
Sr BBB (fixed) @ 7.046% (3mm)
Jr BBB @ @ 405 DM (7.5mm)
BB @ S+600 ","JPMorgan","3NC1","Reset","Priced","12/4/2024","12/19/2024","cavu2019-1_reset","BSL",
"False","False","Ballyrock CLO 15","div&lt;div&gt;divSr AAA @ 133 DM (252mm)
br&lt;br&gt;brJr AAA @ 150-155 DM (12mm)
br&lt;br&gt;brAA @ 160-165 DM
br&lt;br&gt;brA @ 175-185 DM
br&lt;br&gt;brSr BBB @ 275-285 DM (24mm)
br&lt;br&gt;brJr BBB @ 390-400 DM (4mm)
br&lt;br&gt;brBB @ 515-535 DM/div&lt;/div&gt;/div","Sr AAA @ 133 DM (252mm)
Jr AAA @ 155 DM (12mm)
AA @ 160 DM
A @ 185 DM
Sr BBB @ 285 DM (24mm)
Jr BBB @ 395 DM (4mm)
BB @ 525 DM","Barclays","5NC2","Reset","Priced","12/3/2024","12/19/2024","bally15_reset","BSL",
"False","False","Generate CLO 20","div&lt;div&gt;divAAA @ 130 DM
br&lt;br&gt;brAA @ 165-170 DM
br&lt;br&gt;brA @ 185-190 DM
br&lt;br&gt;brSr BBB @ 280-290 DM (24mm)
br&lt;br&gt;brJr BBB @ 390-400 DM (4mm)
br&lt;br&gt;brBB @ 515-540 DM/div&lt;/div&gt;/div","AAA @ 130 DM
AA @ 170 DM
A @ 195 DM
Sr BBB @ 285 DM (24mm)
Jr BBB @ 390 DM (4mm)
BB @ 535 DM","Barclays","5NC2","New Issue","Priced","12/3/2024","12/19/2024","gnrt20_newissue","BSL",
"False","False","Carlyle US CLO 2021-6","div&lt;div&gt;divX @ 90-95 DM
br&lt;br&gt;brSr AAA @ 129-130 DM (320mm)
br&lt;br&gt;brJr AAA @ 150-155 DM (7.5mm)
br&lt;br&gt;brAA @ 165-170 DM
br&lt;br&gt;brA @ 190-195 DM
br&lt;br&gt;brSr BBB @ 280-285 DM (30mm)
br&lt;br&gt;brJr BBB @ 390-400 DM (3mm)
br&lt;br&gt;brBB @ 600-625 DM/div&lt;/div&gt;/div","X @ 95 DM
Sr AAA @ 129 DM (320mm)
Jr AAA @ 155 DM (7.5mm)
AA @ 170 DM
A @ 195 DM
Sr BBB @ 280 DM (30mm)
Jr BBB (fixed) @ 7.867% (3mm)
BB @ 600 DM","Nomura","5NC2","Reset","Priced","12/2/2024","12/18/2024","cgms2021-6_reset","BSL",
"False","False","Venture 44 CLO","div&lt;div&gt;divX @ 95 DM
br&lt;br&gt;brSr AAA @ 112 DM
br&lt;br&gt;brJr AAA @ 145 DM
br&lt;br&gt;brAA @ 165 DM
br&lt;br&gt;brA @ 195 DM
br&lt;br&gt;brBBB @ 320 DM
br&lt;br&gt;brBB @ 475 DM/div&lt;/div&gt;/div","X @ 95 DM
Sr AAA @ 114 DM
Jr AAA @ 150 DM
AA @ 165 DM
A @ 205 DM","Jefferies","2NC1","Refinancing","Priced","12/2/2024","12/17/2024","ventr44_refi","BSL",
"False","False","Elevation 2016-5","div&lt;div&gt;divX @ 110 DM
br&lt;br&gt;brSr AAA @ 137 DM
br&lt;br&gt;brJr AAA @ 160 DM
br&lt;br&gt;brAA @ 180 DM
br&lt;br&gt;brA @ 210 DM
br&lt;br&gt;brSr BBB @ 325 DM
br&lt;br&gt;brJr BBB @ 425 DM
br&lt;br&gt;brBB @ 725-750 DM/div&lt;/div&gt;/div","X @ 105 DM
Sr AAA @ 137 DM (240mm)
Jr AAA @ 158 DM (16mm)
AA @ 180 DM
A @ 220 DM
A (fixed) @ 6.262%
Sr BBB @ 360 DM (20mm)
Jr BBB (fixed) @ 8.314% (8mm)
BB @ S+758 ($99.00)
B retained","Goldman Sachs","5NC2","Reset","Priced","12/2/2024","12/19/2024","awpt2016-5_reset","BSL",
"False","False","Ocean Trails XIV","div&lt;div&gt;divAAA @ 134-136 DM
br&lt;br&gt;br/div&lt;/div&gt;/div","AAA @ 134 DM
AA @ 175 DM
A @ 200 DM
Sr BBB @ 310 DM (20mm)
Jr BBB (fixed) @ 8.02% (+395; 5.6mm)
BB @ S+773","Bank of America","5NC2","Reset","Priced","12/2/2024","12/19/2024","octr14_reset","BSL",
"False","False","Palmer Square CLO 2023-1","div&lt;div&gt;divSr AAA @ 128 DM (256mm)
br&lt;br&gt;brJr AAA @ 140-145 DM (6mm)
br&lt;br&gt;brAA @ 160 DM
br&lt;br&gt;brA @ 170-175 DM
br&lt;br&gt;brSr BBB @ 260-265 DM (24mm)
br&lt;br&gt;brJr BBB @ 370-375 DM (6mm)
br&lt;br&gt;brBB @ 480-490 DM/div&lt;/div&gt;/div","AAA @ 125 DM
AA @ 160 DM
A @ 175 DM
Sr BBB @ 265 DM (24mm)
Jr BBB @ 375 DM (6mm)
BB @ 490 DM","Bank of America","5NC2","Reset","Priced","11/27/2024","12/13/2024","plmrs2023-1_reset","BSL",
"False","False","Dryden 43 Senior Loan Fund",,"AAA @ 107 DM
AA @ 150 DM
A @ 175 DM","Citigroup","1.25NC1","Refinancing","Priced","11/27/2024","12/13/2024","drslf43_refi","BSL",
"False","False","Elmwood CLO 37","div&lt;div&gt;divSr AAA call desk
br&lt;br&gt;brJr AAA @ 145 DM
br&lt;br&gt;brAA @ 155-160 DM
br&lt;br&gt;brA @ 165-170 DM
br&lt;br&gt;brSr BBB @ 255-260 DM (30mm)
br&lt;br&gt;brJr BBB @ 360-370 DM (5mm)
br&lt;br&gt;brSr BB @ 470-480 DM (15mm)
br&lt;br&gt;brJr BBB @ 600-625 DM (1mm)
br&lt;br&gt;brB call desk/div&lt;/div&gt;/div","Sr AAA @ 128 DM (320mm)
Jr AAA @ 145 DM (10mm)
AA @ 150 DM
A @ 170 DM
Sr BBB @ 260 DM (30mm)
Jr BBB @ 375 DM (5mm)
Sr BB @ 475 DM (15mm)
Jr BB @ 600 DM (1mm)
B retained
","CIBC","5NC2","New Issue","Priced","11/26/2024","12/16/2024","elm37_newissue","BSL",
"False","False","Apex Credit CLO 2019-2","div&lt;div&gt;divX @ 125 DM
br&lt;br&gt;brAAA @ 139-140 DM
br&lt;br&gt;brAA @ 185 DM
br&lt;br&gt;brA @ 210 DM
br&lt;br&gt;brSr BBB @ 340 DM (19.72mm)
br&lt;br&gt;brJr BBB @ 425 DM (5.88mm)
br&lt;br&gt;brBB @ 775 DM/div&lt;/div&gt;/div","X @ 130 DM
AAA @ 140 DM
AA @ 185 DM
A @ 210 DM
Sr BBB @ 350 DM (9.74mm)
Sr BBB (fixed) @ 7.376% (9.98mm)
Jr BBB @ 430 DM (5.88mm)
BB @ S+767","Jefferies","5NC2","Reset","Priced","11/26/2024","12/13/2024","apexc2019-2_reset","BSL",
"False","False","Voya CLO 2020-2","div&lt;div&gt;divX @ 100a DM
br&lt;br&gt;brSr AAA @ 131 DM (448mm)
br&lt;br&gt;brJr AAA @ 150-155 DM (21mm)
br&lt;br&gt;brAA @ 165-170 DM
br&lt;br&gt;brA @ 185-190 DM
br&lt;br&gt;brSr BBB @ 280-290 DM (42mm)
br&lt;br&gt;brJr BBB @ 390-400 DM (7mm)
br&lt;br&gt;brBB @ 525-535 DM/div&lt;/div&gt;/div","X @ 100 DM
Sr AAA @ 131 DM (448mm)
Jr AAA @ 155 DM (21mm)
AA @ 165 DM
A @ 190 DM
Sr BBB @ 280 DM (42mm)
Jr BBB @ 400 DM (7mm)
BB @ 535 DM","Scotia","5NC2","Reset","Priced","11/26/2024","12/12/2024","voya2020-2_reset","BSL",
"False","False","Neuberger Berman Loan Advisers CLO 59","div&lt;div&gt;divSr AAA @ 129 DM (320mm)
br&lt;br&gt;brJr AAA @ 145 DM (8.75mm)
br&lt;br&gt;brAA @ 160 DM
br&lt;br&gt;brA @ 170-180 DM
br&lt;br&gt;brSr BBB @ 260-270 DM (30mm)
br&lt;br&gt;brJr BBB @ 385-395 DM (5mm)
br&lt;br&gt;brBB @ 490-500 DM/div&lt;/div&gt;/div","Sr AAA @ 129 DM (320mm)
Jr AAA @ 149 DM (8.75mm)
AA @ 160 DM
A @ 170 DM
Sr BBB @ 260 DM (30mm)
Jr BBB @ 380 DM (5mm)
BB @ 480 DM","Citigroup","5NC2","New Issue","Priced","11/26/2024","12/13/2024","neub59_newissue","BSL",
"False","False","MidOcean Credit CLO XI",,"Sr AAA @ 121 DM (256mm)
Jr AAA @ 150 DM (8mm)
AA @ 170 DM
Sr A @ 195 DM (24mm)
Jr A @ 290 DM (24mm)
BBB @ 410 DM
BB @ 600 DM","Mizuho","5NC2","Reset","Priced","11/25/2024","11/25/2024","mido11_reset","BSL",
"False","False","Windhill CLO 3",,"AAA @ 158 DM
AA @ 185 DM
A @ 230 DM
BBB @ 385 DM
BB @ 750 DM","Natixis","5NC2","New Issue","Priced","11/25/2024","11/25/2024","windhl3_newissue","MM",
"False","False","KKR CLO 27","div&lt;div&gt;divX @ 100 DM
br&lt;br&gt;brSr AAA @ 111 DM (288mm)
br&lt;br&gt;brJr AAA @ 130-135 DM (13.5mm)
br&lt;br&gt;brAA @ 150-160 DM
br&lt;br&gt;brA @ 170-180 DM
br&lt;br&gt;brSr BBB @ 275-285 DM (27mm)
br&lt;br&gt;brJr BBB @ 375a DM (4.5mm)
br&lt;br&gt;brBB @ 600-625 DM/div&lt;/div&gt;/div","X @ 100 DM
Sr AAA @ 111 DM (288mm)
Jr AAA @ 143 DM (13.5mm)
AA @ 160 DM
A @ 190 DM
Sr BBB @ 290 DM (27mm)
Jr BBB @ 410 DM (4.5mm)
BB @ 625 DM","Citigroup","2NC1","Reset","Priced","11/25/2024","12/10/2024","kkr27_reset","BSL",
"False","False","OHA Credit Funding 8","div&lt;div&gt;divX @ 95 DM
br&lt;br&gt;brSr AAA @ 128a DM (369mm)
br&lt;br&gt;brJr AAA @ 148 DM (39mm)
br&lt;br&gt;brAA @ 160 DM
br&lt;br&gt;brA @ 170-175 DM
br&lt;br&gt;brSr BBB @ 260 DM (36mm)
br&lt;br&gt;brJr BBB @ 370 DM (4mm)
br&lt;br&gt;brBB @ 480 DM/div&lt;/div&gt;/div","X @ 95 DM
Sr AAA @ 128 DM (369mm)
Jr AAA @ 148 DM (39mm)
AA @ 155 DM (30mm)
AA (fixed) @ 5.497% (18mm)
A @ 175 DM
Sr BBB @ 265 DM (36mm)
Jr BBB @ 370 DM (4mm)
BB @ 485 DM","CIBC","5NC2","Reset","Priced","11/25/2024","12/13/2024","oakc8_reset","BSL",
"False","False","Magnetite XIX","div&lt;div&gt;divAAA @ 105a DM
br&lt;br&gt;brAA @ 150a DM
br&lt;br&gt;brA @ 165a DM
br&lt;br&gt;brBBB @ 265a DM
br&lt;br&gt;brBB @ 500a DM
br&lt;br&gt;brB @ 790a DM/div&lt;/div&gt;/div","AAA @ 105 DM
AA @ 145 DM
A @ 175 DM
BBB @ 275 DM
BB @ 510 DM
B @ 800 DM","Wells Fargo","1.25NC0.5","Refinancing","Priced","11/25/2024","12/19/2024","magne19_refi","BSL",
"False","False","Riverbank Park CLO","div&lt;div&gt;divSr AAA preplaced
br&lt;br&gt;brJr AAA @ 140-145 DM
br&lt;br&gt;brAA @ 160 DM
br&lt;br&gt;brA @ 175 DM
br&lt;br&gt;brBBB @ 260-265 DM
br&lt;br&gt;brBB @ 480 DM/div&lt;/div&gt;/div","Sr AAA @ 126 DM (307.5mm)
Jr AAA @ 150 DM (22.5mm)
AA @ 160 DM
AA (fixed) @ 5.50%
A @ 180 DM
BBB @ 260 DM
BB @ 480 DM","Goldman Sachs","5NC2","New Issue","Priced","11/25/2024","12/18/2024","rvbpk_newissue","BSL",
"False","False","Diameter Capital CLO 3","div&lt;div&gt;divAAA @ 132-134 DM
br&lt;br&gt;brAA @ 165-170 DM
br&lt;br&gt;brA not offered
br&lt;br&gt;brBBB not offered
br&lt;br&gt;brBB @ LM500s DM/div&lt;/div&gt;/div","AAA @ 133 DM
AA @ 170 DM
A @ 195 DM
BBB @ 275 DM
BB @ 525 DM","RBC","5NC2","Reset","Priced","11/25/2024",,"dclo3_reset","BSL",
"False","False","Benefit Street Partners CLO XVI","div&lt;div&gt;divSr AAA call desk
br&lt;br&gt;brJr AAA @ 155a DM
br&lt;br&gt;brAA @ 165-170 DM
br&lt;br&gt;brA @ 180-185 DM
br&lt;br&gt;brSr BBB @ 285a DM (30mm)
br&lt;br&gt;brJr BBB @ 400a DM (5mm)
br&lt;br&gt;brBB @ 525a DM/div&lt;/div&gt;/div","Sr AAA @ 132 DM (320mm)
Jr AAA @ 155 DM (10mm)
AA @ 170 DM
A @ 180 DM
Sr BBB @ 270 DM (30mm)
Jr BBB @ 400 DM (5mm)
BB @ 490 DM","Natixis","5NC2","Reset","Priced","11/25/2024","12/13/2024","bsp16_reset","BSL",
"False","False","KKR CLO 60",,"Sr AAA @ 136 DM (252mm)
Jr AAA @ 160 DM (8mm)
AA @ 175 DM
A @ 195 DM
Sr BBB @ 300 DM (24mm)
Jr BBB @ 405 DM (4mm)
BB @ 610 DM
B @ 850 DM","Natixis","5NC2","New Issue","Priced","11/22/2024","11/19/2024","kkr60_newissue","BSL",
"False","False","Onex OSD CLO 2021-23","div&lt;div&gt;divAAA @ 116 DM
br&lt;br&gt;brAA @ 155 DM
br&lt;br&gt;brA @ 170 DM
br&lt;br&gt;brSr BBB @ 270a DM (24mm)
br&lt;br&gt;brJr BBB @ 380a DM (4mm)
br&lt;br&gt;brBB @ 500a DM/div&lt;/div&gt;/div",,"CIBC","3NC1","Reset","Announced","11/22/2024",,"osd2021-23_reset","BSL",
"False","False","Bain Capital Credit CLO 2021-6","div&lt;div&gt;divSr AAA @ 108 DM/div&lt;/div&gt;/div","Sr AAA @ 109 DM (283.5mm)
Jr AAA @ 135 DM (16mm)
AA @ 155 DM
A @ 180 DM
BBB @ 295 DM","Societe Generale","1NC1","Refinancing","Priced","11/22/2024","12/3/2024","bcc2021-6_refi","BSL",
"False","False","Apidos CLO XXV","div&lt;div&gt;divX @ 90-95 DM
br&lt;br&gt;brSr AAA @ 114-115 DM (292.5mm)
br&lt;br&gt;brJr AAA @ 135-140 DM (9mm)
br&lt;br&gt;brAA @ 155-160 DM
br&lt;br&gt;brA @ 170-175 DM
br&lt;br&gt;brSr BBB @ 270-275 DM (27mm)
br&lt;br&gt;brJr BBB @ 370-380 DM (4.5mm)
br&lt;br&gt;brSr BB @ 490-500 DM (14.5mm)
br&lt;br&gt;brJr BB @ 550 DM (2.5mm)
br&lt;br&gt;brB call desk/div&lt;/div&gt;/div","X @ 95 DM
Sr AAA @ 114 DM (292.5mm)
Jr AAA @ 145 DM (9mm)
AA @ 160 DM
A @ 185 DM
Sr BBB @ 275 DM (27mm)
BBB @ 395 DM (4.5mm)
Jr BBB @ 535 DM (13.5mm)
BB @ 632 DM
B @ S+750 bps","Nomura","3NC1","Reset","Priced","11/22/2024","12/17/2024","apid25_reset","BSL",
"False","False","AGL Core CLO 36","div&lt;div&gt;divX @ 85-90 DM
br&lt;br&gt;brAAA @ 128-129 DM
br&lt;br&gt;brAA @ 155-160 DM
br&lt;br&gt;brA @ 165 DM/div&lt;/div&gt;/div","X @ 95 DM
AAA @ 128 DM
AA @ 160 DM
A @ 165 DM","BNP Paribas","5NC2","New Issue","Priced","11/22/2024","12/11/2024","agl36_newissue","BSL",
"False","False","Pikes Peak CLO 8","div&lt;div&gt;divSr AAA @ 134a DM/div&lt;/div&gt;/div","X @ 112 DM
Sr AAA @ 133 DM (288mm)
Jr AAA @ 158 DM (9mm)
AA @ 175 DM
A @ 195 DM
Sr BBB @ 290 DM (24.75mm)
Jr BBB @ 395 DM (6.75mm)
BB @ S+575","Goldman Sachs","5NC2","Reset","Priced","11/22/2024","12/19/2024","pipk8_reset","BSL",
"False","False","Fortress Credit BSL VIII","&amp;amp;lt;&amp;amp;gt;Sr AAA @ 105 DM (216mm)
&amp;amp;lt;&amp;amp;gt;Jr AAA @ 140a DM (32mm)
&amp;amp;lt;&amp;amp;gt;AA @ 160a DM
&amp;amp;lt;&amp;amp;gt;A @ 200a DM
&amp;amp;lt;&amp;amp;gt;BBB @ 300a DM
&amp;amp;lt;&amp;amp;gt;BB @ 525a DM&amp;amp;lt;&amp;amp;gt;","Sr AAA @ 105 DM (216mm)
Jr AAA @ 140 DM (32mm)
AA @ 160 DM
A @ 200 DM
BBB @ 285 DM","Natixis","0NC0.5","Refinancing","Priced","11/21/2024","12/3/2024","fcbsl8_refi","BSL",
"False","False","Ares LXXV CLO","div&lt;div&gt;divSr AAA subject
br&lt;br&gt;brJr AAA @ 150-155 DM
br&lt;br&gt;brAA @ 160-165 DM
br&lt;br&gt;brA @ 175-180 DM
br&lt;br&gt;brSr BBB @ 270-275 DM (36mm)
br&lt;br&gt;brJr BBB @ 385 DM (6mm)
br&lt;br&gt;brBB @ 545-540 DM/div&lt;/div&gt;/div","Sr AAA @ 130 DM (369mm)
Jr AAA @ 150 DM (27mm)
AA @ 175 DM
A @ 185 DM
Sr BBB @ 280 DM (36mm)
Jr BBB @ 405 DM (6mm)
BB @ 560 DM","Nomura","5NC2","New Issue","Priced","11/21/2024","11/27/2024","ares75_newissue","BSL",
"False","False","ICG US CLO 2021-3","div&lt;div&gt;divAAA call desk
br&lt;br&gt;brAA @ 165a DM
br&lt;br&gt;brA @ 195a DM
br&lt;br&gt;brBBB @ 310a DM
br&lt;br&gt;brBB @ 675a DM/div&lt;/div&gt;/div","AAA @ 115 DM
AA @ 175 DM
A @ 210 DM","Societe Generale","1NC1","Refinancing","Priced","11/21/2024","12/5/2024","icg2021-3_refi","BSL",
"False","False","ISQ Global Infrastructure Credit Fund II Rated Feeder",,,"Jefferies",,"New Issue","Upcoming","11/21/2024",,"isq2-ratedfeeder_newissue","Infra Rated Feeder",
"False","False","StepStone CLO 2024-1","div&lt;div&gt;divAAA @ 165a DM
br&lt;br&gt;brAA retained/div&lt;/div&gt;/div","AAA @ 170 DM
AA retained","Wells Fargo","4NC2","New Issue","Priced","11/20/2024","12/18/2024","steps2024-1_newissue","MM",
"False","False","Barings CLO 2019-III","div&lt;div&gt;divSr AAA @ 115-117 DM (256mm)
br&lt;br&gt;brJr AAA @ 135 DM (12mm)
br&lt;br&gt;brAA @ 160-165 DM
br&lt;br&gt;brA @ 175-180 DM
br&lt;br&gt;brSr BBB @ 270-280 DM (24mm)
br&lt;br&gt;brJr BBB @ 400a DM (4mm)
br&lt;br&gt;brBB @ 575a DM/div&lt;/div&gt;/div","Sr AAA @ 114 DM (256mm)
Jr AAA @ 140 DM (12mm)
AA @ 165 DM
A @ 185 DM
Sr BBB @ 285 DM (21mm)
Jr BBB @ 410 DM (7mm)
BB @ 585 DM","CIBC","3NC1","Reset","Priced","11/20/2024","12/10/2024","babsn2019-3_reset","BSL",
"False","False","Brightwood Capital Fund V-U Offshore RN",,,"GreensLedge",,"New Issue","Announced","11/20/2024",,"bwc-vu-rn_newissue","MM Rated Feeder",
"False","False","Sculptor CLO XXVI","div&lt;div&gt;divX @ 100a DM
br&lt;br&gt;brAAA @ 137 DM
br&lt;br&gt;brAA @ 175a DM
br&lt;br&gt;brA @ 205a DM
br&lt;br&gt;brSr BBB @ 315a DM (20mm)
br&lt;br&gt;brJr BBB @ 425a DM (8mm)
br&lt;br&gt;brBB @ 675a DM/div&lt;/div&gt;/div","X @ 105 DM
AAA @ 137 DM
AA @ 185 DM
A @ 220 DM
Sr BBB @ 340 DM (8mm)
Sr BBB (fixed) @ 6.957%
Jr BBB @ 425 DM (8mm)
BB @ 775 DM","Citigroup","5NC2","Reset","Priced","11/20/2024","12/5/2024","scul26_reset","BSL",
"False","False","RR 35","div&lt;div&gt;divSr AAA @ 131 DM ($320mm; preplaced)
br&lt;br&gt;brJr AAA @ 150-155 DM (15mm)
br&lt;br&gt;brAA @ 160-165 DM
br&lt;br&gt;brA @ 180-185 DM
br&lt;br&gt;brSr BBB not offered
br&lt;br&gt;brJr BBB @ 400 DM
br&lt;br&gt;brBB @ 525-535 DM
br&lt;br&gt;brB not offered/div&lt;/div&gt;/div","Sr AAA @ 131 DM (320mm)
Jr AAA @ 155 DM (15mm)
AA @ 170 DM
A @ 185 DM
Sr BBB @ 270 DM (30mm)
Jr BBB @ 400 DM (5mm)
BB @ 535 DM
B @ S+681 bps","Scotia","5NC2","New Issue","Priced","11/19/2024","12/4/2024","rr35_newissue","BSL",
"False","False","Signal Peak CLO 9","div&lt;div&gt;divX @ 105 DM
br&lt;br&gt;brSr AAA @ 136 DM (310mm)
br&lt;br&gt;brJr AAA @ 155 DM (10mm)
br&lt;br&gt;brAA @ 175 DM
br&lt;br&gt;brA @ 190-195 DM
br&lt;br&gt;brSr BBB @ 295 DM
br&lt;br&gt;brJr BBB call desk
br&lt;br&gt;brBB call desk/div&lt;/div&gt;/div","X @ 105 DM
Sr AAA @ 136 DM (310mm)
Jr AAA @ 155 DM (10mm)
AA @ 175 DM
A @ 200 DM
Sr BBB @ 295 DM (25mm)
Jr BBB @ 400 DM (10mm)
BB @ 600 DM","Deutsche Bank","5NC2","Reset","Priced","11/19/2024","12/2/2024","speak9_reset","BSL",
"False","False","Jefferies Credit Partners Direct Lending CLO 2024-II","div&lt;div&gt;divSr AAA @ 160-162 DM (197.75mm)
br&lt;br&gt;brJr AAA @ 180 DM (8.75mm; preplaced)
br&lt;br&gt;brAA @ 200a DM
br&lt;br&gt;brA @ 250a DM
br&lt;br&gt;brBBB @ 415a DM
br&lt;br&gt;brBB @ 800a DM/div&lt;/div&gt;/div","X @ 130 DM
Sr AAA @ 164 DM
Jr AAA @ 180 DM
AA @ 205 DM
A @ 255 DM
BBB @ 445 DM
BBB (fixed) @ 8.47642% (+445)
BB @ 800 DM","Wells Fargo","4NC2","New Issue","Priced","11/19/2024","12/20/2024","jcpdl2024-2_newissue","MM",
"False","False","Sound Point CLO XXII","div&lt;div&gt;divAAA @ 103 DM
br&lt;br&gt;brAA @ 155 DM
br&lt;br&gt;brA @ 180-185 DM
br&lt;br&gt;brBBB @ 320-330 DM/div&lt;/div&gt;/div","AAA @ 103 DM
AA @ 165 DM
A @ 205 DM","Morgan Stanley","0NC0.5","Refinancing","Priced","11/19/2024","11/27/2024","sndpt22_refi","BSL",
"False","False","Galaxy 30 CLO","div&lt;div&gt;divX @ 100a DM
br&lt;br&gt;brAAA @ 134 DM
br&lt;br&gt;brAA @ 170a DM
br&lt;br&gt;brA @ 180-185 DM
br&lt;br&gt;brSr BBB @ 285 DM (20mm)
br&lt;br&gt;brJr BBB @ 400a DM (8mm)
br&lt;br&gt;brBB @ 540-550 DM/div&lt;/div&gt;/div","X @ 110 DM
AAA @ 134 DM 
AA @ 170 DM
A @ 195 DM
Sr BBB @ 285 DM (20mm)
Jr BBB @ 400 DM (8mm)
BB @ 590 DM","Barclays","5NC2","Reset","Priced","11/19/2024","12/9/2024","galxy30_reset","BSL",
"False","False","BlueMountain CLO XXV","div&lt;div&gt;divX @ 95 DM
br&lt;br&gt;brSr AAA @ 135 DM (320mm)
br&lt;br&gt;brJr AAA @ 160 DM (10mm)
br&lt;br&gt;brAA @ 175 DM
br&lt;br&gt;brA @ 200 DM
br&lt;br&gt;brBBB @ 310 DM
br&lt;br&gt;brBB @ M600s DM/div&lt;/div&gt;/div","X @ 95 DM
Sr AAA @ 135 DM (320mm)
Jr AAA @ 160 DM (10mm)
AA @ 185 DM
A @ 220 DM
Sr BBB @ 325 DM (22.5mm)
Jr BBB @ 545 DM (7.5mm)
BB @ 742 DM","Citigroup","5NC2","Reset","Priced","11/19/2024","12/10/2024","bluem25_reset","BSL",
"False","False","CIFC Funding 2020-IV","div&lt;div&gt;divSr AAA @ 130a DM (256mm)
br&lt;br&gt;brJr AAA @ 150-155 DM (8mm)
br&lt;br&gt;brAA @ 165a DM
br&lt;br&gt;brA @ 180a DM
br&lt;br&gt;brSr BBB @ 280a DM (24mm)
br&lt;br&gt;brJr BBB @ 390a DM (4mm)
br&lt;br&gt;brBB @ 500a DM/div&lt;/div&gt;/div","Sr AAA @ 130 DM (288mm)
Jr AAA @ 155 DM (9mm)
AA @ 165 DM
A @ 18 DM
BBB @ 280 DM
BB @ S+490","Barclays","5NC2","Reset","Priced","11/19/2024","12/3/2024","cifc2020-4_reset","BSL",
"False","True","LCM 40","div&lt;div&gt;divSr AAA @ 135a DM (256mm)
br&lt;br&gt;brJr AAA @ 160 DM (8mm)
br&lt;br&gt;brAA @ 180 DM
br&lt;br&gt;brA @ 210 DM
br&lt;br&gt;brSr BBB @ 350 DM (24mm)
br&lt;br&gt;brJr BBB @ 400-425 DM (4mm)
br&lt;br&gt;brBB @ 775 DM/div&lt;/div&gt;/div","Sr AAA @ 137 DM (256mm)
Jr AAA @ 165 DM (8mm)
AA @ 180 DM
A @ 215 DM
Sr BBB @ 375 DM (20mm)
Jr BBB @ 493 DM (8mm)
BB @ 750 DM","Citigroup","5NC2","Reset","Priced","11/18/2024","12/4/2024","lcm40_reset","BSL",
"False","False","Carlyle US CLO 2021-10","div&lt;div&gt;divtbd/div&lt;/div&gt;/div","Sr AAA @ 131 DM (320mm)
Jr AAA @ 157 DM (7.5mm)
AA @ 170 DM
A @ 190 DM
Sr BBB @ 285 DM (30mm)
Jr BBB @ 430 DM (2.5mm)
BB @ 675 DM","Citigroup","5NC2","Reset","Priced","11/18/2024","12/4/2024","cgms2021-10_reset","BSL",
"False","False","Park Blue CLO 2024-VI","div&lt;div&gt;divAAA @ 135-136 DM/div&lt;/div&gt;/div","Sr AAA @ 134 DM (263.5mm)
Jr AAA @ 160 DM (8.5mm)
AA @ 175 DM
A @ 190 DM
Sr BBB @ 295 DM (23.375mm)
Jr BBB (fixed) @ 7.809% (6.375mm)
BB @ 540 DM","JPMorgan","5NC2","New Issue","Priced","11/18/2024","12/16/2024","pkblu6_newissue","BSL",
"False","False","Dryden 93 CLO","div&lt;div&gt;divX @ 110-120 DM
br&lt;br&gt;brSr AAA @ 132-133 DM (256mm)
br&lt;br&gt;brJr AAA @ 155-160 DM (8mm)
br&lt;br&gt;brAA @ 165-170 DM
br&lt;br&gt;brA @ 190-195 DM
br&lt;br&gt;brSr BBB @ 290-295 DM (24mm)
br&lt;br&gt;brJr BBB @ 410a DM (4mm)
br&lt;br&gt;brBB @ 650-675 DM/div&lt;/div&gt;/div","X @ 115 DM
Sr AAA @ 133 DM (256mm)
Jr AAA @ 160 DM (8mm)
AA @ 170 DM
A @ 190 DM
Sr BBB @ 300 DM (20mm)
Jr BBB @ 410 DM (8mm)
BB @ 675 DM","Barclays","5NC2","Reset","Priced","11/18/2024","12/9/2024","drslf93_reset","BSL",
"False","False","HPS Loan Management 10-2016",,"Sr AAA @ 112 DM (244mm)
Jr AAA @ 135 DM (6mm)
AA @ 160 DM
A @ 185 DM
BBB @ 295 DM
BB @ 645 DM
B not refinanced","Deutsche Bank","1.5NC1","Refinancing","Priced","11/15/2024","11/15/2024","hlm10_refi","BSL",
"False","False","Symphony CLO 40","div&lt;div&gt;divAAA @ 131-133 DM
br&lt;br&gt;brAA @ 165-170 DM
br&lt;br&gt;brA @ 190-195 DM
br&lt;br&gt;brSr BBB @ 270-275 DM (20mm)
br&lt;br&gt;brJr BBB @ 390-400 DM (6mm)
br&lt;br&gt;brBB @ 535-550 DM/div&lt;/div&gt;/div","AAA @ 131 DM
AA @ 170 DM
A @ 195 DM
Sr BBB @ 265 DM (20mm)
Jr BBB @ 400 DM (6mm)
BB @ 525 DM","Scotia","5NC2","Reset","Priced","11/15/2024","12/3/2024","symp40_reset","BSL",
"False","False","Madison Park Funding XXVIII","div&lt;div&gt;divX @ 85-90 DM
br&lt;br&gt;brSr AAA preplaced
br&lt;br&gt;brJr AAA @ 150-155 DM
br&lt;br&gt;brAA @ 165-170 DM
br&lt;br&gt;brA @ 185-190 DM
br&lt;br&gt;brSr BBB @ 285-295 DM (33mm)
br&lt;br&gt;brJr BBB @ 390-400 DM (5.5mm)
br&lt;br&gt;brBB @ 600-625 DM
br&lt;br&gt;brB call desk/div&lt;/div&gt;/div","X @ 90 DM
Sr AAA @ 132 DM (337.425mm)
Jr AAA @ 155 DM (25.575mm)
AA @ 170 DM
A @ 200 DM
Sr BBB @ 295 DM (33mm)
Jr BBB @ 415 DM (5.5mm)
BB @ 635 DM
B @ S+831","Nomura","5NC2","Reset","Priced","11/15/2024","11/26/2024","mdpk28_reset","BSL",
"False","True","720 East CLO 2022-I","div&lt;div&gt;divAAA @ 133 DM/div&lt;/div&gt;/div","Sr AAA @ 133 DM (272mm)
Jr AAA @ 160 DM (20.5mm)
AA @ 170 DM
A @ 190 DM
BBB @ 290 DM
BB @ 590 DM","JPMorgan","5NC2","Reset","Priced","11/15/2024","12/4/2024","nwml2022-1_reset","BSL",
"False","False","Benefit Street Partners CLO XXXVIII","div&lt;div&gt;divAAA @ 131 DM
br&lt;br&gt;brAA @ 160-165 DM
br&lt;br&gt;brA @ 180a DM
br&lt;br&gt;brSr BBB @ 270 DM (20mm)
br&lt;br&gt;brJr BBB @ 390-400 DM (8mm)
br&lt;br&gt;brBB @ 500-515 DM/div&lt;/div&gt;/div","AAA @ 131 DM
AA @ 165 DM
A @ 180 DM
Sr BBB @ 270 DM (25mm)
Jr BBB @ 400 DM (10mm)
BB @ 500 DM","Scotia","5NC2","New Issue","Priced","11/15/2024","11/27/2024","bsp38_newissue","BSL",
"False","False","OHA Credit Funding 4","div&lt;div&gt;divX @ 85-90 DM
br&lt;br&gt;brAAA @ 129-130 DM
br&lt;br&gt;brAA @ 155-160 DM
br&lt;br&gt;brAA (fixed) @ 160 DM
br&lt;br&gt;brA @ 170-175 DM
br&lt;br&gt;brSr BBB @ 270-275 DM (36mm)
br&lt;br&gt;brJr BBB @ 375-385 DM (4.5mm)
br&lt;br&gt;brBB @ 490-500 DM/div&lt;/div&gt;/div","X @ 90 DM
AAA @ 129 DM
AA @ 160 DM
AA (fixed) @ 5.467%
A @ 175 DM
Sr BBB @ 270 DM (36mm)
Jr BBB @ 375 DM (4.5mm)
BB @ 495 DM","Nomura","5NC2","Reset","Priced","11/15/2024","11/25/2024","oakc2019-4_reset","BSL",
"False","False","Madison Park Funding XLV","div&lt;div&gt;divAAA @ 105 DM
br&lt;br&gt;brAA @ 150 DM
br&lt;br&gt;brA @ 175 DM
br&lt;br&gt;brBBB @ 280 DM
br&lt;br&gt;brBB @ 525 DM/div&lt;/div&gt;/div","AAA @ 108 DM
AA @ 165 DM
A @ 190 DM
BBB @ 290 DM
BB @ 625 DM","Santander","1.5NC0.5","Refinancing","Priced","11/15/2024","12/2/2024","mdpk45_refi","BSL",
"False","False","Monroe Capital MML CLO XIV","div&lt;div&gt;divAAA @ 140a DM/div&lt;/div&gt;/div","AAA @ 142 DM
AA @ 200 DM
A @ 225 DM
BBB @ 370 DM
BB @ 775 DM","BNP Paribas","2NC1","Refinancing","Priced","11/15/2024","12/13/2024","mcmml14_refi","MM",
"False","False","Neuberger Berman Loan Advisers CLO 29","div&lt;div&gt;divSr AAA preplaced
br&lt;br&gt;brJr AAA @ 152a DM
br&lt;br&gt;brAA @ 165-170 DM
br&lt;br&gt;brA @ 180-190 DM
br&lt;br&gt;brSr BBB @ 285-295 DM (27mm)
br&lt;br&gt;brJr BBB @ 390-400 DM (3.375mm)
br&lt;br&gt;brBB @ 520-540 DM/div&lt;/div&gt;/div","Sr AAA @ 132 DM (276.3mm)
Jr AAA @ 152 DM (11.7mm)
AA @ 170 DM
A @ 195 DM
Sr BBB @ 295 DM (27mm)
Jr BBB @ 400 DM (3.375mm)
BB @ 525 DM","Wells Fargo","5NC2","Reset","Priced","11/15/2024","11/26/2024","neub29_reset","BSL",
"False","False","Hartwick Park CLO","div&lt;div&gt;divAAA @ 116-117 DM
br&lt;br&gt;brAA @ 155-160 DM
br&lt;br&gt;brA @ 170-175 DM
br&lt;br&gt;brBBB @ 270-275 DM
br&lt;br&gt;brBB @ 510-525 DM/div&lt;/div&gt;/div","AAA @ 116 DM
AA @ 155 DM
A @ 170 DM
BBB @ 270 DM
BB @ 485 DM","BNP Paribas","3NC1","Reset","Priced","11/15/2024","11/26/2024","hwkpk_reset","BSL",
"False","False","Carlyle US CLO 2024-8","div&lt;div&gt;divSr AAA preplaced
br&lt;br&gt;brJr AAA preplaced
br&lt;br&gt;brAA preplaced
br&lt;br&gt;brA preplaced
br&lt;br&gt;brSr BBB preplaced
br&lt;br&gt;brJr BBB @ 390-400 DM
br&lt;br&gt;brBB @ 525-535 DM/div&lt;/div&gt;/div","Sr AAA @ 132 DM (279mm)
Jr AAA @ 154 DM (18mm)
AA @ 170 DM
A @ 195 DM
Sr BBB @ 280 DM (27mm)
Jr BBB @ 400 DM (4.725mm)
BB @ 550 DM","RBC","5NC2","New Issue","Priced","11/14/2024","11/22/2024","cgms2024-8_newissue","BSL",
"False","False","Golub Capital Partners CLO 17(M)","div&lt;div&gt;divSr AAA call desk
br&lt;br&gt;brJr AAA call desk
br&lt;br&gt;brAA @ 180-185 DM
br&lt;br&gt;brA @ 225 DM/div&lt;/div&gt;/div","Sr AAA @ 147 DM (232mm)
Jr AAA @ 170 DM (16mm)
AA @ 180 DM
A @ 220 DM
BBB @ 360 DM","Santander","5NC2","Reset","Priced","11/14/2024","12/23/2024","gocap17m_reset","MM",
"False","False","Cedar Funding XIX CLO","div&lt;div&gt;divX @ 100 DM
br&lt;br&gt;brSr AAA @ 131-133 DM (256mm)
br&lt;br&gt;brJr AAA @ 155-160 DM (8mm)
br&lt;br&gt;brAA @ 165-170 DM
br&lt;br&gt;brA @ 185-190 DM
br&lt;br&gt;brSr BBB @ 300-310 DM (24mm)
br&lt;br&gt;brJr BBB @ 395-405 DM (4mm)
br&lt;br&gt;brBB @ 525-550 DM/div&lt;/div&gt;/div","X @ 100 DM
Sr AAA @ 233 DM (156mm)
Jr AAA @ 160 DM (8mm)
AA @ 170 DM
A @ 195 DM
Sr BBB @ 300 DM (24mm)
Jr BBB (fixed) @ 7.686% (4mm)
BB @ 600 DM","Jefferies","5NC2","Reset","Priced","11/14/2024","12/3/2024","cedf19_reset","BSL",
"False","False","GoldenTree Loan Management US CLO 23","div&lt;div&gt;divX @ 90a DM
br&lt;br&gt;brSr AAA @ 129 DM (320mm)
br&lt;br&gt;brJr AAA @ 145-150 DM (10mm)
br&lt;br&gt;brAA @ 160a DM
br&lt;br&gt;brA @ 175-180 DM
br&lt;br&gt;brSr BBB @ 270a DM (30mm)
br&lt;br&gt;brJr BBB @ 390a DM (5mm)
br&lt;br&gt;brBB @ 490-500 DM
br&lt;br&gt;brB @ 775-800 DM/div&lt;/div&gt;/div","X @ 90 DM
Sr AAA @ 127 DM (320mm)
Jr AAA @ 140 DM (10mm)
AA @ 160 DM
A @ 175 DM
Sr BBB @ 260 DM (30mm)
Jr BBB @ 390 DM (5mm)
BB @ 500 DM","Wells Fargo","5NC2","New Issue","Priced","11/14/2024","11/26/2024","glm23_newissue","BSL",
"False","False","Dryden 68 CLO","div&lt;div&gt;divAAA @ 108-110 DM
br&lt;br&gt;brAA @ 155-160 DM
br&lt;br&gt;brA @ 180-185 DM
br&lt;br&gt;brBBB @ 280-285 DM
br&lt;br&gt;brBB @ 600-625 DM/div&lt;/div&gt;/div","AAA @ 110 DM
AA @ 155 DM
A @ 180 DM","Barclays","1.5NC1","Refinancing","Priced","11/14/2024","11/27/2024","drslf68_refi","BSL",
"False","False","Fortress Credit BSL XXVI","div&lt;div&gt;divAAA @ 138-140 DM
br&lt;br&gt;brAA @ 180-185 DM
br&lt;br&gt;brA @ 215 DM
br&lt;br&gt;brSr BBB @ 375 DM (24mm)
br&lt;br&gt;brJr BBB @ 485 DM (6mm)
br&lt;br&gt;brBB @ S+725 ($99)/div&lt;/div&gt;/div","AAA @ 140 DM
AA @ 190 DM
A @ 215 DM
Sr BBB @ 375 DM (24mm)
Jr BBB @ 485 DM (6mm)
BB @ 725 DM","BNP Paribas","5NC2","New Issue","Priced","11/14/2024","11/27/2024","fcbsl26_newissue","BSL",
"False","False","Jamestown CLO XVI","div&lt;div&gt;divAAA @ 112 DM
br&lt;br&gt;brAA @ 160-165 DM
br&lt;br&gt;brA @ 190-195 DM
br&lt;br&gt;brBBB @ 300-305 DM
br&lt;br&gt;brBB @ 650a DM/div&lt;/div&gt;/div","AAA @ 112 DM
AA @ 165 DM
A @ 195 DM
BBB @ 305 DM
BB @ 695 DM","CIBC","1.5NC1","Refinancing","Priced","11/14/2024","11/22/2024","jtwn16_refi","BSL",
"False","False","Battalion CLO XVI","div&lt;div&gt;divSr AAA @ 140 DM (240mm)
br&lt;br&gt;brJr AAA @ 160a DM (16mm)
br&lt;br&gt;brAA @ 175a DM
br&lt;br&gt;brA @ 200a DM
br&lt;br&gt;brSr BBB @ 325a DM (20mm)
br&lt;br&gt;brJr BBB @ 425a DM (8mm)
br&lt;br&gt;brBB @ 700a DM/div&lt;/div&gt;/div","Sr AAA @ 140 DM (240mm)
Jr AAA @ 165 DM (14mm)
AA @ 175 DM
A @ 200 DM
Sr BBB @ 340 DM (20mm)
Jr BBB @ 450 DM (6mm)
BB @ 725 DM","Morgan Stanley","5NC2","Reset","Priced","11/14/2024","11/27/2024","batln16_reset","BSL",
"False","False","Elmwood CLO 24","div&lt;div&gt;divAAA @ 132 DM
br&lt;br&gt;brAA @ 160-165 DM
br&lt;br&gt;brA @ 175-180 DM
br&lt;br&gt;brSr BBB @ 275-280 DM (30mm)
br&lt;br&gt;brJr BBB @ 390a DM (3mm)
br&lt;br&gt;brBB @ 500-515 DM
br&lt;br&gt;brB call desk/div&lt;/div&gt;/div","AAA @ 132 DM
AA @ 160 DM
A @ 175 DM
Sr BBB @ 275 DM (30mm)
Jr BBB @ 385 DM (3mm)
BB @ 510 DM
B retained","RBC","5NC2","Reset","Priced","11/14/2024","11/26/2024","elm24_reset","BSL",
"False","False","Magnetite XLI","div&lt;div&gt;divAAA @ 129-130 DM/div&lt;/div&gt;/div","AAA @ 129 DM
AA @ 160 DM
A @ 178 DM
Sr BBB @ 260 DM (31.25mm)
Jr BBB @ 385 DM (2.5mm)
BB @ 490 DM
B retained","RBC","5NC2","New Issue","Priced","11/14/2024","11/26/2024","magne41_newissue","BSL",
"False","False","Wind River 2019-3","XR3 @ 100 DM
AR3 (AAA) @ 120 DM
BR3 (AA) @ 165 DM
CR3 (A) @ 200 DM
D1R3 (Sr BBB) @ 305 DM (15mm)
D2R3 (Jr BBB) @ 425 DM (2mm)
ER3 (BB) @ 650 DM","AAA @ 106 DM
AA @ 155 DM
A @ 200 DM
BBB @ 310 DM
BB @ 645 DM","Scotia","0NC0.5","Refinancing","Priced","11/13/2024","11/25/2024","windr2019-3_reset","BSL",
"False","False","RAD CLO 27","div&lt;div&gt;divSr AAA @ 132-133 DM/div&lt;/div&gt;/div","Sr AAA @ 132 DM (320mm)
Jr AAA @ 160 DM (10mm)
AA @ 170 DM
A @ 190 DM
Sr BBB @ 280 DM (30mm)
Jr BBB (fixed) @ 7.68% (5mm)
BB @ 530 DM","Goldman Sachs","5NC2","New Issue","Priced","11/13/2024","12/11/2024","rad27_newissue","BSL",
"False","False","KKR CLO 54","div&lt;div&gt;divAAA @ 133-134 DM
br&lt;br&gt;brAA @ 170a DM
br&lt;br&gt;brA @ 185 DM
br&lt;br&gt;brSr BBB @ 285 DM (27mm)
br&lt;br&gt;brJr BBB @ 390-395 DM (4.5mm)
br&lt;br&gt;brBB call desk
br&lt;br&gt;brB call desk/div&lt;/div&gt;/div","AAA @ 132 DM
AA @ 170 DM
A @ 185 DM
Sr BBB @ 285 DM (27mm)
Jr BBB @ 395 DM (4.5mm)
BB @ 580 DM
B @ S+711","Bank of America","5NC2","New Issue","Priced","11/13/2024","11/22/2024","kkr54_newissue","BSL",
"False","False","Voya CLO 2024-7","div&lt;div&gt;divX @ 100a DM
br&lt;br&gt;brSr AAA @ 131 DM (256mm)
br&lt;br&gt;brJr AAA @ 155 DM (12mm)
br&lt;br&gt;brAA @ 160-165 DM
br&lt;br&gt;brA @ 180-185 DM
br&lt;br&gt;brSr BBB @ 280-285 DM (24mm)
br&lt;br&gt;brJr BBB @ 400 DM (4mm)
br&lt;br&gt;brBB @ 520-530 DM/div&lt;/div&gt;/div","X @ 110 DM
Sr AAA @ 131 DM (320mm)
Jr AAA @ 155 DM (15mm)
AA @ 165 DM
AA (fixed) @ 5.481% (+165)
A @ 185 DM
Sr BBB @ 285 DM (30mm)
Jr BBB @ 400 DM (5mm)
BB @ 525 DM","Scotia","5NC2","New Issue","Priced","11/13/2024","11/26/2024","voya2024-7_newissue","BSL",
"False","False","CreekSource 2024-1 (Dunes Creek) CLO","div&lt;div&gt;divSr AAA @ 141 DM (186mm)
br&lt;br&gt;brJr AAA @ 160a DM (12mm)
br&lt;br&gt;brAA @ 180a DM
br&lt;br&gt;brA @ 205a DM
br&lt;br&gt;brBBB @ 310a DM
br&lt;br&gt;brBB @ 625a DM/div&lt;/div&gt;/div","Sr AAA @ 141 DM (186mm)
Jr AAA @ 165 DM (12mm)
AA @ 175 DM
A @ 205 DM
BBB @ 310 DM
BB @ 615 DM","Barclays","5NC2","New Issue","Priced","11/13/2024","12/9/2024","dune_newissue","BSL",
"False","False","Sixth Street CLO VIII","div&lt;div&gt;divAAA @ 115 DM
br&lt;br&gt;brAA @ 155-160 DM
br&lt;br&gt;brA @ 180-185 DM
br&lt;br&gt;brBBB @ 285-295 DM
br&lt;br&gt;brBB @ 610-635 DM/div&lt;/div&gt;/div","AAA @ 115 DM
AA @ 165 DM
A @ 180 DM
BBB @ 295 DM
BB @ 675 DM","BNP Paribas","2NC1","Refinancing","Priced","11/13/2024","11/22/2024","sixst8_refi","BSL",
"False","False","PennantPark CLO X","div&lt;div&gt;divSr AAA @ 159 DM (228mm)
br&lt;br&gt;brJr AAA @ 175 DM (16mm)
br&lt;br&gt;brAA @ 185-190 DM
br&lt;br&gt;brA @ 230-240 DM
br&lt;br&gt;brBBB @ 385-395 DM/div&lt;/div&gt;/div","Sr AAA @ 159 DM (158mm)
Jr AAA @ 175 DM (16mm)
AA @ 185 DM
A @ 240 DM
BBB @ 385 DM","BNP Paribas","4NC2","New Issue","Priced","11/13/2024","11/27/2024","pntpk10_newissue","MM",
"False","False","TCW CLO 2021-1","div&lt;div&gt;divX @ 115a DM
br&lt;br&gt;brSr AAA @ 136a DM (256mm)
br&lt;br&gt;brJr AAA @ 156a DM (6mm)
br&lt;br&gt;brAA @ 170-175 DM
br&lt;br&gt;brA @ 200-205 DM
br&lt;br&gt;brSr BBB @ 310-315 DM (24mm)
br&lt;br&gt;brJr BBB @ 400-410 DM (5mm)
br&lt;br&gt;brBB @ 635-650 DM/div&lt;/div&gt;/div","X @ 120 DM
Sr AAA @ 136 DM (256mm)
Jr AAA @ 160 DM (6mm)
AA @ 175 DM
A @ 210 DM
Sr BBB @ 310 DM (20mm)
Jr BBB @ 400 DM (8mm)
BB @ 675 DM","Goldman Sachs","5NC2","Reset","Priced","11/12/2024","11/26/2024","tcw2021-1_reset","BSL",
"False","False","Pikes Peak CLO 10","div&lt;div&gt;divSr AAA @ 136 DM (256mm)
br&lt;br&gt;brJr AAA @ 155 DM (8mm)
br&lt;br&gt;brAA @ 165-170 DM
br&lt;br&gt;brA @ 190-195 DM
br&lt;br&gt;brSr BBB @ 295a DM (24mm)
br&lt;br&gt;brJr BBB @ 400a DM (4mm)
br&lt;br&gt;brBB @ 550-560 DM
br&lt;br&gt;brB call desk/div&lt;/div&gt;/div","Sr AAA @ 136 DM (288mm)
Jr AAA @ 155 DM (9mm)
AA @ 170 DM
A @ 200 DM
Sr BBB @ 285 DM (22.5mm)
Jr BBB @ 400 DM (6mm)
Jr BBB (fixed) @ 7.909% (3mm)
BB @ 590 DM
B @ 900 DM","Societe Generale","5NC2","Reset","Priced","11/12/2024","11/22/2024","pipk10_reset","BSL",
"False","False","Tikehau US CLO II","div&lt;div&gt;divX @ 120 DM
br&lt;br&gt;brSr AAA @ 138-139 DM (208mm)
br&lt;br&gt;brJr AAA @ 165 DM (3.25mm)
br&lt;br&gt;brAA @ 180 DM
br&lt;br&gt;brA @ 210 DM
br&lt;br&gt;brSr BBB @ 320 DM (16.25mm)
br&lt;br&gt;brJr BBB @ 415 DM (8.125mm)
br&lt;br&gt;brBB @ 675 DM/div&lt;/div&gt;/div","X @ 120 DM
Sr AAA @ 138 DM (201.5mm)
Jr AAA @ 165 DM (9.75mm)
AA @ 180 DM (35.75mm)
A @ 215 DM (19.5mm)
Sr BBB @ 340 DM (11.25mm)
BBB (fixed) @ 7.112% (5mm; +335 bps)
Jr BBB @ 425 DM (6.5mm)
BB @ 700 DM","Jefferies","5NC2","Reset","Priced","11/12/2024","12/11/2024","tko2_reset","BSL",
"False","False","Magnetite XXXIX","div&lt;div&gt;divAAA preplaced
br&lt;br&gt;brAA @ 155-160 DM
br&lt;br&gt;brA @ 170-175 DM
br&lt;br&gt;brSr BBB @ 270-275 DM
br&lt;br&gt;brJr BBB preplaced
br&lt;br&gt;brBB @ 490-505 DM
br&lt;br&gt;brJr BB @ 535-550 DM/div&lt;/div&gt;/div","AAA @ 117 DM
AA @ 155 DM
A @ 170 DM
Sr BBB @ 270 DM (24mm)
Jr BBB @ 390 DM (4mm0
Sr BB @ 490 DM (13mm)
Jr BB @ 525 DM (1mm)
","Nomura","3NC1","Reset","Priced","11/12/2024","11/22/2024","magne39_reset","BSL",
"False","True","RR 24","div&lt;div&gt;divX @ call desk
br&lt;br&gt;brSr AAA tbd (428.05mm)
br&lt;br&gt;brJr AAA @ 155a DM (30.45mm)
br&lt;br&gt;brAA @ 165-170 DM
br&lt;br&gt;brA not offered
br&lt;br&gt;brSr BBB not offered
br&lt;br&gt;brJr BBB @ 400 DM
br&lt;br&gt;brBB @ 525 DM
br&lt;br&gt;brB not offered/div&lt;/div&gt;/div","X @ 100 DM
Sr AAA @ 131 DM (428.05mm)
Jr AAA @ 155 DM (30.45mm)
AA @ 170 DM
A @ 185 DM
Sr BBB @ 265 DM (35mm)
BBB @ 355 DM (7mm)
Jr BBB @ 400 DM (21mm)
BB @ 550 DM
B @ S+678","Bank of America","5NC2","Reset","Priced","11/8/2024","11/26/2024","rr24_reset","BSL",
"False","False","Palmer Square CLO 2024-4","div&lt;div&gt;divSr AAA preplaced
br&lt;br&gt;brJr AAA @ 150a DM
br&lt;br&gt;brAA @ 160-165 DM
br&lt;br&gt;brA @ 180-190 DM
br&lt;br&gt;brSr BBB @ 280-285 DM (30mm)
br&lt;br&gt;brJr BBB @ 390-400 DM (5mm)
br&lt;br&gt;brBB @ 500-515 DM
br&lt;br&gt;br/div&lt;/div&gt;/div","Sr AAA @ 131 DM (300mm)
Jr AAA @ 150 DM (30mm)
AA @ 165 DM
A @ 175 DM
Sr BBB @ 265 DM (30mm)
Jr BBB @ 390 DM (5mm)
BB @ 500 DM","JPMorgan","5NC2","New Issue","Priced","11/8/2024","11/21/2024","plmrs2024-4_newissue","BSL",
"False","False","Apidos CLO XVIII-R","div&lt;div&gt;divX @ 100a DM
br&lt;br&gt;brSr AAA @ 133 DM (310mm)
br&lt;br&gt;brJr AAA @ 155a DM (20mm)
br&lt;br&gt;brAA @ 165a DM
br&lt;br&gt;brA @ 185-190 DM
br&lt;br&gt;brSr BBB @ 285-290 DM (30mm)
br&lt;br&gt;brJr BBB @ 385 DM (5mm)
br&lt;br&gt;brBB @ 535a DM/div&lt;/div&gt;/div","X @ 105 DM
Sr AAA @ 133 DM (310mm)
Jr AAA @ 158 DM (20mm)
AA @ 170 DM
A @ 190 DM
Sr BBB @ 280 DM (25mm)
Jr BBB @ 405 DM (10mm)
BB @ 550 DM
B @ 800 DM","Societe Generale","5NC2","Reset","Priced","11/8/2024","11/22/2024","apid18r_reset","BSL",
"False","False","Regatta 30 Funding","div&lt;div&gt;divSr AAA @ 132-133 DM (256mm)
br&lt;br&gt;brJr AAA @ 150-155 DM (6mm)
br&lt;br&gt;brAA @ 165-170 DM
br&lt;br&gt;brA @ 185-190 DM
br&lt;br&gt;brSr BBB @ 275-285 DM (24mm)
br&lt;br&gt;brJr BBB @ 390-400 DM (4mm)
br&lt;br&gt;brBB @ 550 DM/div&lt;/div&gt;/div","Sr AAA @ 132 DM (256mm)
Jr AAA @ 155 DM (6mm)
AA @ 165 DM
A @ 185 DM
Sr BBB @ 280 DM (24mm)
Jr BBB @ 400 DM (4mm)
BB @ 540 DM ","Nomura","5NC2","New Issue","Priced","11/8/2024","11/25/2024","reg30_newissue","BSL",
"False","False","Trinitas CLO XXXI","div&lt;div&gt;divSr AAA @ 135 DM (252mm)
br&lt;br&gt;brJr AAA @ 155-160 DM (4mm)
br&lt;br&gt;brAA @ 170-175 DM
br&lt;br&gt;brA @ 190-200 DM
br&lt;br&gt;brSr BBB @ 290-300 DM (24mm)
br&lt;br&gt;brJr BBB @ 400a DM (4mm)
br&lt;br&gt;brBB @ 550-575 DM/div&lt;/div&gt;/div","Sr AAA @ 135 DM (252mm)
Jr AAA @ 160 DM (4mm)
AA @ 180 DM
A @ 205 DM
Sr BBB @ 300 DM (24mm)
Jr BBB @ 395 DM (4mm)
BB @ 595 DM","Bank of America","5NC2","New Issue","Priced","11/8/2024","11/26/2024","trnts31_newissue","BSL",
"False","False","Marble Point CLO XV",,"Sr AAA @ 104 DM (251mm)
Jr AAA @ 134 DM (4mm)
AA @ 160 DM
A @ 190 DM
BBB @ 300 DM","Citigroup","0NC0.5","Refinancing","Priced","11/7/2024","11/15/2024","mp15_refi","BSL",
"False","False","Octagon 62",,"X @ 100 DM
Sr AAA @ 133 DM (300mm)
Jr AAA @ 160 DM (30mm)
AA @ 170 DM
A @ 200 DM
Sr BBB @ 295 DM (25mm)
Jr BBB @ 415 DM (10mm)
BB @ 640 DM","Citigroup","5NC2","Reset","Priced","11/7/2024","11/22/2024","oct62_reset","BSL",
"False","False","New Mountain CLO 2","div&lt;div&gt;divSr AAA @ 136 DM
br&lt;br&gt;brJr AAA @ 155a DM
br&lt;br&gt;brAA @ 165-170 DM
br&lt;br&gt;brA @ 185-190 DM
br&lt;br&gt;brSr BBB @ 280-285 DM
br&lt;br&gt;brJr BBB @ 390a DM
br&lt;br&gt;brBB @ 550a DM
br&lt;br&gt;brB @ 800 DM/div&lt;/div&gt;/div","Sr AAA @ 136 DM (248mm)
Jr AAA @ 159 DM (12mm)
AA @ 175 DM
A @ 185 DM
Sr BBB @ 280 DM (20mm)
Jr BBB @ 400 DM (7mm)
BB @ 570 DM
B @ 851 DM","Morgan Stanley","5NC2","Reset","Priced","11/7/2024","12/2/2024","nmc2_reset","BSL",
"False","False","Guggenheim Investments Private Debt Fund IV Rated Note Feeder",,"A @ 300 DM
BBB @ 500 DM
BB @ 750 DM
Jr Mezz (unrated) @ 900 DM ($98.50)","Wells Fargo","3NC2","New Issue","Priced","11/6/2024","3/19/2025","guggpdf4_newissue","MM Rated Feeder",
"False","False","CIFC Funding 2018-1","div&lt;div&gt;divAAA @ 132-133 DM/div&lt;/div&gt;/div","X @ 110 DM
Sr AAA @ 132 DM (341mm)
Jr AAA @ 156 DM (22mm)
AA @ 170 DM
A @ 180 DM
Sr BBB @ 280 DM (33mm)
Jr BBB @ 395 DM (5.5mm)
BB @ 525 DM","Morgan Stanley","5NC2","Reset","Priced","11/6/2024","11/22/2024","cifc2018-1_reset","BSL",
"False","False","BCRED CLO 2024-2","div&lt;div&gt;divAAA TBD
br&lt;br&gt;brAA @ 180-182 DM
br&lt;br&gt;brA not offered/div&lt;/div&gt;/div","AAA @ 150 DM
AA @ 180 DM
A retained","RBC","4NC2","New Issue","Priced","11/6/2024","11/20/2024","bcred2024-2_newissue","MM",
"False","False","Invesco US CLO 2024-4","div&lt;div&gt;divAAA @ 133a DM/div&lt;/div&gt;/div","Sr AAA @ 133 DM (320mm)
Jr AAA @ 157 DM (10mm)
AA @ 170 DM
A @ 190 DM
Sr BBB @ 270 DM (25mm)
Jr BBB @ 400 DM (10mm)
BB @ 510 DM","Morgan Stanley","5NC2","New Issue","Priced","11/6/2024","11/25/2024","invco2024-4_newissue","BSL",
"False","False","Buckhorn Park CLO","AAA @ 108-110 DM
AA @ 155-160 DM
A (fixed) not refi&amp;amp;amp;#39;d
BBB @ 280-290 DM
BB call desk","AAA @ 107 DM
AA @ 160 DM
AA (fixed) not refinanced
A @ 185 DM
BBB @ 290 DM
BB @ 550 DM","Citigroup","1.5NC0.5","Refinancing","Priced","11/6/2024","11/15/2024","bkprk_refi","BSL",
"False","False","CQS CLO US 2021-1","div&lt;div&gt;divAAA @ 120 DM
br&lt;br&gt;brAA @ 170 DM
br&lt;br&gt;brA @ 210 DM
br&lt;br&gt;brSr BBB @ 320 DM
br&lt;br&gt;brJr BBB @ 425 DM
br&lt;br&gt;brBB @ 725 DM/div&lt;/div&gt;/div","AAA @ 120 DM
AA @ 175 DM
A @ 225 DM
Sr BBB @ 340 DM","Jefferies","2NC1","Refinancing","Priced","11/6/2024","11/19/2024","cqs2021-1_refi","BSL",
"False","False","Warwick Capital CLO 5","div&lt;div&gt;divSr AAA @ 136a DM (256mm)
br&lt;br&gt;brJr AAA @ 156a DM (6mm)
br&lt;br&gt;brAA @ 170-175 DM
br&lt;br&gt;brA @ 190-200 DM
br&lt;br&gt;brSr BBB circled
br&lt;br&gt;brJr BBB @ 400-410 DM
br&lt;br&gt;brBB @ 550a DM/div&lt;/div&gt;/div","Sr AAA @ 136 DM (256mm)
Jr AAA @ 160 DM (6mm)
AA @ 175 DM
A @ 190 DM
Sr BBB @ 305 DM (24mm)
Jr BBB (fixed) @ 7.912% (4mm)
BB @ 550 DM","JPMorgan","5NC2","New Issue","Priced","11/6/2024","11/21/2024","wwick5_newissue","BSL",
"False","False","GoldenTree Loan Management US CLO 11","div&lt;div&gt;divAAA @ 109-111 DM/div&lt;/div&gt;/div","AAA @ 108 DM
AA @ 155 DM
A @ 180 DM
BBB @ 280 DM
Sr BB @ 490 DM (16.25mm)
Jr BB @ 600 DM (8.125mm)","Wells Fargo","2NC1","Refinancing","Priced","11/5/2024","11/18/2024","glm11_refi","BSL",
"False","False","Ballyrock CLO 28","div&lt;div&gt;divSr AAA call desk 
br&lt;br&gt;brJr AAA @ 150-155 DM
br&lt;br&gt;brAA @ 165a DM
br&lt;br&gt;brA @ 185-190 DM
br&lt;br&gt;brSr BBB @ 280-285 DM (27mm)
br&lt;br&gt;brJr BBB @ 400a DM (4.5mm)
br&lt;br&gt;brBB @ 500-525 DM/div&lt;/div&gt;/div","Sr AAA @ 132 DM (304mm)
Jr AAA @ 154 DM (9.5mm)
AA @ 170 DM
A @ 185 DM
Sr BBB @ 280 DM (28.5mm)
Jr BBB @ 400 DM (4.75mm)
BB @ 500 DM","Bank of America","5NC2","New Issue","Priced","11/5/2024","11/21/2024","bally28_newissue","BSL",
"False","False","Balboa Bay Loan Funding 2024-2","div&lt;div&gt;divSr AAA @ 133 DM (256mm)
br&lt;br&gt;brJr AAA @ 150-155 DM (6mm)
br&lt;br&gt;brAA @ 170a DM 
br&lt;br&gt;brA @ 190-200 DM
br&lt;br&gt;brSr BBB @ 290-300 DM (24mm)
br&lt;br&gt;brJr BBB @ 400-410 DM (4mm)
br&lt;br&gt;brBB @ 550-575 DM
br&lt;br&gt;brB call desk/div&lt;/div&gt;/div","Sr AAA @ 133 DM (256mm)
Jr AAA @ 160 DM (6mm)
AA @ 170 DM
A @ 200 DM
Sr BBB @ 280 DM (20mm)
Jr BBB (fixed) @ 7.90% (8mm; +400)
BB @ 575 DM
B @ S+780","Bank of America","5NC2","New Issue","Priced","11/5/2024","11/22/2024","boba2024-2_newissue","BSL",
"False","True","Reese Park CLO","div&lt;div&gt;divX @ 95-100 DM
br&lt;br&gt;brAAA @ 132 DM
br&lt;br&gt;brAA @ 165a DM
br&lt;br&gt;brA @ 185-195 DM
br&lt;br&gt;brBBB @ 285-295 DM
br&lt;br&gt;brBB @ 575-590 DM
br&lt;br&gt;brB retained/div&lt;/div&gt;/div","X @ 100 DM
AAA @ 132 DM
AA @ 165 DM
A @ 190 DM
Sr BBB @ 280 DM (25mm)
Jr BBB @ 400 DM (7.5mm)
BB @ 600 DM
B @ S+725 (retained)","BNP Paribas","5NC2","Reset","Priced","11/4/2024","11/21/2024","respk_reset","BSL",
"False","False","Cedar Funding XI CLO","div&lt;div&gt;divSr AAA @ 106-108 DM (240mm)
br&lt;br&gt;brJr AAA @ 130-135 DM (20mm)
br&lt;br&gt;brAA @ 155-160 DM/div&lt;/div&gt;/div","Sr AAA @ 106 DM (240mm)
Jr AAA @ 130 DM (20mm)
AA @ 160 DM","RBC","0NC0.5","Refinancing","Priced","11/4/2024","11/8/2024","cedf11_refi","BSL",
"False","True","Bryant Park Funding 2024-25","div&lt;div&gt;divAAA @ 134 DM/div&lt;/div&gt;/div","Sr AAA @ 134 DM (244mm)
Jr AAA @ 160 DM (20mm)
AA @ 170 DM
A @ 195 DM
Sr BBB @ 295 DM (20mm)
Jr BBB @ 400 DM (8mm)
BB @ 575 DM","Citigroup","5NC2","New Issue","Priced","11/4/2024","11/18/2024","brypk2024-25_newissue","BSL",
"False","False","Symphony CLO 39","div&lt;div&gt;divAAA @ 133-135 DM
br&lt;br&gt;brAA @ 165-170 DM
br&lt;br&gt;brA @ 185-190 DM
br&lt;br&gt;brSr BBB @ 275-280 DM (20.6mm)
br&lt;br&gt;brJr BBB @ 400a DM (6mm)
br&lt;br&gt;brBB @ 550-560 DM/div&lt;/div&gt;/div","AAA @ 133 DM
AA @ 170 DM
A @ 193 DM
Sr BBB @ 275 DM (20.6mm)
Jr BBB @ 405 DM (6mm)
BB @ 550 DM","Scotia","5NC2","Reset","Priced","11/4/2024","11/14/2024","symp39_reset","BSL",
"False","False","Sagard-HalseyPoint CLO 8","div&lt;div&gt;divAAA @ 140a DM/div&lt;/div&gt;/div","Sr AAA @ 139 DM (270mm)
Jr AAA @ 162 DM (11.25mm)
AA @ 180 DM
A @ 210 DM
Sr BBB @ 320 DM (21.375mm)
BBB @ 400 DM (5.625mm)
Jr BBB @ 450 DM (4.5mm)
BB @ 700 DM","GreensLedge","5NC2","New Issue","Priced","11/4/2024","12/2/2024","hlsy8_newissue","BSL",
"False","False","AB BSL CLO 5","div&lt;div&gt;divSr AAA @ 136 DM (252mm)
br&lt;br&gt;brJr AAA @ 155a DM (12mm)
br&lt;br&gt;brAA @ 170-175 DM
br&lt;br&gt;brA @ 190-195 DM
br&lt;br&gt;brSr BBB @ 295-300 DM (24mm)
br&lt;br&gt;brJr BBB @ 405-415 DM (4mm)
br&lt;br&gt;brBB @ 575a DM/div&lt;/div&gt;/div","Sr AAA @ 136 DM (252mm)
Jr AAA @ 160 DM (12mm)
AA @ 170 DM
A @ 210 DM
Sr BBB @ 310 DM (24mm)
Jr BBB @ 405 DM (4mm)
BB @ 610 DM","RBC","5NC2","New Issue","Priced","11/4/2024","11/18/2024","abbsl5_newissue","BSL",
"False","False","Oaktree CLO 2021-1","div&lt;div&gt;divX @ 110 DM
br&lt;br&gt;brSr AAA @ 134a DM/div&lt;/div&gt;/div","X @ 110 DM
Sr AAA @ 135 DM (248mm)
Jr AAA @ 155 DM (16mm)
AA @ 175 DM
Sr A @ 195 DM (20mm)
Jr A @ 220 DM (12mm)
Sr BBB @ 300 DM (14mm)
Jr BBB @ 410 DM (6mm)
BB @ 610 DM
B @ S+862","Santander","5NC2","Reset","Priced","11/1/2024","11/25/2024","oakcl2021-1_reset","BSL",
"False","False","Anchorage Capital CLO 30","div&lt;div&gt;divSr AAA @ 130 DM (248mm)
br&lt;br&gt;brJr AAA @ 155-160 DM (12mm)
br&lt;br&gt;brAA @ 170-175 DM
br&lt;br&gt;brA @ 190-200 DM
br&lt;br&gt;brSr BBB @ 295-305 DM (24mm)
br&lt;br&gt;brJr BBB @ 410-420 DM (4mm)
br&lt;br&gt;brBB @ 600-625 DM/div&lt;/div&gt;/div","Sr AAA @ 130 DM (248mm)
Jr AAA @ 160 DM (12mm)
AA @ 175 DM
A @ 200 DM
Sr BBB @ 305 DM (24mm)
Jr BBB (fixed) @ 8.16% (+430; 5mm)
BB @ 625 DM","Bank of America","3NC1","New Issue","Priced","11/1/2024","11/19/2024","anchc30_newissue","BSL",
"False","False","NXT Capital CLO 2024-1","div&lt;div&gt;divAAA preplaced
br&lt;br&gt;brAA @ 190a DM
br&lt;br&gt;brA @ 240a DM
br&lt;br&gt;brBBB @ 400a DM
br&lt;br&gt;brBB preplaced/div&lt;/div&gt;/div","AAA @ 162 DM
AA @ 205 DM
A @ 255 DM
BBB @ 425 DM
BB @ 800 DM","Wells Fargo","4NC2","New Issue","Priced","11/1/2024","11/22/2024","nxt2024-1_newissue","MM",
"False","False","ABPCI Direct Lending Fund CLO XI","div&lt;div&gt;divAAA @ 157a DM/div&lt;/div&gt;/div","Sr AAA @ 157 DM (232mm)
Jr AAA @ 175 DM (16mm)
AA @ 185 DM
A @ 230 DM
BBB @ 385 DM
BB not offered","Societe Generale","5NC2","Reset","Priced","10/31/2024","11/14/2024","abpci11_reset","MM",
"False","False","Oaktree CLO 2024-28","div&lt;div&gt;divAAA @ 134 DM
br&lt;br&gt;brAA @ 165-170 DM
br&lt;br&gt;brA @ 180-185 DM
br&lt;br&gt;brBBB @ 280-285 DM
br&lt;br&gt;brBB @ 525a DM/div&lt;/div&gt;/div",,"Barclays","5NC2","New Issue","Announced","10/31/2024",,"oakcl28_newissue","BSL",
"False","False","OHA Credit Funding 3","div&lt;div&gt;divX @ 90-95 DM
br&lt;br&gt;brAAA @ 131-132 DM
br&lt;br&gt;brAA @ 160-165 DM
br&lt;br&gt;brAA (fixed) @ +160
br&lt;br&gt;brA @ 175-180 DM
br&lt;br&gt;brSr BBB @ 275-280 DM (42mm)
br&lt;br&gt;brJr BBB @ 390a DM (5.25mm)
br&lt;br&gt;brBB @ 500-515 DM/div&lt;/div&gt;/div","X @ 95 DM
AAA @ 132 DM
AA @ 160 DM
AA (fixed) @ 5.564%
A @ 175 DM
Sr BBB @ 275 DM (42mm)
Jr BBB @ 395 DM (5.25mm)
BB @ 500 DM","Nomura","5NC2","Reset","Priced","10/30/2024","11/15/2024","oakc2019-3_reset","BSL",
"False","False","AIMCO CLO, Series 2018-A","div&lt;div&gt;divX @ 90-95 DM
br&lt;br&gt;brSr AAA @ 131-132 DM
br&lt;br&gt;brAA @ 160-165 DM
br&lt;br&gt;brAA (fixed) @ +160
br&lt;br&gt;brA @ 175-180 DM
br&lt;br&gt;brSr BBB @ 275-280 DM (24mm)
br&lt;br&gt;brJr BBB @ 390a DM (2mm)
br&lt;br&gt;brBB @ 500-515 DM
br&lt;br&gt;brB call desk/div&lt;/div&gt;/div","X @ 100 DM
Sr AAA @ 131 DM (252mm)
Jr AAA @ 165 DM (47mm)
AA @ 165 DM
AA (fixed) @ 5.548%
A @ 185 DM
Sr BBB @ 285 DM (24mm)
Jr BBB @ 385 DM (2mm)
BB @ 525 DM
B unknown","Nomura","5NC2","Reset","Priced","10/30/2024","11/15/2024","aimco2018-a_reset","BSL",
"False","False","Dryden 121 CLO","div&lt;div&gt;divSr AAA preplaced
br&lt;br&gt;brJr AAA @ 153a DM
br&lt;br&gt;brAA @ 165-170 DM
br&lt;br&gt;brA @ 190-195 DM
br&lt;br&gt;brSr BBB @ 290-295 DM (36mm)
br&lt;br&gt;brJr BBB @ 395-400 DM (6mm)
br&lt;br&gt;brBB @ 535-550 DM/div&lt;/div&gt;/div","Sr AAA @ 133 DM (369mm)
Jr AAA @ 154 DM (33mm)
AA @ 170 DM
A @ 190 DM
Sr BBB @ 290 DM (36mm)
Jr BBB @ 405 DM (6mm)
BB retained","Goldman Sachs","5NC2","New Issue","Priced","10/30/2024","11/15/2024","drslf121_newissue","BSL",
"False","False","Barings CLO 2019-II",,"AAA @ 135 DM
AA @ 170 DM
A @ 190 DM
Sr BBB @ 290 DM (25mm)
Jr BBB @ 425 DM (10mm)
BB @ 600 DM","Bank of America","5NC2","Reset","Priced","10/30/2024","11/20/2024","babsn2019-2_reset","BSL",
"False","False","CIFC Funding 2024-V","div&lt;div&gt;divSr AAA preplaced
br&lt;br&gt;brJr AAA @ 155a DM
br&lt;br&gt;brAA @ 165-170 DM
br&lt;br&gt;brA @ 180-185 DM
br&lt;br&gt;brSr BBB @ 280-285 DM (30mm)
br&lt;br&gt;brJr BBB @ 395-400 DM (5mm)
br&lt;br&gt;brBB @ 515-525 DM/div&lt;/div&gt;/div","Sr AAA @ 133 DM (300mm)
Jr AAA @ 160 DM (30mm)
AA @ 170 DM
A @ 185 DM
Sr BBB @ 285 DM (30mm)
Jr BBB @ 400 DM (5mm)
BB @ 515 DM","Barclays","5NC2","New Issue","Priced","10/30/2024","11/12/2024","cifc2024-5_newissue","BSL",
"False","False","Menlo CLO I","div&lt;div&gt;divSr AAA @ 140-142 DM/div&lt;/div&gt;/div","Sr AAA @ 142 DM (263.5mm)
Jr AAA @ 165 DM (12.75mm)
AA @ 185 DM
A @ 225 DM
Sr BBB @ 325 DM (21.25mm)
Jr BBB @ 440 DM (8.5mm)
BB @ 625 DM
B @ S+630","JPMorgan","5NC2","New Issue","Priced","10/30/2024","11/22/2024","menlo1_newissue","BSL",
"False","False","Madison Park Funding XVII","div&lt;div&gt;divX @ 90-95 bps
br&lt;br&gt;brAAA @ 134-135 DM
br&lt;br&gt;brAA @ 170-175 DM 
br&lt;br&gt;brAA (fixed) @ +170 bps
br&lt;br&gt;brA @ 190-200 DM
br&lt;br&gt;brA (fixed) @ +190 bps
br&lt;br&gt;brBBB @ 290-300 DM
br&lt;br&gt;brBB @ 600-625 DM
br&lt;br&gt;brB call desk/div&lt;/div&gt;/div","X @ 95 DM
AAA @ 135 DM
AA @ 175 DM
AA (fixed) @ 5.66%
A @ 205 DM
Sr BBB @ 310 DM (21.3mm)
Jr BBB @ 415 DM (5.7mm)
BB @ 650 DM
B unknown","Nomura","5NC2","Reset","Priced","10/30/2024","11/15/2024","mdpk17_reset","BSL",
"False","False","OHA Credit Partners XVII","div&lt;div&gt;divAAA @ 132 DM
br&lt;br&gt;brAA @ 165 DM
br&lt;br&gt;brAA (fixed) @ N+170
br&lt;br&gt;brA @ 185 DM
br&lt;br&gt;brSr BBB @ 285 DM (42mm)
br&lt;br&gt;brJr BBB @ 395 DM (7mm)
br&lt;br&gt;brBB @ 500 DM/div&lt;/div&gt;/div","AAA @ 132 DM
AA @ 165 DM
AA (fixed) @ 5.506%
A @ 185 DM
Sr BBB @ 285 DM (42mm)
Jr BBB @ 395 DM (7mm)
BB @ 500 DM
","JPMorgan","5NC2","New Issue","Priced","10/30/2024","11/1/2024","oakc17_newissue","BSL",
"False","False","Symphony CLO 39","div&lt;div&gt;divAAA @ 134-135 DM/div&lt;/div&gt;/div",,"Scotia","5NC2","Reset","Announced","10/30/2024",,"symp39_reset","BSL",
"False","False","Fortress Credit BSL VII","div&lt;div&gt;divSr AAA @ 109 DM (207.45mm)
br&lt;br&gt;brJr AAA @ 130a DM (41mm)
br&lt;br&gt;brAA @ 160-165 DM
br&lt;br&gt;brA @ 190-200 DM
br&lt;br&gt;brBBB @ 320-330 DM
br&lt;br&gt;brBB @ 600a DM/div&lt;/div&gt;/div","Sr AAA @ 109 DM (207.45mm)
Jr AAA @ 140 DM (41mm)
AA @ 165 DM
A @ 210 DM
BBB @ 305 DM
BB @ 550 DM","JPMorgan","0NC0.75","Refinancing","Priced","10/30/2024","11/1/2024","fcbsl2019-1_refi","BSL",
"False","False","Generate CLO 9","div&lt;div&gt;divAAA @ 135-136 DM/div&lt;/div&gt;/div","X @ 104 DM
AAA @ 135 DM
AA @ 175 DM
A @ 205 DM
Sr BBB @ 310 DM (24.75mm)
Jr BBB @ 415 DM (5.63mm)
BB @ 635 DM","Goldman Sachs","5NCs","Reset","Priced","10/30/2024","11/21/2024","gnrt9_reset","BSL",
"False","False","RIN II","div&lt;div&gt;divAAA @ 148-150 DM/div&lt;/div&gt;/div","AAA @ 148 DM
AA @ 190 DM
A @ 220 DM
BBB @ 340 DM
BB @ 625 DM","Scotia","5NC2","Reset","Priced","10/30/2024","11/27/2024","rin2_reset","Infra",
"False","False","Regatta XVII Funding",,"X @ 120 DM
AAA @ 138 DM
AA @ 180 DM
A @ 200 DM
Sr BBB @ 310 DM (20mm)
Jr BBB (fixed) @ 7.80% (8mm; +410 bps)
BB @ 650 DM
B @ 785 DM","Mizuho","5NC2","Reset","Priced","10/29/2024","10/22/2024","reg17_reset","BSL",
"False","False","Lake Shore MM CLO IV",,"X @ 130 DM
AAA @ 170 DM
AA @ 200 DM
A @ 240 DM
BBB @ 425 DM
BB @ 856 DM","Wells Fargo","4NC2","Reset","Priced","10/29/2024","10/23/2024","lshr4_reset","MM",
"False","False","AGL CLO 22","div&lt;div&gt;divAAA @ 133-134 DM/div&lt;/div&gt;/div","X @ 100 DM
Sr AAA @ 119 DM (283.5mm)
Jr AAA @ 150 DM (18mm)
AA @ 165 DM
A @ 185 DM
Sr BBB @ 270 DM (27mm)
Jr BBB @ 400 DM (4.5mm)
BB @ 525 DM
B @ 775 DM","BNP Paribas","3NC1","Reset","Priced","10/29/2024","11/8/2024","agl22_reset","BSL",
"False","False","ICG US CLO 2024-R1 (fka ICG US CLO 2014-3R)","div&lt;div&gt;divAAA @ 142 DM
br&lt;br&gt;brAA @ 185 DM
br&lt;br&gt;brA @ 205-215 DM
br&lt;br&gt;brSr BBB @ 315-325 DM (17.5mm)
br&lt;br&gt;brJr BBB @ 420-430 DM (7mm)
br&lt;br&gt;brBB @ 700-725 DM/div&lt;/div&gt;/div","AAA @ 142 DM
AA @ 185 DM
A @ 230 DM
Sr BBB @ 365 DM (17.5mm)
Jr BBB @ 440 DM (7mm)
BB @ 725 DM
","Citigroup","5NC2","Re-Issue","Priced","10/29/2024","11/6/2024","icg2024-r1_reissue","BSL",
"False","False","Sculptor CLO XXXIV","div&lt;div&gt;divSr AAA @ 137-138 DM (252mm)
br&lt;br&gt;brJr AAA @ 157-158 DM (4mm)
br&lt;br&gt;brAA @ 170-175 DM
br&lt;br&gt;brA @ 200-210 DM
br&lt;br&gt;brSr BBB @ 310-325 DM (24mm)
br&lt;br&gt;brJr BBB @ 410-425 DM (4mm)
br&lt;br&gt;brBB @ 625-650 DM/div&lt;/div&gt;/div","Sr AAA @ 137 DM (252mm)
Jr AAA @ 160 DM (4mm)
AA @ 175 DM
A @ 205 DM
Sr BBB @ 315 DM (20mm)
Jr BBB @ 425 DM (8mm)
BB @ 650 DM","JPMorgan","5NC2","New Issue","Priced","10/29/2024","11/15/2024","scul34_newissue","BSL",
"False","False","Willow Tree CLO II","div&lt;div&gt;divSr AAA @ 172-175 DM/div&lt;/div&gt;/div","Sr AAA @ 172 DM
Jr AAA @ 180 DM
AA @ 195 DM
A @ 275 DM
BBB @ 470 DM","GreensLedge","2NC1","New Issue","Priced","10/29/2024","12/4/2024","wtree2_newissue","MM",
"False","False","Neuberger Berman CLO XXI",,"X @ 95 DM
Sr AAA @ 132 DM (320mm)
Jr AAA @ 155 DM (10mm)
AA @ 170 DM
A @ 185 DM
Sr BBB @ 290 DM (30mm)
Jr BBB @ 395 DM (5mm)
BB @ 525 DM","Nomura","5NC2","Reset","Priced","10/29/2024","11/18/2024","neub21_reset","BSL",
"False","False","Atlas Senior Loan Fund XXIV","div&lt;div&gt;divSr AAA @ 142 DM (240mm)
br&lt;br&gt;brJr AAA @ 160 DM (16mm)
br&lt;br&gt;brAA @ 190 DM
br&lt;br&gt;brA @ 210 DM
br&lt;br&gt;brSr BBB @ 335 DM (24mm)
br&lt;br&gt;brJr BBB @ 410 DM (4mm)
br&lt;br&gt;brBB @ 675 DM/div&lt;/div&gt;/div","Sr AAA @ 142 DM (240mm)
Jr AAA @ 172 DM (16mm)
AA @ 190 DM
A @ 220 DM
Sr BBB @ 360 DM (20mm)
Jr BBB @ 415 DM (8mm)
BB @ 750 DM","Jefferies","5NC2","New Issue","Priced","10/29/2024","11/13/2024","atclo24_newissue","BSL",
"False","False","Silver Point CLO 7","div&lt;div&gt;divAAA @ 135-137 DM/div&lt;/div&gt;/div","Sr AAA @ 136 DM (320mm)
Jr AAA @ 156 DM (10mm)
AA @ 175 DM 
A @ 185 DM
Sr BBB @ 285 DM (30mm)
Jr BBB @ 400 DM (5mm)
BB @ 575 DM
B @ 800 DM","Morgan Stanley","5NC2","New Issue","Priced","10/29/2024","11/25/2024","spclo7_newissue","BSL",
"False","False","Rockford Tower CLO 2021-3","div&lt;div&gt;divSr AAA @ 140 DM (330mm)
br&lt;br&gt;brJr AAA @ 160 DM (27.5mm)
br&lt;br&gt;brAA @ 185 DM
br&lt;br&gt;brA @ 205-210 DM
br&lt;br&gt;brSr BBB @ 315-325 DM (33mm)
br&lt;br&gt;brJr BBB @ 410 DM (5.5mm)
br&lt;br&gt;brBB @ 700 DM/div&lt;/div&gt;/div","Sr AAA @ 140 DM (330mm)
Jr AAA @ 165 DM (27.5mm)
AA @ 185 DM
Sr A @ 190 DM (15.38mm)
A @ 250 DM (15.38mm)
Jr A @ 220 DM (2.25mm)
Sr BBB @ 350 DM (27.5mm)
Jr BBB @ 425 DM (11mm)
BB @ 775 DM","Jefferies","5NC2","Reset","Priced","10/29/2024","11/22/2024","rockt2021-3_reset","BSL",
"False","True","Bain Capital Credit CLO 2024-6","div&lt;div&gt;divSr AAA @ 134 DM (320mm)
br&lt;br&gt;brJr AAA @ 155 DM (15mm)
br&lt;br&gt;brAA @ 165 DM
br&lt;br&gt;brA @ 185 DM
br&lt;br&gt;brSr BBB @ 285 DM (30mm)
br&lt;br&gt;brJr BBB @ 400 DM (5mm)
br&lt;br&gt;brBB @ 525 DM/div&lt;/div&gt;/div","Sr AAA @ 133 DM (320mm)
Jr AAA @ 155 DM (15mm)
AA @ 170 DM
A @ 185 DM
Sr BBB @ 280 DM (26.25mm)
Jr BBB @ 400 DM (8.75mm)
BB @ 530 DM","CIBC","5NC2","New Issue","Priced","10/29/2024","11/20/2024","bain2024-6_newissue","BSL",
"False","False","Ivy Hill Middle Market Credit Fund XVIII",,"Sr AAA @ 158 DM (261mm)
Jr AAA @ 175 DM (18mm)
AA @ 185 DM
A @ 230 DM
BBB @ 385 DM
BB @ 700 DM","Natixis","4NC2","Reset","Priced","10/28/2024","10/25/2024","ivyh18_reset","MM",
"False","False","Elmwood CLO 36 (f/k/a Logan CLO II)","div&lt;div&gt;divAAA @ 134 DM
br&lt;br&gt;brAA @ 165-170 DM
br&lt;br&gt;brA @ 190-200 DM
br&lt;br&gt;brSr BBB not offered
br&lt;br&gt;brJr BBB not offered
br&lt;br&gt;brBB not offered/div&lt;/div&gt;/div","AAA @ 134 DM
AA @ 170 DM
A @ 200 DM","RBC","5NC2","Reset","Priced","10/28/2024","11/1/2024","elm36_reset","BSL",
"False","False","CBAM 2017-1","div&lt;div&gt;divX @ 112 DM
br&lt;br&gt;brAAA @ 138 DM (800mm)
br&lt;br&gt;brAA @ 180 DM
br&lt;br&gt;brA @ 205 DM
br&lt;br&gt;brSr BBB @ 315 DM (62.5mm)
br&lt;br&gt;brJr BBB @ 425 DM (18mm)
br&lt;br&gt;brBB @ 700-725 DM /div&lt;/div&gt;/div","X @ 112 DM
AAA @ 139 DM
AA @ 180 DM
AA (fixed) @ 5.593%
A @ 210 DM
Sr BBB @ 315 DM (62.5mm)
Jr BBB (fixed) @ 7.948% (18mm)
BB @ 725 DM","Citigroup","5NC2","Reset","Priced","10/28/2024","11/5/2024","cbam2017-1_reset","BSL",
"False","False","OCP Aegis CLO 2024-39","div&lt;div&gt;divSr AAA @ 122 DM (280mm)
br&lt;br&gt;brJr AAA @ 135a DM (12mm)
br&lt;br&gt;brAA @ 165a DM
br&lt;br&gt;brAA (fixed) @ N+165a
br&lt;br&gt;brA @ 290a DM
br&lt;br&gt;brSr BBB @ 290a DM (16mm)
br&lt;br&gt;brJr BBB @ 400a DM (4mm)
br&lt;br&gt;brBB @ 550a DM/div&lt;/div&gt;/div","Sr AAA @ 122 DM (280mm)
Jr AAA @ 142 DM (12mm)
AA @ 165 DM
AA (fixed) @ 5.52% (+170)
A @ 185 DM
Sr BBB @ 280 DM (16mm)
Jr BBB @ 410 DM (4mm)
BB @ 550 DM","Bank of America","3NC1","New Issue","Priced","10/28/2024","11/8/2024","ocp39_newissue","BSL",
"False","False","Benefit Street Partners CLO XXVIII","div&lt;div&gt;divAAA @ 135 DM
br&lt;br&gt;brAA @ 165-170 DM
br&lt;br&gt;brA @ 185-190 DM
br&lt;br&gt;brSr BBB @ 290-295 DM (30mm)
br&lt;br&gt;brJr BBB @ 400a DM (5mm)
br&lt;br&gt;brBB @ 540-550 DM/div&lt;/div&gt;/div","AAA @ 135 DM
AA @ 170 DM
A @ 190 DM
Sr BBB @ 290 DM (30mm)
Jr BBB @ 405 DM (5mm)
BB @ 540 DM","Citigroup","5NC2","Reset","Priced","10/25/2024","11/1/2024","bsp28_reset","BSL",
"False","False","Carlyle US CLO 2024-7","div&lt;div&gt;divSr AAA @ 134 DM (248mm)
br&lt;br&gt;brJr AAA @ 154 DM (16mm)
br&lt;br&gt;brAA @ 170 DM
br&lt;br&gt;brA @ 195 DM
br&lt;br&gt;brSr BBB @ 300 DM (24mm)
br&lt;br&gt;brJr BBB @ N+400 bps (4mm)
br&lt;br&gt;brBB @ 540-550 DM/div&lt;/div&gt;/div","Sr AAA @ 134 DM (248mm)
Jr AAA @ 160 DM (16mm)
AA @ 170 DM
A @ 195 DM
Sr BBB @ 300 DM (24mm)
Jr BBB (fixed) @ 7.788% (4mm)
BB @ 550 DM","JPMorgan","5NC2","New Issue","Priced","10/25/2024","10/30/2024","cgms2024-7_newissue","BSL",
"False","False","GoldenTree Loan Management US CLO 7","div&lt;div&gt;divAAA @ 110 DM
br&lt;br&gt;brAA @ 150a DM
br&lt;br&gt;brA @ 180a DM
br&lt;br&gt;brBBB @ 280a DM
br&lt;br&gt;brBB @ 540-550 DM/div&lt;/div&gt;/div","AAA @ 110 DM
AA @ 155 DM
A @ 180 DM
BBB @ 280 DM
BB @ 525 DM","Bank of America","1.5NC1","Refinancing","Priced","10/25/2024","11/1/2024","glm7_refi","BSL",
"False","False","Muzinich CLO 1","div&lt;div&gt;divAAA @ 137-138 DM
br&lt;br&gt;brAA @ 170-180 DM
br&lt;br&gt;brA @ 200-210 DM
br&lt;br&gt;brSr BBB @ 300-310 DM (24mm)
br&lt;br&gt;brJr BBB @ 410-420 DM (4mm)
br&lt;br&gt;brBB @ 625-640 DM/div&lt;/div&gt;/div","AAA @ 136 DM
AA @ 178 DM
A @ 200 DM
Sr BBB @ 310 DM (30mm)
Jr BBB (fixed) @ 7.838% (5mm)
BB @ 610 DM","JPMorgan","5NC2","Reset","Priced","10/25/2024","11/8/2024","muz2022-1_reset","BSL",
"False","False","Octagon 48","div&lt;div&gt;divSr AAA @ 136 DM (320mm)
br&lt;br&gt;brJr AAA @ 156 DM (10mm)
br&lt;br&gt;brAA @ 175a DM
br&lt;br&gt;brA @ 195a DM
br&lt;br&gt;brSr BBB @ 310a DM (30mm)
br&lt;br&gt;brJr BBB @ 410a DM (5mm)
br&lt;br&gt;brBB @ 625a DM/div&lt;/div&gt;/div","Sr AAA @ 136 DM (320mm)
Jr AAA @ 158 DM (10mm)
AA @ 175 DM 
A @ 200 DM
Sr BBB @ 315 DM (25mm)
BBB @ 375 DM (5mm)
Jr BBB @ 420 DM (5mm)
BB @ 675 DM
","Wells Fargo","5NC2","Reset","Priced","10/25/2024","11/13/2024","oct48_reset","BSL",
"False","False","Birch Gove CLO 11","div&lt;div&gt;divAAA @ 135-136 DM (256mm)
br&lt;br&gt;brAA @ 170-175 DM (48mm)
br&lt;br&gt;brA @ 190-200 DM
br&lt;br&gt;brSr BBB @ 295-305 DM (24mm)
br&lt;br&gt;brJr BBB @ 400-425 DM (4mm)
br&lt;br&gt;brBB @ 575-600 DM/div&lt;/div&gt;/div","Sr AAA @ 136 DM (310mm)
Jr AAA @ 161 DM (15mm)
AA @ 175 DM
A @ 200 DM
Sr BBB @ 310 DM (30mm)
Jr BBB (fixed) @ 7.973% (5mm)
BB @ 580 DM","JPMorgan","5NC2","New Issue","Priced","10/25/2024","11/15/2024","bgclo11_newissue","BSL",
"False","False","Valley Stream Park CLO",,"AAA @ 119 DM
AA @ 165 DM
A @ 185 DM
BBB @ 270 DM
Sr BB @ 525 DM (20.625mm)
Jr BBB @ 710 DM (1.375mm)","BNP Paribas","3NC1","Reset","Priced","10/25/2024","11/7/2024","vyspk_reset","BSL",
"False","False","Morgan Stanley Eaton Vance 2020-6 (fka 522 Funding)","div&lt;div&gt;divX @ 90a DM
br&lt;br&gt;brSr AAA @ 120a DM (248mm)
br&lt;br&gt;brJr AAA @ 135a DM (12mm)
br&lt;br&gt;brAA @ 165a DM
br&lt;br&gt;brA @ 195a DM
br&lt;br&gt;brSr BBB @ 300a DM/div&lt;/div&gt;/div","X @ 95 DM
Sr AAA @ 120 DM (248mm)
Jr AAA @ 135 DM (12mm)
AA @ 165 DM
A @ 195 DM","Wells Fargo","1.75NC1","Refinancing","Priced","10/25/2024","11/5/2024","msev2020-6_refi","BSL",
"False","False","Voya CLO 2024-6","div&lt;div&gt;divX @ 100-105 DM
br&lt;br&gt;brSr AAA @ 135a DM (320mm)
br&lt;br&gt;brJr AAA @ 155a DM (15mm)
br&lt;br&gt;brAA @ 170a DM
br&lt;br&gt;brA @ 190 DM
br&lt;br&gt;brSr BBB @ 295 DM (30mm)
br&lt;br&gt;brJr BBB @ 400 DM (5mm)
br&lt;br&gt;brBB @ 525-545 DM/div&lt;/div&gt;/div","X @ 110 DM
Sr AAA @ 135 DM (320mm)
Jr AAA @ 158 DM (15mm)
AA @ 170 DM
AA (fixed) @ 5.455% (+170)
A @ 190 DM
Sr BBB @ 295 DM (30mm)
Jr BBB @ 405 DM (5mm)
BB @ 540 DM","Scotia","5NC2","New Issue","Priced","10/25/2024","11/4/2024","voya2024-6_newissue","BSL",
"False","False","CENT CLO 34","div&lt;div&gt;divX @ 110 DM
br&lt;br&gt;brSr AAA subject
br&lt;br&gt;brJr AAA @ 160 DM
br&lt;br&gt;brAA @ 175 DM
br&lt;br&gt;brA @ 200 DM
br&lt;br&gt;brSr BBB @ 310 DM (24mm)
br&lt;br&gt;brJr BBB @ 410 DM (4mm)
br&lt;br&gt;brBB @ 625 DM/div&lt;/div&gt;/div","X @ 125 DM
Sr AAA @ 140 DM (240mm)
Jr AAA @ 165 DM (24mm)
AA @ 185 DM
A @ 220 DM
Sr BBB @ 330 DM (8mm)
Sr BBB (fixed) @ 7.245% (12mm)
Jr BBB @ 410 DM (8mm)
BB @ 685 DM","Jefferies","5NC2","New Issue","Priced","10/24/2024","11/13/2024","ceclo34_newissue","BSL",
"False","False","Magnetite XLII","div&lt;div&gt;divSr AAA @ 131 DM (320mm)
br&lt;br&gt;brJr AAA @ 150-155 DM (6.25mm)
br&lt;br&gt;brAA @ 160-165 DM
br&lt;br&gt;brA @ 175-180 DM
br&lt;br&gt;brSr BBB @ 275-280 DM (30mm)
br&lt;br&gt;brJr BBB @ 390-395 DM (5mm)
br&lt;br&gt;brBB @ 500-510 DM
br&lt;br&gt;brB not offered/div&lt;/div&gt;/div","Sr AAA @ 131 DM (364.8mm)
Jr AAA @ 155 DM (7.125mm)
AA @ 165 DM
A @ 180 DM
Sr BBB @ 280 DM (34.2mm)
Jr BBB @ 395 DM (5.7mm)
BB @ 500 DM
B @ 640 DM","JPMorgan","5NC2","New Issue","Priced","10/24/2024","11/5/2024","magne42_newissue","BSL",
"False","False","Symphony CLO 46","div&lt;div&gt;divSr AAA @ 135 DM (252mm)
br&lt;br&gt;brJr AAA @ 150-155 DM (16mm)
br&lt;br&gt;brAA @ 165-170 DM
br&lt;br&gt;brA @ 185-190 DM
br&lt;br&gt;brSr BBB @ 280 DM (20mm)
br&lt;br&gt;brJr BBB @ 408 DM (8mm)
br&lt;br&gt;brBB @ 550-565 DM/div&lt;/div&gt;/div","Sr AAA @ 135 DM (252mm)
Jr AAA @ 159 DM (16mm)
AA @ 175 DM
AA (fixed) @ 5.574%
A @ 190 DM
Sr BBB @ 280 DM (20mm)
Jr BBB @ 408 DM (8mm)
BB @ 565 DM","BNP Paribas","5NC2","New Issue","Priced","10/24/2024","11/1/2024","symp46_newissue","BSL",
"False","False","Sixth Street CLO 27","div&lt;div&gt;divAAA @ 134 DM
br&lt;br&gt;brAA @ 165a DM
br&lt;br&gt;brA @ 180-185 DM
br&lt;br&gt;brSr BBB @ 280-285 DM (30mm)
br&lt;br&gt;brJr BBB @ 395-400 DM (3.75mm)
br&lt;br&gt;brBB @ 515-525 DM/div&lt;/div&gt;/div","AAA @ 134 DM
AA @ 165 DM
A @ 185 DM
Sr BBB @ 280 DM (30mm)
Jr BBB @ 400 DM (3.75mm)
BB @ 525 DM","Bank of America","5NC2","New Issue","Priced","10/23/2024","11/1/2024","sixst27_newissue","BSL",
"False","False","KKR CLO 47","div&lt;div&gt;divAAA @ 137 DM
br&lt;br&gt;brAA @ 180 DM
br&lt;br&gt;brA @ 200 DM
br&lt;br&gt;brSr BBB @ 315 DM (30mm)
br&lt;br&gt;brJr BBB @ N+400 (5mm)
br&lt;br&gt;brBB @ 650a DM
br&lt;br&gt;brB not offered/div&lt;/div&gt;/div","AAA @ 137 DM
AA @ 180 DM
A @ 200 DM
Sr BBB @ 315 DM (30mm)
Jr BBB (fixed) @ 7.73% (5mm)
BB @ 650 DM
B @ S+632","JPMorgan","5NC2","New Issue","Priced","10/23/2024","11/1/2024","kkr47_newissue","BSL",
"False","False","OCP CLO 2017-13","div&lt;div&gt;divX @ 110a DM
br&lt;br&gt;brAAA @ 135a DM
br&lt;br&gt;brAA @ 170a DM
br&lt;br&gt;brAA (fixed) @ N+170a bps
br&lt;br&gt;brA @ 195a DM
br&lt;br&gt;brSr BBB @ 300a DM (27mm)
br&lt;br&gt;brJr BBB @ 405a DM (4.5mm)
br&lt;br&gt;brBB @ 575a DM/div&lt;/div&gt;/div","X @ 110 DM
AAA @ 134 DM
AA @ 170 DM
AA (fixed) @ 5.501%
A @ 200 DM
Sr BBB @ 290 DM (23.625mm)
Jr BBB (fixed) @ 7.807%
BB @ 590 DM","Citigroup","5NC2","Reset","Priced","10/23/2024","11/5/2024","ocp13_reset","BSL",
"False","False","Atlantic Avenue 2024-3","div&lt;div&gt;divAAA preplaced
br&lt;br&gt;brAA @ 170-180 DM
br&lt;br&gt;brA @ 205-210 DM
br&lt;br&gt;brBBB @ 310-320 DM
br&lt;br&gt;brBB @ 675-695 DM/div&lt;/div&gt;/div","AAA @ 126 DM
AA @ 180 DM
A @ 220 DM
Sr BBB @ 330 DM (22mm)
Jr BBB (fixed) @ 8.50% (6mm)
BB @ 695 DM","JPMorgan","2NC1","New Issue","Priced","10/23/2024","11/5/2024","mccp2024-3_newissue","BSL",
"False","False","Pikes Peak CLO 17","div&lt;div&gt;divSr AAA @ 138 DM (248mm)
br&lt;br&gt;brJr AAA @ 155-160 DM (16mm)
br&lt;br&gt;brAA @ 170-175 DM
br&lt;br&gt;brA @ 195-200 DM
br&lt;br&gt;brBBB @ 300a DM
br&lt;br&gt;brBB @ 575a DM/div&lt;/div&gt;/div","Sr AAA @ 138 DM (279mm)
Jr AAA @ 160 DM (18mm)
AA @ 170 DM
A @ 200 DM
Sr BBB @ 280 DM (22.5mm)
Jr BBB @ 415 DM (9mm)
BB @ 575 DM","Barclays","5NC2","New Issue","Priced","10/22/2024","11/1/2024","pipk17_newissue","BSL",
"False","False","RR 34 (fka RRX 5)","div&lt;div&gt;divAAA subject
br&lt;br&gt;brAA @ 170 DM 
br&lt;br&gt;brAA (fixed) @ +170
br&lt;br&gt;brA preplaced
br&lt;br&gt;brSr BBB preplaced
br&lt;br&gt;brJr BBB @ 400 DM
br&lt;br&gt;brBB @ 550 DM/div&lt;/div&gt;/div","AAA @ 135 DM
AA @ 170 DM
AA (fixed) @ 5.468%
A @ 190 DM
Sr BBB @ 275 DM (22.5mm)
BBB @ 365 DM (4.5mm)
Jr BBB (fixed) @ 7.826% (3.4mm)
BB @ 550 DM","Scotia","5NC2","Reset","Priced","10/21/2024","10/31/2024","rr34_reset","BSL",
"False","True","Cedar Funding X CLO","div&lt;div&gt;divX @ 90-95 DM
br&lt;br&gt;brAAA @ 136-137 DM
br&lt;br&gt;brAA @ 170-175 DM
br&lt;br&gt;brA @ 190-200 DM
br&lt;br&gt;brSr BBB @ 295-305 DM (24mm)
br&lt;br&gt;brJr BBB @ 400-410 DM (4mm)
br&lt;br&gt;brBB @ 600-625 DM
br&lt;br&gt;brB not offered/div&lt;/div&gt;/div","X @ 90 DM
AAA @ 136 DM
AA @ 170 DM
A @ 205 DM
Sr BBB @ 315 DM (19mm)
Jr BBB (fixed) @ 7.934% (9mm)
BB @ 675 DM
B not offered","Nomura","5NC2","Reset","Priced","10/18/2024","10/29/2024","cedf10_reset","BSL",
"False","False","Generate CLO 8","div&lt;div&gt;divX @ 100a DM
br&lt;br&gt;brSr AAA @ 138 DM (300mm)
br&lt;br&gt;brJr AAA @ 155-158 DM (15mm)
br&lt;br&gt;brAA @ 175 DM
br&lt;br&gt;brA @ 200-205 DM
br&lt;br&gt;brSr BBB @ 305-310 DM (25mm)
br&lt;br&gt;brJr BBB @ 400-410 DM (8.75mm)
br&lt;br&gt;brBB @ 615-635 DM/div&lt;/div&gt;/div","X @ 105 DM
Sr AAA @ 138 DM (300mm)
Jr AAA @ 160 DM (15mm)
AA @ 175 DM
A @ 210 DM
Sr BBB @ 320 DM (25mm)
Jr BBB (fixed) @ 7.9019% (8.75mm)
BB @ 635 DM","Goldman Sachs","5NC2","Reset","Priced","10/18/2024","11/4/2024","gnrt8_reset","BSL",
"False","False","Ocean Trails XVI","div&lt;div&gt;divSr AAA call desk
br&lt;br&gt;brJr AAA @ 160a DM
br&lt;br&gt;brAA @ 175-180 DM
br&lt;br&gt;brA @ 205-215 DM
br&lt;br&gt;brSr BBB @ 320-330 DM (21.6mm)
br&lt;br&gt;brJr BBB @ 410-420 DM (3.6mm)
br&lt;br&gt;brBB @ 650-675 DM/div&lt;/div&gt;/div","Sr AAA @ 141 DM (216mm)
Jr AAA @ 160 DM (9.9mm)
AA @ 180 DM
A @ 215 DM
Sr BBB @ 330 DM (18mm)
Jr BBB (fixed) @ 7.92% (+410; 7.2mm)
BB @ 685 DM","Bank of America","5NC2","New Issue","Priced","10/18/2024","11/7/2024","octr16_newissue","BSL",
"False","False","Flatiron CLO 26","div&lt;div&gt;divX @ 95 DM
br&lt;br&gt;brAAA @ 133 DM
br&lt;br&gt;brAA @ 165 DM
br&lt;br&gt;brA @ 180-185 DM
br&lt;br&gt;brBBB @ 280-285 DM
br&lt;br&gt;brBB @ 500-515 DM/div&lt;/div&gt;/div","X @ 100 DM
AAA @ 133 DM
AA @ 165 DM
A @ 185 DM
BBB @ 280 DM
BB @ 515 DM","Morgan Stanley","5NC2","New Issue","Priced","10/18/2024","11/1/2024","flat26_newissue","BSL",
"False","False","CIFC Funding 2022-VII","div&lt;div&gt;divSr AAA preplaced
br&lt;br&gt;brJr AAA @ 155a DM
br&lt;br&gt;brAA @ 170a DM
br&lt;br&gt;brA @ 190a DM
br&lt;br&gt;brSr BBB @ 290a DM (30mm)
br&lt;br&gt;brJr BBB @ 400a DM (5mm)
br&lt;br&gt;brBB @ 535-550 DM/div&lt;/div&gt;/div","Sr AAA @ 134 DM (300mm)
Jr AAA @ 157 DM (25mm)
AA @ 170 DM
A @ 190 DM
Sr BBB @ 285 DM (30mm)
Jr BBB @ 400 DM (5mm)
BB @ 535 DM","Barclays","5NC2","Reset","Priced","10/18/2024","10/31/2024","cifc2022-7_reset","BSL",
"False","False","Neuberger Berman Loan Advisers CLO 53","div&lt;div&gt;divSr AAA call desk
br&lt;br&gt;brJr AAA @ 150-155 DM
br&lt;br&gt;brAA @ 165-170 DM
br&lt;br&gt;brA @ 190a DM
br&lt;br&gt;brSr BBB @ 290a DM (30mm)
br&lt;br&gt;brJr BBB @ 400 DM (5mm)
br&lt;br&gt;brBB @ 525-535 DM/div&lt;/div&gt;/div","Sr AAA @ 134 DM (330mm)
Jr AAA @ 154 DM (33mm)
AA @ 170 DM
A @ 185 DM
Sr BBB @ 290 DM (33mm)
Jr BBB @ 400 DM (5.5mm)
BB @ 530 DM","Bank of America","5NC2","Reset","Priced","10/18/2024","10/30/2024","neub53_reset","BSL",
"False","False","Canyon CLO 2024-2","div&lt;div&gt;divSr AAA @ 136 DM (315mm)
br&lt;br&gt;brJr AAA @ 156a DM (10mm)
br&lt;br&gt;brAA @ 170-180 DM
br&lt;br&gt;brA @ 195-200 DM
br&lt;br&gt;brSr BBB @ 300-310 DM (30mm)
br&lt;br&gt;brJr BBB @ 400-410 DM (5mm)
br&lt;br&gt;brBB @ 600-615 DM
br&lt;br&gt;brB retained/div&lt;/div&gt;/div","Sr AAA @ 136 DM (315mm)
Jr AAA @ 160 DM (10mm)
AA @ 180 DM 
A @ 200 DM
Sr BBB @ 310 DM (30mm)
Jr BBB (fixed) @ 7.8302% (5mm)
BB @ 575 DM
B retained","Goldman Sachs","5NC2","New Issue","Priced","10/17/2024","11/8/2024","canyc2024-2_newissue","BSL",
"False","False","Golub Capital Partners CLO 43(B)","div&lt;div&gt;divSr AAA @ 134-135 DM (256mm)
br&lt;br&gt;brJr AAA @ 150-155 DM (8mm)
br&lt;br&gt;brAA @ 170a DM
br&lt;br&gt;brA @ 195 DM
br&lt;br&gt;brSr BBB @ 300 DM (22mm)
br&lt;br&gt;brJr BBB @ 415-425 DM (6mm)
br&lt;br&gt;brBB @ 560-575 DM/div&lt;/div&gt;/div","Sr AAA @ 134 DM (310mm)
Jr AAA @ 150 DM (20mm)
AA @ 175 DM
A @ 195 DM
Sr BBB @ 300 DM (27.5mm)
Jr BBB @ 410 DM (7.5mm)
BB @ 575 DM","BNP Paribas","5NC2","New Issue","Priced","10/17/2024","11/1/2024","gcbsl43b_newissue","BSL",
"False","False","BXSL CLO 2024-1","div&lt;div&gt;divAAA preplaced
br&lt;br&gt;brAA @ 170-175 DM
br&lt;br&gt;brA not offered/div&lt;/div&gt;/div",,"RBC","4NC2","New Issue","Announced","10/17/2024",,"bxsl2024-1_newissue","MM",
"False","False","Regatta XXI Funding","div&lt;div&gt;divX @ 100a DM
br&lt;br&gt;brSr AAA call desk
br&lt;br&gt;brJr AAA @ 155-160 DM (12mm)
br&lt;br&gt;brAA @ 175a DM
br&lt;br&gt;brA @ 200a DM
br&lt;br&gt;brSr BBB @ 310-320 DM (24mm)
br&lt;br&gt;brJr BBB @ 425-435 DM (4mm)
br&lt;br&gt;brBB @ 625-650 DM/div&lt;/div&gt;/div","X @ 110 DM
Sr AAA @ 138 DM (252mm)
Jr AAA @ 160 DM (12mm)
AA @ 175 DM (40mm)
A @ 195 DM (24mm)
Sr BBB @ 310 DM (24mm)
Jr BBB (fixed) @ 7.85% (4mm; +405)
BB @ 625 DM","Bank of America","5NC2","Reset","Priced","10/16/2024","11/5/2024","reg21_reset","BSL",
"False","False","Apidos CLO L","div&lt;div&gt;divSr AAA @ 134 DM (subject; 320mm)
br&lt;br&gt;brJr AAA @ 145-150 DM (10mm)
br&lt;br&gt;brAA @ 155-160 DM
br&lt;br&gt;brA @ 175-180 DM
br&lt;br&gt;brSr BBB @ 275-285 DM (30mm)
br&lt;br&gt;brJr BBB @ 395-405 DM (5mm)
br&lt;br&gt;brBB @ 500-525 DM
br&lt;br&gt;brB @ 650 DM/div&lt;/div&gt;/div","Sr AAA @ 134 DM (320mm)
Jr AAA @ 155 DM (10mm)
AA @ 165 DM
A @ 185 DM
Sr BBB @ 280 DM (30mm)
Jr BBB @ 400 DM (5mm)
BB @ 510 DM
B @ 775 DM","Jefferies","5NC2","New Issue","Priced","10/16/2024","11/1/2024","apid50_newissue","BSL",
"False","False","Barings CLO 2024-V","div&lt;div&gt;divX @ 110a DM
br&lt;br&gt;brSr AAA call desk
br&lt;br&gt;brJr AAA @ 155a DM
br&lt;br&gt;brAA @ 168 DM
br&lt;br&gt;brA @ 190 DM
br&lt;br&gt;brSr BBB @ 290-300 DM (30mm)
br&lt;br&gt;brJr BBB @ 410-420 DM (5mm)
br&lt;br&gt;brBB @ 550-575 DM/div&lt;/div&gt;/div","X @ 110 DM
Sr AAA @ 134 DM (307.5mm)
Jr AAA @ 158 DM (12.5mm)
AA @ 168 DM
A @ 190 DM
Sr BBB @ 300 DM (30mm)
Jr BBB @ 410 DM (5mm)
BB @ 565 DM","Citigroup","5NC2","New Issue","Priced","10/16/2024","10/31/2024","babsn2024-5_newissue","BSL",
"False","False","Deerpath Capital CLO 2022-1","div&lt;div&gt;divSr AAA @ 170 DM (290mm)
br&lt;br&gt;brJr AAA @ 185-190 DM (15mm)
br&lt;br&gt;brAA @ 195-200 DM (35mm)
br&lt;br&gt;brA @ 250-265 DM (40mm)
br&lt;br&gt;brBBB @ 425-435 DM (30mm)/div&lt;/div&gt;/div","Sr AAA @ 170 DM (420.5mm)
Jr AAA @ 185 DM (21.75mm)
AA @ 195 DM
A @ 265 DM
BBB @ 435 DM","GreensLedge","4NC2","Reset","Priced","10/16/2024","11/13/2024","dpath2022-1_reset","MM",
"False","False","Niagara Park CLO","div&lt;div&gt;divX @ 110a DM
br&lt;br&gt;brSr AAA @ 134a DM (288mm)
br&lt;br&gt;brJr AAA @ 155a DM (9mm)
br&lt;br&gt;brAA @ 165-170 DM
br&lt;br&gt;brAA (fixed) @ +165-170 bps
br&lt;br&gt;brA @ 190-195 DM
br&lt;br&gt;brSr BBB @ 295-300 DM (27mm)
br&lt;br&gt;brJr BBB @ 410a DM (4.5mm)
br&lt;br&gt;brBB @ 550-575 DM
br&lt;br&gt;brB call desk/div&lt;/div&gt;/div","X @ 115 DM
Sr AAA @ 134 DM (288mm)
Jr AAA @ 160 DM (9mm)
AA @ 170 DM
AA (fixed) @ 5.47%
A @ 200 DM
Sr BBB @ 290 DM (22.5mm)
Jr BBB (fixed) @ 7.78% (9mm)
BB @ 610 DM
B @ S+716 bps","Bank of America","5NC2","Reset","Priced","10/15/2024","11/5/2024","niapk_reset","BSL",
"False","False","LCM 42","div&lt;div&gt;divSr AAA @ 136-137 DM/div&lt;/div&gt;/div","Sr AAA @ 138 DM (192mm)
Jr AAA @ 160 DM (6mm)
AA @ 180 DM
A @ 210 DM
Sr BBB @ 350 DM (15mm)
Jr BBB (fixed) @ 8.008% (6mm)
BB @ 725 DM
B @ S+808 bps","Scotia","5NC2","New Issue","Priced","10/15/2024","11/15/2024","lcm42_newissue","BSL",
"False","False","OBRA CLO 1","div&lt;div&gt;divSr AAA preplaced
br&lt;br&gt;brJr AAA preplaced
br&lt;br&gt;brAA preplaced
br&lt;br&gt;brA @ 210-220 DM
br&lt;br&gt;brSr BBB @ 320-330 DM (24mm)
br&lt;br&gt;brJr BBB @ 450a DM (4mm)
br&lt;br&gt;brBB @ 675-700 DM/div&lt;/div&gt;/div","Sr AAA @ 148 DM (240mm)
Jr AAA @ 177 DM (16mm)
AA @ 185 DM
A @ 215 DM
Sr BBB @ 340 DM (22mm)
Jr BBB (fixed) @ 8.259% (6mm)
BB @ 675 DM","JPMorgan","5NC2","New Issue","Priced","10/15/2024","11/5/2024","obra1_newissue","BSL",
"False","False","Sound Point CLO 41","div&lt;div&gt;divSr AAA @ 138 DM (248mm)
br&lt;br&gt;brJr AAA @ 155a DM (16mm)
br&lt;br&gt;brAA @ 175a DM
br&lt;br&gt;brA @ 205a DM
br&lt;br&gt;brSr BBB @ 320a DM (24mm)
br&lt;br&gt;brJr BBB preplaced
br&lt;br&gt;brBB preplaced/div&lt;/div&gt;/div","Sr AAA @ 138 DM (248mm)
Jr AAA @ 163 DM (16mm)
AA @ 180 DM
A @ 205 DM
Sr BBB @ 320 DM (24mm)
Jr BBB @ 450 DM (4mm)
BB @ 660 DM","Wells Fargo","5NC2","New Issue","Priced","10/15/2024","10/28/2024","sndpt41_newissue","BSL",
"False","False","Bain Capital Credit CLO 2022-6","div&lt;div&gt;divX @ 110 DM
br&lt;br&gt;brSr AAA @ 137 DM (320mm)
br&lt;br&gt;brJr AAA @ 157 DM (15mm)
br&lt;br&gt;brAA @ 175 DM
br&lt;br&gt;brA @ 195-200 DM
br&lt;br&gt;brSr BBB @ 300 DM (30mm)
br&lt;br&gt;brJr BBB @ 410 DM (5mm)
br&lt;br&gt;brBB @ L600s DM (15mm)/div&lt;/div&gt;/div","X @ 115 DM
Sr AAA @ 137 DM (320mm)
Jr AAA @ 157 DM (15mm)
AA @ 175 DM
A @ 200 DM
Sr BBB @ 300 DM (25mm)
Jr BBB @ 7.729% (10mm)
BB @ 625 DM","CIBC","5NC2","Reset","Priced","10/15/2024","10/25/2024","bcc2022-6_reset","BSL",
"False","False","Elmwood CLO II","div&lt;div&gt;divX call desk
br&lt;br&gt;brSr AAA @ 135 DM (610mm; call desk)
br&lt;br&gt;brJr AAA @ 155a DM (25mm)
br&lt;br&gt;brAA @ 170 DM (call desk)
br&lt;br&gt;brA @ 185-190 DM
br&lt;br&gt;brSr BBB @ 285-295 DM (60mm)
br&lt;br&gt;brJr BBB @ 400-410 DM (5mm)
br&lt;br&gt;brBB @ 550-565 DM
br&lt;br&gt;brB @ 800 DM/div&lt;/div&gt;/div","X @ 100 DM
Sr AAA @ 135 DM (610mm)
Jr AAA @ 155 DM (25mm)
AA @ 170 DM
A @ 200 DM
Sr BBB @ 305 DM (60mm)
Jr BBB @ 400 DM (5mm)
BB @ 575 DM
B @ 825 DM","Bank of America","5NC2","Reset","Priced","10/15/2024","10/29/2024","elmw2_reset","BSL",
"False","False","Benefit Street Partners CLO XXXVII","div&lt;div&gt;divAAA @ 134-135 DM
br&lt;br&gt;brAA @ 160-165 DM
br&lt;br&gt;brA @ 185-190 DM
br&lt;br&gt;brSr BBB @ 290-295 DM (30mm)
br&lt;br&gt;brJr BBB @ 395-400 DM (5mm)
br&lt;br&gt;brBB @ 545-550 DM/div&lt;/div&gt;/div","AAA @ 135 DM
AA @ 165 DM
A @ 185 DM
Sr BBB @ 285 DM (30mm)
Jr BBB @ 400 DM (5mm)
BB @ 535 DM","Citigroup","5NC2","New Issue","Priced","10/15/2024","11/1/2024","bsp37_newissue","BSL",
"False","False","AGL CLO 35",,"Sr AAA @ 134 DM (256mm)
Jr AAA @ 155 DM (8mm)
AA @ 165 DM
A @ 190 DM
Sr BBB @ 285 DM (24mm)
Jr BBB @ 400 DM (4mm)
BB @ 515 DM
B @ 775 DM","Societe Generale","5NC2 ","New Issue","Priced","10/11/2024","10/25/2024","agl35_newissue","BSL",
"False","False","Cerberus Loan Funding XLIX","div&lt;div&gt;divAAA @ 135a DM/div&lt;/div&gt;/div","AAA @ 135 DM
AA @ 175 DM
A @ 210 DM
BBB @ 350 DM","Bank of America","1.25NC1","New Issue","Priced","10/11/2024","11/5/2024","cerb49_newissue","MM",
"False","False","Morgan Stanley Eaton Vance CLO 2022-18","div&lt;div&gt;divSr AAA preplaced
br&lt;br&gt;brJr AAA @ 155a DM
br&lt;br&gt;brAA @ 170-175 DM
br&lt;br&gt;brA @ 195-200 DM
br&lt;br&gt;brSr BBB @ 305-310 DM (23.83mm)
br&lt;br&gt;brJr BBB @ 430a DM (3.975mm)
br&lt;br&gt;brBB @ 600a DM/div&lt;/div&gt;/div","Sr AAA @ 137 DM (244.325mm)
Jr AAA @ 155 DM (17.878mm)
AA @ 175 DM
A @ 195 DM
Sr BBB @ 310 DM (27.85mm)
Jr BBB @ 435 DM (5.955mm)
BB @ 615 DM","Wells Fargo","5NC2","Reset","Priced","10/10/2024","11/1/2024","msev18_reset","BSL",
"False","False","RR 33","div&lt;div&gt;divSr AAA subject
br&lt;br&gt;brJr AAA @ 150a DM
br&lt;br&gt;brAA @ 165a DM
br&lt;br&gt;brA not offered
br&lt;br&gt;brBBB not offered
br&lt;br&gt;brBB call desk
br&lt;br&gt;brB not offered/div&lt;/div&gt;/div","Sr AAA @ 135 DM (315mm)
Jr AAA @ 158 DM (15mm)
AA @ 170 DM
A @ 190 DM
BBB @ 295 DM
BB @ 550 DM
B @ 681 DM","Barclays","5NC2","New Issue","Priced","10/10/2024","10/18/2024","rr33_newissue","BSL",
"False","False","Barings Loan Partners CLO 5",,"AAA @ 122 DM
AA @ 160 DM
A @ 195 DM
BBB @ 280 DM
BB @ 575 DM","Citigroup","3NC1","New Issue","Priced","10/10/2024","10/10/2024","babsnlp5_newissue","BSL",
"False","False","Harvest US CLO 2024-3","div&lt;div&gt;divSr AAA @ 137-138 DM (256mm)
br&lt;br&gt;brJr AAA @ 155-160 DM (16mm)
br&lt;br&gt;brAA @ 175a DM
br&lt;br&gt;brA @ 200a DM
br&lt;br&gt;brSr BBB @ 300-310 DM (24mm)
br&lt;br&gt;brJr BBB @ 425a DM (6mm)
br&lt;br&gt;brBB @ 600a DM/div&lt;/div&gt;/div","Sr AAA @ 139 DM (240mm)
Jr AAA @ 160 DM (32mm)
AA @ 180 DM
A @ 210 DM
Sr BBB @ 330 DM (20mm)
Jr BBB (fixed) @ 7.834% (10mm)
BB @ 670 DM","CIBC","5NC2","New Issue","Priced","10/10/2024","10/31/2024","harus3_newissue","BSL",
"False","False","Allegro CLO XVIII","div&lt;div&gt;divX @ 115-120 DM
br&lt;br&gt;brSr AAA @ 138 DM (248mm)
br&lt;br&gt;brJr AAA @ 158-160 DM (12mm)
br&lt;br&gt;brAA @ 180-185 DM
br&lt;br&gt;brA @ 215-225 DM
br&lt;br&gt;brSr BBB @ 315-325 DM (20mm)
br&lt;br&gt;brJr BBB @ 410-420 DM (9mm)
br&lt;br&gt;brBB @ 700-725 DM/div&lt;/div&gt;/div","X @ 135 DM
Sr AAA @ 138 DM (248mm)
Jr AAA @ 160 DM (11mm)
AA @ 185 DM
A @ 225 DM
Sr BBB @ 325 DM (20mm)
Jr BBB (fixed) @ 7.7892% (9mm; +400)
BB @ 750 DM
B retained","Goldman Sachs","5NC2","New Issue","Priced","10/10/2024","10/30/2024","alleg18_newissue","BSL",
"False","False","Bridge Street CLO III","div&lt;div&gt;divSr AAA @ 142 DM (234mm)
br&lt;br&gt;brJr AAA @ 162 DM (7mm)
br&lt;br&gt;brAA @ 180 DM
br&lt;br&gt;brA @ 230 DM
br&lt;br&gt;brSr BBB @ 325 DM (9.5mm)
br&lt;br&gt;brSr BBB (fixed) @ 6.63% (8mm)
br&lt;br&gt;brJr BBB (fixed) @ 435 DM (7mm)
br&lt;br&gt;brBB @ 750 DM/div&lt;/div&gt;/div","Sr AAA @ 142 DM (234mm)
Jr AAA @ 162 DM (7mm)
AA @ 180 DM
A @ 230 DM
Sr BBB @ 325 DM (9.5mm)
Sr BBB (fixed) @ 6.63% (8mm)
Jr BBB (fixed) @ 435 DM (7mm)
BB @ 750 DM","Mizuho","5NC2","Reset","Priced","10/9/2024","10/9/2024","brdgs3_reset","BSL",
"False","False","GoldenTree Loan Management US CLO 8","div&lt;div&gt;divAAA @ 115-117 DM/div&lt;/div&gt;/div","AAA @ 115 DM
AA @ 155 DM
A @ 185 DM
BBB @ 290 DM
BB @ 575 DM","Morgan Stanley","2NC1","Refinancing","Priced","10/9/2024","10/18/2024","glm8_refi","BSL",
"False","False","Wellfleet CLO X","div&lt;div&gt;divAAA @ 112 DM
br&lt;br&gt;brAA @ 160 DM
br&lt;br&gt;brA @ 190 DM
br&lt;br&gt;brBBB @ 310 DM/div&lt;/div&gt;/div","AAA @ 112 DM
AA @ 175 DM
A @ 210 DM
BBB @ 330 DM","Santander","0.25NC0.5","Refinancing","Priced","10/9/2024","10/29/2024","welf10_refi","BSL",
"False","False","HPS Loan Management 2024-22","div&lt;div&gt;divSr AAA @ 137 DM
br&lt;br&gt;brJr AAA @ 155a DM
br&lt;br&gt;brAA @ 170a DM
br&lt;br&gt;brA @ 190-200 DM
br&lt;br&gt;brSr BBB @ 290-300 DM (24mm)
br&lt;br&gt;brJr BBB @ 410-420 DM (4mm)
br&lt;br&gt;brBB @ 550-575 DM
br&lt;br&gt;brB retained/div&lt;/div&gt;/div","Sr AAA @ 137 DM (252mm)
Jr AAA @ 155 DM (12mm)
AA @ 175 DM
A @ 200 DM
Sr BBB @ 290 DM (22mm)
Jr BBB (fixed) @ 7.72% (4mm)
Jr BBB @ 400 DM (2mm)
BB @ 570 DM
B retained","Bank of America","5NC2","New Issue","Priced","10/9/2024","10/25/2024","hlm22_newissue","BSL",
"False","False","Owl Rock CLO XX",,"AAA @ 135 DM
AA @ 175 DM
A @ 210 DM
BBB retained","Societe Generale","1NC1","New Issue","Priced","10/9/2024","10/24/2024","or20_newissue","MM",
"False","False","Ares LI CLO","div&lt;div&gt;divSr AAA @ 136 DM (320mm)
br&lt;br&gt;brJr AAA @ 155a DM (10mm)
br&lt;br&gt;brAA @ 170a DM
br&lt;br&gt;brA @ 195a DM
br&lt;br&gt;brSr BBB @ 315a DM (30mm)
br&lt;br&gt;brJr BBB @ 415a DM (5mm)
br&lt;br&gt;brBB @ 625-650 DM
br&lt;br&gt;br/div&lt;/div&gt;/div","Sr AAA @ 136 DM (320mm)
Jr AAA @ 158 DM (10mm)
AA @ 175 DM
A @ 200 DM
Sr BBB @ 315 DM (30mm)
Jr BBB @ 7.819% (5mm; +400)
BB @ 625 DM","Morgan Stanley","5NC2","Reset","Priced","10/9/2024","11/1/2024","ares51_reset","BSL",
"False","False","Bain Capital Credit CLO 2021-4","div&lt;div&gt;divX @ 90 DM
br&lt;br&gt;brSr AAA @ 120 DM (378mm)
br&lt;br&gt;brJr AAA @ 140 DM (12mm)
br&lt;br&gt;brAA @ 160 DM
br&lt;br&gt;brA @ 190 DM
br&lt;br&gt;brSr BBB @ 310 DM/div&lt;/div&gt;/div","X @ 95 DM
Sr AAA @ 120 DM (378mm)
Jr AAA @ 145 DM (12mm)
AA @ 165 DM
A @ 195 DM","Jefferies","2NC1","Refinancing","Priced","10/9/2024","10/18/2024","bcc2021-4_refi","BSL",
"False","False","OCP CLO 2021-22","div&lt;div&gt;divX @ 90-95 DM
br&lt;br&gt;brAAA @ 135 DM
br&lt;br&gt;brAA @ 170a DM
br&lt;br&gt;brA @ 190-195 DM
br&lt;br&gt;brSr BBB @ 290-300 DM (33mm)
br&lt;br&gt;brJr BBB @ N+405 (5.5mm; preplaced)
br&lt;br&gt;brBB @ 560-575 DM/div&lt;/div&gt;/div","X @ 100 DM
AAA @ 135 DM
AA @ 170 DM 
A @ 195 DM
Sr BBB @ 300 DM (33mm)
Jr BBB (fixed) @ 7.659% (5.5mm; N+405bps)
BB @ 575 DM","BNP Paribas","5NC2","Reset","Priced","10/9/2024","10/18/2024","ocp22_reset","BSL",
"False","False","Mountain View CLO 2016-1",,"AAA @ 126 DM
AA @ 180 DM
A @ 235 DM","Mitsubishi","0.5NC0.75","Refinancing","Priced","10/8/2024","10/8/2024","mvew2016-1_refi","BSL",
"False","False","KKR CLO 49",,"X @ 110 DM
AAA @ 138 DM
AA @ 195 DM
A @ 205 DM
Sr BBB @ 330 DM (25mm)
Jr BBB (fixed) @ 7.86% (8mm)
BB @ 682 DM
B @ 783 DM","Deutsche Bank","5NC2","Reset","Priced","10/8/2024","10/8/2024","kkr49_reset","BSL",
"False","False","VCC CLO 1","div&lt;div&gt;divSr AAA call desk
br&lt;br&gt;brJr AAA @ 185a DM
br&lt;br&gt;brAA @ 200-215 DM
br&lt;br&gt;brA @ 240-255 DM/div&lt;/div&gt;/div","Sr AAA @ 171 DM (280mm)
Jr AAA @ 185 DM (30mm)
AA @ 215 DM
A @ 265 DM","Wells Fargo","4NC2","New Issue","Priced","10/8/2024","10/31/2024","vcc1_newissue","BSL",
"False","False","Orion CLO 2024-4","div&lt;div&gt;divAAA @ 138 DM
br&lt;br&gt;brAA @ 170-175 DM
br&lt;br&gt;brA @ 195-200 DM
br&lt;br&gt;brSr BBB @ 295-305 DM (24mm)
br&lt;br&gt;brJr BBB @ 410-420 DM (4mm)
br&lt;br&gt;brBB @ 580-605 DM/div&lt;/div&gt;/div","AAA @ 138 DM
AA @ 175 DM
A @ 195 DM
Sr BBB @ 305 DM (24mm)
Jr BBB (fixed) @ 7.83% (4mm; N+410 bps)
BB @ 600 DM","Bank of America","5NC2","New Issue","Priced","10/8/2024","10/25/2024","antor4_newissue","BSL",
"False","False","Symphony Loan Funding CLO 1","div&lt;div&gt;divAAA @ 143 DM
br&lt;br&gt;brAA @ 175-185 DM
br&lt;br&gt;brA @ 215-225 DM
br&lt;br&gt;brSr BBB @ 320-330 DM (24mm)
br&lt;br&gt;brJr BBB @ 440-450 DM (4mm)
br&lt;br&gt;brBB @ 700-725 DM/div&lt;/div&gt;/div","Sr AAA @ 143 DM (240mm)
Jr AAA @ 165 DM (12mm)
AA @ 185 DM
A @ 230 DM
Sr BBB @ 350 DM (17mm)
Jr BBB @ 440 DM (6.5mm)
Jr BBB (fixed) @ 8.35% (4.5mm)
BB @ 725 DM","Bank of America","5NC2","New Issue","Priced","10/8/2024","11/15/2024","slf1_newissue","BSL",
"False","False","MidOcean Credit CLO XVII","div&lt;div&gt;divSr AAA @ 138 DM (244mm)
br&lt;br&gt;brJr AAA @ 158-160 DM (16mm)
br&lt;br&gt;brAA @ 170 DM
br&lt;br&gt;brA @ 195-200 DM
br&lt;br&gt;brSr BBB @ 300-310 DM (24mm)
br&lt;br&gt;brJr BBB @ 405-415 DM (4mm)
br&lt;br&gt;brBB @ 595-610 DM/div&lt;/div&gt;/div","Sr AAA @ 138 DM (244mm)
Jr AAA @ 156 DM (16mm)
AA @ 175 DM
A @ 195 DM
Sr BBB @ 300 DM (21mm)
Jr BBB @ 415 DM (7mm)
BB @ 600 DM","Goldman Sachs","5NC2","New Issue","Priced","10/8/2024","10/25/2024","mido17_newissue","BSL",
"False","False","Oaktree CLO 2019-3","div&lt;div&gt;divSr AAA @ 138 DM (480mm)
br&lt;br&gt;brJr AAA @ 158 DM (30mm)
br&lt;br&gt;brAA @ 170 DM
br&lt;br&gt;brA @ 200 DM
br&lt;br&gt;brSr BBB @ 300-310 DM (45mm)
br&lt;br&gt;brJr BBB @ 425 DM (7.5mm)
br&lt;br&gt;brBB @ 650 DM/div&lt;/div&gt;/div","Sr AAA @ 138 DM (480mm)
Jr AAA @ 158 DM (30mm)
AA @ 175 DM
A @ 200 DM
Sr BBB @ 310 DM (37.5mm)
Jr BBB @ 7.721% (15mm)
BB @ 675 DM","JPMorgan","5NC2","Reset","Priced","10/8/2024","10/24/2024","oakcl2019-3_reset","BSL",
"False","False","AGL CLO 5","AR3 (AAA) @ 120 DM
BR3 (AA) @ 150-160 DM
CR3 (A) @ 175-180 DM
D1R3 (Sr BBB) @ 270-280 DM
D2R3 (Jr BBB) @ 370-380 DM
ER3 (BB) @ 475-500 DM
","AAA @ 120 DM
AA @ 165 DM
A @ 192 DM
BBB @ 290 DM
BB @ 635 DM","Mizuho","1.75NC1","Refinancing","Priced","10/7/2024","10/7/2024","agl5_reset2025","BSL",
"False","False","Generate CLO 18","div&lt;div&gt;divAAA @ 137 DM
br&lt;br&gt;brAA @ 170-175 DM
br&lt;br&gt;brA @ 195-200 DM
br&lt;br&gt;brSr BBB @ 295-300 DM (30mm)
br&lt;br&gt;brJr BBB @ 420a DM (3.75mm)
br&lt;br&gt;brBB @ 575-600 DM/div&lt;/div&gt;/div","AAA @ 137 DM
AA @ 175 DM
A @ 200 DM
Sr BBB @ 300 DM (30mm)
Jr BBB @ 420 DM (3.75mm)
BB @ 600 DM","JPMorgan","5NC2","New Issue","Priced","10/7/2024","10/18/2024","gnrt18_newissue","BSL",
"False","False","Pikes Peak CLO 4","div&lt;div&gt;divAAA @ 121 DM
br&lt;br&gt;brAA @ 175 DM
br&lt;br&gt;brA @ 195 DM
br&lt;br&gt;brBBB @ 310 DM/div&lt;/div&gt;/div","AAA @ 121 DM
AA @ 175 DM
A @ 195 DM
BBB @ 310 DM","JPMorgan","2NC1","Refinancing","Priced","10/7/2024","10/10/2024","pipk4_refi","BSL",
"False","False","Vibrant CLO XIII","div&lt;div&gt;divSr AAA @ 140 DM
br&lt;br&gt;brJr AAA @ 160 DM
br&lt;br&gt;brAA @ 180-185 DM
br&lt;br&gt;brAA (fixed) @ +170-175 bps
br&lt;br&gt;brA @ 220-230 DM
br&lt;br&gt;brSr BBB @ 325-335 DM (25mm)
br&lt;br&gt;brJr BBB @ 410-415 DM (13.75mm)
br&lt;br&gt;brBB @ 700-725 DM/div&lt;/div&gt;/div","Sr AAA @ 140 DM (320mm)
Jr AAA @ 170 DM (10mm)
AA @ 185 DM
A @ 230 DM
Sr BBB @ 350 DM (25mm)
Jr BBB (fixed) @ 8.033% (13.75mm)
BB @ S+759 bps ($99)","Goldman Sachs","5NC2","Reset","Priced","10/7/2024","11/1/2024","vibr13_reset","BSL",
"False","False","Greywolf CLO III","div&lt;div&gt;divAAA @ 123 DM
br&lt;br&gt;brAA @ 175a DM
br&lt;br&gt;brA @ 200a DM
br&lt;br&gt;brBBB @ 310-320 DM/div&lt;/div&gt;/div","AAA @ 123 DM
AA @ 185 DM
A @ 230 DM
BBB @ 325 DM","Goldman Sachs","0.5NC0.75","Re-Issue","Priced","10/7/2024","10/18/2024","gwolf3_reissue","BSL",
"False","False","Pikes Peak CLO 2","div&lt;div&gt;divAAA @ 122 DM
br&lt;br&gt;brAA @ 170-175 DM
br&lt;br&gt;brA @ 200 DM
br&lt;br&gt;brBBB @ 295 DM/div&lt;/div&gt;/div","AAA @ 122 DM
AA @ 175 DM
A @ 200 DM
BBB @ 295 DM","JPMorgan","2NC1","Refinancing","Priced","10/7/2024","10/10/2024","pipk2_refi","BSL",
"False","True","Neuberger Berman Loan Advisers CLO 58","div&lt;div&gt;divAAA @ 134 DM
br&lt;br&gt;brAA @ 165-170 DM
br&lt;br&gt;brA @ 185-190 DM
br&lt;br&gt;brSr BBB @ 285-290 DM (30mm)
br&lt;br&gt;brJr BBB @ 410-420 DM (5mm)
br&lt;br&gt;brBB @ L500s DM/div&lt;/div&gt;/div","AAA @ 134 DM
AA @ 165 DM
A @ 190 DM
Sr BBB @ 290 DM (30mm)
Jr BBB @ 400 DM (5mm)
BB @ 525 DM","CIBC","5NC2","New Issue","Priced","10/7/2024","10/18/2024","neub58_newissue","BSL",
"False","False","Hamlin Park CLO","div&lt;div&gt;divAAA @ 134 DM
br&lt;br&gt;brAA @ 165 DM
br&lt;br&gt;brA @ 180-190 DM
br&lt;br&gt;brSr BBB @ 280-290 DM (24mm)
br&lt;br&gt;brJr BBB @ 410a DM (2mm)
br&lt;br&gt;brBB @ 535-550 DM/div&lt;/div&gt;/div","AAA @ 134 DM
AA @ 170 DM
AA (fixed) @ 5.28%
A @ 190 DM
Sr BBB @ 290 DM (24mm)
Jr BBB @ 405 DM (2.6mm)
BB @ 540 DM","Bank of America","5NC2","New Issue","Priced","10/4/2024","10/17/2024","hampk_newissue","BSL",
"False","False","HalseyPoint CLO I","div&lt;div&gt;divX @ 105 DM
br&lt;br&gt;brAAA @ 145 DM
br&lt;br&gt;brAA @ 185 DM
br&lt;br&gt;brA @ 215-225 DM
br&lt;br&gt;brSr BBB @ 330-340 DM (24mm)
br&lt;br&gt;brJr BBB @ 440-450 DM (2mm)
br&lt;br&gt;brBB @ 775-800 DM
br&lt;br&gt;brB @ 1100a DM (m90s)/div&lt;/div&gt;/div","X @ 110 DM
AAA @ 145 DM
AA @ 190 DM
A @ 235 DM
Sr BBB @ 380 DM (20mm)
Jr BBB @ 550 DM (6mm)
BB @ 850 DM
B @ 1073 DM","JPMorgan","5NC2","Reset","Priced","10/4/2024","10/29/2024","hlsy1_reset","BSL",
"False","False","TCW CLO 2024-3","div&lt;div&gt;divSr AAA @ 139 DM
br&lt;br&gt;brJr AAA @ 155 DM
br&lt;br&gt;brAA @ 170 DM/div&lt;/div&gt;/div","X @ 115 DM
Sr AAA @ 139 DM (248mm)
Jr AAA @ 160 DM (20mm)
AA @ 175 DM
A @ 200 DM
Sr BBB @ 310 DM (10.5mm)
Sr BBB (fixed) @ 6.905% (13.5mm; +310 bps)
Jr BBB (fixed) @ 7.91% (6mm; +410 bps)
BB @ 660 DM","Jefferies","5NC2","New Issue","Priced","10/4/2024","10/29/2024","tcw2024-3_newissue","BSL",
"False","False","Post CLO VI","div&lt;div&gt;divSr AAA @ 139 DM (240mm)
br&lt;br&gt;brJr AAA @ 155 DM (24mm)
br&lt;br&gt;brAA @ 175-180 DM
br&lt;br&gt;brA @ 200-210 DM
br&lt;br&gt;brSr BBB @ 300-315 DM (24mm)
br&lt;br&gt;brJr BBB (fixed) @ N+415 bps (4mm)
br&lt;br&gt;brBB @ 600-625 DM/div&lt;/div&gt;/div","Sr AAA @ 142 DM (240mm)
Jr AAA @ 162 DM (24mm)
AA @ 180 DM
A @ 210 DM
Sr BBB @ 320 DM (24mm)
Jr BBB @ 440 DM (4mm)
BB @ 650 DM","RBC","5NC2","New Issue","Priced","10/4/2024","10/18/2024","post6_newissue","BSL",
"False","False","Elmwood CLO 35","div&lt;div&gt;divAAA call desk
br&lt;br&gt;brAA @ 165a DM
br&lt;br&gt;brA @ 180-190 DM
br&lt;br&gt;brSr BBB @ 280-290 DM (30mm)
br&lt;br&gt;brJr BBB @ 410a DM (4mm)
br&lt;br&gt;brBB @ 500-525 DM/div&lt;/div&gt;/div","AAA @ 134 DM
AA @ 165 DM
A @ 185 DM
Sr BBB @ 285 DM (30mm)
Jr BBB @ 400 DM (4mm)
BB @ 525 DM","Morgan Stanley","5NC2","New Issue","Priced","10/3/2024","10/18/2024","elm35_newissue","BSL",
"False","False","Palmer Square CLO 2022-4","div&lt;div&gt;divSr AAA @ 135 DM (320mm)
br&lt;br&gt;brJr AAA @ 155a DM (20mm)
br&lt;br&gt;brAA @ 165a DM
br&lt;br&gt;brA @ 185-190 DM
br&lt;br&gt;brSr BBB @ 285-290 DM (30mm)
br&lt;br&gt;brJr BBB @ 400-410 DM (5mm)
br&lt;br&gt;brBB @ 525-535 DM/div&lt;/div&gt;/div","Sr AAA @ 135 DM (320mm)
Jr AAA @ 158 DM (20mm)
AA @ 170 DM
A @ 190 DM
Sr BBB @ 290 DM (30mm)
Jr BBB @ 410 DM (5mm)
BB @ 550 DM
","JPMorgan","5NC2","Reset","Priced","10/2/2024","10/18/2024","plmrs2022-4_reset","BSL",
"False","False","Wind River 2022-1","div&lt;div&gt;divAAA @ 135 DM
br&lt;br&gt;brAA @ 180 DM
br&lt;br&gt;brA @ 215 DM
br&lt;br&gt;brSr BBB @ 325 DM
br&lt;br&gt;brJr BBB @ 450 DM
br&lt;br&gt;brBB @ 700 DM/div&lt;/div&gt;/div","AAA @ 135 DM
AA @ 185 DM
A @ 220 DM
BBB @ 335 DM","Citigroup","2.75NC1","Refinancing","Priced","10/1/2024","10/10/2024","windr2022-1_refi","BSL",
"False","False","Balboa Bay Loan Funding 2020-1","div&lt;div&gt;divSr AAA @ 129a DM (248mm)
br&lt;br&gt;brJr AAA @ 155a DM (16mm)
br&lt;br&gt;brAA @ 170a DM
br&lt;br&gt;brA @ 205a DM
br&lt;br&gt;brSr BBB @ 325a DM (20mm)
br&lt;br&gt;brJr BBB @ 425a DM (6mm)
br&lt;br&gt;brBB @ 675-700 DM/div&lt;/div&gt;/div","X @ 103 DM
Sr AAA @ 129 DM (248mm)
Jr AAA @ 162 DM (16mm)
AA @ 175 DM
A @ 205 DM
Sr BBB @ 325 DM (20mm)
Jr BBB @ 8.00% (6mm)
BB @ 725 DM","Morgan Stanley","3NC1","Reset","Priced","10/1/2024","10/24/2024","boba2020-1_reset","BSL",
"False","False","AGL CLO 34","div&lt;div&gt;divSr AAA @ 134 DM (256mm)
br&lt;br&gt;brJr AAA @ 145-150 DM (7mm)
br&lt;br&gt;brAA @ 165-170 DM
br&lt;br&gt;brA @ 190-195 DM
br&lt;br&gt;brSr BBB @ 290 DM (24mm)
br&lt;br&gt;brJr BBB @ 405-415 DM (4mm)
br&lt;br&gt;brBB @ 525-540 DM
br&lt;br&gt;brB call desk/div&lt;/div&gt;/div","Sr AAA @ 134 DM (256mm)
Jr AAA @ 150 DM (7mm)
AA @ 170 DM
A @ 185 DM
Sr BBB @ 290 DM (24mm)
Jr BBB @ 410 DM (4mm)
BB @ 525 DM","Barclays","5NC2","New Issue","Priced","10/1/2024","10/11/2024","agl34_newissue","BSL",
"False","False","Madison Park Funding LIV","div&lt;div&gt;divX @ 110 DM 
br&lt;br&gt;brSr AAA preplaced
br&lt;br&gt;brJr AAA @ 155-160 DM
br&lt;br&gt;brAA @ 170-175 DM
br&lt;br&gt;brA @ 190-200 DM
br&lt;br&gt;brSr BBB @ 290-300 DM (30mm)
br&lt;br&gt;brJr BBB @ 400-410 DM (5mm)
br&lt;br&gt;brBB @ 575-600 DM
br&lt;br&gt;brB call desk/div&lt;/div&gt;/div","X @ 110 DM
Sr AAA @ 137 DM (306.75mm)
Jr AAA @ 160 DM (23.25mm)
AA @ 175 DM
A @ 200 DM
Sr BBB @ 315 DM (25mm)
Jr BBB @ 425 DM (10mm)
BB @ 650 DM
B @ 850 DM","Natixis","5NC2","Reset","Priced","10/1/2024","10/16/2024","mdpk54_reset","BSL",
"False","False","Gallatin CLO XI","div&lt;div&gt;divSr AAA subject
br&lt;br&gt;brJr AAA @ 168 DM
br&lt;br&gt;brAA subject
br&lt;br&gt;brA @ 215 DM
br&lt;br&gt;brSr BBB @ 325 DM
br&lt;br&gt;brJr BBB subject
br&lt;br&gt;brBB @ 700 DM/div&lt;/div&gt;/div","Sr AAA @ 148 DM (240mm)
Jr AAA @ 180 DM (24mm)
AA @ 195 DM
A @ 230 DM
Sr BBB @ 400 DM (20mm)
Jr BBB (fixed) @ 8.24% (8mm)
BB @ 800 DM","Jefferies","5NC2","New Issue","Priced","10/1/2024","10/25/2024","gall11_newissue","BSL",
"False","False","OCP CLO 2020-8R","A (AAA) @ 122-123 DM
B (AA) @ 150-155 DM
C (A) @ 170-180 DM
D1 (Sr BBB) @ 250-260 DM (24mm)
D2 (Jr BBB) @ 365-375 DM (3mm)
E (BB) @ 470-480 DM","AAA @ 125 DM
AA @ 165 DM
A @ 190 DM
Sr BBB @ 295 DM (24mm)
Jr BBB (fixed) @ 7.695% (4mm)
BB @ 560 DM","JPMorgan","3NC1","Reset","Priced","10/1/2024","10/17/2024","ocp8r_reset","BSL",
"False","False","Magnetite XXX","div&lt;div&gt;divX @ 90 DM
br&lt;br&gt;brAAA call desk
br&lt;br&gt;brAA @ 165a DM
br&lt;br&gt;brA @ 180-185 DM
br&lt;br&gt;brSr BBB @ 280-285 DM (28.5mm)
br&lt;br&gt;brJr BBB @ 400a DM (2.375mm)
br&lt;br&gt;brBB @ 525a DM/div&lt;/div&gt;/div","X @ 95 DM
AAA @ 135 DM
AA @ 170 DM
AA (fixed) @ 5.29%
A @ 190 DM
Sr BBB @ 290 DM (28.5mm)
Jr BBB @ 400 DM (2.375mm)
BB @ 535 DM","Bank of America","5NC2","Reset","Priced","9/30/2024","10/17/2024","magne30_reset","BSL",
"False","False","Antares CLO 2024-5","div&lt;div&gt;divAAA call desk
br&lt;br&gt;brAA @ 180 DM
br&lt;br&gt;brA @ 220-230 DM/div&lt;/div&gt;/div","AAA @ 157 DM
AA @ 185 DM
A @ 230 DM","CIBC","4NC2","New Issue","Priced","9/30/2024","10/4/2024","antr5_newissue","MM",
"False","False","Bain Capital Credit CLO 2020-3","div&lt;div&gt;divSr AAA @ 121 DM
br&lt;br&gt;brJr AAA @ 140a DM
br&lt;br&gt;brAA @ 160a DM
br&lt;br&gt;brA @ 190a DM
br&lt;br&gt;brBBB @ 290-295 DM/div&lt;/div&gt;/div","Sr AAA @ 121 DM (279.25mm)
Jr AAA @ 140 DM (13.5mm)
AA @ 160 DM
A @ 190 DM
BBB @ 310 DM","Societe Generale","2NC1","Refinancing","Priced","9/30/2024","10/8/2024","bcc2020-3_refi","BSL",
"False","False","OHA Credit Funding 6","div&lt;div&gt;divX @ 90-95 DM
br&lt;br&gt;brAAA @ 133-134 DM
br&lt;br&gt;brAA @ 165-170 DM
br&lt;br&gt;brA @ 185-190 DM
br&lt;br&gt;brSr BBB @ 285-290 DM (33mm)
br&lt;br&gt;brJr BBB @ 400-410 DM (5.5mm)
br&lt;br&gt;brBB @ 525-535 DM/div&lt;/div&gt;/div","X @ 100 DM
AAA @ 133 DM
AA @ 165 DM (65mm)
AA (fixed) @ 5.294% (12mm)
A @ 185 DM
Sr BBB @ 285 DM (33mm)
Jr BBB @ 400 DM (5.5mm)
BB @ 525 DM","Nomura","5NC2","Reset","Priced","9/30/2024","10/11/2024","oakc6_reset","BSL",
"False","False","Octagon 32","div&lt;div&gt;divSr AAA @ 136 DM/div&lt;/div&gt;/div","X @ 115 DM
Sr AAA @ 138 DM (256mm)
Jr AAA @ 160 DM (8mm)
AA @ 180 DM
A @ 205 DM
Sr BBB @ 315 DM (20mm)
Jr BBB (fixed) @ 7.859% (6mm)
BB @ S+7.27% (OID ?)
B @ S+7.35% (OID ?)","Jefferies","5NC2","Reset","Priced","9/29/2024","10/22/2024","oct32_reset","BSL",
"False","False","Diameter Capital CLO 1","div&lt;div&gt;divAAA @ 139 DM
br&lt;br&gt;brAA @ 180 DM
br&lt;br&gt;brA @ 205 DM
br&lt;br&gt;brBBB @ 310 DM/div&lt;/div&gt;/div","AAA @ 139 DM
AA @ 180 DM
A @ 205 DM
BBB @ 310 DM
BB @ 615 DM","JPMorgan","5NC2","Reset","Priced","9/27/2024","10/11/2024","dclo1_reset","BSL",
"False","False","Diameter Capital CLO 2","div&lt;div&gt;divAAA @ 139 DM
br&lt;br&gt;brAA @ 180 DM
br&lt;br&gt;brA @ 205 DM
br&lt;br&gt;brBBB @ 310 DM/div&lt;/div&gt;/div","AAA @ 139 DM
AA @ 180 DM
A @ 205 DM
BBB @ 310 DM
BB @ 615 DM","JPMorgan","5NC2","Reset","Priced","9/27/2024","10/11/2024","dclo2_reset","BSL",
"False","False","Signal Peak CLO 8","div&lt;div&gt;divSr AAA @ 138-139 DM/div&lt;/div&gt;/div","Sr AAA @ 139 DM (305mm)
Jr AAA @ 160 DM (35mm)
AA @ 180 DM
A @ 200 DM
Sr BBB @ 300 DM (27.5mm)
Jr BBB @ 425 DM (7.5mm)
BB @ 600 DM","JPMorgan","5NC2","Reset","Priced","9/27/2024","10/21/2024","speak8_reset","BSL",
"False","False","Silver Rock CLO I","div&lt;div&gt;divX @ 110 DM
br&lt;br&gt;brSr AAA @ 142 DM (210mm)
br&lt;br&gt;brJr AAA @ 162 DM (10.5mm)
br&lt;br&gt;brAA @ 185 DM
br&lt;br&gt;brA @ 215 DM
br&lt;br&gt;brBBB @ 335 DM
br&lt;br&gt;brBB @ 725 DM/div&lt;/div&gt;/div","X @ 110 DM
Sr AAA @ 142 DM (210mm)
Jr AAA @ 165 DM (10.5mm)
AA @ 185 DM
A @ 250 DM
BBB (fixed) @ N+325 bps
BB @ 805 DM","Barclays","5NC2","Reset","Priced","9/27/2024","10/9/2024","slvrk1_reset","BSL",
"False","False","HPS Loan Management 5-2015","div&lt;div&gt;divSr AAA engaged
br&lt;br&gt;brJr AAA @ 125-130 DM
br&lt;br&gt;brAA @ 140-145 DM
br&lt;br&gt;brA @ 175-180 DM
br&lt;br&gt;brBBB @ 285-295 DM/div&lt;/div&gt;/div","Sr AAA @ 106 DM (178.6mm)
Jr AAA @ 130 DM (30mm)
AA @ 153 DM
A @ 190 DM
BBB @ 300 DM","Morgan Stanley","0NC0.5","Refinancing","Priced","9/27/2024","10/10/2024","hlm5_refi","BSL",
"False","False","Birch Grove CLO 10","div&lt;div&gt;divAAA @ 139 DM/div&lt;/div&gt;/div","AAA @ 139 DM
AA @ 170 DM
A @ 200 DM
Sr BBB @ 310 DM (22mm)
Jr BBB @ 430 DM (6mm)
BB @ 600 DM","Bank of America","5NC2","New Issue","Priced","9/27/2024","10/17/2024","bgclo10_newissue","BSL",
"False","True","Apidos CLO XLIV","div&lt;div&gt;divSr AAA @ call desk
br&lt;br&gt;brJr AAA @ 150a DM
br&lt;br&gt;brAA @ 165-170 DM
br&lt;br&gt;brA @ 190a DM
br&lt;br&gt;brSr BBB @ 290a DM (24mm)
br&lt;br&gt;brJr BBB @ 410a DM (4mm)
br&lt;br&gt;brBB @ 525-550 DM
br&lt;br&gt;brB call desk/div&lt;/div&gt;/div","Sr AAA @ 136 DM (248mm)
Jr AAA @ 157 DM (16mm)
AA @ 165 DM
A @ 190 DM
Sr BBB @ 285 DM (24mm)
Jr BBB @ 410 DM (4mm)
BB @ 550 DM
B @ 825 DM","Bank of America","5NC2","Reset","Priced","9/27/2024","10/11/2024","apid44_reset","BSL",
"False","True","720 East CLO VI","div&lt;div&gt;divSr AAA @ 136-137 DM 
br&lt;br&gt;brJr AAA @ 155-157 DM
br&lt;br&gt;brAA @ 170-175 DM
br&lt;br&gt;brA @ 195-205 DM
br&lt;br&gt;brBBB @ 295-305 DM
br&lt;br&gt;brBBB @ 425a DM/div&lt;/div&gt;/div","Sr AAA @ 136 DM (256mm)
Jr AAA @ 160 DM (24mm)
AA @ 165 DM
A @ 190 DM
Sr BBB @ 295 DM (24mm)
Jr BBB @ 410 DM (4mm)
BB @ 550 DM","Morgan Stanley","5NC2","New Issue","Priced","9/27/2024","10/18/2024","nwml6_newissue","BSL",
"False","False","ABPCI Direct Lending Fund CLO XIX",,"Sr AAA @ 165 DM (285mm)
Jr AAA @ 180 DM (25mm)
AA @ 190 DM
A @ 235 DM
BBB @ 390 DM
BB @ 765 DM","Societe Generale","4NC2","New Issue","Priced","9/26/2024","9/26/2024","abpci19_newissue","MM",
"False","False","Trestles CLO III","div&lt;div&gt;divX @ 100 DM
br&lt;br&gt;brSr AAA @ 139 DM (252.8mm)
br&lt;br&gt;brJr AAA @ 159 DM (7.9mm)
br&lt;br&gt;brAA @ 175 DM
br&lt;br&gt;brA @ 200 DM
br&lt;br&gt;brSr BBB @ 300 DM (23.7mm)
br&lt;br&gt;brJr BBB @ 415 DM (3.95mm)
br&lt;br&gt;brBB @ 590 DM/div&lt;/div&gt;/div","X @ 100 DM
Sr AAA @ 139 DM (252.8mm)
Jr AAA @ 161 DM (7.9mm)
AA @ 175 DM
AA (fixed) @ 5.343%
A @ 200 DM
Sr BBB @ 315 DM (23.7mm)
Jr BBB (fixed) @ 7.75% (3.95mm)
BB @ 610 DM","CIBC","5NC2","Reset","Priced","9/26/2024","10/9/2024","trest3_reset","BSL",
"False","False","Ares XLIX CLO","div&lt;div&gt;divX @ 110a DM
br&lt;br&gt;brSr AAA preplaced
br&lt;br&gt;brJr AAA @ 155-160 DM
br&lt;br&gt;brAA @ 170-175 DM
br&lt;br&gt;brA @ 195-200 DM
br&lt;br&gt;brSr BBB @ 305-310 DM (30mm)
br&lt;br&gt;brJr BBB @ 425a DM (5mm)
br&lt;br&gt;brBB @ 600-650 DM/div&lt;/div&gt;/div","X @ 110 DM
Sr AAA @ 137 DM (307.5mm)
Jr AAA @ 160 DM (22.5mm)
AA @ 175 DM
A @ 200 DM
Sr BBB @ 315 DM (27.5mm)
Jr BBB (fixed) @ 7.74% (10mm)
BB @ 650 DM","Natixis","5NC2","Reset","Priced","9/26/2024","10/8/2024","ares49_reset","BSL",
"False","False","Ares Direct Lending CLO 3","div&lt;div&gt;divSr AAA call desk
br&lt;br&gt;brJr AAA @ 175a DM
br&lt;br&gt;brAA @ 185a DM/div&lt;/div&gt;/div","Sr AAA @ 158 DM (399mm)
Jr AAA @ 175 DM (35mm)
AA @ 185 DM","Societe Generale","4NC2","New Issue","Priced","9/26/2024","10/10/2024","aresdl3_newissue","MM",
"False","False","AGL CLO I","div&lt;div&gt;divAAA preplaced (120 DM)
br&lt;br&gt;brAA 160a DM
br&lt;br&gt;brA preplaced (190 DM)
br&lt;br&gt;brBBB preplaced (290 DM)
br&lt;br&gt;brBB @ 625a DM/div&lt;/div&gt;/div","AAA @ 120 DM
AA @ 165 DM
A @ 190 DM
BBB @ 290 DM
BB @ 650 DM","JPMorgan","2NC1","Refinancing","Priced","9/26/2024","10/16/2024","agl2019-1_refi","BSL",
"False","False","Morgan Stanley Eaton Vance CLO 2022-17A","div&lt;div&gt;divX @ 100a DM
br&lt;br&gt;brSr AAA call desk
br&lt;br&gt;brJr AAA @ 155a DM
br&lt;br&gt;brAA @ 170-175 DM
br&lt;br&gt;brA @ 195a DM
br&lt;br&gt;brSr BBB @ 300-310 DM (24mm)
br&lt;br&gt;brJr BBB @ 425-435 DM (4mm)
br&lt;br&gt;brBB @ 600-610 DM/div&lt;/div&gt;/div","X @ 105 DM
Sr AAA @ 138 DM (246mm)
Jr AAA @ 160 DM (14mm)
AA @ 175 DM
A @ 200 DM
Sr BBB @ 315 DM (24mm)
Jr BBB @ 440 DM (4mm)
BB @ 610 DM","Bank of America","5NC2","Reset","Priced","9/26/2024","10/16/2024","msev17_reset","BSL",
"False","False","Shackleton 2015-VII-R","div&lt;div&gt;divAAA @ 110-112 DM/div&lt;/div&gt;/div","AAA @ 110 DM
AA @ 165 DM
A @ 190 DM
BBB @ 300 DM
","Goldman Sachs","0NC0.5","Refinancing","Priced","9/25/2024","10/8/2024","shack7r_refi","BSL",
"False","False","Dryden 113 CLO","AR3 (AAA) @ 107-109 DM
BR3 (AA) @ 145-150 DM
CR3 (A) @ 160-165 DM
D1R3 (Sr BBB) @ 265-275 DM
D2R3 (Jr BBB) @ 365-375 DM
ER3 (BB) @ 525-550 DM","AAA @ 125 DM
AA @ 165 DM
A @ 190 DM
Sr BBB @ 310 DM (24mm)
Jr BBB @ 450 DM (4mm)
BB @ 740 DM","BNP Paribas","3NC1","Reset","Priced","9/24/2024","10/8/2024","drslf113_refi","BSL",
"False","False","CIFC Funding 2019-1","div&lt;div&gt;divSr AAA @ 136 DM (336mm)
br&lt;br&gt;brJr AAA @ 155a DM (15.8mm)
br&lt;br&gt;brAA @ 170a DM
br&lt;br&gt;brA @ 195a DM
br&lt;br&gt;brSr BBB @ 300a DM (31.5mm)
br&lt;br&gt;brJr BBB @ 420a DM (5.25mm)
br&lt;br&gt;brBB @ 560a DM/div&lt;/div&gt;/div","Sr AAA @ 136 DM (336mm)
Jr AAA @ 158 DM (15.75mm)
AA @ 170 DM
A @ 200 DM
Sr BBB @ 305 DM (31.5mm)
Jr BBB @ 420 DM (5.25mm)
BB @ 575 DM","Morgan Stanley","5NC2","Reset","Priced","9/24/2024","10/10/2024","cifc2019-1_reset","BSL",
"False","True","Neuberger Berman Loan Advisers CLO 52","div&lt;div&gt;divupcoming per Dave Ryan @ BARX (AAA @ 135 DM)/div&lt;/div&gt;/div","AAA @ 135 DM
AA @ 175 DM
A @ 200 DM
Sr BBB @ 310 DM (29.1mm)
Jr BBB @ 435 DM (3.65mm)
BB @ 600 DM","Barclays","5NC2","Reset","Priced","9/24/2024","10/11/2024","neub52_reset","BSL",
"False","False","Regatta XXII Funding","div&lt;div&gt;divAAA @ 125a DM/div&lt;/div&gt;/div","AAA @ 125 DM
AA @ 170 DM
A @ 200 DM
BBB @ 310 DM
BB @ 615 DM","Natixis","2.75NC1","Refinancing","Priced","9/24/2024","10/10/2024","reg22_refi","BSL",
"False","False","Silver Point CLO 6","div&lt;div&gt;divSr AAA @ 140 DM (248mm)
br&lt;br&gt;brJr AAA @ 155-160 DM (16mm)
br&lt;br&gt;brAA @ 175a DM
br&lt;br&gt;brA @ 200-210 DM
br&lt;br&gt;brSr BBB @ 305-315 DM (24mm)
br&lt;br&gt;brJr BBB preplaced (4mm)
br&lt;br&gt;brBB @ 615-640 DM
br&lt;br&gt;brB not offered/div&lt;/div&gt;/div","Sr AAA @ 140 DM (248mm)
Jr AAA @ 160 DM (16mm)
AA @ 175 DM
A @ 205 DM
Sr BBB @ 330 DM (24mm)
Jr BBB (fixed) @ 7.80% (+425bps, 4mm)
BB @ 630 DM
B @ 850 DM","Bank of America","5NC2","New Issue","Priced","9/23/2024","10/15/2024","spclo6_newissue","BSL",
"False","True","Carlyle US CLO 2021-1","div&lt;div&gt;divSr AAA @ 135-136 DM (384mm)
br&lt;br&gt;brJr AAA @ 155a DM (12mm)
br&lt;br&gt;brAA @ 170-175 DM
br&lt;br&gt;brA @ 190-200 DM
br&lt;br&gt;brBBB @ 300-310 DM
br&lt;br&gt;brBB @ 625-650 DM/div&lt;/div&gt;/div","Sr AAA @ 137 DM (384mm)
Jr AAA @ 160 DM (12mm)
AA @ 175 DM
A @ 200 DM
Sr BBB @ 315 DM (33mm)
Jr BBB (fixed) @ 7.7118% (6mm)
BB @ 730 DM","Barclays","5NC2","Reset","Priced","9/23/2024","10/18/2024","cgms2021-1_reset","BSL",
"False","False","Flatiron RR CLO 27","div&lt;div&gt;divSr AAA preplaced
br&lt;br&gt;brJr AAA @ 150a DM
br&lt;br&gt;brAA preplaced
br&lt;br&gt;brA preplaced
br&lt;br&gt;brSr BBB @ 290a DM (24mm)
br&lt;br&gt;brJr BBB @ 410a DM (4mm)
br&lt;br&gt;brBB @ 525a DM/div&lt;/div&gt;/div","Sr AAA @ 136 DM (256mm)
Jr AAA @ 150 DM (8mm)
AA @ 170 DM
A @ 190 DM
Sr BBB @ 290 DM (24mm)
Jr BBB @ 415 DM (4mm)
BB @ 510 DM","Morgan Stanley","5NC2","New Issue","Priced","9/20/2024","10/1/2024","flat27_newissue","BSL",
"False","False","Benefit Street Partners CLO IX","div&lt;div&gt;divSr AAA @ 137 DM (320mm)
br&lt;br&gt;brJr AAA @ 155 DM (10mm)
br&lt;br&gt;brAA @ 170-175 DM
br&lt;br&gt;brA @ 195-205 DM
br&lt;br&gt;brSr BBB @ 300-310 DM (30mm)
br&lt;br&gt;brJr BBB @ 415 DM (3.75mm)
br&lt;br&gt;brBB @ 600-625 DM
br&lt;br&gt;brB tbd/div&lt;/div&gt;/div","Sr AAA @ 137 DM (320mm)
Jr AAA @ 157 DM (10mm)
AA @ 175 DM
A @ 195 DM
Sr BBB @ 310 DM (28mm)
Jr BBB (fixed) @ 7.711% (5.75mm)
BB @ 590 DM
B retained","Citigroup","5NC2","Reset","Priced","9/20/2024","10/7/2024","bsp9_reset","BSL",
"False","True","Madison Park Funding LX","div&lt;div&gt;divX @ 90-95 DM (subject)
br&lt;br&gt;brSr AAA @ 135-136 DM
br&lt;br&gt;brJr AAA @ +15bps to Sr AAA
br&lt;br&gt;brAA @ 170-175 DM
br&lt;br&gt;brA @ 190-200 DM
br&lt;br&gt;brSr BBB @ 290-300 DM
br&lt;br&gt;brJr BBB @ 400-410 DM
br&lt;br&gt;brBB @ 575-600 DM/div&lt;/div&gt;/div","X @ 100 DM
Sr AAA @ 137 DM (320mm)
Jr AAA @ 160 DM (7mm)
AA @ 175 DM
A @ 200 DM
Sr BBB @ 305 DM (30mm)
Jr BBB (fixed) @ 7.398% (4mm)
BB @ 650 DM
B @ S+8.00%","Nomura","5NC2","Reset","Priced","9/19/2024","10/4/2024","mdpk60_reset","BSL",
"False","False","Voya CLO 2019-1","div&lt;div&gt;divX @ 115a DM
br&lt;br&gt;brSr AAA @ 137 DM (248mm)
br&lt;br&gt;brJr AAA @ 157 DM (16mm)
br&lt;br&gt;brAA @ 170a DM
br&lt;br&gt;brA @ 200a DM
br&lt;br&gt;brSr BBB @ 300-310 DM (24mm)
br&lt;br&gt;brJr BBB @ 420-430 DM (3mm)
br&lt;br&gt;brBB @ 600-625 DM/div&lt;/div&gt;/div","X @ 120 DM 
Sr AAA @ 137 DM (248mm)
Jr AAA @ 160 DM (16mm)
AA @ 175 DM
A @ 200 DM
Sr BBB @ 305 DM (20mm)
Jr BBB (fixed) @ 7.406% (7mm)
BB @ 640 DM","CIBC","5NC2","Reset","Priced","9/19/2024","9/27/2024","voya2019-1_reset","BSL",
"False","False","Churchill MMSLF CLO-IV","div&lt;div&gt;divAAA @ 160 DM
br&lt;br&gt;brAA @ 185-190 DM
br&lt;br&gt;brA @ 230-235 DM/div&lt;/div&gt;/div","AAA @ 160 DM
AA @ 185 DM
A @ 230 DM","Bank of America","4NC2","New Issue","Priced","9/19/2024","10/2/2024","chmmslf4_newissue","MM",
"False","False","Empower CLO 2022-1","div&lt;div&gt;divSr AAA @ 138-139 DM/div&lt;/div&gt;/div","Sr AAA @ 139 DM (310mm)
Jr AAA @ 157 DM (20mm)
AA @ 175 DM
A @ 195 DM
Sr BBB @ 300 DM (27.5mm)
Jr BBB (fixed) @ 7.6026% (7.5mm)
BB @ 590 DM","Goldman Sachs","5NC2","Reset","Priced","9/19/2024","10/4/2024","empwr2022-1_reset","BSL",
"False","False","Fortress Credit BSL XVI","div&lt;div&gt;divAAA @ 133 DM
br&lt;br&gt;brAA @ 185 DM
br&lt;br&gt;brA @ 235 DM
br&lt;br&gt;brSr BBB @ 425 DM (18mm)
br&lt;br&gt;brJr BBB @ 515 DM (7.2mm)/div&lt;/div&gt;/div","AAA @ 137 DM
AA @ 185 DM
A @ 235 DM
Sr BBB @ 425 DM
Jr BBB (fixed) @ 8.37% (+505 bps)","Bank of America","2NC1","Refinancing","Priced","9/19/2024","10/3/2024","fcbsl16_refi","BSL",
"False","False","GoldenTree Loan Management US CLO 22","X @ 100 DM
Sr AAA @ 133 DM (320mm)
Jr AAA @ 145 DM (10mm)
AA @ 165 DM
A @ 180-185 DM
Sr BBB @ 280-290 DM (30mm)
Jr BBB @ 405 DM (5mm)
BB @ 500-525 DM
B @ S+775  $99","X @ 95 DM
Sr AAA @ 133 DM (384mm)
Jr AAA @ 145 DM (12mm)
AA @ 165 DM
A @ 190 DM
Sr BBB @ 285 DM (36mm)
Jr BBB @ 405 DM (6mm)
BB @ 525 DM
B retained","BNP Paribas","5NC2","New Issue","Priced","9/19/2024","10/3/2024","glm22_newissue","BSL",
"False","False","Benefit Street Partners CLO XVII",,"X @ 115 DM
AAA @ 136 DM (615mm)
AA @ 175 DM 
A @ 200 DM
Sr BBB @ 315 DM (60mm)
Jr BBB (fixed) @ 7.54% (10mm)
BB @ 615 DM
B (fixed) @ 8.0%","Natixis","5NC2","Reset","Priced","9/19/2024","9/19/2024","bsp17_reset","BSL",
"False","False","MCF CLO V",,"AAA @ 162 DM
AA @ 200 DM
A @ 255 DM
BBB @ 415 DM
BB @ 750 DM","SMBC","5NC2","Reset","Priced","9/19/2024","9/19/2024","mcf5_reset","MM",
"False","False","Bain Capital Credit CLO 2022-4","div&lt;div&gt;divX @ 100 DM
br&lt;br&gt;brSr AAA call desk
br&lt;br&gt;brJr AAA @ 155 DM
br&lt;br&gt;brAA @ 175 DM
br&lt;br&gt;brA @ 195 DM
br&lt;br&gt;brSr BBB @ 300 DM (30mm)
br&lt;br&gt;brJr BBB @ 410 DM (5mm)
br&lt;br&gt;brBB @ 625 DM/div&lt;/div&gt;/div","X @ 110 DM
Sr AAA @ 138 DM (310mm)
Jr AAA @ 160 DM (25mm)
AA @ 175 DM (45mm)
A @ 205 DM (30mm)
Sr BBB @ 310 DM (25mm)
Jr BBB @ 415 DM (10mm)
BB @ 640 DM","Santander","5NC2","Reset","Priced","9/18/2024","10/2/2024","bcc2022-4_reset","BSL",
"False","False","Ballyrock CLO 21","div&lt;div&gt;divSr AAA @ 136 DM (256mm)
br&lt;br&gt;brJr AAA @ 155a DM (8mm)
br&lt;br&gt;brAA @ 170a DM
br&lt;br&gt;brA @ 195a DM
br&lt;br&gt;brSr BBB @ 300-310 DM (24mm)
br&lt;br&gt;brJr BBB @ 410-420 DM (4mm)
br&lt;br&gt;brBB @ 575-600 DM/div&lt;/div&gt;/div","Sr AAA @ 136 DM (256mm)
Jr AAA @ 156 DM (8mm)
AA @ 170 DM
A @ 195 DM
Sr BBB @ 315 DM (24mm)
Jr BBB @ 410 DM (4mm)
BB @ 600 DM","Bank of America","5NC2","Reset","Priced","9/18/2024","9/30/2024","bally21_reset","BSL",
"False","False","Bain Capital Credit CLO 2021-2","div&lt;div&gt;divSr AAA @ 123 DM (246mm)
br&lt;br&gt;brJr AAA @ 150 DM (20mm)
br&lt;br&gt;brAA @ 165 DM
br&lt;br&gt;brA @ 190a DM
br&lt;br&gt;brBBB @ 290a DM/div&lt;/div&gt;/div","Sr AAA @ 123 DM (246mm)
Jr AAA @ 148 DM (20mm)
AA @ 165 DM
A @ 200 DM
BBB @ 310 DM","JPMorgan","2NC1","Refinancing","Priced","9/18/2024","9/27/2024","bcc2021-2_refi","BSL",
"False","False","Palmer Square Loan Funding 2022-4","div&lt;div&gt;divAAA @ 100 DM
br&lt;br&gt;brAA @ 130-140 DM
br&lt;br&gt;brA @ 165-175 DM
br&lt;br&gt;brBBB @ 240-250 DM
br&lt;br&gt;brBB @ 475-500 DM/div&lt;/div&gt;/div","Sr AAA @ 100 DM (233mm)
Jr AAA @ 130 DM (60mm)
AA @ 165 DM
BBB @ 240 DM
BB @ 475 DM","Citigroup","0NC0.5","Refinancing","Priced","9/18/2024","9/24/2024","pstat2022-4_refi","BSL",
"False","False","Trimaran CAVU 2022-1","div&lt;div&gt;divAAA @ 140 DM
br&lt;br&gt;brAA @ 175 DM
br&lt;br&gt;brA @ 200-205 DM
br&lt;br&gt;brSr BBB @ 305-315 DM (24mm)
br&lt;br&gt;brJr BBB @ 425-435 DM (4mm)
br&lt;br&gt;brBB @ 625-640 DM/div&lt;/div&gt;/div","AAA @ 140 DM
AA @ 185 DM
A @ 210 DM
Sr BBB @ 330 DM (24mm)
Jr BBB (fixed) @ 7.508%
BB @ 692 DM","CIBC","5NC2","Reset","Priced","9/18/2024","10/3/2024","cavu2022-1_reset","BSL",
"False","False","LCM 39","div&lt;div&gt;divSr AAA @ 127a DM
br&lt;br&gt;brJr AAA @ 155a DM
br&lt;br&gt;brAA @ 170 DM
br&lt;br&gt;brA @ 200 DM
br&lt;br&gt;brBBB @ 325 DM
br&lt;br&gt;brBB @ 700 DM/div&lt;/div&gt;/div","Sr AAA @ 134 DM (276.75mm)
Jr AAA @ 160 DM (15.75mm)
AA @ 175 DM
A @ 200 DM
BBB @ 325 DM
BB @ 700 DM
B @ S+7.31%","Deutsche Bank","3NC1","Refinancing","Priced","9/18/2024","10/18/2024","lcm39_refi","BSL",
"False","False","Magnetite XLIV","div&lt;div&gt;divSr AAA preplaced
br&lt;br&gt;brJr AAA @ 150-155 DM
br&lt;br&gt;brAA preplaced
br&lt;br&gt;brA @ 180-185 DM
br&lt;br&gt;brSr BBB preplaced
br&lt;br&gt;brJr BBB @ 390-400 DM
br&lt;br&gt;brBB @ 500-525 DM
br&lt;br&gt;brB call desk/div&lt;/div&gt;/div","Sr AAA @ 135 DM (384mm)
Jr AAA @ 155 DM (3.6mm)
AA @ 165 DM
A @ 183 DM
Sr BBB @ 285 DM (38.4mm)
Jr BBB (fixed) @ 7.232% (2.4mm)
BB @ 525 DM
B @ 637 DM","Nomura","5NC2","New Issue","Priced","9/17/2024","9/27/2024","magne44_newissue","BSL",
"False","False","Elmwood CLO VII","div&lt;div&gt;divSr AAA @ 136 DM (310mm)
br&lt;br&gt;brJr AAA @ 155a DM (7.5mm)
br&lt;br&gt;brAA @ 170 DM
br&lt;br&gt;brA @ 190-200 DM
br&lt;br&gt;brSr BBB @ 300-310 DM (30mm)
br&lt;br&gt;brJr BBB @ 425a DM (2.5mm)
br&lt;br&gt;brBB @ 575a DM/div&lt;/div&gt;/div","Sr AAA @ 136 DM (310mm)
Jr AAA @ 155 DM (7.5mm)
AA @ 170 DM
A @ 200 DM
Sr BBB @ 310 DM (30mm)
Jr BBB @ 435 DM (2.5mm)
BB @ 590 DM
B retained","RBC","5NC2","Reset","Priced","9/17/2024","9/26/2024","elmw7_reset","BSL",
"False","False","Wildwood Park CLO",,"AAA @ 136 DM
AA @ 170 DM
AA (fixed) @ 4.939% (N+175)
A @ 195 DM
Sr BBB @ 300 DM (24mm)
Jr BBB (fixed) @ 7.467% (N+425)
BB @ 575 DM
B not offered","BNP Paribas","5NC2","New Issue","Priced","9/16/2024","9/13/2024","wildpk_newissue","BSL",
"False","False","Octagon 60","div&lt;div&gt;divX @ 90-95 DM
br&lt;br&gt;brSr AAA preplaced
br&lt;br&gt;brJr AAA @ +15bps to Sr AAA
br&lt;br&gt;brAA @ 170-175 DM
br&lt;br&gt;brA @ 190-200 DM
br&lt;br&gt;brSr BBB @ 300-310 DM (30mm)
br&lt;br&gt;brJr BBB @ 415-425 DM (5mm)
br&lt;br&gt;brBB @ 640-660 DM/div&lt;/div&gt;/div","X @ 100 DM
Sr AAA @ 136 DM (310mm)
Jr AAA @ 158 DM (20mm)
AA @ 173 DM
A @ 195 DM
Sr BBB @ 310 DM (25mm)
Jr BBB (fixed) @ 7.332%
BB @ 700 DM","Nomura","5NC2","Reset","Priced","9/16/2024","9/27/2024","oct60_reset","BSL",
"False","False","Owl Rock CLO XIX","div&lt;div&gt;divAAA @ 165 DM
br&lt;br&gt;brAA @ 190 DM/div&lt;/div&gt;/div","AAA @ 165 DM
AA @ 190 DM","Bank of America","5NC2","New Issue","Priced","9/16/2024","10/1/2024","or19_newissue","MM",
"False","True","Danby Park CLO","div&lt;div&gt;divAAA @ 135-136 DM/div&lt;/div&gt;/div","AAA @ 136 DM
AA @ 170 DM
AA (fixed) @ 5.261%
A @ 200 DM
Sr BBB @ 310 DM (20mm)
Jr BBB (fixed) @ 7.627% (4mm)
BB @ 595 DM","Goldman Sachs","5NC2","Reset","Priced","9/16/2024","10/9/2024","danby_reset","BSL",
"False","False","Golub Capital Partners CLO 64(B)","div&lt;div&gt;divAAA @ 136a DM/div&lt;/div&gt;/div","AAA @ 136 DM
AA @ 175 DM
A @ 195 DM
Sr BBB @ 305 DM (25.5mm)
Jr BBB @ 425 DM (4.25mm)
BB @ 580 DM","JPMorgan","5NC2","Reset","Priced","9/16/2024","10/10/2024","gcbsl64_reset","BSL",
"False","False","Wellfleet CLO 2022-2","div&lt;div&gt;divAAA @ 140a DM
br&lt;br&gt;brAA @ 180a DM
br&lt;br&gt;brA @ 220a DM
br&lt;br&gt;brSr BBB @ 330a DM (28.75mm)
br&lt;br&gt;brJr BBB @ 450a DM (4mm)
br&lt;br&gt;brBB @ 700a DM/div&lt;/div&gt;/div","X @ 112 DM
AAA @ 142 DM
AA @ 185 DM
A @ 235 DM
Sr BBB @ 365 DM (25mm)
Jr BBB (fixed) @ 7.875% (7.75mm)
BB @ 800 DM","Citigroup","5NC2","Reset","Priced","9/16/2024","10/11/2024","welf2022-2_reset","BSL",
"False","False","OHA Credit Funding 5","div&lt;div&gt;divAAA @ 135 DM
br&lt;br&gt;brAA @ 170 DM
br&lt;br&gt;brA @ 190 DM
br&lt;br&gt;brSr BBB @ 290 DM (36mm)
br&lt;br&gt;brJr BBB preplaced (6mm)
br&lt;br&gt;brBB @ 540 DM/div&lt;/div&gt;/div","AAA @ 135 DM
AA @ 170 DM
AA (fixed) @ 4.964%
A @ 190 DM
Sr BBB @ 290 DM (36mm)
Jr BBB @ 415 DM (6mm)
BB @ 540 DM","Citigroup","5NC2","Reset","Priced","9/16/2024","9/30/2024","oakc2020-5_reset","BSL",
"False","False","CIFC Funding 2018-II","divSr AAA @ 137 DM
brJr AAA @ 157 DM
brAA @ 170-175 DM
brA @ 195-200 DM
brSr BBB @ 300-305 DM (36mm)
brJr BBB @ 425a DM (6mm)
brBB @ 575-590 DM/div","Sr AAA @ 137 DM (366mm)
Jr AAA @ 160 DM (30mm)
AA @ 175 DM
A @ 200 DM
Sr BBB @ 305 DM (36mm)
Jr BBB @ 425 DM (6mm)
BB @ 575 DM","Citigroup","5NC2","Reset","Priced","9/16/2024","9/27/2024","cifc2018-2_reset","BSL",
"False","False","Neuberger Berman Loan Advisers CLO 26","div&lt;div&gt;divAAA @ 136a DM
br&lt;br&gt;brAA @ 170-175 DM
br&lt;br&gt;brA @ 200-210 DM
br&lt;br&gt;brSr BBB @ 300-315 DM (27mm)
br&lt;br&gt;brJr BBB @ 420-435 DM (4.5mm)
br&lt;br&gt;brBB @ 600-625 DM/div&lt;/div&gt;/div","AAA @ 136 DM
AA @ 175 DM
A @ 200 DM
Sr BBB @ 310 DM (27mm)
Jr BBB @ 435 DM (4.5mm)
BB @ 650 DM","Wells Fargo","5NC2","Reset","Priced","9/16/2024","10/3/2024","neub26_reset","BSL",
"False","False","Battery Park CLO II","div&lt;div&gt;divX @ 115a DM
br&lt;br&gt;brAAA @ 145a DM
br&lt;br&gt;brAA @ 185a DM
br&lt;br&gt;brA @ 225a DM
br&lt;br&gt;brSr BBB @ 330a DM (23.9mm)
br&lt;br&gt;brJr BBB @ 440a DM (4mm)
br&lt;br&gt;brBB @ 700a DM/div&lt;/div&gt;/div","X @ 115 DM
AAA @ 150 DM
AA @ 190 DM
A @ 235 DM
Sr BBB @ 360 DM (21.86mm)
Jr BBB (fixed) @ 7.987% (5.98mm)
BB @ 755 DM ","Wells Fargo","5NC2","Reset","Priced","9/16/2024","10/9/2024","batpk2_reset","BSL",
"False","False","Ares LIII CLO",,"X @ 115 DM
Sr AAA @ 128 DM (352mm)
Jr AAA @ 150 DM (16.5mm)
AA @ 170 DM
A @ 200 DM
Sr BBB @ 310 DM (27.5mm)
Jr BBB (fixed) @ 7.355%
BB @ 700 DM","Nomura","3NC1","Reset","Priced","9/13/2024","10/3/2024","ares53_reset","BSL",
"False","False","Rockford Tower CLO 2019-2","div&lt;div&gt;divAAA @ 113 DM
br&lt;br&gt;brAA @ 165-170 DM
br&lt;br&gt;brA @ 195-200 DM
br&lt;br&gt;brBBB @ 290-300 DM/div&lt;/div&gt;/div","AAA @ 113 DM
AA @ 165 DM
A @ 200 DM
BBB @ 300 DM","JPMorgan","0NC0.5","Refinancing","Priced","9/13/2024","9/20/2024","rockt2019-2_refi","BSL",
"False","False","OCP CLO 2024-36","div&lt;div&gt;divSr AAA @ 136 DM (320mm)
br&lt;br&gt;brJr AAA @ 150-155 DM (7.5mm)
br&lt;br&gt;brAA @ 170a DM
br&lt;br&gt;brA @ 190-195 DM
br&lt;br&gt;brSr BBB @ 290-295 DM (30mm)
br&lt;br&gt;brJr BBB (fixed) @ 410a DM (5mm)
br&lt;br&gt;brBB preplaced/div&lt;/div&gt;/div","Sr AAA @ 136 DM (320mm)
Jr AAA @ 155 DM
AA @ 170 DM
AA (fixed) @ 5.08%
A @ 190 DM
Sr BBB @ 295 DM (30mm)
Jr BBB (fixed) @ 7.41% (5mm)
BB @ 540 DM","Bank of America","5NC2","New Issue","Priced","9/13/2024","9/26/2024","ocp36_newissue","BSL",
"False","False","Carlyle US CLO 2024-5","div&lt;div&gt;divSr AAA call desk
br&lt;br&gt;brJr AAA @ 155a DM
br&lt;br&gt;brAA @ 170a DM
br&lt;br&gt;brA @ 195-200 DM
br&lt;br&gt;brSr BBB @ 295-305 DM (24mm)
br&lt;br&gt;brJr BBB @ 415-425 DM (tbd size)
br&lt;br&gt;brBB @ 560-575 DM/div&lt;/div&gt;/div","Sr AAA @ 136 DM (310mm)
Jr AAA @ 158 DM (20mm)
AA @ 170 DM
A @ 195 DM
Sr BBB @ 300 DM (30mm)
Jr BBB (fixed) @ 7.532% (5mm)
BB @ 565 DM","Goldman Sachs","5NC2","New Issue","Priced","9/13/2024","9/26/2024","cgms2024-5_newissue","BSL",
"False","False","RAD CLO 6","div&lt;div&gt;divSr AAA @ 138 DM/div&lt;/div&gt;/div","X @ 110 DM
Sr AAA @ 139 DM (244mm)
Jr AAA @ 165 DM (20mm)
AA @ 180 DM
A @ 205 DM
Sr BBB @ 300 DM (20mm)
Jr BBB (fixed) @ 7.81% (7mm)
BB @ 675 DM","GreensLedge","5NC2","Reset","Priced","9/13/2024","10/11/2024","rad6_reset","BSL",
"False","True","Barings CLO 2022-IV","div&lt;div&gt;divX preplaced
br&lt;br&gt;brSr AAA @ 136 DM (256mm)
br&lt;br&gt;brJr AAA @ 155a DM (12mm)
br&lt;br&gt;brAA @ 170-175 DM
br&lt;br&gt;brA @ 195-200 DM (24mm)
br&lt;br&gt;brSr BBB @ 310-320 DM (24mm)
br&lt;br&gt;brJr BBB @ 425-450 DM (4mm)
br&lt;br&gt;brBB @ 650-675 DM/div&lt;/div&gt;/div","X @ 110 DM
Sr AAA @ 136 DM (256mm)
Jr AAA @ 158 DM (12mm)
AA @ 170 DM
A @ 200 DM
Sr BBB@ 325 DM (24mm)
Jr BBB @ 7.48% (4mm)
BB @ 675 DM","Bank of America","5NC2","Reset","Priced","9/12/2024","9/27/2024","babsn2022-4_reset","BSL",
"False","False","Lewey Park CLO","div&lt;div&gt;divSr AAA preplaced
br&lt;br&gt;brJr AAA @ 155a DM (22.5mm)
br&lt;br&gt;brAA @ 165-170 DM
br&lt;br&gt;brA @ 195a DM
br&lt;br&gt;brSr BBB @ 290-300 DM (30mm)
br&lt;br&gt;brJr BBB @ 410-415 DM (5mm)
br&lt;br&gt;brBB @ 550-560 DM/div&lt;/div&gt;/div","Sr AAA @ 136 DM (338.25mm)
Jr AAA @ 156 DM (24.75mm)
AA @ 170 DM
AA (fixed) @ 4.976%
A @ 195 DM
Sr BBB @ 295 DM (33mm)
Jr BBB (fixed) @ 7.458% (5.5mm)
BB @ 555 DM","Goldman Sachs","5NC2","New Issue","Priced","9/12/2024","9/27/2024","lewpk_newissue","BSL",
"False","False","Galaxy 34 CLO","div&lt;div&gt;divSr AAA @ 137 DM (270.9mm)
br&lt;br&gt;brJr AAA @ 170a DM (55.9mm)
br&lt;br&gt;brAA @ 170a DM
br&lt;br&gt;brA @ 190-195 DM 
br&lt;br&gt;brSr BBB @ 290-295 DM (25.8mm)
br&lt;br&gt;brJr BBB @ 415-425 DM (4.3mm)
br&lt;br&gt;brBB @ 550-560 DM/div&lt;/div&gt;/div","AAA @ 137 DM
AA @ 170 DM
A @ 190 DM
Sr BBB @ 295 DM (25.8mm)
Jr BBB (fixed) @ 7.65%
BB @ 590 DM","Bank of America","5NC2","New Issue","Priced","9/12/2024","9/26/2024","galxy34_newissue","BSL",
"False","False","Allegro CLO VIII-S","div&lt;div&gt;divX @ 120a DM
br&lt;br&gt;brAAA @ 138a DM
br&lt;br&gt;brAA @ 180a DM
br&lt;br&gt;brA @ 210-220 DM
br&lt;br&gt;brSr BBB @ 310-320 DM (20mm)
br&lt;br&gt;brJr BBB (fixed) @ N+425 (8mm)
br&lt;br&gt;brBB @ 725a DM
br&lt;br&gt;brB not offered/div&lt;/div&gt;/div","X @ 134 DM
AAA @ 139 DM (256mm)
AA @ 185 DM
A @ 220 DM
Sr BBB @ 330 DM (18.5mm)
Sr BBB (fixed) @ 6.65% (1.5mm)
Jr BBB (fixed) @ 7.46% (8mm)
BB @ 800 DM
B not offered","Bank of America","5NC2","New Issue","Priced","9/12/2024","10/3/2024","alleg8s_newissue","BSL",
"False","False","Park Blue 2022-I","div&lt;div&gt;divSr AAA @ 142a DM (240mm)
br&lt;br&gt;brJr AAA @ 157A DM (24mm)
br&lt;br&gt;brAA @ 175a DM
br&lt;br&gt;brA @ 205a DM
br&lt;br&gt;brSr BBB @ 310a DM (24mm)
br&lt;br&gt;brJr BBB @ 425a DM (4mm)
br&lt;br&gt;brBB @ 675a DM/div&lt;/div&gt;/div","Sr AAA @ 142 DM (240mm)
Jr AAA @ 157 DM (24mm)
AA @ 175 DM
A @ 210 DM
Sr BBB @ 330 DM (20mm)
Jr BBB (fixed) @ 7.607% (8mm)
BB @ 725 DM ","Citigroup","5NC2","Reset","Priced","9/12/2024","10/3/2024","pkblu2022-1_reset","BSL",
"False","False","MidOcean CLO XVI","div&lt;div&gt;divAAA @ 139-140 DM
br&lt;br&gt;brAA @ 175-180 DM
br&lt;br&gt;brA @ 200-205 DM
br&lt;br&gt;brBBB @ 300-310 DM
br&lt;br&gt;brBB @ 590-610 DM/div&lt;/div&gt;/div","AAA @ 140 DM
AA @ 175 DM
A @ 200 DM
Sr BBB @ 315 DM
Sr BBB (fixed) @ 6.456%
Jr BBB @ 440 DM
BB @ 625 DM","Scotia","5NC2","New Issue","Priced","9/12/2024","9/27/2024","mido16_newissue","BSL",
"False","False","Apidos CLO XLI",,"Sr AAA @ 136 DM (307.5mm)
Jr AAA @ 155 DM (22.5mm)
AA @ 170 DM
A @ 195 DM
Sr BBB @ 300 DM (30mm)
Jr BBB @ 420 DM (5mm)
BB @ 565 DM
B @ 825 DM","Societe Generale","5NC2","Reset","Priced","9/11/2024","9/27/2024","apid41_reset","BSL",
"False","False","Fort Washington CLO 2019-1","div&lt;div&gt;divSr AAA @ 145 DM (352mm)
br&lt;br&gt;brJr AAA @ 165a DM (11mm)
br&lt;br&gt;brAA @ 185a DM
br&lt;br&gt;brA @ 220-230 DM
br&lt;br&gt;brSr BBB @ 335-345 DM (27.5mm)
br&lt;br&gt;brJr BBB @ 480-495 DM (11mm)
br&lt;br&gt;brBB @ 750-775 DM/div&lt;/div&gt;/div","X @ 105 DM
Sr AAA @ 145 DM (352mm)
Jr AAA @ 170 DM (11mm)
AA @ 190 DM
A @ 230 DM
Sr BBB @ 375 DM (12.5mm)
Sr BBB (fixed) @ 6.826% (15mm)
Jr BBB (fixed) @ 8.50% (11mm)
BB @ S+7.99%","JPMorgan","5NC2","Reset","Priced","9/10/2024","9/27/2024","fwia2019-1_reset","BSL",
"False","False","Dryden 106 CLO","div&lt;div&gt;divSr AAA @ 135-136 DM (320mm)
br&lt;br&gt;brJr AAA @ +15bps to Sr. AAA (15mm)
br&lt;br&gt;brAA @ 170-175 DM
br&lt;br&gt;brA @ 195-205 DM
br&lt;br&gt;brSr BBB @ 300-310 DM
br&lt;br&gt;brJr BBB @ 420-430 DM
br&lt;br&gt;brBB @ 685-700 DM/div&lt;/div&gt;/div","Sr AAA @ 136 DM (320mm)
Jr AAA @ 153 DM (15mm)
AA @ 180 DM
A @ 210 DM
Sr BBB @ 325 DM (22.5mm)
Jr BBB (fixed) @ 7.42% (12.5mm)
BB @ 774 DM","Nomura","5NC2","Reset","Priced","9/9/2024","9/25/2024","drslf106_reset","BSL",
"False","False","Regatta XII Funding",,"X @ 110 DM
AAA @ 139 DM
AA @ 180 DM
A @ 205 DM
Sr BBB @ 315 DM (20mm)
Jr BBB @ 445 DM (8mm)
BB @ 690 DM","BNP Paribas","5NC2","Reset","Priced","9/9/2024","9/24/2024","reg12_reset","BSL",
"False","False","Rockford Tower CLO 2024-2","div&lt;div&gt;divSr AAA @ 140 DM (240mm)
br&lt;br&gt;brJr AAA @ 160-165 DM (20mm)
br&lt;br&gt;brAA @ 180-185 DM
br&lt;br&gt;brA @ 205-215 DM
br&lt;br&gt;brBBB @ 325-335 DM
br&lt;br&gt;brBB @ 675-700 DM/div&lt;/div&gt;/div","Sr AAA @ 140 DM (240mm)
Jr AAA @ 163 DM (20mm)
AA @ 185 DM
A @ 215 DM
Sr BBB @ 350 DM (24mm)
Jr BBB (fixed) @ 7.76% (4mm)
BB @ 684 DM","Deutsche Bank","5NC2","New Issue","Priced","9/9/2024","10/1/2024","rockt2024-2_newissue","BSL",
"False","False","Madison Park XX","div&lt;div&gt;divSr AAA subject
br&lt;br&gt;brJr AAA @ 155a DM
br&lt;br&gt;brAA @ 175a DM
br&lt;br&gt;brA @ 200a DM
br&lt;br&gt;brSr BBB @ 315-325 DM (25.5mm)
br&lt;br&gt;brJr BBB @ 425-435 DM (4.25mm)
br&lt;br&gt;brBB @ 625-640 DM
br&lt;br&gt;brB call desk/div&lt;/div&gt;/div","Sr AAA @ 137 DM (260.1mm)
Jr AAA @ 157 DM (24.7mm)
AA @ 175 DM
AA (fixed) @ 5.04%
A @ 200 DM
Sr BBB @ 320 DM (21.3mm)
Jr BBB (fixed) @ 7.52% (8.5mm)
BB @ 640 DM
B @ 816 DM","CIBC","5NC2","Reset","Priced","9/9/2024","9/19/2024","mdpk20_reset","BSL",
"False","False","Palmer Square CLO 2023-4","div&lt;div&gt;divSr AAA call desk
br&lt;br&gt;brJr AAA @ 150-155 DM
br&lt;br&gt;brAA @ 165-170 DM
br&lt;br&gt;brA @ 190-195 DM
br&lt;br&gt;brSr BBB @ 290-295 DM (30mm)
br&lt;br&gt;brJr BBB @ 415-425 DM (5mm)
br&lt;br&gt;brBB @ 550-575 DM/div&lt;/div&gt;/div","Sr AAA @ 136 DM (320mm)
Jr AAA @ 160 DM (7.5mm)
AA @ 170 DM
A @ 185 DM
Sr BBB @ 295 DM (30mm)
Jr BBB @ 415 DM (5mm)
BB @ 550 DM","Bank of America","5NC2","Reset","Priced","9/9/2024","9/18/2024","plmrs2023-4_reset","BSL",
"False","True","Elmwood CLO XII","div&lt;div&gt;divAAA @ 136a DM
br&lt;br&gt;brAA @ 170a DM
br&lt;br&gt;brA @ 195-200 DM
br&lt;br&gt;brSr BBB @ 300-310 DM (36mm)
br&lt;br&gt;brJr BBB @ 420-430 DM (2.4mm)
br&lt;br&gt;brBB @ 575-590 DM
br&lt;br&gt;brB @ 825a DM/div&lt;/div&gt;/div","AAA @ 136 DM
AA @ 170 DM
A @ 200 DM
Sr BBB @ 310 DM (36mm)
Jr BBB @ 435 DM (2.4mm)
BB @ 590 DM
B retained","Wells Fargo","5NC2","Reset","Priced","9/9/2024","9/24/2024","elm12_reset","BSL",
"False","False","Dryden 45 Senior Loan Fund","div&lt;div&gt;divSr AAA @ 108-110 DM/div&lt;/div&gt;/div","Sr AAA @ 108 DM (321mm)
Jr AAA @ 135 DM (15mm)
AA @ 165 DM
A @ 195 DM
BBB @ 305 DM","Goldman Sachs","0NC0.5","Refinancing","Priced","9/9/2024","9/25/2024","drslf45_refi","BSL",
"False","False","Sandstone Peak CLO I","div&lt;div&gt;divSr AAA @ 128 DM (279mm)
br&lt;br&gt;brJr AAA @ 155a DM (9mm)
br&lt;br&gt;brAA @ 170a DM
br&lt;br&gt;brA @ 200a DM
br&lt;br&gt;brBBB @ 330a DM/div&lt;/div&gt;/div","Sr AAA @ 128 DM (279mm)
Jr AAA @ 168 DM (9mm)
AA @ 183 DM
BBB @ 335 DM","JPMorgan","2NC1","Refinancing","Priced","9/9/2024","9/25/2024","sand1_refi","BSL",
"False","False","AIMCO CLO 19","div&lt;div&gt;divAAA @ 135 DM
br&lt;br&gt;brAA @ 165-170 DM
br&lt;br&gt;brA @ 185-190 DM
br&lt;br&gt;brSr BBB @ 290a DM (24mm)
br&lt;br&gt;brJr BBB @ 410a DM (4mm)
br&lt;br&gt;brBB @ 550a DM/div&lt;/div&gt;/div","AAA @ 135 DM
AA @ 165 DM
A @ 185 DM
Sr BBB @ 285 DM (24mm)
Jr BBB @ 410 DM (4mm)
BB @ 500 DM","Bank of America","5NC2","New Issue","Priced","9/9/2024","9/26/2024","aimco19_newissue","BSL",
"False","False","HPS CLO 21","div&lt;div&gt;divAAA call desk
br&lt;br&gt;brAA @ 170-175 DM
br&lt;br&gt;brA @ 195-205 DM
br&lt;br&gt;brSr BBB @ 295-310 DM
br&lt;br&gt;brJr BBB @ 425-440 DM
br&lt;br&gt;brBB @ 610-625 DM/div&lt;/div&gt;/div","AAA @ 139 DM
AA @ 175 DM
A @ 205 DM
Sr BBB @ 310 DM (15mm)
Sr BBB (fixed) @ 6.403% (9mm)
Jr BBB (fixed) @ 7.612% (3.25mm)
BB @ 625 DM","Wells Fargo","5NC2","New Issue","Priced","9/9/2024","9/25/2024","hps21_newissue","BSL",
"False","False","BlueMountain CLO XXXV","div&lt;div&gt;divX @ 110a DM
br&lt;br&gt;brSr AAA @ 142 DM (341mm)
br&lt;br&gt;brJr AAA @ 160-165 DM (22mm)
br&lt;br&gt;brAA @ 180-185 DM
br&lt;br&gt;brA @ 205-215 DM
br&lt;br&gt;brSr BBB @ 330-345 DM (33mm)
br&lt;br&gt;brJr BBB @ 465-485 DM (5.5mm)
br&lt;br&gt;brBB @ 775a DM/div&lt;/div&gt;/div","X @ 110 DM
Sr AAA @ 142 DM (341mm)
Jr AAA @ 170 DM (22mm)
AA @ 185 DM
A @ 230 DM
Sr BBB @ 330 DM (14mm)
Sr BBB (fixed) @ 6.529% (15mm)
Jr BBB @ 465 DM (2mm)
Jr BBB (fixed) @ 7.886% (7.5mm)
Sr BB @ 807.5 DM (13.75mm)
Jr BB @ 832.6 DM (1.375mm)","JPMorgan","5NC2","Reset","Priced","9/9/2024","10/1/2024","bluem35_reset","BSL",
"False","False","AGL CLO 20","div&lt;div&gt;divX @ 105 DM
br&lt;br&gt;brSr AAA @ 137 DM (279mm)
br&lt;br&gt;brJr AAA @ 159 DM (22.5mm)
br&lt;br&gt;brAA @ 170a DM
br&lt;br&gt;brA @ 200 DM
br&lt;br&gt;brSr BBB @ 300 DM (24.75mm)
br&lt;br&gt;brJr BBB @ 415-425 DM (6.75mm)
br&lt;br&gt;brBB @ 600 DM
br&lt;br&gt;brB @ 775-790 DM/div&lt;/div&gt;/div","X @ 105 DM
Sr AAA @ 137 DM (279mm)
Jr AAA @ 159 DM (22.5mm)
AA @ 175 DM
A @ 200 DM
Sr BBB @ 300 DM (24.75mm)
Jr BBB @ 445 DM (6.75mm)
BB @ 640 DM
B @ 850 DM","BNP Paribas","5NC2","Reset","Priced","9/9/2024","9/13/2024","agl20_reset","BSL",
"False","False","RIN IX","div&lt;div&gt;divAAA @ 155 DM
br&lt;br&gt;brAA @ 190 DM
br&lt;br&gt;brSr A @ 220 DM (20mm)
br&lt;br&gt;brJr A @ 240 DM (4mm)
br&lt;br&gt;brBBB @ 340 DM
br&lt;br&gt;brBB @ 670 DM
br&lt;br&gt;br/div&lt;/div&gt;/div",,"Deutsche Bank","5NC2","New Issue","Priced","9/6/2024","9/6/2024","rin9_newissue","Infra",
"False","False","Atlas Senior Loan Fund XX","div&lt;div&gt;divX @ 110a DM
br&lt;br&gt;brSr AAA @ 146 DM (244mm; preplaced)
br&lt;br&gt;brJr AAA @ 165a DM (12mm)
br&lt;br&gt;brAA @ 180a DM
br&lt;br&gt;brA @ 220a DM
br&lt;br&gt;brSr BBB @ 330a DM (24mm)
br&lt;br&gt;brJr BBB @ 450a DM (4mm)
br&lt;br&gt;brBB @ 700a DM/div&lt;/div&gt;/div","X @ 115 DM
Sr AAA @ 146 DM (244mm)
Jr AAA @ 165 DM (12mm)
AA @ 192 DM
A @ 230 DM
Sr BBB @ 385 DM (20mm)
Jr BBB (fixed) @ 7.815%
BB @ 860 DM","Citigroup","5NC2","Reset","Priced","9/6/2024","9/25/2024","atclo20_reset","BSL",
"False","False","Generate CLO 6","div&lt;div&gt;divAAA @ 140 DM/div&lt;/div&gt;/div","X @ 100 DM
AAA @ 140 DM
AA @ 180 DM
A @ 205 DM
Sr BBB @ 320 DM (20mm)
Jr BBB (fixed) @ 7.629% (7mm; +435 bps)
BB @ 725 DM","Goldman Sachs","5NC2","Reset","Priced","9/6/2024","9/24/2024","gnrt6_reset","BSL",
"False","False","Ocean Trails X","div&lt;div&gt;divAAA @ 130 DM
br&lt;br&gt;brAA @ 170a DM
br&lt;br&gt;brA @ 200a DM
br&lt;br&gt;brBBB @ 325a DM/div&lt;/div&gt;/div","AAA @ 130 DM
AA @ 170 DM
A @ 200 DM
BBB @ 375 DM","JPMorgan","2NC1","Refinancing","Priced","9/6/2024","9/17/2024","octr10_refi","BSL",
"False","False","OHA Credit Funding 9","div&lt;div&gt;divSr AAA @ 135 DM (370.5mm)
br&lt;br&gt;brJr AAA @ 155 DM (34.5mm)
br&lt;br&gt;brAA @ 170 DM
br&lt;br&gt;brA @ 190 DM
br&lt;br&gt;brSr BBB @ 300 DM (36mm)
br&lt;br&gt;brJr BBB @ 415 DM (6mm)
br&lt;br&gt;brBB @ 550 DM/div&lt;/div&gt;/div","Sr AAA @ 135 DM (370.5mm)
Jr AAA @ 158 DM (34.5mm)
AA @ 170 DM
AA (fixed) @ 4.913%
A @ 195 DM
Sr BBB @ 300 DM (36mm)
Jr BBB @ 420 DM (6mm)
BB @ 550 DM","Citigroup","5NC2","Reset","Priced","9/6/2024","9/18/2024","oakc9_reset","BSL",
"False","True","Invesco U.S. CLO 2022-3","div&lt;div&gt;divAAA @ 137a DM
br&lt;br&gt;brAA @ [170 DM]
br&lt;br&gt;brA @ [195 DM]
br&lt;br&gt;brSr BBB @ [295 DM) (30mm)
br&lt;br&gt;brJr BBB @ [425 DM) (5mm)
br&lt;br&gt;brBB @ [600 DM]/div&lt;/div&gt;/div","Sr AAA @ 137 DM (315mm)
Jr AAA @ 160 DM (15mm)
AA @ 175 DM
A @ 200 DM
Sr BBB @ 320 DM (25mm)
Jr BBB (fixed) @ 7.56% (10mm)
BB @ 675 DM","Natixis","5NC2","Reset","Priced","9/5/2024","9/30/2024","invco2022-3_reset","BSL",
"False","False","Fortress Credit Opportunities XIX CLO","div&lt;div&gt;divAAA @ 165 DM
br&lt;br&gt;brAA @ 195-200 DM
br&lt;br&gt;brA @ 245-250 DM
br&lt;br&gt;brBBB @ 425-450 DM
br&lt;br&gt;brBB @ 800a DM/div&lt;/div&gt;/div","AAA @ 165 DM
AA @ 205 DM
A @ 255 DM
BBB @ 415 DM
BB @ 800 DM","Scotia","4NC2","Reset","Priced","9/5/2024","9/26/2024","fco19_reset","MM",
"False","False","CIFC Funding 2022-VI","div&lt;div&gt;divAAA call desk
br&lt;br&gt;brAA @ 170-175 DM
br&lt;br&gt;brA @ 195-200 DM
br&lt;br&gt;brSr BBB @ 300-310 DM (24mm)
br&lt;br&gt;brJr BBB @ 425a DM (4mm)
br&lt;br&gt;brBB @ 585a DM
br&lt;br&gt;br/div&lt;/div&gt;/div","AAA @ 137 DM
AA @ 175 DM
A @ 200 DM
Sr BBB @ 300 DM
Jr BBB @ 425 DM
BB @ 575 DM","Morgan Stanley","5NC2","Reset","Priced","9/5/2024","9/19/2024","cifc2022-4_reset","BSL",
"False","False","Monroe Capital MML CLO XVII","div&lt;div&gt;divAAA @ 165-167 DM/div&lt;/div&gt;/div","AAA @ 166 DM
AA @ 205 DM
A @ 270 DM
BBB @ 465 DM
BB @ 825 DM","Capital One","5NC2","New Issue","Priced","9/5/2024","10/21/2024","mcmml17_newissue","MM",
"False","False","Galaxy CLO XXII","div&lt;div&gt;divAAA @ 124 DM
br&lt;br&gt;brAA @ 160-165 DM
br&lt;br&gt;brA @ 185-190 DM
br&lt;br&gt;brBBB @ 295-305 DM
br&lt;br&gt;brBB @ 670-675 DM/div&lt;/div&gt;/div","AAA @ 124 DM
AA @165 DM
A @ 210 DM
BBB @ 325 DM
BB @ 675 DM","JPMorgan","1.5NC1","Refinancing","Priced","9/5/2024","9/16/2024","galxy22_refi","BSL",
"False","False","Kings Point 2021-1","div&lt;div&gt;divAAA @ 180 DM
br&lt;br&gt;brAA @ 225 DM
br&lt;br&gt;brA @ 300 DM
br&lt;br&gt;brBBB @ 485 DM
br&lt;br&gt;brBB @ 775 DM
br&lt;br&gt;brB @ 830 DM/div&lt;/div&gt;/div",,"GreensLedge","4NC2","Reset","Priced","9/4/2024",,"kngspt2024-1_reset","BSL",
"False","False","Pikes Peak CLO 5","div&lt;div&gt;divX @ 105a DM
br&lt;br&gt;brSr AAA call desk
br&lt;br&gt;brJr AAA @ 155a DM
br&lt;br&gt;brAA @ 175a DM
br&lt;br&gt;brA @ 210a DM
br&lt;br&gt;brSr BBB @ 325a DM (20mm)
br&lt;br&gt;brJr BBB @ 425a DM (6mm)
br&lt;br&gt;brBB @ 625-650 DM
br&lt;br&gt;brB @ 809 DM/div&lt;/div&gt;/div","X @ 115 DM
Sr AAA @ 140 DM (240mm)
Jr AAA @ 162 DM (24mm)
AA @ 180 DM
A @ 210 DM
Sr BBB @ 325 DM (22mm)
Jr BBB (fixed) @ 7.532% (6mm)
BB @ 690 DM
B @ 782 DM","Morgan Stanley","5NC2","Reset","Priced","9/4/2024","9/19/2024","pipk5_reset","BSL",
"False","False","Vibrant CLO IV-R","div&lt;div&gt;divX @ 115-120 DM
br&lt;br&gt;brSr AAA @ 143-144 DM (256mm)
br&lt;br&gt;brJr AAA @ 160a DM (8mm)
br&lt;br&gt;brAA @ 185-190 DM
br&lt;br&gt;brA @ 225-235 DM
br&lt;br&gt;brSr BBB @ 370-375 DM (20mm)
br&lt;br&gt;brJr BBB (fixed) @ +440-450 (10mm)
br&lt;br&gt;brBB @ 775-800 DM
br&lt;br&gt;brB @ 900-925 DM/div&lt;/div&gt;/div","X @ 135 DM
Sr AAA @ 143 DM (247mm)
Sr AAA (fixed) @ 4.638% (5mm)
Jr AAA @ 165 DM (12mm)
Sr AA @ 195 DM (28mm)
Jr AA @ 220 DM (12mm)
A @ 240 DM
A (fixed) @ 5.656%
Sr BBB @ 375 DM (20mm)
Jr BBB (fixed) @ 7.671% (10mm)
Sr BB @ 790 DM
Jr BB retained","Goldman Sachs","5NC2","Re-Issue","Priced","9/4/2024","9/19/2024","vibr4r_reissue","BSL",
"False","False","Northwoods Capital XII-B","div&lt;div&gt;divSr AAA @ 120-122 DM (264.5mm)
br&lt;br&gt;brJr AAA @ 160-170 DM (71.7mm)
br&lt;br&gt;brAA @ 190-200 DM
br&lt;br&gt;brA @ 300-320 DM/div&lt;/div&gt;/div","Sr AAA @ 119 DM (265mm)
Jr AAA @ 170 DM (71.7mm)
AA @ 205 DM","Santander","0NC0.5","Refinancing","Priced","9/4/2024","9/9/2024","woods12b_refi","BSL",
"False","False","Venture 46 CLO","div&lt;div&gt;divX @ 115 DM
br&lt;br&gt;brSr AAA @ 145 DM (193.6mm)
br&lt;br&gt;brJr AAA @ 165 DM (9mm)
br&lt;br&gt;brAA @ 180 DM
br&lt;br&gt;brA @ 215 DM
br&lt;br&gt;brSr BBB @ 340 DM (18.2mm)
br&lt;br&gt;brJr BBB @ 440 DM (4.5mm)
br&lt;br&gt;brBB @ 750 DM/div&lt;/div&gt;/div","X @ 125 DM
Sr AAA @ 145 DM (193.6mm)
Jr AAA @ 170 DM (10.5mm)
AA @ 185 DM
Sr A @ 230 DM (15.1mm)
Jr A @ 260 DM (3mm)
Sr BBB @ 350 DM (7.91mm)
Sr BBB (fixed) @ 6.85% (10.29mm)
Jr BBB (fixed) @ 7.757% (4.5mm)
BB @ S+822 bps
","Jefferies","5NC2","Reset","Priced","9/4/2024","10/3/2024","ventr46_reset","BSL",
"False","False","KIMM CLO I","div&lt;div&gt;divSr AAA @ 163 DM (247.5mm)
br&lt;br&gt;brJr AAA @ 175-180 DM (31.5mm)
br&lt;br&gt;brAA @ 190-200 DM
br&lt;br&gt;brA @ 235-245 DM
br&lt;br&gt;brBBB @ 400-425 DM/div&lt;/div&gt;/div","Sr AAA @ 163 DM (230mm)
Sr AAA (fixed) @ 5.138% (17.5mm)
Jr AAA @ 180 DM (31.5mm)
AA @ 190 DM
A @ 260 DM
BBB @ 450 DM","BNP Paribas","4NC2","New Issue","Priced","9/4/2024","10/16/2024","kimm1_newissue","MM",
"False","False","Symphony CLO XXII","div&lt;div&gt;divSr AAA @ 118 DM (228mm)
br&lt;br&gt;brJr AAA @ 145 DM (8mm)
br&lt;br&gt;brAA @ 160-165 DM
br&lt;br&gt;brA @ 185 DM
br&lt;br&gt;brBBB @ 310-320 DM/div&lt;/div&gt;/div","Sr AAA @ 118 DM (228mm)
Jr AAA @ 145 DM (8mm)
AA @ 168 DM
A @ 210 DM
BBB @ 330 DM","Morgan Stanley","0.5NC0.75","Reset","Priced","9/4/2024","9/13/2024","symp22_reset","BSL",
"False","False","Dryden 72 CLO","div&lt;div&gt;divAAA @ 108-110 DM
br&lt;br&gt;brAA @ 150-160 DM
br&lt;br&gt;brA @ 190-200 DM
br&lt;br&gt;brBBB @ 290-300 DM/div&lt;/div&gt;/div","AAA @ 110 DM
AA @ 165 DM
A @ 200 DM","Nomura","TBD","Refinancing","Priced","9/3/2024","9/12/2024","drslf72_refi","BSL",
"False","False","Carlyle US CLO 2019-2","div&lt;div&gt;divX @ 85-90 DM
br&lt;br&gt;brAAA @ 135-136 DM
br&lt;br&gt;brAA @ 170-175 DM
br&lt;br&gt;brA @ 195-205 DM
br&lt;br&gt;brBBB @ 300-310 DM
br&lt;br&gt;brBB @ 670-685 DM/div&lt;/div&gt;/div","X @ 100 DM
AAA @ 136 DM
AA @ 175 DM
A @ 205 DM
Sr BBB @ 310 DM (29.1mm)
Jr BBB (fixed) @ 7.386% (8mm)
BB @ 700 DM","Nomura","5NC2","Reset","Priced","9/3/2024","9/18/2024","cgms2019-2_reset","BSL",
"False","False","Fortress Credit BSL XXII","div&lt;div&gt;divSr AAA preplaced/div&lt;/div&gt;/div","Sr AAA @ 144.5 DM (265.25mm)
Jr AAA @ 170 DM (8.8mm)
AA @ 195 DM
A @ 235 DM
Sr BBB @ 395 DM (26.1mm)
Jr BBB @ 475 DM (8.7mm)
BB @ 790 DM","Goldman Sachs","5NC2","New Issue","Priced","9/3/2024","9/18/2024","fcbsl22_newissue","BSL",
"False","True","Cedar Funding XIV CLO","div&lt;div&gt;divAAA @ 138-140 DM/div&lt;/div&gt;/div","X @ 105 DM
AAA @ 138 DM
Sr AA @ 170 DM (40mm)
Jr AA @ 190 DM (13mm)
A @ 210 DM
Sr BBB @ 310 DM (9m
Jr BBB (fixed) @ 6.358% (15mm)
BB @ 739 DM
B retained","JPMorgan","5NC2","Reset","Priced","9/3/2024","10/2/2024","cedf14_reset","BSL",
"False","False","Golub Capital Partners CLO 31(M)-R2","div&lt;div&gt;divAAA @ 160 DM/div&lt;/div&gt;/div","Sr AAA @ 160 DM (406mm)
Jr AAA @ 175 DM (28mm)
AA @ 185 DM
A @ 230 DM
BBB @ 385 DM","BNP Paribas","4NC2","Reset","Priced","9/3/2024","9/25/2024","gocap31m_reset","MM",
"False","False","CarVal CLO VIII-C","div&lt;div&gt;divSr AAA call desk
br&lt;br&gt;brJr AAA @ 160a DM
br&lt;br&gt;brAA @ 180 Dm
br&lt;br&gt;brA @ 205-215 Dm
br&lt;br&gt;brSr BBB @ 315-325 DM (24mm)
br&lt;br&gt;brJr BBB @ 450a DM (4mm)
br&lt;br&gt;brBB @ 675a DM/div&lt;/div&gt;/div","Sr AAA @ 142 DM (240mm)
Jr AAA @ 160 DM (8mm)
AA @ 180 DM
A @ 215 DM
Sr BBB @ 320 DM (20mm)
Jr BBB (fixed) @ 7.42% (7mm)
BB @ 760 DM","Bank of America","5NC2","Reset","Priced","9/3/2024","9/13/2024","carvl8c_reset","BSL",
"False","False","Ballyrock CLO 20","div&lt;div&gt;divSr AAA call desk
br&lt;br&gt;brJr AAA @ 150a DM
br&lt;br&gt;brAA @ 170a DM
br&lt;br&gt;brA @ 195a DM
br&lt;br&gt;brSr BBB @ 310a DM (30mm)
br&lt;br&gt;brJr BBB @ 415-430 DM (5mm)
br&lt;br&gt;brBB @ 600-620 DM/div&lt;/div&gt;/div","Sr AAA @ 130 DM (325mm)
Jr AAA @ 160 DM (10mm)
AA @ 170 DM
A @ 195 DM
Sr BBB @ 310 DM (30mm)
Jr BBB (fixed) @ 7.295% (5mm)
BB @ 620 DM","JPMorgan","3NC1","Reset","Priced","9/3/2024","9/17/2024","bally20_reset","BSL",
"False","False","Eaton Vance CLO 2020-2","div&lt;div&gt;divAAA @ 138a DM
br&lt;br&gt;brAA @ 170-175 DM
br&lt;br&gt;brA @ 200-205 DM
br&lt;br&gt;brBBB @ 315-325 DM
br&lt;br&gt;brBB @ 625-650 DM/div&lt;/div&gt;/div","AAA @ 138 DM
Sr AA @ 175 DM (40mm)
Jr AA @ 190 DM (8mm)
A @ 200 DM
Sr BBB @ 320 DM (20mm)
Jr BBB @ 425 DM (4mm)
BB @ 650 DM","Morgan Stanley","5NC2","Reset","Priced","9/3/2024","9/19/2024","eaton2020-2_reset","BSL",
"False","False","Neuberger Berman Loan Advisers CLO 57","div&lt;div&gt;divSr AAA preplaced
br&lt;br&gt;brJr AAA @ 155a DM
br&lt;br&gt;brAA @ 165-170 Dm
br&lt;br&gt;brA @ 195-200 DM
br&lt;br&gt;brSr BBB @ 295-305 DM (30mm)
br&lt;br&gt;brJr BBB @ 415-425 DM (5mm)
br&lt;br&gt;brBB @ 550-575 DM/div&lt;/div&gt;/div","Sr AAA @ 136 DM (310mm)
Jr AAA @ 156 DM (20mm)
AA @ 170 DM
A @ 200 DM
Sr BBB @ 290 DM (30mm)
Jr BBB @ 425 DM (5mm)
BB @ 550 DM","Wells Fargo","5NC2","New Issue","Priced","9/3/2024","9/18/2024","neub57_newissue","BSL",
"False","False","KKR CLO 51","div&lt;div&gt;divSr AAA subject
br&lt;br&gt;brJr AAA @ 155-160 DM
br&lt;br&gt;brAA @ 170-175 DM
br&lt;br&gt;brA @ 195-200 DM
br&lt;br&gt;brSr BBB @ 290-300 DM (30mm)
br&lt;br&gt;brJr BBB @ 435-450 DM (5mm)
br&lt;br&gt;brBB @ 650a DM
br&lt;br&gt;brB TBD/div&lt;/div&gt;/div","Sr AAA @ 139 DM (300mm)
Jr AAA @ 160 DM (25mm
AA @ 185 DM
A @ 205 DM
Sr BBB @ 315 DM (30mm)
Jr BBB @ 450 DM (5mm)
BB @ 650 DM
B retained","Deutsche Bank","5NC2","New Issue","Priced","9/3/2024","9/19/2024","kkr51_newissue","BSL",
"False","True","Storm King Park CLO","div&lt;div&gt;divAAA @ 135-136 DM
br&lt;br&gt;brAA @ 170 DM
br&lt;br&gt;brA @ 190 DM
br&lt;br&gt;brBBB @ 295-300 DM
br&lt;br&gt;brBB @ 560-575 DM/div&lt;/div&gt;/div","AAA @ 136 DM
AA @ 170 DM
A @ 200 DM
BBB @ 315 DM
BBB (fixed) @ 6.336%
BB @ 615 DM","Citigroup","5NC2","Reset","Priced","8/30/2024","9/17/2024","stkpk_reset","BSL",
"False","False","Octagon 65","div&lt;div&gt;divSr AAA @ 136 DM (310mm; preplaced)
br&lt;br&gt;brJr AAA @ 151-156 DM (18.75mm)
br&lt;br&gt;brAA @ 170 DM
br&lt;br&gt;brA @ 200 DM (preplaced)
br&lt;br&gt;brSr BBB @ 305 DM ($30mm; preplaced)
br&lt;br&gt;brJr BBB @ 450 DM (3.75mm)
br&lt;br&gt;brBB @ 575 DM/div&lt;/div&gt;/div","Sr AAA @ 136 DM (310mm)
Jr AAA @ 158 DM (18.75mm)
AA @ 170 DM
A @ 200 DM
Sr BBB @ 305 DM (30mm)
Jr BBB (fixed) @ 7.90% (5mm)
BB @ 630 DM","Citigroup","5NC2","New Issue","Priced","8/30/2024","9/6/2024","oct65_newissue","BSL",
"False","False","Signal Peak CLO 7","div&lt;div&gt;divSr AAA preplaced (142 DM) (240mm)
br&lt;br&gt;brJr AAA @ 160a DM (29mm)
br&lt;br&gt;brAA preplaced (180 DM)
br&lt;br&gt;brA @ 200-215 DM
br&lt;br&gt;brSr BBB @ 310-320 DM (24mm)
br&lt;br&gt;brJr BBB @ 430a DM (4mm)
br&lt;br&gt;brBB preplaced (600 DM)
br&lt;br&gt;brB not offered
br&lt;br&gt;br
br&lt;br&gt;br/div&lt;/div&gt;/div","Sr AAA @ 142 DM (240mm)
Jr AAA @ 162 DM (29mm)
AA @ 180 DM
A @ 215 DM
Sr BBB @ 310 DM (24mm)
Jr BBB (fixed) @ 7.429% (4mm)
BB @ S+600
B not offered","JPMorgan","5NC2","Reset","Priced","8/29/2024","9/13/2024","speak2019-1_reset","BSL",
"False","False","Ares LV CLO","div&lt;div&gt;divSr AAA @ 135-136 DM/div&lt;/div&gt;/div","Sr AAA @ 137 DM (320mm)
Jr AAA @ 160 DM (10mm)
AA @ 170 DM
A @ 200 DM
Sr BBB @ 310 DM (25mm)
Jr BBB (fixed) @ 7.40% (10mm)
BB @ 650 DM","JPMorgan","5NC2","Reset","Priced","8/29/2024","10/1/2024","ares55_reset","BSL",
"False","False","Barings CLO 2022-III","div&lt;div&gt;divX preplaced
br&lt;br&gt;brSr AAA call desk (307.5mm)
br&lt;br&gt;brJr AAA @ 150-155 DM
br&lt;br&gt;brAA @ 170-175 DM
br&lt;br&gt;brA @ 200-205 DM
br&lt;br&gt;brSr BBB @ 305-315 DM (27.5mm)
br&lt;br&gt;brJr BBB @ 425-450 DM (7.5mm)
br&lt;br&gt;brBB @ 650-675 DM/div&lt;/div&gt;/div","X @ 105 DM
Sr AAA @ 137 DM (307mm)
Jr AAA @ 159 DM (18.25mm)
AA @ 175 DM
A @ 200 DM
Sr BBB @ 320 DM (25mm)
Jr BBB (fixed) @ swaps + 425 bps
BB @ 690 DM ","Bank of America","5NC2","Reset","Priced","8/28/2024","9/20/2024","babsn2022-3_reset","BSL",
"False","False","Carlyle Global Market Strategies CLO 2012-4","div&lt;div&gt;divSr AAA @ 112a DM (340.9mm)
br&lt;br&gt;brJr AAA @ 135a DM (12mm)
br&lt;br&gt;brAA @ 160-165 DM
br&lt;br&gt;brA @ 185a DM
br&lt;br&gt;brBBB @ 285a DM
br&lt;br&gt;br/div&lt;/div&gt;/div","Sr AAA @ 112 DM (340.9mm)
Jr AAA @ 135 DM (12mm)
AA @ 175 DM
A @ 210 DM
BBB @ 350 DM","Barclays","0NC0.5","Refinancing","Priced","8/28/2024","9/20/2024","cgms2012-4_refi","BSL",
"False","False","Voya CLO 2022-1",,"AAA @ 125 DM
AA @ 175 DM
A @ 200 DM
BBB @ 325 DM
BB @ 690 DM","Mizuho","2.5NC1.5","Refinancing","Priced","8/27/2024","8/27/2024","voya2022-1_refi","BSL",
"False","False","Barings Loan Partners CLO 4",,"X @ 110 DM
AAA @ 128 DM
AA @ 170 DM
A @ 200 DM
BBB @ 335 DM
BB @ 650 DM
B @ 800 DM","Citigroup","2NC1","New Issue","Priced","8/27/2024","8/27/2024","babsnlp4_newissue","BSL",
"False","False","Golub Capital Partners CLO 62(B)-R","div&lt;div&gt;divSr AAA call desk
br&lt;br&gt;brJr AAA @ 175a DM
br&lt;br&gt;brAA @ 205a DM
br&lt;br&gt;brA @ 305a DM
br&lt;br&gt;brSr BBB call desk (4mm)
br&lt;br&gt;brJr BBB @ 615-625 DM/div&lt;/div&gt;/div","AAA @ 137 DM
AA @ 175 DM
A @ 205 DM
Sr BBB @ 310 DM (22mm)
Jr BBB @ 425 DM (6mm)
BB @ 640 DM","Societe Generale","5NC2","Reset","Priced","8/27/2024","9/5/2024","gcbsl62b_reset","BSL",
"False","False","Texas Debt Capital CLO 2023-II","div&lt;div&gt;divSr AAA call desk
br&lt;br&gt;brJr AAA @ 150-155 DM
br&lt;br&gt;brAA @ 170a DM
br&lt;br&gt;brA @ 195a DM
br&lt;br&gt;brSr BBB @ 295a DM (30mm)
br&lt;br&gt;brJr BBB @ 420a DM (5mm)
br&lt;br&gt;brBB @ 575a DM/div&lt;/div&gt;/div","Sr AAA @ 137 DM (320mm)
Jr AAA @ 155 DM (10mm)
AA @ 173 DM
A @ 195 DM
Sr BBB @ 295 DM (30mm)
Jr BBB (fixed) @ 7.44% (5mm; N+420bps)
BB @ 570 DM","Bank of America","5NC2","Reset","Priced","8/27/2024","9/6/2024","tcifc2023-2_reset","BSL",
"False","False","Madison Park Funding XXXIX","div&lt;div&gt;divAAA @ 125 DM
br&lt;br&gt;brAA @ 160-165 DM
br&lt;br&gt;brA @ 185-190 DM
br&lt;br&gt;brBBB @ 290-300 DM
br&lt;br&gt;brBB @ 625a DM/div&lt;/div&gt;/div","AAA @ 125 DM
AA @ 175 DM
A @ 205 DM
BBB @ 320 DM","Barclays","2NC1","Refinancing","Priced","8/27/2024","9/10/2024","mdpk39_refi","BSL",
"False","False","OZLM XXIII","div&lt;div&gt;divX @ 110 DM
br&lt;br&gt;brSr AAA call desk
br&lt;br&gt;brJr AAA @ 160 DM
br&lt;br&gt;brAA @ 180 DM
br&lt;br&gt;brA @ 215 DM
br&lt;br&gt;brSr BBB @ 325 DM (27.5mm)
br&lt;br&gt;brJr BBB @ 425 DM (7.5mm)
br&lt;br&gt;brBB @ 700 DM (98h)/div&lt;/div&gt;/div","X @ 110 DM
Sr AAA @ 144 DM (315mm)
Jr AAA @ 170 DM (20mm)
AA @ 185 DM
A @ 220 DM 
A (fixed) @ 5.458%
Sr BBB (fixed) @ 6.769%
Jr BBB (fixed) @ 7.521%
BB @ 816 DM","Santander","5NC2","Reset","Priced","8/27/2024","9/20/2024","ozlm23_reset","BSL",
"False","False","Sixth Street CLO XXI","div&lt;div&gt;divAAA @ 137 DM
br&lt;br&gt;brAA @ 170a DM
br&lt;br&gt;brA @ 190-200 DM
br&lt;br&gt;brSr BBB @ 295-305 DM (24mm)
br&lt;br&gt;brJr BBB @ 425a DM (2.4mm)
br&lt;br&gt;brBB @ 600-625 DM/div&lt;/div&gt;/div","AAA @ 137 DM
Sr AA @ 170 DM (40mm)
Jr AA @ 185 DM (12mm)
A @ 195 DM
Sr BBB @ 300 DM (24mm)
Jr BBB (fixed) @ N+425 (2.4mm)
BB @ 575 DM","Bank of America","5NC2","Reset","Priced","8/26/2024","9/11/2024","sixst21_reset","BSL",
"False","False","Brightwood Capital MM CLO 2019-1","div&lt;div&gt;divSr AAA @ 167-169 DM
br&lt;br&gt;brJr AAA @ 190-195 DM
br&lt;br&gt;brAA @ 210-215 DM
br&lt;br&gt;brA @ 265-275 DM
br&lt;br&gt;brBBB @ 450-460 DM/div&lt;/div&gt;/div","Sr AAA @ 168 DM (180mm)
Jr AAA @ 190 DM (12mm)
AA @ 200 DM
A @ 285 DM
BBB @ 490 DM
BB @ 870 DM","GreensLedge","2NC1","Reset","Priced","8/26/2024","10/2/2024","bwcap2019-1_reset","MM",
"False","False","Birch Grove CLO 5","div&lt;div&gt;divSr AAA @ 141 DM (240mm)/div&lt;/div&gt;/div","Sr AAA @ 141 DM (255mm)
Jr AAA @ 165 DM (21.25mm)
AA @ 180 DM
A @ 205 DM
Sr BBB @ 335 DM (25.5mm)
Jr BBB (fixed) @ 7.473% (3.2mm)
BB @ 675 DM
B not offered","Mizuho","5NC2","Reset","Priced","8/26/2024","9/16/2024","bgclo5_reset","BSL",
"False","False","Carlyle US CLO 2022-5","div&lt;div&gt;divSr AAA @ 138 DM (preplaced; $305mm)
br&lt;br&gt;brJr AAA @ 153 DM (25mm)
br&lt;br&gt;brAA @ 175 DM
br&lt;br&gt;brA @ 200-210 DM
br&lt;br&gt;brSr BBB @ 310 DM (27.5mm)
br&lt;br&gt;brJr BBB @ 450-470 DM (5mm)
br&lt;br&gt;brBB @ 675-700 DM/div&lt;/div&gt;/div","Sr AAA @ 138 DM
Jr AAA @ 160 DM
AA @ 178 DM
A @ 210 DM
Sr BBB @ 315 DM (25mm)
Jr BBB (fixed) @ 8.122% (7.5mm)
BB @ 710 DM","Citigroup","5NC2","Reset","Priced","8/23/2024","8/29/2024","cgms2022-5_reset","BSL",
"False","False","Elmwood CLO V","div&lt;div&gt;divAAA @ 136-137 DM (call desk)
br&lt;br&gt;brAA @ 170a DM
br&lt;br&gt;brA @ 190-200 DM
br&lt;br&gt;brSr BBB @ 295 DM (24mm)
br&lt;br&gt;brJr BBB @ 410-420 DM (2mm)
br&lt;br&gt;brBB @ 575a DM/div&lt;/div&gt;/div","AAA @ 137 DM
AA @ 175 DM
A @ 200 DM
Sr BBB @ 315 DM (24mm)
Jr BBB @ 425 DM (2mm)
BB @ 575 DM","RBC","5NC2","Reset","Priced","8/23/2024","9/4/2024","elmw5_reset","BSL",
"False","False","BlackRock Maroon Bells CLO XI","div&lt;div&gt;divAAA @ 162-165 DM/div&lt;/div&gt;/div","X @ 120 DM
AAA @ 160 DM
AA @ 195 DM
AA (fixed) @ 5.698%
A @ 235 DM
BBB @ 390 DM
BB @ 777 DM","Scotia","4NC2","Reset","Priced","8/23/2024","12/11/2024","blkmm11_reset","MM",
"False","False","Dryden 104 CLO","div&lt;div&gt;divSr AAA @ 127 DM (306.25mm)
br&lt;br&gt;brJr AAA @ 147 DM (13.75mm)
br&lt;br&gt;brAA @ 165 DM
br&lt;br&gt;brAA (fixed) @ S+165
br&lt;br&gt;brA call desk
br&lt;br&gt;brBBB call desk
br&lt;br&gt;brBB call desk /div&lt;/div&gt;/div","Sr AAA @ 129 DM (306.25mm)
Jr AAA @ 160 DM (13.75mm)
AA @ 175 DM
A @ 200 DM
BBB @ 325 DM
BB @ 740 DM","Citigroup","3NC1","Refinancing","Priced","8/22/2024","9/3/2024","drslf104_refi","BSL",
"False","False","Regatta XVI Funding","div&lt;div&gt;divSr AAA call desk
br&lt;br&gt;brJr AAA @ 160-165 DM
br&lt;br&gt;brAA @ 190-200 DM
br&lt;br&gt;brBBB @ 300-315 DM
br&lt;br&gt;brBB @ 675-700 DM/div&lt;/div&gt;/div","Sr AAA @ 120 DM (372mm)
Jr AAA @ 145 DM (15mm)
AA @ 170 DM
A @ 190 DM
BBB @ 320 DM
BB @ 710 DM","BNP Paribas","0.4NC0.75","Refinancing","Priced","8/22/2024","8/29/2024","reg16_refi","BSL",
"False","False","Cerberus Loan Funding XLVIII","div&lt;div&gt;divAAA @ 160-165 DM/div&lt;/div&gt;/div","AAA @ 165 DM
AA @ 185 DM
A @ 230 DM
BBB @ 385 DM","Wells Fargo","4NC2","New Issue","Priced","8/22/2024","9/26/2024","cerb48_newissue","MM",
"False","False","Orchard Park CLO","div&lt;div&gt;divAAA @ 136 DM
br&lt;br&gt;brAA @ 165-170 DM
br&lt;br&gt;brA @ 190-195 DM
br&lt;br&gt;brSr BBB @ 290-300 DM (30mm)
br&lt;br&gt;brJr BBB @ 400-420 DM (3.75mm)
br&lt;br&gt;brBB @ 550-570 DM/div&lt;/div&gt;/div","AAA @ 136 DM
AA @ 170 DM
AA (fixed) @ 5.1008%
A @ 195 DM
Sr BBB @ 295 DM (30mm)
Jr BBB (fixed) @ 7.577%
BB @ 560 DM","Citigroup","5NC2","New Issue","Priced","8/21/2024","8/28/2024","orchpk_newissue","BSL",
"False","False","Oaktree CLO 2019-2","div&lt;div&gt;divSr AAA preplaced
br&lt;br&gt;brJr AAA call desk
br&lt;br&gt;brAA @ 175-180 DM
br&lt;br&gt;brA call desk
br&lt;br&gt;brSr BBB @ 330a DM (23.5mm)
br&lt;br&gt;brJr BBB @ 425a DM (9.25mm)
br&lt;br&gt;brBB @ 700a DM/div&lt;/div&gt;/div","Sr AAA @ 140 DM (274.5mm)
Jr AAA @ 160 DM (31.5mm)
AA @ 180 DM
A @ 220 DM
Sr BBB @ 330 DM (12.5mm)
Sr BBB (fixed) @ 6.709% (10mm; N+330 bps)
Jr BBB (fixed) @ 7.664% (9mm; N+425 bps)
BB @ 735 DM","Morgan Stanley","5NC2","Reset","Priced","8/21/2024","8/30/2024","oakcl2019-2_reset","BSL",
"False","False","Mountain View CLO XVIII","div&lt;div&gt;divX @ 100a DM
br&lt;br&gt;brSr AAA call desk
br&lt;br&gt;brJr AAA @ 160-165 DM
br&lt;br&gt;brAA @ 180a DM
br&lt;br&gt;brA @ 220a DM
br&lt;br&gt;brSr BBB @ 325a DM (15mm)
br&lt;br&gt;brJr BBB @ 425a DM (6mm)
br&lt;br&gt;brBB @ 700a DM/div&lt;/div&gt;/div","X @ 105 DM
Sr AAA @ 144 DM (180mm)
Jr AAA @ 164 DM (18mm)
AA @ 185 DM
A @ 220 DM
Sr BBB @ 365 DM (15mm)
Jr BBB (fixed) @ 7.52% (6mm)
BB @ 775 DM","Morgan Stanley","5NC2","New Issue","Priced","8/20/2024","9/6/2024","mvew18_newissue","BSL",
"False","False","OHA Credit Partners XVI","div&lt;div&gt;divAAA @ 134-135 DM
br&lt;br&gt;brAA @ 165-170 DM
br&lt;br&gt;brAA (fixed) @ 165-170 DM
br&lt;br&gt;brA @ 185-195 DM
br&lt;br&gt;brSr BBB @ 290-300 DM (36mm)
br&lt;br&gt;brJr BBB @ 400-415 DM (4.5mm)
br&lt;br&gt;brBB @ 550-575 DM/div&lt;/div&gt;/div","AAA @ 135 DM
AA @ 170 DM 
AA (fixed) @ 5.09%
A @ 190 DM
Sr BBB @ 300 DM (36mm)
Jr BBB @ 415 DM (4.5mm)
BB @ 550 DM","Nomura","5NC2","Reset","Priced","8/20/2024","8/30/2024","oakc16_reset","BSL",
"False","False","Polus US CLO I","div&lt;div&gt;divSr AAA @ 145 DM/div&lt;/div&gt;/div","X @ 125 DM
Sr AAA @ 150 DM (248mm)
Jr AAA @ 170 DM (12mm)
AA @ 190 DM 
AA (fixed) @ 5.177%
A @ 240 DM
Sr BBB @ 350 DM (5mm)
Sr BBB (fixed) @ 6.805% (15mm)
Jr BBB (fixed) @ 7.714% (8mm)
BB @ 734 DM","Jefferies","5NC2","New Issue","Priced","8/20/2024","9/25/2024","polus1_newissue","BSL",
"False","True","37 Capital CLO  1","div&lt;div&gt;divAAA @ 125-127 DM
br&lt;br&gt;brAA @ 175-180 DM
br&lt;br&gt;brA @ 205-210 DM/div&lt;/div&gt;/div","AAA @ 128 DM
AA @ 175 DM
A @ 205 DM","Morgan Stanley","2NC1","Refinancing","Priced","8/19/2024","8/30/2024","37clo1_refi","BSL",
"False","False","Benefit Street Partners CLO XIV","div&lt;div&gt;divAAA @ 137a DM
br&lt;br&gt;brAA @ 170a DM
br&lt;br&gt;brA @ 195a DM
br&lt;br&gt;brSr BBB @ 315a DM (30mm)
br&lt;br&gt;brJr BBB @ 430a DM (3.75mm)
br&lt;br&gt;brBB @ 615a DM/div&lt;/div&gt;/div","AAA @ 137 DM
AA @ 175 DM
A @ 200 DM
Sr BBB @ 325 DM (30mm)
Jr BBB @ 7.669% (3.75mm; N+430 bps)
BB @ 615 DM","Wells Fargo","5NC2","Reset","Priced","8/19/2024","9/3/2024","bsp14_reset","BSL",
"False","False","GoldenTree Loan Management US CLO 10","div&lt;div&gt;divSr AAA @ 135a DM/div&lt;/div&gt;/div","X @ 105 DM
Sr AAA @ 135 DM (396.9mm)
Jr AAA @ 158 DM (18.9mm)
AA @ 170 DM
AA (fixed) @ 4.97135%
A @ 200 DM
Sr BBB @ 310 DM (37.8mm)
Jr BBB (fixed) @ 7.44376% (6.3mm)
BB @ 600 DM
B retained","Wells Fargo","5NC2","Reset","Priced","8/19/2024","9/6/2024","glm10_reset","BSL",
"False","False","Madison Park Funding XXXIV","div&lt;div&gt;divSr AAA @ 136-137 DM (320mm)
br&lt;br&gt;brJr AAA @ 156-157 DM (17.5mm)
br&lt;br&gt;brAA @ 175-180 DM
br&lt;br&gt;brA @ 205-215 DM
br&lt;br&gt;brSr BBB @ 230-335 DM (30mm)
br&lt;br&gt;brJr BBB @ 450a DM (5mm)
br&lt;br&gt;brBB @ 625-650 DM
br&lt;br&gt;brB @ 825-850 DM/div&lt;/div&gt;/div","Sr AAA @ 137 DM (310mm)
Jr AAA @ 160 DM (27.5mm)
AA @ 180 DM
A @ 210 DM
Sr BBB @ 335 DM (30mm)
Jr BBB (fixed) @ 7.8227% (5mm)
BB @ 650 DM
B @ 850 DM","Citigroup","5NC2","Reset","Priced","8/19/2024","8/30/2024","mdpk34_reset","BSL",
"False","False","Black Diamond 2024-1 CLO","div&lt;div&gt;divSr AAA call desk
br&lt;br&gt;brJr AAA @ 175-180 DM
br&lt;br&gt;brAA @190-195 DM
br&lt;br&gt;brA @ 235-245 DM
br&lt;br&gt;brSr BBB @ 425-440 DM (24mm)
br&lt;br&gt;brJr BBB @ 500-515 DM (4mm)
br&lt;br&gt;brBB @ 800-825 DM/div&lt;/div&gt;/div","Sr AAA @ 165 DM (240mm)
Jr AAA @ 180 DM (20mm)
AA @ 202 DM
A @ 235 DM
A (fixed) @ 5.62%
Sr BBB @ 445 DM (16mm)
Jr BBB (fixed) @ 8.190% (12mm)
BB @ 826 DM","Goldman Sachs","5NC2","New Issue","Priced","8/19/2024","9/18/2024","black2024-1_newissue","BSL",
"False","False","Generate CLO 11","div&lt;div&gt;divAAA @ 139-141 DM/div&lt;/div&gt;/div","X @ 105 DM
Sr AAA @ 141 DM (240mm)
Jr AAA @ 165 DM (8mm)
AA @ 180 DM
A @ 210 DM
Sr BBB @ 325 DM (22mm)
Jr BBB @ 485 DM (2mm)
Jr BBB (fixed) @ 7.905% (4mm)
BB @ S+7.30%","JPMorgan","5NC2","Reset","Priced","8/19/2024","9/6/2024","gnrt11_reset","BSL",
"False","False","Voya CLO 2024-5","div&lt;div&gt;divX @ 115a DM
br&lt;br&gt;brSr AAA @ 138 DM (320mm)
br&lt;br&gt;brJr AAA @ 155-160 DM (15mm)
br&lt;br&gt;brAA @ 170a DM
br&lt;br&gt;brA @ 190-200 DM
br&lt;br&gt;brSr BBB @ 300-310 DM (30mm)
br&lt;br&gt;brJr BBB @ 410-425 DM (5mm)
br&lt;br&gt;brBB @ 575a DM/div&lt;/div&gt;/div","X @ 120 DM
Sr AAA @ 138 DM (320mm)
Jr AAA @ 160 DM (16.5mm)
AA @ 170 DM
AA (fixed) @ 5.00%
A @ 200 DM
Sr BBB @ 315 DM (20mm)
Sr BBB (fixed) @ 6.41% (10mm)
Jr BBB (fixed) @ 7.47% (5mm)
Sr BB @ 590 DM (15mm)
Jr BB @ 725 DM (5mm)
","Santander","5NC2","New Issue","Priced","8/19/2024","9/5/2024","voya2024-5_newissue","BSL",
"False","False","AGL Core CLO 4","div&lt;div&gt;divAAA @ 138 DM
br&lt;br&gt;brAA @ 170a DM/div&lt;/div&gt;/div","AAA @ 138 DM
AA @ 175 DM","Barclays","5NC2","Reset","Priced","8/16/2024","8/28/2024","agl4_reset","BSL",
"False","False","TCW CLO 2018-1","div&lt;div&gt;divX @ 110 DM
br&lt;br&gt;brAAA subject
br&lt;br&gt;brAA @ 170 DM
br&lt;br&gt;brA @ 190 DM
br&lt;br&gt;brSr BBB @ 310 DM (24mm)
br&lt;br&gt;brJr BBB @ 425 DM (4mm)
br&lt;br&gt;brBB @ 700 DM/div&lt;/div&gt;/div","X @ 110 DM
AAA @ 135 DM
AA @ 180 DM
A @ 220 DM
Sr BBB @ 350 DM (10mm)
Sr BBB (fixed) @ 6.82% (10mm)
Jr BBB (fixed) @ 7.531% (8mm)
BB @ S+7.47%","Jefferies","3NC1","Reset","Priced","8/16/2024","9/5/2024","tcw2018-1_reset","BSL",
"False","False","Ares Direct Lending CLO 2","div&lt;div&gt;divAAA @ 160a DM
br&lt;br&gt;brAA @ 190a DM
br&lt;br&gt;brA @ 235a DM
br&lt;br&gt;brBBB @ 390a DM/div&lt;/div&gt;/div","Sr AAA @ 160 DM (248mm)
Jr AAA @ 175 DM (13.8mm)
AA @ 190 DM
A @ 235 DM
BBB @ 390 DM","Morgan Stanley","4NC2","New Issue","Priced","8/16/2024","8/28/2024","aresdl2_newissue","MM",
"False","False","Jamestown CLO XVIII","div&lt;div&gt;divAAA @ 126-128 DM
br&lt;br&gt;brAA @ 175-180 DM
br&lt;br&gt;brA @ 200-210 DM
br&lt;br&gt;brBBB @ 335-350 DM
br&lt;br&gt;brBB @ 725-750 DM/div&lt;/div&gt;/div","AAA @ 127 DM
AA @ 185 DM
A @ 210 DM
BBB @ 375 DM","JPMorgan","2NC1","Refinancing","Priced","8/15/2024","8/30/2024","jtwn18_refi","BSL",
"False","False","Magnetite XXXIII","div&lt;div&gt;divX @ 85-90 DM
br&lt;br&gt;brAAA @ 134-135 DM
br&lt;br&gt;brAA @ 165-170 DM
br&lt;br&gt;brA @ 190-200 DM
br&lt;br&gt;brBBB @ 290-300 DM
br&lt;br&gt;brBB @ 570-585 DM/div&lt;/div&gt;/div","X @ 100 DM
AAA @ 135 DM
AA @ 170 DM
A @ 195 DM
BBB @ 300 DM
BB @ 555 DM","Nomura","5NC2","Reset","Priced","8/15/2024","9/3/2024","magne33_reset","BSL",
"False","False","Neuberger Berman Loan Advisers CLO 28","div&lt;div&gt;divSr AAA call desk
br&lt;br&gt;brJr AAA @ 155-160 DM
br&lt;br&gt;brAA @ 170-175 DM
br&lt;br&gt;brA @ 200-215 DM
br&lt;br&gt;brSr BBB @ 310-320 DM (24mm)
br&lt;br&gt;brJr BBB @ 430-450 DM (4mm)
br&lt;br&gt;brBB @ 650-675 DM/div&lt;/div&gt;/div","Sr AAA @ 137 DM (248mm)
Jr AAA @ 155 DM (12mm)
AA @ 175 DM
A @ 200 DM
Sr BBB @ 320 DM (20mm)
Jr BBB (fixed) @ 7.68% (7mm)
BB @ 695 DM","Scotia","5NC2","Reset","Priced","8/15/2024","8/28/2024","neub28_reset","BSL",
"False","False","CIFC Funding 2024-IV","div&lt;div&gt;divAAA @ 135 DM
br&lt;br&gt;brAA @ 165-170 DM
br&lt;br&gt;brA @ 190-200 DM
br&lt;br&gt;brSr BBB @ 290-300 DM (30mm)
br&lt;br&gt;brJr BBB @ 415 DM (5mm)
br&lt;br&gt;brBB @ 575a DM/div&lt;/div&gt;/div","AAA @ 135 DM
AA @ 170 DM
A @ 195 DM 
Sr BBB @ 295 DM (36mm)
Jr BBB @ 415 DM (6mm)
BB @ 570 DM","Bank of America","5NC2","New Issue","Priced","8/15/2024","9/6/2024","cifc2024-4_newissue","BSL",
"False","False","ZAIS CLO 17","div&lt;div&gt;divX @ 125 DM
br&lt;br&gt;brSr AAA @ 147 DM
br&lt;br&gt;brJr AAA @ 167 DM
br&lt;br&gt;brAA @ 185 DM
br&lt;br&gt;brA @ 235 DM
br&lt;br&gt;brSr BBB @ 435 DM (17.9mm)
br&lt;br&gt;brJr BBB @ 425 DM (7.95mm)
br&lt;br&gt;brBB @ 785 DM/div&lt;/div&gt;/div","X @ 130 DM
Sr AAA @ 155 DM (237mm)
Jr AAA @ 175 DM (19.8mm)
AA @ 185 DM
AA (fixed) @ 5.111%
Sr A @ 255 DM
Sr A (fixed) @ 5.825%
Jr A (fixed) @ 6.03%
Sr BBB @ 435 DM (17.8mm)
Jr BBB @ 525 DM (7.9mm)
BB @ 875 DM","Jefferies","5NC2","Reset","Priced","8/14/2024","9/23/2024","zais17_reset","BSL",
"False","False","Palmer Square CLO 2022-5","div&lt;div&gt;divSr AAA @ 135 DM (320mm)
br&lt;br&gt;brJr AAA @ 150-155 DM (7.5mm)
br&lt;br&gt;brAA @ 165-170 DM
br&lt;br&gt;brA @ 190-200 DM
br&lt;br&gt;brSr BBB @ 290-295 DM (30mm)
br&lt;br&gt;brJr BBB @ 415-425 DM (5mm)
br&lt;br&gt;brBB subject/div&lt;/div&gt;/div","Sr AAA @ 135 DM (320mm)
","Bank of America","5NC2","Reset","Priced","8/14/2024","8/22/2024","plmrs2022-5_reset","BSL",
"False","False","New Mountain CLO 6","div&lt;div&gt;divAAA @ 140a DM
br&lt;br&gt;brAA subject
br&lt;br&gt;brA @ 200-205 DM
br&lt;br&gt;brSr BBB @ 300-310 DM (22mm)
br&lt;br&gt;brJr BBB @ 425-440 DM (4mm)
br&lt;br&gt;brBB @ 600-625 DM/div&lt;/div&gt;/div","AAA @ 140 DM
AA @ 180 DM
A @ 205 DM
Sr BBB @ 310 DM (22mm)
Jr BBB @ 430 DM (4mm)
BB @ 610 DM","CIBC","5NC2","New Issue","Priced","8/14/2024","8/23/2024","nmc6_newissue","BSL",
"False","False","Windhill CLO 2","div&lt;div&gt;divAAA @ 168-170 DM
br&lt;br&gt;brAA not offered
br&lt;br&gt;brA @ 250a DM
br&lt;br&gt;brBBB not offered
br&lt;br&gt;brBB not offered/div&lt;/div&gt;/div","AAA @ 170 DM
AA @ 195 DM
A @ 250 DM
BBB @ 425 DM
BB @ 825 DM","Natixis","4NC2","New Issue","Priced","8/14/2024","8/26/2024","wndhl2_newissue","MM",
"False","False","Dryden 94 CLO","div&lt;div&gt;divAAA @ 136 DM
br&lt;br&gt;brAA @ 170-175 DM
br&lt;br&gt;brA @ 205-215 DM
br&lt;br&gt;brSr BBB @ 320-330 DM (30mm)
br&lt;br&gt;brJr BBB @ 450-475 DM (5mm)
br&lt;br&gt;brBB @ 725-750 DM/div&lt;/div&gt;/div","AAA @ 136 DM
AA @ 180 DM
A @ 215 DM
Sr BBB @ 330 DM (23.75mm)
Jr BBB @ 510 DM (11.25mm)
BB @ 810 DM","Bank of America","5NC2","Reset","Priced","8/14/2024","8/26/2024","drslf94_reset","BSL",
"False","False","Symphony CLO 36","div&lt;div&gt;divAAA @ 135-136 DM
br&lt;br&gt;brAA @ 170-175 DM
br&lt;br&gt;brA @ 200-210 DM
br&lt;br&gt;brSr BBB @ 300-310 DM (24mm)
br&lt;br&gt;brJr BBB @ 425-450 DM (4mm)
br&lt;br&gt;brBB @ 650-675 DM/div&lt;/div&gt;/div","AAA @ 136 DM
AA @ 175 DM
AA (fixed) @ S+175
A @ 210 DM
Sr BBB @ 330 DM (24mm)
Jr BBB @ 425 DM (1.5mm)
BB @ 700 DM","Bank of America","5NC2","Reset","Priced","8/13/2024","8/23/2024","symp36_reset","BSL",
"False","False","Maranon Loan Funding 2021-3","div&lt;div&gt;divX @ 120a DM
br&lt;br&gt;brAAA @ 175a DM
br&lt;br&gt;brAA @ 200a DM
br&lt;br&gt;brA @ 245a DM
br&lt;br&gt;brBBB @ 425a DM
br&lt;br&gt;brBB @ 785a DM/div&lt;/div&gt;/div","X @ 130 DM
AAA @ 175 DM
AA @ 200 DM
A @ 245 DM
BBB @ 490 DM
BB @ 800 DM","Wells Fargo","4NC2","Reset","Priced","8/13/2024","8/30/2024","mrnon2021-3_reset","MM",
"False","False","Barings CLO 2020-IV","div&lt;div&gt;divX @ 120 DM
br&lt;br&gt;brAAA @ 136-137 DM
br&lt;br&gt;brAA @ 175-180 DM
br&lt;br&gt;brA @ 210a DM
br&lt;br&gt;brSr BBB @ 310-320 DM (24mm)
br&lt;br&gt;brJr BBB @ 450a DM (3mm)
br&lt;br&gt;brBB @ 675-700 DM/div&lt;/div&gt;/div","X @ 125 DM
AAA @ 137 DM
AA @ 180 DM
A @ 210 DM
Sr BBB @ 325 DM (10mm)
Sr BBB (fixed) @ 6.663%
Jr BBB @ 500 DM (7mm)
BB @ 710 DM","Citigroup","5NC2","Reset","Priced","8/13/2024","8/27/2024","babsn2020-4_reset","BSL",
"False","False","Post CLO 2018-1","div&lt;div&gt;divX @ 100a DM
br&lt;br&gt;brSr AAA @ 137 DM (220.5mm)
br&lt;br&gt;brJr AAA @ 155a DM (1.75mm)
br&lt;br&gt;brAA @ 170a DM
br&lt;br&gt;brA @ 205-215 DM
br&lt;br&gt;brSr BBB @ 315-325 DM (21mm)
br&lt;br&gt;brJr BBB @ 435-450 DM (2.625mm)
br&lt;br&gt;brBB @ 650-675 DM
br&lt;br&gt;brB @ 850-875 DM (H90s)/div&lt;/div&gt;/div","X @ 105 DM
Sr AAA @ 137 DM (220.5mm)
Jr AAA @ 163 DM (1.75mm)
AA @ 180 DM
A @ 215 DM
Sr BBB @ 340 DM (21mm)
Jr BBB (fixed) @ 7.743% (2.625mm)
BB @ 768 DM
B @ S+1000","JPMorgan","5NC2","Reset","Priced","8/13/2024","8/28/2024","post2018-1_reset","BSL",
"False","False","Ocean Trails CLO XII","div&lt;div&gt;divSr AAA @ 133a DM (220.5mm)
br&lt;br&gt;brJr AAA @ 150a DM (8mm)
br&lt;br&gt;brAA @ 175a DM
br&lt;br&gt;brA @ 225a DM
br&lt;br&gt;brSr BBB @ 345a DM (14.8mm)
br&lt;br&gt;brJr BBB @ 475a DM (6.1mm)
br&lt;br&gt;brBB @ 750a DM/div&lt;/div&gt;/div","Sr AAA @ 133 DM (220.5mm)
Jr AAA @ 150 DM (8mm)
AA @ 175 DM
A @ 220 DM
Sr BBB @ 350 DM (14.8mm)
Jr BBB @ 475 DM (6.1mm)
BB @ 750 DM","JPMorgan","3NC1","Refinancing","Priced","8/13/2024","8/20/2024","octr12_refi","BSL",
"False","False","Bain Capital Credit CLO 2024-5","div&lt;div&gt;divSr AAA call desk
br&lt;br&gt;brJr AAA @ 155a DM
br&lt;br&gt;brAA @ 170-175 DM
br&lt;br&gt;brA @ 200-210 DM
br&lt;br&gt;brSr BBB @ 310-320 DM (24mm)
br&lt;br&gt;brJr BBB @ 425a DM (4mm)
br&lt;br&gt;brBB @ 625a DM/div&lt;/div&gt;/div","Sr AAA @ 136 DM (256mm)
Jr AAA @ 156 DM (12mm)
Sr AA @ 174 DM (24mm)
Jr AA @ 190 DM (12mm)
A @ 200 DM
Sr BBB @ 310 DM (20mm)
Jr BBB (fixed) @ 7.673% (S+425; 8mm)
BB @ 615 DM
","Morgan Stanley","5NC2","New Issue","Priced","8/13/2024","8/22/2024","bcc2024-5_newissue","BSL",
"False","False","KKR CLO 23","div&lt;div&gt;divSr AAA @ 109 DM (250.6mm)
br&lt;br&gt;brJr AAA @ 130 DM (20mm)
br&lt;br&gt;brAA @ 150 DM
br&lt;br&gt;brA @ 185 DM
br&lt;br&gt;brBBB @ 290 DM/div&lt;/div&gt;/div","Sr AAA @ 109 DM (250.63mm)
Jr AAA @ 130 DM (20mm)
AA @ 155 DM
A @ 190 DM
BBB @ 305 DM","Citigroup","0NC0.5","Refinancing","Priced","8/12/2024","8/16/2024","kkr23_refi","BSL",
"False","False","Venture 43 CLO","div&lt;div&gt;divX @ 120 DM
br&lt;br&gt;brSr AAA @ 127 DM (300mm)
br&lt;br&gt;brJr AAA @ 150 DM (20mm)
br&lt;br&gt;brAA @ 175 DM
br&lt;br&gt;brA @ 195 DM/div&lt;/div&gt;/div","X @ 120 DM
Sr AAA @ 135 DM (300mm)
Jr AAA @ 165 DM (20mm)
AA @ 185 DM
A @ 225 DM","Jefferies","1.5NC1","Refinancing","Priced","8/12/2024","9/4/2024","ventr43_refi","BSL",
"False","False","Elevation 2020-11","div&lt;div&gt;divX @ 115a DM
br&lt;br&gt;brSr AAA call desk
br&lt;br&gt;brJr AAA @ 165-170 DM
br&lt;br&gt;brAA call desk
br&lt;br&gt;brA @ 225-235 DM
br&lt;br&gt;brBBB @ 360-370 DM
br&lt;br&gt;brBB @ 775a DM (~$99)/div&lt;/div&gt;/div","X @ 130 DM
Sr AAA @ 147 DM (300mm)
Jr AAA @ 167 DM (10mm)
AA @ 200 DM
A @ 260 DM
Sr BBB @ 410 DM
BBB @ 500 DM
Jr BBB (fixed) @ 7.657%
BB @ S+798




","JPMorgan","5NC2","Reset","Priced","8/12/2024","8/29/2024","awpt11_reset","BSL",
"False","False","Harmony-Peace Park CLO","div&lt;div&gt;divX @ 100a DM
br&lt;br&gt;brSr AAA @ 135 DM
br&lt;br&gt;brAA @ 165-170 DM
br&lt;br&gt;brAA (fixed) @ swaps + 165-170
br&lt;br&gt;brA @ 190-200 DM
br&lt;br&gt;brSr BBB @ 295-305 DM
br&lt;br&gt;brJr BBB @ 400-425 DM
br&lt;br&gt;brBB @ 550-575 DM/div&lt;/div&gt;/div","X @ 125 DM
AAA @ 135 DM
AA @ 170 DM
AA (fixed) @ 5.102% (+165)
A @ 195 DM
Sr BBB @ 300 DM (30mm)
Jr BBB @ 425 DM (3.75mm)
BB @ 570 DM","BNP Paribas","5NC2","New Issue","Priced","8/8/2024","8/16/2024","harmpp_newissue","BSL",
"False","False","Madison Park Funding XLIII (f/k/a Atrium XIV)","div&lt;div&gt;divSr AAA preplaced
br&lt;br&gt;brJr AAA @ 155a DM
br&lt;br&gt;brAA @ 175-180 DM 
br&lt;br&gt;brAA (fixed) @ swaps + 175-180
br&lt;br&gt;brA @ 210-215 DM
br&lt;br&gt;brSr BBB @ 320-330 DM (48mm)
br&lt;br&gt;brJr BBB @ 440-450 DM (8mm)
br&lt;br&gt;brBB @ 650a DM
br&lt;br&gt;brB call desk/div&lt;/div&gt;/div","Sr AAA @ 136 DM (490.8mm)
Jr AAA @ 161 DM (45.2mm)
AA @ 180 DM
AA (fixed) @ 5.17%
A @ 215 DM
Sr BBB @ 335 DM (40mm)
BBB (fixed) @ 7.0% (8mm)
Jr BBB (fixed) @ 7.98% (12mm)
BB @ 650 DM","Bank of America","5NC2","Reset","Priced","8/8/2024","8/22/2024","atrm14_reset","BSL",
"False","False","Ares LXXIV CLO","div&lt;div&gt;divSr AAA @ 135 DM (307.5mm)
br&lt;br&gt;brJr AAA @ 155 DM (22.5mm)
br&lt;br&gt;brAA @ 170 DM
br&lt;br&gt;brA @ 190 DM
br&lt;br&gt;brBBB @ 295 DM
br&lt;br&gt;brBB @ 600 DM/div&lt;/div&gt;/div","Sr AAA @ 135 DM (307.5mm)
Jr AAA @ 155 DM (22.5mm)
AA @ 170 DM
A @ 190 DM
BBB @ 295 DM
BB @ 600 DM","Scotia","5NC2","New Issue","Priced","8/8/2024","8/8/2024","ares74_newissue","BSL",
"False","False","RR 31","div&lt;div&gt;divSr AAA preplaced
br&lt;br&gt;brJr AAA @ 150-155 DM
br&lt;br&gt;brAA @ 170-175 DM
br&lt;br&gt;brA preplaced
br&lt;br&gt;brSr BBB preplaced
br&lt;br&gt;brJr BBB @ 400-425 DM
br&lt;br&gt;brBB @ 600-625 DM
br&lt;br&gt;brB @ not offered/div&lt;/div&gt;/div","Sr AAA @ 136 DM (288mm)
Jr AAA @ 155 DM (9mm)
AA @ 175 DM
A @ 195 DM
Sr BBB @ 280 DM (22.5mm)
BBB @ 400 DM (4.5mm)
Jr BBB @ 7.745% (4.5mm)
BB @ S+6.00%
B @ S+6.87%","RBC","5NC2","New Issue","Priced","8/8/2024","8/15/2024","rr31_newissue","BSL",
"False","False","Oaktree CLO 2022-3","div&lt;div&gt;divSr AAA @ 136a DM (256mm)
br&lt;br&gt;brJr AAA @ 155a DM (16mm)
br&lt;br&gt;brAA @ 165-170 DM
br&lt;br&gt;brA @ 200-210 DM
br&lt;br&gt;brSr BBB @ 300-310 DM (24mm)
br&lt;br&gt;brJr BBB @ 435-450 DM (4mm)
br&lt;br&gt;brBB @ 625-650 DM/div&lt;/div&gt;/div","Sr AAA @ 138 DM (256mm)
Jr AAA @ 158 DM (16mm)
AA @ 175 DM
A @ 210 DM
Sr BBB @ 330 DM (24mm)
Jr BBB @ 470 DM (12mm)
BB @ 650 DM","JPMorgan","5NC2","Reset","Priced","8/7/2024","8/23/2024","oakcl2022-3_reset","BSL",
"False","False","OCP CLO 2024-35","div&lt;div&gt;divSr AAA preplaced
br&lt;br&gt;brJr AAA @ 155a DM
br&lt;br&gt;brAA @ 170a DM
br&lt;br&gt;brA @ 195-200 DM
br&lt;br&gt;brSr BBB @ 300-310 DM (30mm)
br&lt;br&gt;brJr BBB @ 420-440 DM (5mm)
br&lt;br&gt;brBB @ 600a DM/div&lt;/div&gt;/div","Sr AAA @ 136 DM (300mm)
Jr AAA @ 155 DM (30mm)
AA @ 175 DM
AA (fixed) @ 5.122%
A @ 200 DM
Sr BBB @ 310 DM (30mm)
Jr BBB @ 440 DM (5mm)
BB @ 590 DM","JPMorgan","5NC2","New Issue","Priced","8/7/2024","8/20/2024","ocp35_newissue","BSL",
"False","False","Elmwood CLO 33","div&lt;div&gt;divAAA @ 135-136 DM/div&lt;/div&gt;/div","AAA @ 138 DM
AA @ 175 DM
A @ 200 DM
Sr BBB @ 310 DM (30mm)
Jr BBB @ 420 DM (3mm)
BB @ 585 DM","RBC","5NC2","Reset","Priced","8/6/2024","8/20/2024","elmw33_reset","BSL",
"False","False","Ares Loan Funding VII","div&lt;div&gt;divAAA call desk
br&lt;br&gt;brAA @ 165-170 DM
br&lt;br&gt;brA @ 190-200 DM
br&lt;br&gt;brBBB @ 290-300 DM
br&lt;br&gt;brBB @ 600a DM/div&lt;/div&gt;/div","Sr AAA @ 136 DM (320mm)
Jr AAA @ 156 DM (10mm)
Sr AA @ 175 DM (37.5mm)
Jr AA @ 190 DM (12.5mm)
A @ 205 DM
Sr BBB @ 315 DM (25mm)
Jr BBB @ 7.704% (8.75mm; +425bps)
BB @ 625 DM","Morgan Stanley","5NC2","New Issue","Priced","8/5/2024","8/16/2024","aresalfa7_newissue","BSL",
"False","False","Meacham Park CLO",,"Sr AAA @ 135 DM (246mm)
Jr AAA @ 153 DM (26mm)
AA @ 160 DM
A @ 190 DM
BBB @ 290 DM
BB @ 535 DM","Morgan Stanley","5NC2","New Issue","Priced","8/2/2024","8/2/2024","mchpk_newissue","BSL",
"False","False","Trinitas CLO XXX","div&lt;div&gt;divSr AAA @ 137 DM (310mm)
br&lt;br&gt;brJr AAA @ 155a DM (10mm)
br&lt;br&gt;brAA @ 170a DM
br&lt;br&gt;brA @ 200a DM
br&lt;br&gt;brSr BBB @ 300a DM (30mm)
br&lt;br&gt;brJr BBB @ 435a DM (5mm)
br&lt;br&gt;brBB @ 600a DM/div&lt;/div&gt;/div","Sr AAA @ 137 DM (310mm)
Jr AAA @ 160 DM (10mm)
AA @ 180 DM
A @ 210 DM
A (fixed) @ 5.516%
Sr BBB @ 350 DM (27mm)
Sr BBB (fixed) @ 6.919% (3mm)
Jr BBB @ 450 DM (5mm)
BB @ 690 DM","JPMorgan","5NC2","New Issue","Priced","8/2/2024","8/19/2024","trnts30_newissue","BSL",
"False","False","Apidos CLO XXX","div&lt;div&gt;divSr AAA @ 108 DM (276mm)
br&lt;br&gt;brJr AAA @ 125a DM (40.85mm)
br&lt;br&gt;brAA @ 145-150 DM
br&lt;br&gt;brA @ 175a DM
br&lt;br&gt;brBBB @ 270-280 DM
br&lt;br&gt;brBB @ 550a DM/div&lt;/div&gt;/div","Sr AAA @ 108 DM (276.3mm)
Jr AAA @ 125 DM (40.9mm)
AA @ 150 DM
A @ 185 DM
BBB @ 300 DM
BB @ 575 DM","RBC","0NC0.5","Refinancing","Priced","8/1/2024","8/16/2024","apid30_refi","BSL",
"False","True","Dryden 61 CLO","div&lt;div&gt;divSr AAA @ 108a DM/div&lt;/div&gt;/div","Sr AAA @ 108 DM (298.8mm)
Jr AAA @ 144 DM (10mm)
AA @ 158 DM
A @ 195 DM","JPMorgan","0NC0.5","Refinancing","Priced","8/1/2024","8/16/2024","drslf61_refi","BSL",
"False","False","Sixth Street CLO XV","div&lt;div&gt;divX @ 90-100 DM
br&lt;br&gt;brAAA @ 135-136 DM
br&lt;br&gt;brAA @ 165-170 DM
br&lt;br&gt;brA @ 190-200 DM
br&lt;br&gt;brSr BBB @ 290-300 DM (25.5mm)
br&lt;br&gt;brJr BBB @ 425-450 DM (3.2mm)
br&lt;br&gt;brBB @ 580-600 DM/div&lt;/div&gt;/div","X @ 105 DM
AAA @ 137 DM
AA @ 175 DM
A @ 200 DM
Sr BBB @ 315 DM (25.5mm)
Jr BBB @ 440 DM (2.75mm)
BB @ 605 DM","Barclays","5NC2","Reset","Priced","8/1/2024","9/27/2024","sixst15_reset","BSL",
"False","False","CarVal CLO XI-C","div&lt;div&gt;divSr AAA @ 139 DM (300mm)
br&lt;br&gt;brJr AAA @ 150-155 DM (25mm)
br&lt;br&gt;brAA @ 165-170 DM
br&lt;br&gt;brA @ 190-200 DM
br&lt;br&gt;brSr BBB preplaced
br&lt;br&gt;brJr BBB @ 425-440 DM
br&lt;br&gt;brBB @ 575-600 DM/div&lt;/div&gt;/div","Sr AAA @ 139 DM (300mm)
Jr AAA @ 160 DM (25mm)
AA @ 175 DM
A @ 205 DM
Sr BBB @ 300 DM (30mm)
Jr BBB (fixed) @ 7.87% (+450; $5mm)
BB @ 635 DM","Bank of America","5NC2","New Issue","Priced","8/1/2024","8/14/2024","carvl11c_newissue","BSL",
"False","False","OHA Credit Partners XIII","div&lt;div&gt;divAAA @ 135 DM/div&lt;/div&gt;/div","X @ 90 DM
Sr AAA @ 138 DM (276.8mm)
Jr AAA @ 158 DM (27mm)
AA @ 170 DM
AA (fixed) @ S+175
A @ 195 DM
Sr BBB @ 300 DM (27mm)
Jr BBB @ 430 DM (3.375mm)
BB @ 575 DM","Barclays","5NC2","Reset","Priced","8/1/2024","8/22/2024","oakc13_reset","BSL",
"False","False","Silver Rock CLO IV","div&lt;div&gt;divX @ 115a DM
br&lt;br&gt;brAAA subject
br&lt;br&gt;brAA @ 175-180 DM
br&lt;br&gt;brA @ 210-220 DM
br&lt;br&gt;brBBB @ 325-330 DM
br&lt;br&gt;brBB @ M600s DM/div&lt;/div&gt;/div","X @ 120 DM
AAA @ 143 DM
AA @ 195 DM
AA (fixed) @ 5.40%
A @ 235 DM
A (fixed) @ 5.812%
Sr BBB @ 335 DM (16mm)
Jr BBB @ 455 DM (8mm)
BB @ 749 DM","CIBC","5NC2","New Issue","Priced","7/31/2024","8/16/2024","slvrk4_newissue","BSL",
"False","False","AIMCO CLO, Series 2015-A","div&lt;div&gt;divX @ 85-90 DM
br&lt;br&gt;brAAA @ 118-120 DM
br&lt;br&gt;brAA @ 145-155 DM
br&lt;br&gt;brA @ 170-180 DM
br&lt;br&gt;brBBB @ 270-280 DM
br&lt;br&gt;brBB @ 570-585 DM/div&lt;/div&gt;/div","X @ 90 DM
AAA @ 125 DM
AA @ 170 DM
A @ 180 DM
BBB @ 295 DM
BB @ 635 DM","Nomura","2NC0.5","Refinancing","Priced","7/31/2024","8/21/2024","aimco2015a_reset","BSL",
"False","False","Benefit Street Partners CLO XXVII","div&lt;div&gt;divAAA @ 136-137 DM
br&lt;br&gt;brAA @ 165-170 DM
br&lt;br&gt;brA @ 195-200 DM
br&lt;br&gt;brSr BBB @ 300-305 DM (24mm)
br&lt;br&gt;brJr BBB @ 420-430 DM (4mm)
br&lt;br&gt;brBB @ 600a DM/div&lt;/div&gt;/div","AAA @ 137 DM
AA @ 170 DM
A @ 195 DM
Sr BBB @ 315 DM (30mm)
Jr BBB @ 430 DM (5mm)
BB @ 615 DM","Scotia","5NC2","Reset","Priced","7/31/2024","8/16/2024","bsp27_reset","BSL",
"False","False","Battalion CLO XXIII","div&lt;div&gt;divSr AAA call desk
br&lt;br&gt;brJr AAA @ 155-160 DM
br&lt;br&gt;brAA @ 170-180 DM
br&lt;br&gt;brA @ 210-220 DM
br&lt;br&gt;brSr BBB @ 320-330 DM (22mm)
br&lt;br&gt;brJr BBB @ 450-475 DM (4mm)
br&lt;br&gt;brBB @ 675-700 DM/div&lt;/div&gt;/div","Sr AAA @ 142 DM (244mm)
Jr AAA @ 160 DM (8mm)
AA @ 180 DM
A @ 220 DM
Sr BBB @ 395 DM (22mm)
Jr BBB @ 500 DM (4mm)
BB @ 825 DM","Bank of America","5NC2","Reset","Priced","7/31/2024","8/16/2024","batln23_reset","BSL",
"False","False","Wind River 2021-1","div&lt;div&gt;divSr AAA call desk
br&lt;br&gt;brJr AAA @ 160-165 DM
br&lt;br&gt;brAA call desk
br&lt;br&gt;brA @ 215-225 DM
br&lt;br&gt;brSr BBB @ 325-335 DM (15mm)
br&lt;br&gt;brJr BBB @ 450-475 DM (4.5mm)
br&lt;br&gt;brBB @ 750-775 DM/div&lt;/div&gt;/div","Sr AAA @ 143 DM (180mm)
Jr AAA @ 170 DM (21mm)
AA @ 185 DM
A @ 225 DM
Sr BBB @ 385 DM
Jr BBB (fixed) @ 8.238%
BB @ 816 DM","Morgan Stanley","5NC2","Reset","Priced","7/30/2024","8/9/2024","windr2021-1_reset","BSL",
"False","False","OCP CLO 2022-24","div&lt;div&gt;divSr AAA preplaced
br&lt;br&gt;brJr AAA @ 155a DM
br&lt;br&gt;brAA @ 165a DM
br&lt;br&gt;brA @ 190-200 DM
br&lt;br&gt;brSr BBB @ 300-310 DM (24mm)
br&lt;br&gt;brJr BBB @ 430-440 DM (4mm)
br&lt;br&gt;brBB @ 600-625 DM/div&lt;/div&gt;/div","Sr AAA @ 137 DM (256mm)
Jr AAA @ 155 DM (8mm)
AA @ 175 DM
AA (fixed) @ 5.24%
A @ 195 DM
Sr BBB @ 310 DM (24mm)
Jr BBB @ 440 DM (4mm)
BB @ 625 DM","Citigroup","5NC2","Reset","Priced","7/30/2024","8/7/2024","ocp24_reset","BSL",
"False","False","Madison Park Funding XXX","div&lt;div&gt;divX @ 95a DM
br&lt;br&gt;brSr AAA @ 135-136 DM (384mm)
br&lt;br&gt;brJr AAA @ 155a DM (18mm)
br&lt;br&gt;brAA @ 170-175 DM
br&lt;br&gt;brA @ 200-210 DM
br&lt;br&gt;brSr BBB @ 310-320 DM (36mm)
br&lt;br&gt;brJr BBB (fixed) @ 8.5% (9mm)
br&lt;br&gt;brBB @ 625-640 DM
br&lt;br&gt;brB call desk/div&lt;/div&gt;/div","X @ 95 DM
Sr AAA @ 136 DM (372mm)
Jr AAA @ 156 DM (30mm)
AA @ 175 DM
A @ 210 DM
A (fixed) @ 5.57%
Sr BBB @ 320 DM (36mm)
Jr BBB (fixed) @ 8.50% (9mm)
BB @ 640 DM
B @ S+7.91%","Bank of America","5NC2","Reset","Priced","7/30/2024","8/9/2024","mdpk30_reset","BSL",
"False","False","Sound Point CLO 40","div&lt;div&gt;divSr AAA @ 139 DM (preplaced; $315mm)
br&lt;br&gt;brJr AAA @ 150 DM (preplaced; $15mm)
br&lt;br&gt;brSr AA @ 165 DM (18.4mm)
br&lt;br&gt;brJr AA @ 170 DM (31.6mm)
br&lt;br&gt;brA @ 210 DM
br&lt;br&gt;brSr BBB @ 310 DM (30mm)
br&lt;br&gt;brJr BBB (fixed) @ +450 (7.5mm)
br&lt;br&gt;brBB @ 625-650 DM/div&lt;/div&gt;/div","Sr AAA @ 139 DM (315mm)
Jr AAA @ 150 DM (15mm)
Sr AA @ 165 DM (18.4mm)
Jr AA @ 170 DM (31.6mm)
A @ 210 DM
Sr BBB @ 310 DM (30mm)
Jr BBB (fixed) @ 7.94% (7.5mm)
BB @ 670 DM","Bank of America","5NC2","New Issue","Priced","7/30/2024","8/6/2024","sndpt40_newissue","BSL",
"False","False","KKR CLO 46","div&lt;div&gt;divX @ 110 DM
br&lt;br&gt;brAAA @ 140 DM
br&lt;br&gt;brAA @ 175-180 DM
br&lt;br&gt;brA @ 205a DM
br&lt;br&gt;brSr BBB @ 315a DM (24mm)
br&lt;br&gt;brJr BBB @ 450-475 DM (3mm)
br&lt;br&gt;brBB @ 650a DM/div&lt;/div&gt;/div","X @ 110 DM
AAA @ 140 DM
AA @ 180 DM
A @ 215 DM
Sr BBB @ 315 DM (21mm)
Jr BBB (fixed) @ 8.50% (6mm)
BB @ 700 DM","Citigroup","5NC2","Reset","Priced","7/30/2024","8/16/2024","kkr46_reset","BSL",
"False","False","HalseyPoint CLO 3","div&lt;div&gt;divAAA @ 142-143 DM
br&lt;br&gt;brAA @ 185a DM
br&lt;br&gt;brA @ 225a DM
br&lt;br&gt;brSr BBB @ 375-385 DM (30mm)
br&lt;br&gt;brJr BBB @ 485-495 DM (3.75mm)
br&lt;br&gt;brBB @ 750-775 DM/div&lt;/div&gt;/div","Sr AAA @ 148 DM
Jr AAA @ 168 DM
AA @ 195 DM
A @ 235 DM
Sr BBB @ 430 DM (25mm)
Jr BBB @ 525 DM (8.75mm)
BB @ 845 DM","Citigroup","5NC2","Reset","Priced","7/30/2024","8/23/2024","hlsy3_reset","BSL",
"False","False","Birch Grove CLO 2","div&lt;div&gt;divSr AAA @ 140 DM (300mm)
br&lt;br&gt;brJr AAA @ 155-160 DM (25mm)
br&lt;br&gt;brAA @ 170-175 DM
br&lt;br&gt;brA @ 205a DM
br&lt;br&gt;brSr BBB @ 310-315 DM (30mm)
br&lt;br&gt;brJr BBB @ 435-450 DM (3.75mm)
br&lt;br&gt;brBB @ 625-650 DM
br&lt;br&gt;brB not offered/div&lt;/div&gt;/div","Sr AAA @ 140 DM (300mm)
Jr AAA @ 163 DM (25mm)
AA @ 178 DM
Sr A @ 205 DM (20mm)
Jr A @ 220 DM (10mm)
Sr BBB @ 315 DM (28.75mm)
Jr BBB (fixed) @ 8.5% (5mm)
BB @ 675 DM
B retained","Goldman Sachs","5NC2","Reset","Priced","7/29/2024","8/13/2024","bgclo2_reset","BSL",
"False","False","Octagon Investment Partners 20-R","div&lt;div&gt;divSr AAA @ 136 DM/div&lt;/div&gt;/div","X @ 97 DM
Sr AAA @ 140 DM (320mm)
Jr AAA @ 163 DM (6.25mm)
AA @ 178 DM
A @ 210 DM
Sr BBB @ 335 DM (25mm)
Jr BBB (fixed) @ S+440 bps (7.5mm)
BB @ 775 DM","Goldman Sachs","5NC2","Reset","Priced","7/29/2024","8/23/2024","oct20r_reset","BSL",
"False","False","Voya CLO 2018-4","div&lt;div&gt;divSr AAA @ 135 DM/div&lt;/div&gt;/div","X @ 120 DM
Sr AAA @ 136 DM (252mm)
Jr AAA @ 160 DM (14mm)
AA @ 180 DM
A @ 200 DM
Sr BBB @ 325 DM (20mm)
Jr BBB @ 450 DM (8mm)
BB @ 620 DM","Santander","5NC2","Reset","Priced","7/29/2024","8/14/2024","voya2018-4_reset","BSL",
"False","False","CIFC Funding 2014-II-R","div&lt;div&gt;divX @ 115-120 DM
br&lt;br&gt;brSr AAA @ 135-136 DM (256mm)
br&lt;br&gt;brJr AAA @ 165-170 DM (48mm)
br&lt;br&gt;brAA @ 165-170 DM
br&lt;br&gt;brA @ 200-210 DM
br&lt;br&gt;brSr BBB @ 300-315 DM (24mm)
br&lt;br&gt;brJr BBB @ 450-460 DM (4mm)
br&lt;br&gt;brBB @ 650-675 DM
br&lt;br&gt;brB @ 875a/div&lt;/div&gt;/div","X @ 125 DM
AAA @ 136 DM
AA @ 175 DM
A @ 215 DM
Sr BBB @ 330 DM (20mm)
Jr BBB @ 500 DM (4mm)
Jr BBB (fixed) @ 8.3% (4mm)
BB @ 724 DM
B retained
","Nomura","5NC2","Reset","Priced","7/29/2024","8/13/2024","cifc2014-2r_reset","BSL",
"False","False","Bain Capital Credit CLO 2019-1","div&lt;div&gt;divAAA @ 123 DM
br&lt;br&gt;brAA @ 160 DM
br&lt;br&gt;brA @ 185 DM
br&lt;br&gt;brBBB @ 290 DM/div&lt;/div&gt;/div","AAA @ 123 DM
AA @ 160 DM
A @ 188 DM
BBB @ 310 DM","Jefferies","1.75NC0.75","Refinancing","Priced","7/29/2024","8/2/2024","bcc2019-1_refi","BSL",
"False","False","Athena CLO IV",,"AAA @ 200 DM
AA @ 250 DM
AA (fixed) @ 6.254%
A @ S+2.64%","Mitsubishi","5NC2","New Issue","Priced","7/26/2024","7/26/2024","aowl4_newissue","MM",
"False","False","Generate CLO 2","div&lt;div&gt;divX @ 110 DM
br&lt;br&gt;brAAA @ 141 DM
br&lt;br&gt;brAA @ 180 DM
br&lt;br&gt;brA @ 205-215 DM
br&lt;br&gt;brSr BBB @ 315-325 DM (25mm)
br&lt;br&gt;brJr BBB @ 475a DM (7.5mm)
br&lt;br&gt;brBB @ 715-740 DM
br&lt;br&gt;br/div&lt;/div&gt;/div","X @ 110 DM
AAA @ 141 DM
AA @ 180 DM
A @ 230 DM
Sr BBB @ 335 DM (25mm)
Jr BBB @ 475 DM (7.5mm)
BB @ 735 DM","Citigroup","5NC2","Reset","Priced","7/26/2024","8/6/2024","gnrt2_reset","BSL",
"False","False","Verde CLO","div&lt;div&gt;divAAA @ 105a DM
br&lt;br&gt;brAA @ 145-150 DM
br&lt;br&gt;brA @ 175a DM
br&lt;br&gt;brBBB @ 275a DM/div&lt;/div&gt;/div","AAA @ 111 DM
AA @ 165 DM
A @ 200 DM
BBB @ 320 DM
BB not refinanced","Goldman Sachs","0NC0.5","Refinancing","Priced","7/26/2024","8/14/2024","verde_refi","BSL",
"False","False","Cedar Funding VII CLO","XR2 @ 100 DM
AR2 (Sr AAA) @ 122-124 DM (183mm)
BR2 (AA) @ 160 DM (45mm)
CR2 (A) @ 180 DM
DR2 (BBB) @ 305 DM
ER2 (BB) @ 585 DM","AAA @ 108 DM
AA @ 155 DM
A @ 180 DM
BBB @ 275 DM","BMO","0NC0.5","Refinancing","Priced","7/26/2024","8/6/2024","cedf7_reset","BSL",
"False","True","Dryden 76 CLO","div&lt;div&gt;divAAA likely 135a DM/div&lt;/div&gt;/div","Sr AAA @ 137 DM (256mm)
Jr AAA @ 150 DM (4mm)
AA @ 175 DM
A @ 200 DM
Sr BBB @ 320 DM (20mm)
Jr BBB @ 505 DM (8mm)
BB @ 799 DM","JPMorgan","5NC2","Reset","Priced","7/25/2024","8/15/2024","drslf76_reset2","BSL",
"False","False","Wellfleet CLO 2022-1","div&lt;div&gt;divX @ 110 DM
br&lt;br&gt;brSr AAA @ 140-142 DM (312mm)
br&lt;br&gt;brJr AAA @ 160a DM (7.4mm)
br&lt;br&gt;brAA @ 180a DM
br&lt;br&gt;brA @ 215-220 DM
br&lt;br&gt;brSr BBB @ 320-330 DM (27.2mm)
br&lt;br&gt;brJr BBB @ 450-475 DM (5mm)
br&lt;br&gt;brBB @ 700-715 DM
br&lt;br&gt;brB call desk/div&lt;/div&gt;/div","X @ 120 DM
Sr AAA @ 142 DM (311.85mm)
Jr AAA @ 160 DM (7.425mm)
AA @ 185 DM
A @ 220 DM
Sr BBB @ 395 DM (27.225mm)
Jr BBB @ 460 DM (4.95mm)
BB @ 775 DM
B retained","CIBC","5NC2","Reset","Priced","7/25/2024","8/8/2024","wellf2022-1_reset","BSL",
"False","False","Apidos CLO XLIX","div&lt;div&gt;divSr AAA @ 135 DM (307.5mm)
br&lt;br&gt;brJr AAA @ 150 DM (22.5mm)
br&lt;br&gt;brAA @ 160 DM
br&lt;br&gt;brA @ 190 DM
br&lt;br&gt;brSr BBB @ 285 DM (30mm)
br&lt;br&gt;brJr BBB @ 400 DM (5mm)
br&lt;br&gt;brBB @ 540 DM
br&lt;br&gt;brB retained/div&lt;/div&gt;/div","Sr AAA @ 135 DM (307.5mm)
Jr AAA @ 150 DM (22.5mm)
AA @ 160 DM
A @ 190 DM
Sr BBB @ 285 DM (30mm)
Jr BBB @ 400 DM (5mm)
BB @ 540 DM
B retained","BNP Paribas","5NC2","New Issue","Priced","7/25/2024","8/2/2024","apid49_newissue","BSL",
"False","False","Symphony CLO XVIII","div&lt;div&gt;divSr AAA @ 108-110 DM (279mm)
br&lt;br&gt;brJr AAA @ 125-130 DM (13.5mm)
br&lt;br&gt;brAA @ 145-150 DM
br&lt;br&gt;brA @ 180-190 DM
br&lt;br&gt;brBBB @ 280-290 DM
br&lt;br&gt;brBB @ 650-675 DM/div&lt;/div&gt;/div","Sr AAA @ 110 DM (279mm)
Jr AAA @ 150 DM (13.5mm)
AA @ 165 DM (45mm)
A @ 185 DM (22.5mm)
BBB @ 295 DM (30.375mm)","Nomura","0NC0.5","Refinancing","Priced","7/25/2024","8/9/2024","symp18_refi","BSL",
"False","False","Bryant Park Funding 2024-24",,"Sr AAA @ 140 DM (240mm)
Jr AAA @ 160 DM (22mm)
AA @ 165 DM
A @ 195 DM
Sr BBB @ 320 DM (24mm)
Jr BBB (fixed) @ 7.92% (4mm)
BB @ 680 DM","Citigroup","5NC2","New Issue","Priced","7/24/2024","8/13/2024","brypk24_newissue","BSL",
"False","False","Palmer Square Loan Funding 2024-1","div&lt;div&gt;divAAA @ 100a DM
br&lt;br&gt;brAA @ 140-150 DM
br&lt;br&gt;brA @ 165-175 DM
br&lt;br&gt;brBBB @ 255-265 DM
br&lt;br&gt;brBB @ 500-525 DM
br&lt;br&gt;brB retained/div&lt;/div&gt;/div","AAA @ 105 DM
AA @ 145 DM
A @ 180 DM
BBB @ 255 DM
BB @ 490 DM
B @ 700 DM","Citigroup","0NC1","New Issue","Priced","7/24/2024","8/1/2024","pstat2024-1_newissue","BSL",
"False","False","Barings Private Credit Corporation CLO 2023-1","div&lt;div&gt;divSr AAA @ 162-163 DM (275mm; 0.25x rollers)
br&lt;br&gt;brJr AAA @ 180-185 DM (35mm)
br&lt;br&gt;brAA @ 190-195 DM
br&lt;br&gt;brA @ 235-240 DM
br&lt;br&gt;brBBB @ 390-400 DM/div&lt;/div&gt;/div","Sr AAA @ 163 DM (275mm)
Jr AAA @ 190 DM (35mm)
AA @ 200 DM
A @ 250 DM
BBB @ 450 DM","BNP Paribas","4NC2","Reset","Priced","7/24/2024","8/27/2024","bpcc2023-1_reset","MM",
"False","False","ZAIS CLO 13","div&lt;div&gt;divSr AAA @ 118-120 DM (212.1mm)
br&lt;br&gt;brJr AAA @ 140-145 DM (20mm)
br&lt;br&gt;brAA @ 170-175 DM
br&lt;br&gt;brA @ 240-250 DM/div&lt;/div&gt;/div","Sr AAA @ 130 DM (212.1mm)
Jr AAA @ 155 DM (20mm)
AA @ 170 DM
A @ 240 DM","Santander","0NC0.5","Refinancing","Priced","7/24/2024","8/7/2024","zais13_refi","BSL",
"False","True","Magnetite XXIX","div&lt;div&gt;divX @ 85a DM
br&lt;br&gt;brAAA @ 134-135 DM
br&lt;br&gt;brAA @ 160-165 DM
br&lt;br&gt;brA @ 185-195 DM
br&lt;br&gt;brBBB @ 280-290 DM
br&lt;br&gt;brBB @ 550a DM
br&lt;br&gt;brB @ 775-800 DM/div&lt;/div&gt;/div","X @ 100 DM
AAA @ 135 DM
AA @ 175 DM
A @ 200 DM
BBB @ 305 DM
BB @ 600 DM
B @ 775 DM","Morgan Stanley","5NC2","Reset","Priced","7/24/2024","8/14/2024","magne29_reset","BSL",
"False","False","Elmwood CLO 18","div&lt;div&gt;divAAA @ 135-136 DM
br&lt;br&gt;brAA @ 160-165 DM
br&lt;br&gt;brA @ 190-200 DM
br&lt;br&gt;brSr BBB @ 285-295 DM (30mm)
br&lt;br&gt;brJr BBB @ 420-430 DM (5mm)
br&lt;br&gt;brBB @ 560a DM
br&lt;br&gt;brB @ 875-900 DM (h90s)/div&lt;/div&gt;/div","AAA @ 136 DM
AA @ 165 DM
A @ 200 DM
Sr BBB @ 295 DM (30mm)
Jr BBB @ 439 DM (5mm)
BB @ 580 DM
B @ 900 DM","Citigroup","5NC2","Reset","Priced","7/24/2024","8/6/2024","elmw18_reset","BSL",
"False","False","Anchorage Capital CLO 24","div&lt;div&gt;divX @ 110 DM
br&lt;br&gt;brSr AAA @ 143 DM (246mm)
br&lt;br&gt;brJr AAA @ 160-163 DM (16mm)
br&lt;br&gt;brAA @ 185 DM
br&lt;br&gt;brA @ 220-230 DM
br&lt;br&gt;brBBB @ 345-355 DM
br&lt;br&gt;brBB @ 725-740 DM/div&lt;/div&gt;/div","X @ 120 DM
Sr AAA @ 143 DM (276.75mm)
Jr AAA @ 165 DM (18mm)
AA @ 185 DM
A @ 230 DM (10mm)
A (fixed) @ 5.783%
Sr BBB @ 346 DM (17mm)
Sr BBB (fixed) @ 7.088% (10mm)
Jr BBB (fixed) @ 8.241% (4.5mm)
BB @ 740 DM","Goldman Sachs","5NC2","Reset","Priced","7/24/2024","8/9/2024","anchc24_reset","BSL",
"False","False","Oaktree CLO 2024-27","div&lt;div&gt;divSr AAA preplaced
br&lt;br&gt;brJr AAA @ 150a DM
br&lt;br&gt;brAA @ 160-165 DM
br&lt;br&gt;brA @ 190-195 DM
br&lt;br&gt;brSr BBB @ 285-290 DM
br&lt;br&gt;brJr BBB @ 415-425 DM
br&lt;br&gt;brBB @ 550a DM/div&lt;/div&gt;/div","Sr AAA @ 136 DM (240mm)
Jr AAA @ 157 DM (32mm)
AA @ 165 DM
A @ 200 DM
Sr BBB @ 300 DM (24mm)
Jr BBB @ 420 DM (4mm)
BB @ 560 DM","JPMorgan","5NC2","New Issue","Priced","7/24/2024","8/6/2024","oakcl27_newissue","BSL",
"False","False","Cerberus Loan Funding XXXIX","div&lt;div&gt;divAAA @ 140a DM
br&lt;br&gt;brAA @ 170a DM
br&lt;br&gt;brA @ 225a DM/div&lt;/div&gt;/div","AAA @ 140 DM
AA @ 170 DM
A @ 225 DM","Wells Fargo","0NC1","Refinancing","Priced","7/24/2024","8/9/2024","cerb39_refi","MM",
"False","False","Silver Point SCF CLO IV","div&lt;div&gt;divSr AAA @ 172 DM (232mm)
br&lt;br&gt;brJr AAA @ 190-195 DM (16mm)
br&lt;br&gt;brAA @ 200-205 DM
br&lt;br&gt;brA @ 265-270 DM
br&lt;br&gt;brBBB retained/div&lt;/div&gt;/div","Sr AAA @ 172 DM (215.5mm)
Sr AAA (fixed) @ 5.10% (16.5mm)
Jr AAA @ 195 DM
AA @ 210 DM
A @ 270 DM
BBB retained","GreensLedge","4NC2","Re-Issue","Priced","7/24/2024","9/5/2024","spcsl4_reissue","MM",
"False","False","Woodmont 2022-9 Trust","div&lt;div&gt;divX @ 125a DM
br&lt;br&gt;brSr AAA @ 165-170 DM (362.5mm)
br&lt;br&gt;brJr AAA @ 185a DM (25mm)
br&lt;br&gt;brAA @ 195a DM
br&lt;br&gt;brA @ 245a DM
br&lt;br&gt;brBBB @ 415a DM
br&lt;br&gt;brBB @ 775a DM/div&lt;/div&gt;/div","X @ 125 DM
Sr AAA @ 170 DM (362.5mm)
Jr AAA @ 185 DM (25mm)
AA @ 195 DM
A @ 245 DM
BBB @ 415 DM
BB @ 777 DM","Natixis","4NC2","Reset","Priced","7/23/2024","8/6/2024","wdmnt2022-9_reset","MM",
"False","False","Palmer Square CLO 2022-3","div&lt;div&gt;divSr AAA @ 135 DM (320mm)
br&lt;br&gt;brJr AAA @ 150a DM (20mm)
br&lt;br&gt;brAA @ 160-165 DM
br&lt;br&gt;brA @ 190a DM
br&lt;br&gt;brSr BBB @ 280a DM (30mm)
br&lt;br&gt;brJr BBB @ 410-415 DM (5mm)
br&lt;br&gt;brBB @ 535a DM/div&lt;/div&gt;/div","Sr AAA @ 135 DM (320mm)
Jr AAA @ 155 DM (20mm)
Sr AA @ 160 DM (30mm)
Jr AA @ 180 DM (10mm)
A @ 195 DM (30mm)
Sr BBB @ 295 DM (30mm)
Jr BBB @ 425 DM (5mm)
BB @ S+6.50%","JPMorgan","5NC2","Reset","Priced","7/23/2024","8/8/2024","plmrs2022-3_reset","BSL",
"False","False","KKR CLO 30","div&lt;div&gt;divSr AAA @ 110 DM (208.32mm)
br&lt;br&gt;brJr AAA @ 130-135 DM (15mm)
br&lt;br&gt;brAA @ 155 DM
br&lt;br&gt;brA @ 185-190 DM
br&lt;br&gt;brBBB @ 290-300 DM/div&lt;/div&gt;/div",,"RBC","0NC0.5","Refinancing","Announced","7/23/2024",,"kkr30_refi","BSL",
"False","False","Carlyle Direct Lending CLO 2024-1","div&lt;div&gt;divAAA @ 165-170 DM/div&lt;/div&gt;/div","Sr AAA @ 168 DM (246.5mm)
Jr AAA @ 200 DM (17mm)
AA @ 213 DM (25.5mm)
A retained
BBB retained","JPMorgan","5NC2","New Issue","Priced","7/23/2024","9/20/2024","cdlc2024-1_newissue","MM",
"False","False","Regatta XXIX Funding","div&lt;div&gt;divAAA call desk
br&lt;br&gt;brAA call desk
br&lt;br&gt;brA @ 195-200 DM
br&lt;br&gt;brSr BBB @ 300-305 DM (30mm)
br&lt;br&gt;brJr BBB @ 420a DM (5mm)
br&lt;br&gt;brBB @ 600a DM/div&lt;/div&gt;/div","AAA @ 138 DM
AA @ 175 DM
A @ 195 DM
Sr BBB @ 300 DM (36mm)
Jr BBB @ 440 DM (6mm)
BB @ 585 DM","Natixis","5NC2","New Issue","Priced","7/23/2024","8/2/2024","regt29_newissue","BSL",
"False","False","Carlyle US CLO 2017-3","div&lt;div&gt;divX @ 115-120 DM
br&lt;br&gt;brAAA @ 135-136 DM
br&lt;br&gt;brAA @ 170-175 DM
br&lt;br&gt;brA @ 200-210 DM
br&lt;br&gt;brBBB @ 300-315 DM
br&lt;br&gt;brBB @ 650-675 DM
br&lt;br&gt;brB @ 850-865 DM/div&lt;/div&gt;/div","X @ 125 DM
Sr AAA @ 140 DM (244mm)
Jr AAA @ 155 DM (11mm)
AA @ 178 DM
A @ 200 DM
Sr BBB @ 320 DM (23mm)
Jr BBB (fixed) @ 8.30% (5mm)
BB @ 750 DM
B @ 900 DM","Nomura","5NC2","Reset","Priced","7/23/2024","8/15/2024","cgms2017-3_reset","BSL",
"False","False","Golub Capital Partners CLO 76(B)","div&lt;div&gt;divSr AAA call desk
br&lt;br&gt;brJr AAA @ 150a DM
br&lt;br&gt;brAA @ 165a DM
br&lt;br&gt;brA @ 190a DM
br&lt;br&gt;brSr BBB @ 290a DM
br&lt;br&gt;brJr BBB @ 420a DM
br&lt;br&gt;brBB @ 575a DM/div&lt;/div&gt;/div","Sr AAA @ 137 DM (288mm)
Jr AAA @ 157 DM (9mm)
AA @ 167 DM
A @ 190 DM
Sr BBB @ 290 DM (27mm)
Jr BBB @ 420 DM (4.5mm)
BB @ 575 DM","Societe Generale","5NC2","New Issue","Priced","7/23/2024","8/7/2024","gcbsl76_newissue","BSL",
"False","False","Flatiron CLO 25","div&lt;div&gt;divAAA call desk
br&lt;br&gt;brAA @ 155-160 DM
br&lt;br&gt;brA @ 185-190 DM
br&lt;br&gt;brBBB @ 280-285 DM
br&lt;br&gt;brBB @ 535a DM/div&lt;/div&gt;/div","AAA @ 135 DM
AA @ 160 DM
A @ 185 DM
BBB @ 285 DM
BB @ 525 DM
B not offered","JPMorgan","5NC2","New Issue","Priced","7/23/2024","8/7/2024","flat25_newissue","BSL",
"False","False","Barings CLO 2018-II","div&lt;div&gt;divX @ 90 DM
br&lt;br&gt;brSr AAA call desk
br&lt;br&gt;brJr AAA @ 150-155 DM
br&lt;br&gt;brAA @ 160-165 DM
br&lt;br&gt;brA @ 190-195 DM
br&lt;br&gt;brSr BBB @ 290-300 DM (24mm)
br&lt;br&gt;brJr BBB @ 410-425 DM (4mm)
br&lt;br&gt;brBB @ 625-650 DM
br&lt;br&gt;brB @ 900a DM/div&lt;/div&gt;/div","X @ 115 DM
Sr AAA @ 136 DM (245.4mm)
Jr AAA @ 160 DM (14.6mm)
Sr AA @ 165 DM (12.4mm)
Jr AA @ 185 DM (8.6mm)
AA (pro rata) @ 175 DM (23mm)
A @ 210 DM
Sr BBB @ 310 DM (20mm)
Jr BBB (fixed) @ 8.85% (8mm)
BB @ 690 DM
B retained","Goldman Sachs","5NC2","Reset","Priced","7/23/2024","8/9/2024","babsn2018-2_reset","BSL",
"False","False","KKR CLO 15",,"Sr AAA @ 110 DM (208.32mm)
Jr AAA @ 135 DM (15mm)
AA @ 155 DM
A @ 190 DM
BBB @ 300 DM
BB @ 650 DM","RBC","0NC0.5","Refinancing","Priced","7/23/2024","8/1/2024","kkr15_refi","BSL",
"False","False","OHA Credit Partners XV",,"Sr AAA @ 150 DM (367.5mm)
Jr AAA 2 170 DM (16.5mm)
AA @ 195 DM
AA (fixed) @ 5.87%
A @ 235 DM
Sr BBB @ 345 DM (31.5mm)
Jr BBB @ 450 DM (10.5mm)
BB @ 650 DM","Bank of America","5NC2","Reset","Priced","7/22/2024","2/26/2024","oakc15_reset","BSL",
"False","False","Navesink CLO 2",,"Sr AAA @ 127 DM (168mm)
Jr AAA @ 158 DM (100mm)
AA @ 220 DM
A @ 236 DM
Sr BBB @ 485 DM (14mm)
Jr BBB @ 609 DM (10mm)
BB @ 750 DM","Goldman Sachs","2NC1","New Issue","Priced","7/22/2024","2/22/2024","navs2_newissue","BSL",
"False","False","Bridge Street CLO IV",,"AAA @ 160 DM
AA @ 215 DM
A @ 275 DM
BBB @ 425 DM
BB @ 715 DM","Barclays","5NC2","New Issue","Priced","7/22/2024","3/27/2024","brdgs4_newissue","BSL",
"False","False","OCP CLO 2020-18","div&lt;div&gt;divSr AAA @ 136-137 DM (256mm)
br&lt;br&gt;brJr AAA @ +bps wide to Sr AAA (6mm)
br&lt;br&gt;brAA @ 165-170 DM
br&lt;br&gt;brAA (fixed) @ flat to floater
br&lt;br&gt;brA @ 190-200 DM
br&lt;br&gt;brSr BBB @ 300-310 DM (24mm)
br&lt;br&gt;brJr BBB @ 440-450 DM (4mm)
br&lt;br&gt;brBB @ 625-650 DM
br&lt;br&gt;br /div&lt;/div&gt;/div","Sr AAA @ 137 DM (256mm)
Jr AAA @ 157 DM (6mm)
AA @ 170 DM
AA (fixed) @ 5.448%
A @ 200 DM
Sr BBB @ 310 DM (24mm)
Jr BBB @ 440 DM (4mm)
BB @ 625 DM","RBC","5NC2","Reset","Priced","7/22/2024","7/30/2024","ocp18_reset","BSL",
"False","False","Antares CLO 2018-3","div&lt;div&gt;divSr AAA call desk
br&lt;br&gt;brJr AAA @ 170-175 DM
br&lt;br&gt;brAA @ 180a DM
br&lt;br&gt;brA @ 230-235 DM
br&lt;br&gt;brBBB @ 385a DM/div&lt;/div&gt;/div","Sr AAA @ 159 DM (580mm)
Jr AAA @ 180 DM (30mm)
AA @ 190 DM
A @ 235 DM
BBB @ 385 DM
BB retained","Citigroup","4NC2","Reset","Priced","7/22/2024","8/8/2024","antr2018-3_reset","MM",
"False","False","Steele Creek CLO 2019-1",,,"RBC","0NC0.5","Refinancing","Announced","7/22/2024",,"stcr2019-1_refi","BSL",
"False","False","CENT CLO 30","A1R2 (Sr AAA) @ 105 DM (234.1mm)
A2R2 (Jr AAA) @ 135 DM (25.9mm)
B1R2 (Sr AA) @ 145 DM (36.6mm)
B2R2 (Jr AA) @ 165 DM (7.4mm)
CR2 (A) @ 190 DM
DR (BBB) @ 350 DM","X @ 110 DM
Sr AAA @ 128 DM (234.1mm)
Jr AAA @ 153 DM (25.9mm)
Sr AA @ 180 DM (36.578mm)
Jr AA @ 200 DM (7.422mm)
A @ 230 DM","Jefferies","1.5NC0.7","Refinancing","Priced","7/22/2024","7/31/2024","ceclo30_refi","BSL",
"False","False","Madison Park Funding LVII","div&lt;div&gt;divAAA @ 125 DM/div&lt;/div&gt;/div","Sr AAA @ 128 DM (307.5mm)
Jr AAA @ 150 DM (17.5mm)
AA @ 170 DM
A @185 DM
A (fixed) @ 5.75%
BBB @ 295 DM
BB @ 670 DM
B @ 786 DM","Scotia","3NC1","Refinancing","Priced","7/19/2024","7/31/2024","mdpk57_refi","BSL",
"False","False","Golub Capital Partners CLO 45(M)-R","div&lt;div&gt;divSr AAA @ 162 DM
br&lt;br&gt;brJr AAA @ 175 DM/div&lt;/div&gt;/div","Sr AAA @ 162 DM (408.8mm)
Jr AAA @ 180 DM (43.8mm)
AA @ 190 DM
A @ 240 DM
BBB @ 395 DM","Morgan Stanley","5NC2","Reset","Priced","7/19/2024","8/7/2024","gocap45mr_reset","MM",
"False","False","RR 30",,"Sr AAA @ 137 DM (245.2mm)
Jr AAA @ 155 DM (22.8mm)
AA @ 165 DM
A @ 190 DM
Sr BBB @ 265 DM (20mm)
Jr BBB @ 355 DM (4mm)
BB @ 575 DM
B @ S+6.32%","BNP Paribas","5NC2","New Issue","Priced","7/18/2024","7/2/2024","rram30_newissue","BSL",
"False","False","Apex Credit Partners 2024-2",,"AAA @ 152 DM
AA @ 190 DM
AA (fixed) @ 5.930%
A @ 240 DM
Sr BBB @ 375 DM (16mm)
Jr BBB @ 500 DM (9mm)
BB @ 789 DM","CIBC","5NC2","New Issue","Priced","7/18/2024","7/2/2024","apexc2024-2_newissue","BSL",
"False","False","Comvest Credit 2024-1 CLO",,"AAA @ 170 DM
AA @ 200 DM
A @ 250 DM","Deutsche Bank","0.75NC0.75","New Issue","Priced","7/18/2024","7/2/2024","covst2024-1_newissue","MM",
"False","False","RR 12",,"Sr AAA @ 125 DM (285mm)
Jr AAA @ 155 DM (15.1mm)
AA @ 160 DM
A @ 200 DM
BBB @ 300 DM
BB @ S+6.90%","Atlas",,"Reset","Priced","7/18/2024","7/5/2024","rr12_reset","BSL",
"False","False","Clover CLO 2020-1",,"Sr AAA @ 139 DM (288mm)
Jr AAA @ 159 DM (4.5mm)
AA @ 175 DM
A @ 200 DM
BBB @ 310 DM
BB @ 640 DM
B retained","Mizuho","5NC2","Reset","Priced","7/18/2024","7/12/2024","clvr2020-1_reset","BSL",
"False","False","Silver Point CLO 5","div&lt;div&gt;divSr AAA @ 140a DM (240mm)
br&lt;br&gt;brJr AAA @ 155-160 DM (16mm)
br&lt;br&gt;brAA @ 165-170 DM
br&lt;br&gt;brA @ 195-205 DM
br&lt;br&gt;brSr BBB @ 305-310 DM (20mm)
br&lt;br&gt;brJr BBB @ 425a DM (6mm)
br&lt;br&gt;brBB @ 600-610 DM
br&lt;br&gt;brB retained/div&lt;/div&gt;/div","Sr AAA @ 140 DM (270mm)
Jr AAA @ 160 DM (18mm)
AA @ 175 DM
A @ 210 DM
Sr BBB @ 325 DM (22.5mm)
Jr BBB @ 435 DM (6.75mm_
BB @ 640 DM
B retained","Morgan Stanley","5NC2","New Issue","Priced","7/18/2024","8/7/2024","spclo5_newissue","BSL",
"False","False","Canyon CLO 2020-3","div&lt;div&gt;divX @ 110 DM
br&lt;br&gt;brSr AAA @ 140 DM (315mm)
br&lt;br&gt;brJr AAA @ 150-155 DM (15mm)
br&lt;br&gt;brAA @ 165-170 DM
br&lt;br&gt;brA @ 195-205 DM
br&lt;br&gt;brBBB @ 315-325 DM
br&lt;br&gt;brBB @ 650-675 DM/div&lt;/div&gt;/div","X @ 100 DM
Sr AAA @ 140 DM (315mm)
Jr AAA @ 160 DM (15mm)
AA @ 195 DM
A @ 215 DM
Sr BBB @ 325 DM (25mm)
Jr BBB @ 500 DM (7.5mm)
BB @ 715 DM","Barclays","5NC2","Reset","Priced","7/18/2024","8/8/2024","canyc2020-3_reset","BSL",
"False","True","Blueberry Park CLO","div&lt;div&gt;divAAA @ 135 DM
br&lt;br&gt;brAA @ 165 DM
br&lt;br&gt;brA @ 195 DM/div&lt;/div&gt;/div","AAA @ 135 DM
AA @ 165 DM
A @ 190 DM
Sr BBB @ 290 DM (30mm)
Jr BBB @ 425 DM (5mm)
BB @ 535 DM","Citigroup","5NC2","New Issue","Priced","7/17/2024","7/26/2024","berry_newissue","BSL",
"False","False","Bain Capital Credit CLO 2018-2","div&lt;div&gt;divSr AAA @ 108 DM (246.6mm)
br&lt;br&gt;brJr AAA @ 130-135 DM
br&lt;br&gt;brAA @ 150-155 DM
br&lt;br&gt;brA @ 185-190 DM
br&lt;br&gt;brBBB @ 280-290 DM/div&lt;/div&gt;/div","Sr AAA @ 108 DM (247mm)
Jr AAA @ 135 DM (33mm)
AA @ 155 DM
A @ 195 DM
BBB @ 295 DM","Barclays","0NC0.5","Refinancing","Priced","7/17/2024","7/24/2024","bcc2018-2_refi","BSL",
"False","False","Atlas Senior Loan Fund XV","div&lt;div&gt;divSr AAA @ 122 DM
br&lt;br&gt;brJr AAA engaged
br&lt;br&gt;brA @ 220-230 DM
br&lt;br&gt;brBBB @ 360-370 DM
br&lt;br&gt;brBB @ 725 DM/div&lt;/div&gt;/div","AAA @ 122 DM
AA @ 175 DM (upgraded to AAA)
A @ 230 DM
BBB @ 445 DM","Barclays","0.25NC1","Reset","Priced","7/17/2024","7/25/2024","atclo15_refi","BSL",
"False","True","OHA Credit Funding 11","div&lt;div&gt;divX @ 70-80 DM
br&lt;br&gt;brSr AAA @ 135a DM (393.75mm)
br&lt;br&gt;brJr AAA @ 150a DM (31.25mm)
br&lt;br&gt;brAA @ 160a DM
br&lt;br&gt;brAA (fixed) @ N+160a
br&lt;br&gt;brA @ 190a DM
br&lt;br&gt;brSr BBB @ 275-280 DM (37.5mm)
br&lt;br&gt;brJr BBB @ 410-420 DM (7.75mm)
br&lt;br&gt;brBB @ 530-540 DM/div&lt;/div&gt;/div","X @ 75 DM
Sr AAA @ 135 DM (387.75mm)
Jr AAA @ 152 DM (35.5mm)
AA @ 160 DM
A @ 190 DM
Sr BBB @ 285 DM (37.5mm)
Jr BBB @ 420 DM (7.75mm)
BB @ 540 DM","BNP Paribas","5NC2","Reset","Priced","7/17/2024","7/31/2024","oakc11_reset","BSL",
"False","False","CIFC Funding 2021-IV","div&lt;div&gt;divX @ +120a DM
br&lt;br&gt;brAAA @ 136 DM
br&lt;br&gt;brAA @ 165a DM
br&lt;br&gt;brA @ 200a DM
br&lt;br&gt;brBBB @ 300a DM
br&lt;br&gt;brBB @ 625-640 DM/div&lt;/div&gt;/div","X @ 120 DM
AAA @ 136 DM
AA @ 165 DM
A @ 190 DM
BBB @ 295 DM
BB @ 620 DM","RBC","5NC2","Reset","Priced","7/17/2024","7/26/2024","cifc2021-4_reset","BSL",
"False","False","ABPCI Direct Lending Fund CLO II","div&lt;div&gt;divSr AAA @ 165-168 DM (264.8mm)
br&lt;br&gt;brJr AAA @ 185a DM (18.3mm)
br&lt;br&gt;brAA @ 195a DM
br&lt;br&gt;brA @ 240a DM
br&lt;br&gt;brBBB @ 400a DM
br&lt;br&gt;brBB @ 750a DM/div&lt;/div&gt;/div","Sr AAA @ 165 DM (285.8mm)
Jr AAA @ 185 DM (19.7mm)
AA @ 195 DM
A @ 240 DM
BBB @ 415 DM
BB @ 750 DM","Natixis","5NC2","Reset","Priced","7/16/2024","8/2/2024","abpci2_reset","MM",
"False","False","Venture 50 CLO","div&lt;div&gt;divX @ 115 DM
br&lt;br&gt;brSr AAA @ 145 DM (256mm; subject)
br&lt;br&gt;brJr AAA @ 160-165 DM (8mm)
br&lt;br&gt;brAA @ 170-175 DM
br&lt;br&gt;brA @ 215-225 DM
br&lt;br&gt;brBBB @ 340-350 DM
br&lt;br&gt;brBB @ 700-725 DM/div&lt;/div&gt;/div","X @ 125 DM
Sr AAA @ 145 DM (256mm)
Jr AAA @ 165 DM (8mm)
AA @ 180 DM
AA (fixed) @ 5.48%
A @ 225 DM
Sr BBB @ 386 DM (18mm)
Jr BBB (fixed) @ 8.75% (6mm)
BB @ 824 DM","Jefferies","5NC2","New Issue","Priced","7/16/2024","7/31/2024","ventr50_newissue","BSL",
"False","False","Trestles CLO VII","div&lt;div&gt;divSr AAA @ 138 DM/div&lt;/div&gt;/div","X @ 95 DM
Sr AAA @ 138 DM (248mm)
Jr AAA @ 155 DM (22mm)
AA @ 175 DM 
A @ 200 DM 
Sr BBB @ 310 DM (24mm)
Jr BBB @ 420 DM (4mm)
BB @ 560 DM
B @ S+7.83%","JPMorgan","5NC2","New Issue","Priced","7/16/2024","8/9/2024","trest7_newissue","BSL",
"False","False","Audax Senior Debt CLO 11",,"Sr AAA @ 168 DM (232mm)
Jr AAA @ 190 DM (16mm)
AA @ 205 DM
A @ 255 DM","Societe Generale","4NC2","New Issue","Priced","7/16/2024","8/9/2024","audax11_newissue","MM",
"False","False","GoldenTree Loan Management US CLO 12","div&lt;div&gt;divX @ 85a DM
br&lt;br&gt;brSr AAA not available
br&lt;br&gt;brJr AAA @ 145a DM
br&lt;br&gt;brAA @ 160a DM
br&lt;br&gt;brA @ 190a DM
br&lt;br&gt;brBBB @ 285-290 DM
br&lt;br&gt;brBB @ 550-570 DM
br&lt;br&gt;brB @ 825a DM/div&lt;/div&gt;/div","X @ 90 DM
Sr AAA @ 135 DM (366mm)
Jr AAA @ 153 DM (24mm)
AA @ 165 DM
AA (fixed) @ 5.113%
A @ 200 DM
BBB @ 300 DM
BB @ 570 DM
B @ 875 DM","Morgan Stanley","5NC2","Reset","Priced","7/15/2024","8/6/2024","glm12_reset","BSL",
"False","False","Sixth Street CLO 26","div&lt;div&gt;divAAA call desk
br&lt;br&gt;brAA @ 160-165 DM
br&lt;br&gt;brA @ 185-195 DM
br&lt;br&gt;brSr BBB @ 280-290 DM (30mm)
br&lt;br&gt;brJr BBB @ 410-425 DM (5mm)
br&lt;br&gt;brBB @ 550-575 DM/div&lt;/div&gt;/div","AAA @ 135 DM
AA @ 165 DM
A @ 190 DM
Sr BBB @ 290 DM (30mm)
Jr BBB @ 425 DM (5mm)
BB @ 565 DM","JPMorgan","5NC2","New Issue","Priced","7/15/2024","7/26/2024","sixst26_newissue","BSL",
"False","False","Ares LXIV CLO","div&lt;div&gt;divAAA @ 136 DM
br&lt;br&gt;brAA @ 165-170 DM
br&lt;br&gt;brA @ 190-200 DM
br&lt;br&gt;brBBB @ 300-305 DM
br&lt;br&gt;brBB @ 625-650 DM/div&lt;/div&gt;/div","AAA @ 136 DM
AA @ 175 DM
Sr A @ 200 DM (22.5mm)
Jr A @ 240 DM (7.5mm)
BBB @ 325 DM
BB @ 650 DM","Barclays","5NC2","Reset","Priced","7/15/2024","8/8/2024","ares64_reset","BSL",
"False","False","Elmwood CLO 32","div&lt;div&gt;divSr AAA @ 135 DM (320mm)
br&lt;br&gt;brJr AAA @ 145-150 DM (10mm)
br&lt;br&gt;brAA @ 160-165 DM
br&lt;br&gt;brA @ 190-195 DM
br&lt;br&gt;brSr BBB @ 280a DM (30mm)
br&lt;br&gt;brJr BBB @ 410-420 DM (5mm)
br&lt;br&gt;brBB @ 540a DM/div&lt;/div&gt;/div","Sr AAA @ 135 DM (320mm)
Jr AAA @ 152 DM (10mm)
AA @ 160 DM
A @ 190 DM
Sr BBB @ 285 DM (30mm)
Jr BBB @ 420 DM (5mm)
BB @ 540 DM","JPMorgan","5NC2","New Issue","Priced","7/15/2024","7/26/2024","elmw32_newissue","BSL",
"False","False","Harvest US CLO 2024-2","div&lt;div&gt;divSr AAA @ 140 DM (248mm)
br&lt;br&gt;brJr AAA @ 160 DM (16mm)
br&lt;br&gt;brAA @ 175 DM
br&lt;br&gt;brA @ 210-220 DM
br&lt;br&gt;brSr BBB @ 310-320 DM (24mm)
br&lt;br&gt;brJr BBB @ 450-475 DM (4mm)
br&lt;br&gt;brBB @ 650-675 DM/div&lt;/div&gt;/div","Sr AAA @ 140 DM (248mm)
Jr AAA @ 160 DM (16mm)
AA @ 175 DM
A @ 210 DM
Sr BBB @ 325 DM (24mm)
Jr BBB @ 500 DM (6mm)
BB @ 690 DM","Bank of America","5NC2","New Issue","Priced","7/15/2024","8/1/2024","harvt2024-2_newissue","BSL",
"False","False","Ocean Trails CLO 8","div&lt;div&gt;divAAA @ 129 DM
br&lt;br&gt;brAA @ 160-165 DM
br&lt;br&gt;brA @ 205-210 DM
br&lt;br&gt;brBBB @ 305-315 DM
br&lt;br&gt;brBB @ 700-715 DM/div&lt;/div&gt;/div","AAA @ 129 DM
AA @ 175 DM
A @ 205 DM
BBB @ 340 DM
BB @ 750 DM","Societe Generale","2NC1","Refinancing","Priced","7/15/2024","7/26/2024","octr8_refi","BSL",
"False","False","Benefit Street Partners CLO XII-B","div&lt;div&gt;divAAA call desk
br&lt;br&gt;brAA @ 170a DM
br&lt;br&gt;brA @ 200a DM
br&lt;br&gt;brSr BBB @ 300a DM (30mm)
br&lt;br&gt;brJr BBB @ 425a DM (3.75mm)
br&lt;br&gt;brBB @ 600a DM/div&lt;/div&gt;/div","AAA @ 137 DM
AA @ 170 DM
A @ 200 DM
Sr BBB @ 305 DM (30mm)
Jr BBB @ 430 DM (3.75mm)
BB @ 625 DM","Wells Fargo","5NC2","Re-Issue","Priced","7/15/2024","8/7/2024","bsp12_reissue","BSL",
"False","False","Apex Credit CLO 2019-1","div&lt;div&gt;divX @ 125 DM
br&lt;br&gt;brSr AAA subject
br&lt;br&gt;brJr AAA @ 167 DM
br&lt;br&gt;brAA @ 190 DM
br&lt;br&gt;brA @ 250 DM
br&lt;br&gt;brBBB @ 390 DM
br&lt;br&gt;brBB @ 800 Dm
br&lt;br&gt;brB @ 900 DM/div&lt;/div&gt;/div","X @ 122 DM
Sr AAA @ 152 DM (238mm)
Jr AAA @ 173 DM (11.7mm)
AA @ 190 DM
A @ 250 Dm
Sr BBB @ 385 DM (17.55mm)
Jr BBB @ 515 DM (8.8mm)
BB @ 813 DM
B @ 1045 DM","Jefferies","5NC2","Reset","Priced","7/15/2024","7/31/2024","apexc2019-1_reset","BSL",
"False","False","Octagon 38","div&lt;div&gt;divX @ 120a DM
br&lt;br&gt;brSr AAA preplaced
br&lt;br&gt;brJr AAA @ 150-155 DM
br&lt;br&gt;brAA @ 175-180 DM
br&lt;br&gt;brA @ 205-210 DM
br&lt;br&gt;brSr BBB @ 310-320 DM (45mm)
br&lt;br&gt;brJr BBB @ 435-450 DM (3.75mm)
br&lt;br&gt;brBB @ 725-750 DM
br&lt;br&gt;br/div&lt;/div&gt;/div","X @ 120 DM
Sr AAA @ 136 DM (465mm)
Jr AAA @ 155 DM (22.5mm)
AA @ 180 DM
A @ 210 DM
Sr BBB @ 320 DM (37.5mm)
Jr BBB @ 465 DM (11.25mm)
BB @ 750 DM","Bank of America","5NC2","Reset","Priced","7/12/2024","8/6/2024","oct38_reset","BSL",
"False","False","WhiteHorse Principal Lending CLO 2022-1","div&lt;div&gt;divSr AAA @ 178 DM (406mm)
br&lt;br&gt;brJr AAA @ 195a DM (28mm)
br&lt;br&gt;brAA @ 210a DM
br&lt;br&gt;brA retained/div&lt;/div&gt;/div","Sr AAA @ 178 DM (406mm)
Jr AAA @ 200 DM (18mm)
Jr AAA (fixed) @ 5.229% (+200 bps; $10mm)
AA @ 210 DM
A retained","GreensLedge","4NC2","Reset","Priced","7/12/2024","8/5/2024","whclo2022-1_reset","MM",
"False","False","Symphony CLO 45","div&lt;div&gt;divSr AAA preplaced
br&lt;br&gt;brJr AAA @ 145a DM
br&lt;br&gt;brAA @ 160a DM
br&lt;br&gt;brA @ 185-190 DM
br&lt;br&gt;brSr BBB @ 280-290 DM (24mm)
br&lt;br&gt;brJr BBB @ 410-420 DM (4mm)
br&lt;br&gt;brBB @ 540-560 DM/div&lt;/div&gt;/div","Sr AAA @ 135 DM (240mm)
Jr AAA @ 153 DM (27mm)
AA @ 165 DM
AA (fixed) @ 5.374%
A @ 195 DM
Sr BBB @ 295 DM (24mm)
Jr BBB @ 420 DM (4mm)
BB @ 575 DM","JPMorgan","5NC2","New Issue","Priced","7/12/2024","7/29/2024","symp45_newissue","BSL",
"False","False","OZLM XIX","div&lt;div&gt;divX @ 95a DM
br&lt;br&gt;brAAA @ 130a DM
br&lt;br&gt;brAA @ 165-170 DM
br&lt;br&gt;brA @ 205-215 DM
br&lt;br&gt;brBBB @ 305-315 DM
br&lt;br&gt;brBB @ 700a DM/div&lt;/div&gt;/div","X @ 95 DM
AAA @ 135 DM
AA @ 165 DM
A @ 205 DM
BBB @ 350 DM","CIBC","1.5NC1","Refinancing","Priced","7/11/2024","7/23/2024","ozlm19_refi","BSL",
"False","False","AGL CLO 21","div&lt;div&gt;divSr AAA @ 135a DM/div&lt;/div&gt;/div","Sr AAA @ 136 DM (256mm)
Jr AAA @ 153 DM (14mm)
AA @ 165 DM
A @ 195 DM
Sr BBB @ 305 DM (24mm)
Jr BBB @ 440 DM (4mm)
BB @ S+5.65%","JPMorgan","5NC2","Reset","Priced","7/11/2024","8/2/2024","agl21_reset","BSL",
"False","False","Willow Tree CLO I","div&lt;div&gt;divSr AAA @ 178a DM (203mm)
br&lt;br&gt;brJr AAA @ 190-195 DM (14mm)
br&lt;br&gt;brAA @ 200-210 DM
br&lt;br&gt;brA @ 265-275 DM
br&lt;br&gt;brBBB call desk/div&lt;/div&gt;/div","Sr AAA @ 178 DM (215.25mm)
Jr AAA @ 190 DM (12.25mm)
AA @ 220 DM
A @ 285 DM
BBB @ 480 DM","GreensLedge","2NC1","New Issue","Priced","7/11/2024","9/10/2024","wlt1_newissue","MM",
"False","False","GoldenTree Loan Management US CLO 5","div&lt;div&gt;divAAA call desk
br&lt;br&gt;brAA @ 140a DM
br&lt;br&gt;brA @ 175a DM
br&lt;br&gt;brBBB @ 265a DM/div&lt;/div&gt;/div","AAA @ 107 DM
AA @ 150 DM
A @ 190 DM
BBB @ 280 DM","Bank of America","0.25NC0.5","Refinancing","Priced","7/11/2024","7/19/2024","glm5_refi","BSL",
"False","False","RAD CLO 26","div&lt;div&gt;AAA @ 135-136 DM&lt;/div&gt;/div","AAA @ 137 DM
AA @ 175 DM
AA (fixed) @ 5.22%
A @ 190 DM
Sr BBB @ 295 DM (31.5mm)
Jr BBB @ 425 DM (5.25mm)
BB @ 590 DM","Bank of America","5NC2","New Issue","Priced","7/11/2024","8/7/2024","rad26_newissue","BSL",
"False","True","Wellington Management CLO 3",,"Sr AAA @ 136 DM (256mm)
Jr AAA @ 151 DM (6mm)
AA @ 165 DM
A @ 195 DM
Sr BBB @ 300 DM (24mm)
Jr BBB @ 435 DM (4mm)
BB @ S+575 bps","JPMorgan","5NC2","New Issue","Priced","7/11/2024","7/15/2024","welli3_newissue","BSL",
"False","False","AIMCO CLO 11","div&lt;div&gt;divSr AAA @ 134-135 DM (384mm)
br&lt;br&gt;brJr AAA @ 145-150 DM (18mm)
br&lt;br&gt;brAA @ 160a DM
br&lt;br&gt;brA @ 190a DM
br&lt;br&gt;brSr BBB @ 280a DM (36mm)
br&lt;br&gt;brJr BBB @ 410a DM (7.5mm)
br&lt;br&gt;brBB @ 540a DM/div&lt;/div&gt;/div","Sr AAA @ 134 DM (384mm)
Sr AAA @ 150 DM (18mm)
AA @ 165 DM
A @ 190 DM
Sr BBB @ 295 DM (36mm)
Jr BBB @ 420 DM (7.5mm)
BB @ 535 DM","JPMorgan","5NC2","Reset","Priced","7/11/2024","8/1/2024","aimco11_reset","BSL",
"False","False","Deerpath Capital CLO 2018-1","div&lt;div&gt;divSr AAA @ 175 DM (217.5mm)
br&lt;br&gt;brJr AAA @ 185-190 DM (11.25mm)
br&lt;br&gt;brAA @ 200-205 DM
br&lt;br&gt;brA @ 265-270 DM
br&lt;br&gt;brBBB @ 435-445 DM/div&lt;/div&gt;/div","Sr AAA @ 175 DM (232mm)
Jr AAA @ 190 DM (12mm)
AA @ 200 DM
A @ 270 DM
BBB @ 435 DM","GreensLedge","4NC2","Reset","Priced","7/11/2024","7/30/2024","dpath2018-1_reset","MM",
"False","False","Madison Park Funding XXXII","div&lt;div&gt;divSr AAA preplaced
br&lt;br&gt;brJr AAA preplaced
br&lt;br&gt;brAA @ 170-175 DM
br&lt;br&gt;brA @ 200-210 DM
br&lt;br&gt;brSr BBB @ 300-310 DM (48mm)
br&lt;br&gt;brJr BBB @ 440-450 DM (8mm)
br&lt;br&gt;brBB @ 625-650 DM/div&lt;/div&gt;/div","Sr AAA @ 136 DM (512mm)
Jr AAA @ 156 DM (24mm)
AA @ 175 DM
A @ 210 DM
Sr BBB @ 320 DM (40mm)
BBB @ 340 DM (8mm)
Jr BBB (fixed) @ 8.2%
BB @ 640 DM ","Nomura","5NC2","Reset","Priced","7/10/2024","7/24/2024","mdpk32_reset","BSL",
"False","False","Neuberger Berman Loan Advisers CLO 51","div&lt;div&gt;divAAA @ 125a DM
br&lt;br&gt;brAA @ 160-165 DM
br&lt;br&gt;brA @ 185-190 DM
br&lt;br&gt;brBBB @ 280-285 DM
br&lt;br&gt;brBB @ 550a DM/div&lt;/div&gt;/div","AAA @ 128 DM
AA @ 160 DM
A @ 185 DM
Sr BBB @ 295 DM (34.2mm)
Jr BBB @ 445 DM (4.275mm)
BB @ 570 DM","Morgan Stanley","3NC1","Refinancing","Priced","7/10/2024","7/25/2024","neub51_refi","BSL",
"False","False","Apidos CLO XL","div&lt;div&gt;divAAA @ 135a DM/div&lt;/div&gt;/div","X @ 90 DM
AAA @ 135 DM
AA @ 165 DM
A @ 195 DM
Sr BBB @ 290 DM (30mm)
Jr BBB @ 410 DM (5mm)
BB @ 560 DM","Goldman Sachs","5NC2","Reset","Priced","7/10/2024","7/26/2024","apid40_reset","BSL",
"False","False","Bain Capital Credit CLO 2024-4","div&lt;div&gt;divSr AAA @ 137 DM (320mm; call desk)
br&lt;br&gt;brJr AAA @ 152 DM (15mm; preplaced)
br&lt;br&gt;brAA @ 165a DM
br&lt;br&gt;brA @ 190-200 DM
br&lt;br&gt;brSr BBB @ 290-300 DM (30mm)
br&lt;br&gt;brJr BBB @ 425-440 DM (5mm)
br&lt;br&gt;brBB @ 575-600 DM/div&lt;/div&gt;/div","Sr AAA @ 137 DM (320mm)
Jr AAA @ 152 DM (15mm)
AA @ 165 DM
A @ 190 DM
Sr BBB @ 310 DM (30mm)
Jr BBB @ 435 DM (5mm)
BB @ 600 DM","Citigroup","5NC2","New Issue","Priced","7/9/2024","7/23/2024","bcc2024-4_newissue","BSL",
"False","False","TSTAT 2022-1","Sr AAA call desk
Jr AAA @ 130a DM
AA @ 155a DM
A @ 185a DM
Sr BBB @ 285a DM (16.3mm)
Jr BBB @ 395a DM (3.7mm)
BB @ 585a DM (10.32mm)/div</div>/div","Sr AAA @ 115 DM (153.9mm)
Jr AAA @ 140 DM (41.45mm)
AA @ 155 DM
A @ 185 DM
Sr BBB @ 275 DM (16.3mm)
Jr BBB @ 375 DM (3.7mm)
BB @ S+5.95%
B @ S+8.69%","JPMorgan","0NC0.5","Refinancing","Priced","7/9/2024","7/12/2024","tstat2022-1_refi","BSL",
"False","False","Carlyle US CLO 2018-4","div&lt;div&gt;divSr AAA call desk
br&lt;br&gt;brJr AAA @ 151 DM
br&lt;br&gt;brAA @ 175a DM
br&lt;br&gt;brA @ 210-220 DM
br&lt;br&gt;brBBB @ 305-315 DM
br&lt;br&gt;brBB @ 650-675 DM/div&lt;/div&gt;/div","Sr AAA @ 136 DM (372mm)
Jr AAA @ 156 DM (21mm)
AA @ 175 DM
Sr A @ 200 DM (24mm)
Jr A @ 250 DM (12mm)
Sr BBB @ 310 DM (30mm)
Jr BBB @ 470 DM (9mm)
Sr BB @ S+6.43% (9mm)
Jr BB @ S+7.86% (12mm)","Citigroup","5NC2","Reset","Priced","7/9/2024","7/23/2024","cgms2018-4_reset","BSL",
"False","False","Allegro CLO X","div&lt;div&gt;divAAA @ 113 DM/div&lt;/div&gt;/div","AAA @ 113 DM
AA @ 160 DM
A @ 205 DM
BBB @ 305 DM","Goldman Sachs","0NC0.5","Refinancing","Priced","7/9/2024","7/19/2024","alleg10_refi","BSL",
"False","False","OCP CLO 2017-14","div&lt;div&gt;divX @ 110a DM
br&lt;br&gt;brSr AAA @ 137a DM (288mm)
br&lt;br&gt;brJr AAA @ 155a DM (13.5mm)
br&lt;br&gt;brAA @ 165a DM
br&lt;br&gt;brA @ 200a DM
br&lt;br&gt;brBBB @ 300a DM
br&lt;br&gt;brBB @ 600a DM/div&lt;/div&gt;/div","X @ 110 DM
Sr AAA @ 137 DM (288mm)
Jr AAA @ 157 DM (8.55mm)
AA @ 170 DM
AA (fixed) @ 5.597%
A @ 200 DM
Sr BBB @ 310 DM (24.75mm)
Jr BBB @ 450 DM (6.75mm)
BB @ 655 DM","Scotia","5NC2","Reset","Priced","7/8/2024","7/19/2024","ocp14_reset","BSL",
"False","False","Palmer Square CLO 2024-3","div&lt;div&gt;divAAA @ 134-135 DM
br&lt;br&gt;brAA @ 160 DM
br&lt;br&gt;brA preplaced
br&lt;br&gt;brSr BBB preplaced
br&lt;br&gt;brJr BBB preplaced
br&lt;br&gt;brBB @ 540-550 DM/div&lt;/div&gt;/div","AAA @ 135 DM
AA @ 160 DM
A @ 190 DM
Sr BBB @ 280 DM (30mm)
Jr BBB @ 410 DM (5mm)
BB @ 550 DM","Bank of America","5NC2","New Issue","Priced","7/8/2024","7/17/2024","plmrs2024-3_newissue","BSL",
"False","False","Oaktree CLO 2022-2","div&lt;div&gt;divAAA @ 125-127 DM/div&lt;/div&gt;/div","Sr AAA @ 137 DM (320mm)
Jr AAA @ 157 DM (10mm)
AA @ 170 DM
A @ 200 DM
Sr BBB @ 325 DM (30mm)
Jr BBB @ 440 DM (5mm)
BB @ 640 DM","JPMorgan","3NC1","Reset","Priced","7/8/2024","10/11/2024","oakcl2022-2_reset","BSL",
"False","False","Ares Loan Funding III","div&lt;div&gt;divAAA @ 125a DM/div&lt;/div&gt;/div","Sr AAA @ 127 DM (256mm)
Jr AAA @ 155 DM (16mm)
AA @ 160 DM
Sr A @ 190 DM (16mm)
Jr A @ 230 DM (8mm)
Sr BBB @ 310 DM (20mm)
Jr BBB @ 450 DM (4mm)
BB @ 610 DM","JPMorgan","3NC1","Reset","Priced","7/8/2024","7/31/2024","ares-alf3_reset","BSL",
"False","False","Ballyrock CLO 27","div&lt;div&gt;divSr AAA @ 135 DM (288mm)
br&lt;br&gt;brJr AAA @ 145a DM (13.5mm)
br&lt;br&gt;brAA @ 160a DM
br&lt;br&gt;brA @ 185-190 DM
br&lt;br&gt;brSr BBB @ 280-285 DM (27mm)
br&lt;br&gt;brJr BBB @ 410-415 DM (4.5mm)
br&lt;br&gt;brBB @ 545-560 DM/div&lt;/div&gt;/div","Sr AAA @ 135 DM (320mm)
Jr AAA @ 148 DM (15mm)
AA @ 160 DM
A @ 190 DM
Sr BBB @ 290 DM (30mm)
Jr BBB @ 410 DM (5mm)
BB @ 545 DM","JPMorgan","5NC2","New Issue","Priced","7/8/2024","7/19/2024","bally27_newissue","BSL",
"False","True","Wellman Park CLO",,"AAA @ 135 DM
AA @ 170 DM
A @ 200 DM
Sr BBB @ 305 DM (30mm)
Jr BBB @ 465 DM (10.5mm)
BB @ 630 DM","Morgan Stanley","5NC2","Reset","Priced","7/8/2024","7/25/2024","wllmn_reset","BSL",
"False","False","Warwick Capital CLO 4","div&lt;div&gt;divAAA @ 140a DM
br&lt;br&gt;brrest of stack TBD/div&lt;/div&gt;/div","Sr AAA @ 140 DM (256mm)
Jr AAA @ 160 DM (6mm)
AA @ 175 DM
A @ 200 DM
Sr BBB @ 300 DM (24mm)
Jr BBB @ 435 DM (4mm)
BB @ 625 DM","JPMorgan","5NC2","New Issue","Priced","7/5/2024","7/22/2024","wwick4_newissue","BSL",
"False","False","Ivy Hill Middle Market Credit Fund VII","div&lt;div&gt;divAAA @ 160a DM
br&lt;br&gt;brAA @ 190a DM
br&lt;br&gt;brA @ 230a DM
br&lt;br&gt;brBBB @ 390a DM
br&lt;br&gt;brBB @ 735a DM/div&lt;/div&gt;/div","AAA @ 160 DM
AA @ 190 DM
A @ 235 DM
BBB @ 390 DM
BB @ 735 DM","Societe Generale","4NC2","Reset","Priced","7/5/2024","7/24/2024","ivyh7_reset","MM",
"False","True","37 Capital CLO 2","div&lt;div&gt;divAAA 127-128
br&lt;br&gt;brAA 170-175
br&lt;br&gt;brA 220-225
br&lt;br&gt;br340-350/div&lt;/div&gt;/div","AAA @ 129 DM
AA @ 170 DM
A @ 220 DM
BBB @ 340 DM
BB @ 675 DM","Citigroup","2NC0.5","Refinancing","Priced","7/3/2024","7/25/2024","37clo2_refi","BSL",
"False","False","Barings CLO 2024-IV","div&lt;div&gt;divSr AAA call desk
br&lt;br&gt;brJr AAA @ 150a DM
br&lt;br&gt;brAA @ 160-165 DM
br&lt;br&gt;brA @ 190a DM
br&lt;br&gt;brSr BBB @ 280-290 DM (30mm)
br&lt;br&gt;brJr BBB @ 425-435 DM (5mm)
br&lt;br&gt;brBB @ 550-575 DM/div&lt;/div&gt;/div","Sr AAA @ 135 DM (307.5mm)
Jr AAA @ 150 DM (17.5mm)
AA @ 165 DM (55mm)
A @ 190 DM (30mm)
Sr BBB @ 290 DM (30mm)
Jr BBB @ 445 DM (5mm)
BB @ 595 DM","Bank of America","5NC2","New Issue","Priced","7/2/2024","7/19/2024","babsn2024-4_newissue","BSL",
"False","True","Cedar Funding IX CLO",,"X @ 110 DM
AAA @ 142 DM
AA @ 185 DM
A @ 220 DM
Sr BBB @ 340 DM (21.25mm)
Jr BBB @ 515 DM (6.375mm)
BB @ S+7.53%
B @ S+8.43%","Citigroup","5NC2","Reset","Priced","7/1/2024","7/15/2024","cedf9_reset","BSL",
"False","False","OCP CLO 2024-34",,"Sr AAA @ 136 DM (416mm)
Jr AAA @ 150 DM (13mm)
AA @ 161 DM
A @ 188 DM
Sr BBB @ 290 DM (39mm)
Jr BBB @ 435 DM (6.5mm)
BB @ 570 DM","BNP Paribas","5NC2","New Issue","Priced","7/1/2024","7/2/2024","ocp34_newissue","BSL",
"False","False","Neuberger Berman Loan Advisers CLO 50","div&lt;div&gt;divAAA @ 125-127 DM
br&lt;br&gt;brAA @ 155-160 DM
br&lt;br&gt;brA @ 185-190 DM
br&lt;br&gt;brBBB @ 280-285 DM
br&lt;br&gt;brBB @ 550a DM/div&lt;/div&gt;/div","AAA @ 125 DM
AA @ 165 DM
A @ 190 DM
BBB @ 285 DM
BB @ 550 DM","Morgan Stanley","3NC1","Refinancing","Priced","6/28/2024","7/16/2024","neub50_refi","BSL",
"False","False","ZAIS CLO 15","div&lt;div&gt;divX @ 120 DM
br&lt;br&gt;brSr AAA @ 148 DM (182.9mm)
br&lt;br&gt;brJr AAA @ 168 DM (8.85mm)
br&lt;br&gt;brAA @ 185 DM
br&lt;br&gt;brA @ 225 DM
br&lt;br&gt;brSr BBB @ 335 DM (14.75mm)
br&lt;br&gt;brJr BBB @ 475 DM (4.425mm)
br&lt;br&gt;brBB @ 700 DM/div&lt;/div&gt;/div","X @ 125 DM
Sr AAA @ 149 DM (182.9mm)
Jr AAA @ 169 DM (8.85mm)
AA @ 185 DM
A @ 240 DM
Sr BBB @ 435 DM (14.75mm)
Jr BBB (fixed) @ 9.172%
BB @ S+7.85%","Jefferies","5NC2","Reset","Priced","6/28/2024","7/22/2024","zais15_reset","BSL",
"False","False","Birch Grove CLO 9",,"Sr AAA @ 140 DM (250mm)
Jr AAA @ 160 DM (9mm)
AA @ 170 DM
A @ 200 DM
Sr BBB @ 310 DM (24mm)
Jr BBB @ 440 DM (3mm)
BB @ 625 DM","GreensLedge","5NC2","New Issue","Priced","6/28/2024","7/18/2024","bgclo9_newissue","BSL",
"False","False","Generate CLO 17","div&lt;div&gt;divAAA: 140a
br&lt;br&gt;br/div&lt;/div&gt;/div","Sr AAA @ 140 DM (341mm)
Jr AAA @ 160 DM (16.5mm)
AA @ 170 DM
A @ 205 DM
Sr BBB @ 300 DM (33mm)
Jr BBB @ 425 DM (5.5mm)
BB @ 615 DM","Goldman Sachs","5NC2","New Issue","Priced","6/27/2024","7/24/2024","generate17_newissue","BSL",
"False","False","Magnetite XXII","div&lt;div&gt;divX @ 85a DM
br&lt;br&gt;brAAA @ 125a DM
br&lt;br&gt;brAA @ 150-155 DM
br&lt;br&gt;brA @ 180-185 DM
br&lt;br&gt;brSr BBB @ 270a DM (36mm)
br&lt;br&gt;brJr BBB (fixed) @ swaps+400a
br&lt;br&gt;brBB @ 525-550a DM
br&lt;br&gt;brB @ 775a DM/div&lt;/div&gt;/div","X @ 100 DM
AAA @ 125 DM
AA @ 160 DM
A @ 185 DM
Sr BBB @ 290 DM (36mm)
Jr BBB @ 415 DM (6mm)
BB @ 540 DM
B @ 800 DM
","Wells Fargo","3NC1","Reset","Priced","6/27/2024","7/23/2024","magne22_reset","BSL",
"False","False","CIFC Funding 2018-V","div&lt;div&gt;divAAA call desk
br&lt;br&gt;brAA call desk
br&lt;br&gt;brA @ 195-205 DM
br&lt;br&gt;brBBB @ 300-310 DM
br&lt;br&gt;brBB @ 620-640 DM/div&lt;/div&gt;/div","AAA @ 135 DM
AA @ 165 DM
A @ 205 DM
Sr BBB @ 310 DM (30mm)
Jr BBB @ 460 DM (3mm)
BB @ 660 DM","Morgan Stanley","5NC2","Reset","Priced","6/27/2024","7/12/2024","cifc2018-5_reset","BSL",
"False","False","Tralee CLO VI","div&lt;div&gt;divSr AAA @ 115 DM (212mm)
br&lt;br&gt;brJr AAA @ 135 DM (15.5mm)
br&lt;br&gt;brSr AA @ 170 DM (36.625mm)
br&lt;br&gt;brJr AA @ 190 DM (3.625mm)
br&lt;br&gt;brA @ 215 DM
br&lt;br&gt;brBBB @ 360 DM
br&lt;br&gt;brBB @ 715 DM/div&lt;/div&gt;/div","Sr AAA @ 122 DM (212mm)
Sr AA @ 193 DM (36.625mm)
Jr AA @ 210 DM (3.625mm)
BBB @ 410 DM
","Jefferies","0.25NC0.5","Refinancing","Priced","6/27/2024","7/22/2024","tral6_refi","BSL",
"False","False","Z Capital Credit Partners CLO 2021-1",,"Sr AAA @ 147 DM (150mm)
Jr AAA @ 180 DM (20mm)
AA @ 190 DM
A @ 275 DM","Santander","1NC1","Refinancing","Priced","6/27/2024","7/3/2024","zccp2021-1_refi","BSL",
"False","False","AMMC CLO 24","div&lt;div&gt;divAAA @ 130a DM/div&lt;/div&gt;/div","AAA @ 120 DM
AA @ 160 DM
A @ 190 DM
BBB @ 295 DM
BB @ 650 DM","Mitsubishi","2.5NC1","Refinancing","Priced","6/27/2024","11/13/2024","ammc24_refi","BSL",
"False","False","Voya CLO 2024-4","div&lt;div&gt;divSr. AAA: 135
br&lt;br&gt;brJr AAA: 150
br&lt;br&gt;brAA: 160
br&lt;br&gt;brA: 190
br&lt;br&gt;brBBB: 290/div&lt;/div&gt;/div","Sr AAA @ 135 DM (320mm)
Jr AAA @ 155 DM (20mm)
AA @ 165 DM
A @ 190 DM
Sr BBB @ 290 DM (30mm)
Jr BBB @ 445 DM (5mm)
BB @ 600 DM","Bank of America","5NC2","New Issue","Priced","6/26/2024","7/12/2024","voya2024-4_newissue","BSL",
"False","False","OHA Credit Funding 13","div&lt;div&gt;divAAA: 134
br&lt;br&gt;brAA: 160
br&lt;br&gt;brA: 185-190
br&lt;br&gt;brBBB: 275-280
br&lt;br&gt;brJr BBB: 410a
br&lt;br&gt;br/div&lt;/div&gt;/div","AAA @ 135 DM
AA @ 160 DM
AA (fixed) @ 5.389%
A @ 190 DM
Sr BBB @ 280 DM (30mm)
Jr BBB @ 410 DM (5mm)
BB @ 540 DM","BNP Paribas","5NC2","Reset","Priced","6/26/2024","7/12/2024","oakc202213_reset","BSL",
"False","False","AIMCO CLO 17",,"X @ 115 DM
Sr AAA @ 135 DM (256mm)
Jr AAA @ 150 DM (8mm)
AA @ 160 DM
AA (fixed) @ 5.52%
A @ 190 DM
Sr BBB @ 290 DM (24mm)
Jr BBB @ 410 DM (4mm)
BB @ 550 DM","Bank of America","5NC2","Reset","Priced","6/25/2024","7/9/2024","aimco17_reset","BSL",
"False","False","Annisa CLO",,"AAA @ 108 DM
AA @ 150 DM
A @ 185 DM
BBB @ 280 DM
BB @ 700 DM","Barclays","0NC0.5","Refinancing","Priced","6/25/2024","7/12/2024","annsa_refi","BSL",
"False","False","MidOcean Credit CLO VI",,"AAA @ 123 DM
AA @ 170 DM
A @ 220 DM","Natixis","0NC0.5","Refinancing","Priced","6/25/2024","7/15/2024","mido6_refi","BSL",
"False","False","Octagon Investment Partners 42",,"X @ 125 DM
Sr AAA @ 136 DM (320mm)
Jr AAA @ 156 DM (5mm)
AA @ 180 DM
A @ 210 DM
Sr BBB @ 320 DM (27mm)
Jr BBB (fixed) @ 8.075%
BB @ 770 DM","Nomura","5NC2","Reset","Priced","6/25/2024","7/17/2024","oct42_reset","BSL",
"False","False","Dryden 108 CLO",,"X @ 115 DM
Sr AAA @ 136 DM (320.25mm)
Jr AAA @ 151 DM (7mm)
AA @ 180 DM
A @ 215 DM
Sr BBB @ 310 DM (25mm)
Jr BBB @ 485 DM (7.5mm)
BB @ 770 DM","Nomura","5NC2","Reset","Priced","6/25/2024","7/17/2024","drslf108_reset","BSL",
"False","False","Bain Capital Credit CLO 2019-2",,"AAA @ 113 DM
AA @ 155 DM
A @ 210 DM
BBB @ 320 DM","RBC","0.2NC0.5","Refinancing","Priced","6/25/2024","7/2/2024","bcc2019-2_refi","BSL",
"False","False","GoldenTree Loan Management US CLO 14",,"X @ 90 DM
AAA @ 135 DM
AA @ 165 DM
AA (fixed) @ 5.523%
A @ 190 DM
BBB @ 300 DM
BB @ 590 DM
B @ 875 DM (S+840 w/ OID)
","Morgan Stanley","5NC2","Reset","Priced","6/24/2024","7/8/2024","glm14_reset","BSL",
"False","False","Neuberger Berman Loan Advisers CLO 49","XR @ 80 DM
AR (AAA) @ 113 DM
BR (AA) @ 145-155 DM
CR (A) @ 170-175 DM
D1R (Sr BBB) @ 260-270 DM (38.4mm)
D2R (Jr BBB) @ 375 DM (6.4mm)
ER (BB) @ 475-500 DM","AAA @ 115 DM
AA @ 155 DM
A @ 185 DM
BBB @ 280 DM
BB @ 550 DM","Citigroup","1NC0.5","Refinancing","Priced","6/24/2024","7/3/2024","neub49_reset","BSL",
"False","False","Pikes Peak CLO 11",,"X @ 100 DM
AAA @ 140 DM
AA @ 180 DM
A @ 210 DM
Sr BBB @ 315 DM (22mm)
Jr BBB @ 485 DM (6mm)
BB @ 675 DM","Citigroup","5NC2","Reset","Priced","6/24/2024","7/11/2024","pipk11_reset","BSL",
"False","False","Signal Peak CLO 12",,"X @ 130 DM
Sr AAA @ 140 DM (248mm)
Jr AAA @ 160 DM (8mm)
AA @ 180 DM
A @ 215 DM
Sr BBB @ 305 DM (24mm)
Jr BBB @ 425 DM (3mm)
BB @ 570 DM","Nomura","5NC2","Reset","Priced","6/24/2024","7/15/2024","speak12_reset","BSL",
"False","False","Maranon Loan Funding 2024-1",,"Sr AAA @ 170 DM (290mm)
Jr AAA @ 195 DM (50mm)
AA @ 195 DM
A @ 275 DM
BBB @ 450 DM
BB @ 800 DM","Natixis","4NC2","New Issue","Priced","6/24/2024","7/3/2024","mrnon2024-1_newissue","MM",
"False","False","WOODS 2018-11BA","Sr AAA - AA are Preplaced.
A:  220-230
BBB: 335-345",,"CIBC","5NC2","Reset","Announced","6/22/2024",,"woods2018-11ba_reset","BSL",
"False","False","Ares LXXII CLO",,"Sr AAA @ 138 DM (430.5mm)
Jr AAA @ 158 DM (24.5mm)
AA @ 170 DM
A @ 200 DM
BBB @ 305 DM
BB @ 600 DM","JPMorgan","5NC2","New Issue","Priced","6/21/2024","6/21/2024","ares72_newissue","BSL",
"False","False","Park Blue 2022-II","div&lt;div&gt;divX @ 100a
br&lt;br&gt;brAAA @ 140a DM
br&lt;br&gt;brAA @ 175-180 DM
br&lt;br&gt;brA @ 210-215 DM
br&lt;br&gt;brBBB @ 310-315 DM
br&lt;br&gt;brBB @ 620-640 DM/div&lt;/div&gt;/div","X @ 122 DM
Sr AAA @ 142 DM (248mm)
Jr AAA @ 162 DM (8mm)
AA @ 180 DM
A @ 215 DM
BBB @ 315 DM
BB @ 675 DM","JPMorgan","5NC2","Reset","Priced","6/21/2024","7/12/2024","pkblu2022-2_reset","BSL",
"False","False","OCP CLO 2019-17",,"AAA @ 140 DM
AA @ 175 DM
A @ 200 DM
Sr BBB @ 310 DM (30mm)
Jr BBB (fixed) @ 8.2% (5mm)
BB @ 625 DM","Mizuho","5NC2","Reset","Priced","6/20/2024","6/18/2024","ocp17_reset","BSL",
"False","False","Carlyle US CLO 2022-4","div&lt;div&gt;divSr AAA call desk
br&lt;br&gt;brJr AAA @ 155-160 DM
br&lt;br&gt;brAA @ 170-175 DM
br&lt;br&gt;brA @ 205-215 DM
br&lt;br&gt;brSr BBB @ 300-310 DM (33mm)
br&lt;br&gt;brJr BBB @ 410-415 DM (2.75mm)
br&lt;br&gt;brBB @ 625-650 DM/div&lt;/div&gt;/div","Sr AAA @ 137 DM (375.1mm)
Jr AAA @ 157 DM (18.15mm)
AA @ 175 DM
A @ 215 DM
Sr BBB @ 310 DM (30.25mm)
Jr BBB (fixed) @ 8.46%
BB @ 675 DM","Goldman Sachs","5NC2","Reset","Priced","6/20/2024","7/12/2024","cgms2022-4_reset","BSL",
"False","False","Elmwood CLO 17","div&lt;div&gt;divSr AAA @ 138 DM (subject) (320mm)
br&lt;br&gt;brJr AAA @ 150-155 DM
br&lt;br&gt;brAA @ 170 DM (call desk)
br&lt;br&gt;brA @ 195-205 DM
br&lt;br&gt;brSr BBB @ 300-310 DM
br&lt;br&gt;brJr BBB @ 425-435 DM
br&lt;br&gt;brBB @ 565-590 DM/div&lt;/div&gt;/div","Sr AAA @ 138 DM (320mm)
Jr AAA @ 160 DM (10mm)
AA @ 170 DM
A @ 205 DM
Sr BBB @ 305 DM (30mm)
Jr BBB @ 440 DM (5mm)
BB @ 570 DM (12.5mm)","BNP Paribas","5NC2","Reset","Priced","6/20/2024","7/1/2024","elmw17_reset","BSL",
"False","False","BlueMountain CLO XXIII","div&lt;div&gt;divX @ 100a
br&lt;br&gt;brSr AAA call desk
br&lt;br&gt;brJr AAA @ 165a DM
br&lt;br&gt;brAA @ 180-185 DM
br&lt;br&gt;brAA (fixed) @ +170-175 bps
br&lt;br&gt;brA @ 225-230 DM
br&lt;br&gt;brBBB @ 340-350 DM
br&lt;br&gt;brBB @ 700-725 DM/div&lt;/div&gt;/div","X @ 105 DM
Sr AAA @ 145 DM (299.25mm)
Jr AAA @ 165 DM (9.5mm)
AA @ 185 DM
AA (fixed) @ 5.603%
A @ 230 DM
Sr BBB @ 385 DM (22.5mm)
Jr BBB @ 575 DM (9.5mm)
BB @ S+7.98%","Citigroup","5NC2","Reset","Priced","6/20/2024","7/12/2024","bluem23_reset","BSL",
"False","False","Elmwood CLO 31","div&lt;div&gt;divSr AAA @ 135a DM/div&lt;/div&gt;/div","Sr AAA @ 135 DM (256mm)
Jr AAA @ 150 DM (8mm)
AA @ 165 DM
A @ 195 DM
Sr BBB @ 280 DM (24mm)
Jr BBB @ 420 DM (4mm)
Sr BB @ 540 DM (12mm)
Jr BB @ 700 DM (1.6mm)","RBC","5NC2","New Issue","Priced","6/20/2024","7/12/2024","elmw31_newissue","BSL",
"False","False","Eaton Vance CLO 2020-1","div&lt;div&gt;divAAA circled
br&lt;br&gt;brAA @ 175a DM
br&lt;br&gt;brA @ 200-205 DM
br&lt;br&gt;brSr BBB @ 305-310 DM (26.7mm)
br&lt;br&gt;brJr BBB @ 430a DM (4.45mm)
br&lt;br&gt;brBB call desk/div&lt;/div&gt;/div","AAA @ 139 DM
AA @ 175 DM
A @ 200 DM
Sr BBB @ 310 DM (26.7mm)
Jr BBB @ 450 DM (4.45mm)
BB @ 625 DM","Wells Fargo","5NC2","Reset","Priced","6/20/2024","7/23/2024","msev2020-1_reset","BSL",
"False","False","Symphony CLO 41",,"Sr AAA @ 135 DM (256mm)
Jr AAA @ 145 DM (12mm)
AA @ 165 DM
A @ 190 DM
Sr BBB @ 295 DM (24mm)
Jr BBB @ 410 DM (4mm)
BB @ 580 DM","Bank of America","5NC2","New Issue","Priced","6/20/2024","7/8/2024","symp41_newissue","BSL",
"False","False","AGL CLO 33",,"Sr AAA @ 135 DM (256mm)
Jr AAA @ 150 DM (8mm)
AA @ 160 DM
A @ 190 DM
Sr BBB @ 280 DM (24mm)
Jr BBB @ 410 DM (4mm)
BB @ 550 DM
B @ 800 DM","Societe Generale","5NC2","New Issue","Priced","6/20/2024","7/5/2024","agl33_newissue","BSL",
"False","False","Northwoods Capital CLO XI-B",,"X @ 120 DM
Sr AAA @ 145 DM (276mm)
Jr AAA @ 166 DM (13.8mm)
AA @ 190 DM
A @ 250 DM
Sr BBB @ 375 DM (23mm)
Jr BBB (fixed) @ 9.0% (6.9mm)
BB @ S+7.35%","CIBC","5NC2","Reset","Priced","6/20/2024","7/3/2024","woods11_reset","BSL",
"False","False","CarVal CLO VII-C",,"Sr AAA @ 144 DM (310mm)
Jr AAA @ 164 DM (15mm)
AA @ 180 DM
A @ 215 DM
Sr BBB @ 315 DM (30mm)
Jr BBB @ 4485 DM (5mm)
BB @ 635 DM","Bank of America","5NC2","Reset","Priced","6/20/2024","7/2/2024","carvl7_reset","BSL",
"False","False","Barings CLO 2022-II",,"Sr AAA @ 137 DM (256mm)
Jr AAA @ 155 DM (8mm)
AA @ 170 DM
A @ 210 DM
Sr BBB @ 310 DM (20mm)
Jr BBB @ 500 DM (6mm)
BB @ 690 DM","Barclays","5NC2","Reset","Priced","6/20/2024","7/2/2024","babsn2022-2_reset","BSL",
"False","False","Golub Capital Partners CLO 47(M)-R","div&lt;div&gt;divSr AAA:162
br&lt;br&gt;brJr. AAA: 180
br&lt;br&gt;brAA: 190
br&lt;br&gt;brA: 240
br&lt;br&gt;brBBB: 405/div&lt;/div&gt;/div","Sr AAA @ 162 DM (350.9mm)
Jr AAA @ 180 DM (24.2mm)
AA @ 190 DM
A @ 240 DM
BBB @ 405 DM","CIBC","5NC2","Reset","Priced","6/20/2024","6/28/2024","gocap47mr_reset","MM",
"False","False","Regatta XIII Funding",,"Sr AAA @ 110 DM (290mm)
Jr AAA @ 150 DM (60.25mm)
AA @ 180 DM
A @ 270 DM","Citigroup","0NC0.5","Refinancing","Priced","6/20/2024","6/28/2024","reg13_refi","BSL",
"False","False","KKR CLO 56","div&lt;div&gt;divAAA @ 138-140 DM/div&lt;/div&gt;/div","Sr AAA @ 140 DM (310mm)
Jr AAA @ 160 DM (17.5mm)
AA @ 175 DM 
A @ 205 DM
Sr BBB @ 315 DM (30mm)
Jr BBB @ 420 DM (5mm)
BB @ 650 DM
B retained","Wells Fargo","5NC2","New Issue","Priced","6/20/2024","7/30/2024","kkr56_newissue","BSL",
"False","False","Benefit Street Partners CLO XXVI","div&lt;div&gt;divAAA @ 136-138 DM
br&lt;br&gt;brAA @ 165-170 DM
br&lt;br&gt;brA @ 195-200 DM
br&lt;br&gt;brSr BBB @ 295-300 DM (24mm)
br&lt;br&gt;brJr BBB @ 430-440 DM (4mm)
br&lt;br&gt;brBB @ 600-625 DM/div&lt;/div&gt;/div","X @ 110 DM
AAA @ 138 DM
AA @ 170 DM
A @ 200 DM
Sr BBB @ 300 DM (24mm)
Jr BBB @ 440 DM (4mm)
BB @ 600 DM","Scotia","5NC2","Reset","Priced","6/18/2024","7/3/2024","bsp26_reset","BSL",
"False","False","Sixth Street CLO IX","div&lt;div&gt;divX subject
br&lt;br&gt;brAAA @ 137-138 DM
br&lt;br&gt;brAA @ 160a DM
br&lt;br&gt;brA @ 200a DM
br&lt;br&gt;brSr BBB @ 300a DM (24mm)
br&lt;br&gt;brJr BBB @ 420a DM (3mm)
br&lt;br&gt;brBB @ 610a DM/div&lt;/div&gt;/div","X @ 95 DM
AAA @ 138 DM
AA @ 165 DM
A @ 210 DM
Sr BBB @ 310 DM (24mm)
Jr BBB @ 460 DM (3mm)
BB @ 625 DM","JPMorgan","5NC2","Reset","Priced","6/18/2024","7/2/2024","sixst9_reset","BSL",
"False","False","Venture 34 CLO","div&lt;div&gt;divAAA @ 120a DM/div&lt;/div&gt;/div","AAA @ 128 DM
AA @ 185 DM","JPMorgan","0NC0.5","Refinancing","Priced","6/18/2024","6/28/2024","ventr34_refi","BSL",
"False","False","Owl Rock CLO XVII",,"Sr AAA @ 168 DM (275mm)
Jr AAA @ 185 DM (25mm)
AA @ 195 DM","Natixis","4NC2","New Issue","Priced","6/17/2024","6/13/2024","or17_newissue","MM",
"False","False","Antares CLO 2024-3",,"AAA @ 165 DM
AA @ 190 DM
A @ 240 DM","Societe Generale","4NC2","New Issue","Priced","6/17/2024","6/13/2024","antr2024-3_newissue","MM",
"False","False","Juniper Valley Park CLO","div&lt;div&gt;divAAA @ 125-127 DM/div&lt;/div&gt;/div","AAA @ 125 DM
AA @ 155 DM
A @ 185 DM
BBB @ 285 DM
BB @ 550 DM","BNP Paribas","3NC1","Reset","Priced","6/17/2024","6/28/2024","jnppk_reset","BSL",
"False","False","PennantPark CLO I","div&lt;div&gt;divSr AAA call desk (188.5mm)
br&lt;br&gt;brJr AAA @ 190 DM (9.75mm)
br&lt;br&gt;brAA @ 205 DM (22.75mm)
br&lt;br&gt;brA @ 275 DM (26mm)
br&lt;br&gt;brBBB retained/div&lt;/div&gt;/div","Sr AAA @ 175 DM (203mm)
Jr AAA @ 190 DM (10.5mm)
AA @ 205 DM
A @ 275 DM
BBB retained","GreensLedge","4NC2","Reset","Priced","6/17/2024","7/3/2024","pntpk2019-1_reset","MM",
"False","False","Golub Capital Partners CLO 73(M)","div&lt;div&gt;divSr AAA @ 162 DM (290mm)
br&lt;br&gt;brJr AAA @ 180 DM (10mm)
br&lt;br&gt;brAA @ 190 DM
br&lt;br&gt;brA @ 240 DM
br&lt;br&gt;brBBB @ 410 DM/div&lt;/div&gt;/div",,"RBC","4NC2","New Issue","Priced","6/14/2024","6/13/2024","gocap73_newissue","MM",
"False","False","KKR CLO 30",,"X @ 100 DM
Sr AAA @ 148 DM (288mm)
Jr AAA @ 165 DM (9mm)
AA @ 185 DM
A @ 220 DM
Sr BBB @ 320 DM (24.75mm)
Jr BBB @ 8.31%
BB @ 695 DM","Morgan Stanley","5NC2","Reset","Priced","6/14/2024","6/14/2024","kkr30_reset","BSL",
"False","False","Madison Park Funding LV",,"Sr AAA @ 136 DM (384mm)
Jr AAA @ 151 DM (12mm)
AA @ 170 DM
A @ 210 DM
Sr BBB @ 315 DM (36mm)
Jr BBB @ 440 DM (6mm)
BB @ 600 DM
B @ 800 DM","Nomura","5NC2","Reset","Priced","6/14/2024","7/9/2024","mdpk55_reset","BSL",
"False","False","Sculptor CLO XXXIII","div&lt;div&gt;divSr AAA @ 145 DM (251mm)
br&lt;br&gt;brJr AAA @ 160-165 DM (16.2mm)
br&lt;br&gt;brAA @ 175-180 DM
br&lt;br&gt;brA @ 205-215 DM
br&lt;br&gt;brBBB @ 300-315 DM
br&lt;br&gt;brBB call desk
br&lt;br&gt;br/div&lt;/div&gt;/div","Sr AAA @ 145 DM (251.1mm)
Jr AAA @ 165 DM (16.2mm)
AA @ 180 DM
A @ 220 DM
Sr BBB @ 340 DM (18.25mm)
Sr BBB (fixed) @ 7.47% (2mm)
Jr BBB (fixed) @ 8.468% (4.05mm)
BB @ S+6.65%","JPMorgan","5NC2","New Issue","Priced","6/14/2024","7/1/2024","scul33_newissue","BSL",
"False","False","OFSI BSL XIV CLO","div&lt;div&gt;divAAA @ 146 DM
br&lt;br&gt;brAA @ 180-190 DM
br&lt;br&gt;brA @ 220-230 DM
br&lt;br&gt;brBBB @ 340-350 DM
br&lt;br&gt;brBB @ 650-675 DM/div&lt;/div&gt;/div","AAA @ 146 DM
AA @ 185 DM
A @ 255 DM
Sr BBB @ 385 DM (16.875mm)
Jr BBB @ 515 DM (5.625mm)
BB @ S+7.74%","Citigroup","5NC2","New Issue","Priced","6/14/2024","7/18/2024","ofsi14_newissue","BSL",
"False","False","Jefferies Credit Partners Direct Lending CLO 2024-1","div&lt;div&gt;divAAA @ 168-170 DM/div&lt;/div&gt;/div","Sr AAA @ 168 DM (226mm)
Jr AAA @ 190 DM (14mm)
AA @ 215 DM
A @ 270 DM
BBB @ 450 DM
BB @ 825 DM","Jefferies","4NC2","New Issue","Priced","6/13/2024","7/23/2024","jcpdl2024-1_newissue","MM",
"False","False","TCW CLO 2024-2","div&lt;div&gt;divX @ 115 DM
br&lt;br&gt;brSr AAA @ 140 DM
br&lt;br&gt;brJr AAA @ 160 DM/div&lt;/div&gt;/div","X @ 120 DM
Sr AAA @ 142 DM (248mm)
Jr AAA @ 160 DM (8mm)
AA @ 180 DM
A @ 215 DM
Sr BBB @ 330 DM (24mm)
Jr BBB (fixed) @ 9.10% (4mm)
BB @ S+7.25%","Jefferies","5NC2","New Issue","Priced","6/13/2024","7/15/2024","tcw2024-2_newissue","BSL",
"False","False","BlackRock Shasta CLO XIV","div&lt;div&gt;divSr AAA @ 168-170 DM (232mm)
br&lt;br&gt;brJr AAA @ 185a DM (16mm)
br&lt;br&gt;brAA @ 195a
br&lt;br&gt;brA @ 250a/div&lt;/div&gt;/div","Sr AAA @ 167 DM (232mm)
Jr AAA @ 185 DM (16mm)
AA @ 195 DM
A @ 250 DM
BBB retained
BB retained","Capital One","4NC2","New Issue","Priced","6/13/2024","7/17/2024","blkmm14_newissue","MM",
"False","False","Lake Shore MM CLO II","div&lt;div&gt;divAAA @ 140a DM
br&lt;br&gt;brAA @ 170a DM
br&lt;br&gt;brA @ 250a DM
br&lt;br&gt;brBB @ 775a DM/div&lt;/div&gt;/div","Sr AAA @ 140 DM
AA @ 170 DM
A @ 260 DM
BB @ 865 DM","Scotia","0NC0.5","Refinancing","Priced","6/13/2024","6/28/2024","lshr2_refi","MM",
"False","False","TICP CLO IX","div&lt;div&gt;divAAA @ 137-138 DM/div&lt;/div&gt;/div","X @ 95 DM
AAA @ 138 DM
AA @ 165 DM
A @ 210 DM
Sr BBB @ 310 DM
Jr BBB @ 460 DM
BB @ S+625
","JPMorgan","5NC2","Reset","Priced","6/13/2024","7/2/2024","ticp9_reset","BSL",
"False","False","New Mountain Guardian IV Rated Feeder III",,"AA @ 275 DM
A @ 400 DM
BBB @ 600 DM
BB @ 840 DM","Wells Fargo","4NC3","New Issue","Priced","6/13/2024","3/28/2024","nmrf3_newissue","MM Rated Feeder",
"False","False","Monroe Capital MML CLO XVI",,"AAA @ 170 DM
AA @ 210 DM
A @ 270 DM
BBB @ 440 DM
BB @ 835 DM","BNP Paribas","4NC2","Re-Issue","Priced","6/12/2024","6/12/2024","mcmml16_reissue","MM",
"False","False","Allegro CLO XII","div&lt;div&gt;divAAA @ L140s DM/div&lt;/div&gt;/div","Sr AAA @ 144 DM (256mm)
Jr AAA @ 160 DM (12mm)
AA @ 185 DM
A @ 225 DM
Sr BBB @ 350 DM (24mm)
Jr BBB @ 525 DM (4mm)
Sr BB @ 740 DM (12mm)
Jr BB retained","BNP Paribas","5NC2","Reset","Priced","6/12/2024","7/12/2024","alleg12_reset","BSL",
"False","False","Wind River 2018-2","div&lt;div&gt;divSr AAA @ 110a DM (240.8mm)
br&lt;br&gt;brJr AAA @ 130a DM (36mm)
br&lt;br&gt;brAA @ 155-165 DM
br&lt;br&gt;brA @ 195-200 DM
br&lt;br&gt;brBBB @ 290-300 DM/div&lt;/div&gt;/div","Sr AAA @ 120 DM (203mm)
Jr AAA @ 130 DM (36mm)
AA @ 160 DM
A @ 223 DM
BBB @ 310 DM","Wells Fargo","0NC0.5","Refinancing","Priced","6/12/2024","7/8/2024","windr2018-2_reset","BSL",
"False","False","Generate CLO 4","div&lt;div&gt;divX @ 100a
br&lt;br&gt;brAAA @ 141-143 DM
br&lt;br&gt;brAA @ 170-175 DM
br&lt;br&gt;brA @ 210-215 DM
br&lt;br&gt;brSr BBB @ 310a
br&lt;br&gt;brJr BBB tbd
br&lt;br&gt;brBB @ S+600-625 bps/div&lt;/div&gt;/div","X @ 100 DM
AAA @ 143 DM
AA @ 175 DM
A @ 220 DM
Sr BBB @ 325 DM (20mm)
Jr BBB @ 480 DM (8mm)
BB @ 690 DM","Goldman Sachs","5NC2","Reset","Priced","6/12/2024","7/2/2024","gnrt4_reset","BSL",
"False","False","Battalion CLO 17","div&lt;div&gt;divSr AAA @ 130 DM (244mm)
br&lt;br&gt;brJr AAA @ 155 DM (14mm)
br&lt;br&gt;brAA @ 170-175 DM
br&lt;br&gt;brA @ 215-220 DM
br&lt;br&gt;brBBB @ 335a DM/div&lt;/div&gt;/div","Sr AAA @ 130 DM (244mm)
Jr AAA @ 160 DM (14mm)
AA @ 176 DM
A @ 225 DM","RBC","2NC1","Refinancing","Priced","6/12/2024","6/21/2024","batln17_refi","BSL",
"False","False","Octagon 52","div&lt;div&gt;divX @ 115a DM
br&lt;br&gt;brSr AAA preplaced 
br&lt;br&gt;brJr AAA @ 155a DM
br&lt;br&gt;brAA @ 175-180 DM
br&lt;br&gt;brA @ 210-220 DM
br&lt;br&gt;brSr BBB @ 315-325 DM (30mm)
br&lt;br&gt;brJr BBB @ 435-450 DM (3.75mm)
br&lt;br&gt;brSr BB @ 675-700 DM (16.25mm)
br&lt;br&gt;brJr BB @ LM800s DM ($97) (2mm)
br&lt;br&gt;br/div&lt;/div&gt;/div","X @ 125 DM
Sr AAA @ 140 DM (320mm)
Jr AAA @ 160 DM
AA @ 180 DM
A @ 225 DM
Sr BBB @ 315 DM (27.5mm)
Jr BBB @ 475 DM (6.25mm)
BB @ 750 DM","Bank of America","5NC2","Reset","Priced","6/12/2024","6/26/2024","oct51_reset","BSL",
"False","False","MidOcean Credit CLO X","div&lt;div&gt;divSr AAA call desk
br&lt;br&gt;brJr AAA @ 150-160 DM
br&lt;br&gt;brAA @ 165-175 DM
br&lt;br&gt;brA @ 210-220 DM/div&lt;/div&gt;/div","Sr AAA @ 131 DM (240mm)
Jr AAA @ 160 DM (15mm)
AA @ 195 DM
A @ 220 DM
BBB @ 345 DM
BB @ 450 DM","Morgan Stanley","2NC1","Refinancing","Priced","6/12/2024","6/21/2024","mido10_refi","BSL",
"False","False","Palmer Square CLO 2022-2","div&lt;div&gt;divAAA @ 135a DM
br&lt;br&gt;brAA @ 165a DM
br&lt;br&gt;brA @ 190a DM
br&lt;br&gt;brSr BBB @ 285a DM (29.95mm)
br&lt;br&gt;brJr BBB @ 400a DM (5mm)
br&lt;br&gt;brBB @ 550a DM/div&lt;/div&gt;/div","AAA @ 137 DM
AA @ 165 DM
A @ 195 DM
Sr BBB @ 300 DM (29.95mm)
Jr BBB @ 420 DM (5mm)
BB @ 575 DM","Wells Fargo","5NC2","Reset","Priced","6/12/2024","7/2/2024","plmrs2022-2_reset","BSL",
"False","False","RR 29 (fka RRX 3)","div&lt;div&gt;divAAA @ 139 DM
br&lt;br&gt;brAA @ 170 DM
br&lt;br&gt;brA @ 200 DM
br&lt;br&gt;brBBB @ 300 DM
br&lt;br&gt;brBB @ 585 DM/div&lt;/div&gt;/div","AAA @ 139 DM
AA @ 170 DM
A @ 200 DM
Sr BBB @ 285 DM (20mm)
Jr BBB @ 375 DM (4mm)
BB @ 585 DM","Citigroup","5NC2","Reset","Priced","6/12/2024","6/20/2024","rr29_reset","BSL",
"False","False","LCM 31","div&lt;div&gt;divAAA @ 130 DM/div&lt;/div&gt;/div","X @ 110 DM
AAA @ 128 DM
AA @ 175 DM
A @ 240 DM
BBB @ 375 DM
BB @ 725 DM
B @ S+7.98%","Deutsche Bank","3NC1","Reset","Priced","6/12/2024","7/1/2024","lcm31_reset","BSL",
"False","False","Trimaran CAVU 2021-1","div&lt;div&gt;divX @ 100a DM
br&lt;br&gt;brAAA @ 142a DM
br&lt;br&gt;brAA @ 175a DM
br&lt;br&gt;brA @ 210a DM
br&lt;br&gt;brSr BBB @ 315a DM (27mm)
br&lt;br&gt;brJr BBB @ 450a DM (3.4mm)
br&lt;br&gt;brBB @ 625a DM/div&lt;/div&gt;/div","X @ 100 DM
AAA @ 142 DM
AA @ 180 DM
A @ 210 DM
Sr BBB @ 340 DM (27mm)
Jr BBB @ 475 DM (3.375mm)
BB @ 700 DM","Citigroup","5NC2","Reset","Priced","6/11/2024","7/1/2024","cavu2021-1_reset","BSL",
"False","False","Carlyle Global Market Strategies CLO 2015-5","A1-R4 (AAA) @ 88a DM
A2R4 (AA) @ 115a DM
BR4 (A) @ 135a DM
CR4 (BBB) @ 245a DM","Sr AAA @ 110 DM (293.96mm)
Jr AAA @ 165 DM (64.7mm)
A @ 200 DM","Citigroup","0NC0.5","Refinancing","Priced","6/11/2024","6/18/2024","car2015-5_refi2025","BSL",
"False","False","Battery Park CLO","div&lt;div&gt;divX @ 90a DM
br&lt;br&gt;brSr AAA @ 140a DM (212mm)
br&lt;br&gt;brJr AAA @ 160a DM (13.7mm)
br&lt;br&gt;brAA @ 175-180 DM
br&lt;br&gt;brA @ 200-210 DM
br&lt;br&gt;brBBB @ 325-335 DM
br&lt;br&gt;brBB @ 675-700 DM/div&lt;/div&gt;/div","X @ 95 DM
Sr AAA @ 140 DM (212.15mm)
Jr AAA @ 160 DM (13.7mm)
AA @ 180 DM
A @ 235 DM
Sr BBB @ 375 DM (17.1mm)
Jr BBB (fixed) @ 8.529% (6.8mm)
Sr BB @ 725 DM (6.95mm)
Jr BB @ 850 DM (3.45mm)","Wells Fargo","3NC1","Reset","Priced","6/11/2024","7/8/2024","batpk2019-1_reset","BSL",
"False","False","Apidos CLO XII","div&lt;div&gt;divAAA @ 108 DM
br&lt;br&gt;brAA @ 140-145 DM
br&lt;br&gt;brA @ 175-180 DM
br&lt;br&gt;brBBB @ 275 DM
br&lt;br&gt;brBB @ 555 DM/div&lt;/div&gt;/div","AAA @ 108 DM
AA @ 145 DM
A @ 180 DM
BBB @ 280 DM","Barclays","0NC0.5","Refinancing","Priced","6/11/2024","6/24/2024","apid12_refi","BSL",
"False","False","Neuberger Berman Loan Advisers CLO 27","div&lt;div&gt;divSr AAA call desk
br&lt;br&gt;brJr AAA @ 155a DM
br&lt;br&gt;brAA @ 170a DM
br&lt;br&gt;brA @ 200-210 DM
br&lt;br&gt;brSr BBB @ 300-310 DM (24mm)
br&lt;br&gt;brJr BBB @ 425-435 DM (3mm)
br&lt;br&gt;brBB @ 625-635 DM/div&lt;/div&gt;/div","Sr AAA @ 138 DM (248mm)
Jr AAA @ 155 DM (12mm)
AA @ 175 DM
A @ 210 DM
Sr BBB @ 310 DM (24mm)
Jr BBB @ 450 DM (3mm)
BB @ 675 DM","Bank of America","5NC2","Reset","Priced","6/11/2024","6/27/2024","neub27_reset","BSL",
"False","False","CIFC Funding 2014-V","div&lt;div&gt;divSr AAA @ 138a DM (288mm)
br&lt;br&gt;brJr AAA @ 155a DM (11.25mm)
br&lt;br&gt;brAA @ 175a DM
br&lt;br&gt;brA @ 210-215 DM
br&lt;br&gt;brSr BBB @ 315-325 DM (27mm)
br&lt;br&gt;brJr BBB @ 450-465 DM (4.5mm)
br&lt;br&gt;brBB @ 660-675 DM/div&lt;/div&gt;/div","Sr AAA @ 138 DM (288mm)
Jr AAA @ 158 DM (11.25mm)
AA @ 175 DM
A @ 215 DM
Sr BBB @ 325 DM (27mm)
Jr BBB @ 490 DM (4.5mm)
BB @ 750 DM","BNP Paribas","5NC2","Reset","Priced","6/11/2024","6/28/2024","cifc2014-5_reset","BSL",
"False","False","Golub Capital Partners CLO 75(B)","div&lt;div&gt;divSr AAA call desk
br&lt;br&gt;brJr AAA +20bps to Sr AAA
br&lt;br&gt;brAA @ 170-175 DM
br&lt;br&gt;brA @ 200-205 DM
br&lt;br&gt;brSr BBB @ 295-305 DM (24mm)
br&lt;br&gt;brJr BBB @ 430-440 DM (4mm)
br&lt;br&gt;brBB @ 600a DM/div&lt;/div&gt;/div","Sr AAA @ 140 DM (256mm)
Jr AAA @ 160 DM (4mm)
AA @ 170 DM
A @ 195 DM
Sr BBB @ 295 DM (24mm)
Jr BBB @ 430 DM (4mm)
BB @ 590 DM","JPMorgan","5NC2","New Issue","Priced","6/11/2024","6/21/2024","gcbsl75_newissue","BSL",
"False","False","Canyon CLO 2019-1","div&lt;div&gt;divAAA @ 141-143 DM/div&lt;/div&gt;/div","AAA @ 143 DM
AA @ 180 DM
A @ 220 DM
Sr BBB @ 365 DM (20mm)
Jr BBB @ 515 DM (8mm)
BB retained","Goldman Sachs","5NC2","Reset","Priced","6/10/2024","7/8/2024","canyc2019-1_reset","BSL",
"False","False","Strata CLO II","AR2 (AAA) @ 105 DM
BR2 (AA) @ 165 DM
CR2 (A) @ 180 DM
DR2 (BBB) @ 315-340 DM","AAA @ 138 DM
AA @ 200 DM
A @ 290 DM
BBB @ 441 DM","Bank of America","1.25NC0.75","Refinancing","Priced","6/10/2024","6/28/2024","strat2_refi2025","BSL",
"False","False","Parallel 2024-1","div&lt;div&gt;divX @ 120 DM
br&lt;br&gt;brAAA @ 145 DM
br&lt;br&gt;brAA @ 185-190 DM
br&lt;br&gt;brAA (fixed) @ +185-190
br&lt;br&gt;brA @ 235-240 DM
br&lt;br&gt;brSr BBB @ 340-350 DM
br&lt;br&gt;brJr BBB @ 465-475 DM
br&lt;br&gt;brBB @ 700-725 DM (99)
br&lt;br&gt;brB @ 1000 (L90s)/div&lt;/div&gt;/div",,"BNP Paribas","5NC2","New Issue","Announced","6/7/2024",,"parl2024-1_newissue","BSL",
"False","False","Anchorage Capital CLO 2026-22 (f/k/a 610 Debt Funding CLO 2)","div&lt;div&gt;divAAA subject
br&lt;br&gt;brAA @ 175-180 DM
br&lt;br&gt;brA @ 215-225 DM
br&lt;br&gt;brBBB @ 340-350 DM
br&lt;br&gt;brBB @ 675-700 DM/div&lt;/div&gt;/div","AAA @ 135 DM
AA @ 185 DM
A @ 235 DM
BBB @ 375 DM","RBC","1.6NC0.75","Refinancing","Priced","6/7/2024","6/14/2024","six10-2_refi","BSL",
"False","False","Ballyrock 14 CLO","div&lt;div&gt;divX @ 95-100 DM
br&lt;br&gt;brSr AAA @ 138-140 DM (256mm)
br&lt;br&gt;brJr AAA @ 155-160 DM (8mm)
br&lt;br&gt;brAA @ 165a DM
br&lt;br&gt;brA @ 195a DM
br&lt;br&gt;brSr BBB @ 285-295 DM (24mm)
br&lt;br&gt;brJr BBB @ 400-415 DM (4mm)
br&lt;br&gt;brBB @ 555-565 DM/div&lt;/div&gt;/div","X @ 100 DM
Sr AAA @ 138 DM (320mm)
Jr AAA @ 158 DM (10mm)
AA @ 170 DM
A @ 200 DM 
Sr BBB @ 300 DM (30mm)
Jr BBB @ 425 DM (5mm)
BB @ 585 DM","Goldman Sachs","5NC2","Reset","Priced","6/7/2024","6/27/2024","bally14_reset","BSL",
"False","False","Cathedral Lake VII","div&lt;div&gt;divAAA @ 110 DM
br&lt;br&gt;brAA @ 175 DM
br&lt;br&gt;brA @ 215 DM
br&lt;br&gt;brBBB @ 375 DM
br&lt;br&gt;brBB @ 725 DM/div&lt;/div&gt;/div","AAA @ 118 DM
AA @ 185 DM
A @ 215 DM
BBB @ 405 DM
BB @ 760 DM","Jefferies","0NC0.5","Refinancing","Priced","6/7/2024","6/14/2024","catlk7_refi","BSL",
"False","False","Anchorage Capital CLO 9","div&lt;div&gt;divAAA @ 145a DM/div&lt;/div&gt;/div",,"Wells Fargo","5NC2","Reset","Announced","6/7/2024",,"anchc9_reset","BSL",
"False","False","Verdelite Static CLO 2024-1","div&lt;div&gt;divAAA @ 133a DM
br&lt;br&gt;brAA @ 150-155 DM
br&lt;br&gt;brA @ 180-185 DM
br&lt;br&gt;brBBB @ 260-275 DM
br&lt;br&gt;brBB @ 515-530 DM/div&lt;/div&gt;/div","AAA @ 113 DM
AA @ 165 DM
A @ 195 DM
BBB @ 285 DM
BB @ 500 DM","BNP Paribas","0NC1","New Issue","Priced","6/7/2024","6/21/2024","verdl_2024-1_newissue","BSL",
"False","False","Barings CLO 2024-III",,"X @ 100 DM
AAA @ 140 DM
AA @ 170 DM
A @ 195 DM
BBB @ 295 DM
BB @ 590 DM","Citigroup","5NC2","New Issue","Priced","6/7/2024","6/20/2024","babsn2024-3_newissue","BSL",
"False","True","Marathon CLO 2020-15","div&lt;div&gt;divAAA @ 145a DM
br&lt;br&gt;brAA tbd/div&lt;/div&gt;/div","AAA @ 145 DM
AA @ 175 DM
A @ 215 DM
Sr BBB @ 320 DM
Jr BBB (fixed) @ 8.367%
BB @ S+7.16%
B @ S+8.29%","JPMorgan","5NC2","Reset","Priced","6/6/2024","6/27/2024","mclo15_reset","BSL",
"False","False","OHA Credit Partners XIV","div&lt;div&gt;divSr AAA preplaced
br&lt;br&gt;brJr AAA @ 150-155 DM
br&lt;br&gt;brAA @ 160-165 DM
br&lt;br&gt;brAA (fixed) + 5 bps to floater
br&lt;br&gt;brA @ 190-195 DM
br&lt;br&gt;brSr BBB @ 285-290 DM (36mm)
br&lt;br&gt;brJr BBB @ 410-420 DM (7.5mm)
br&lt;br&gt;brBB @ 550-560 DM/div&lt;/div&gt;/div","Sr AAA @ 137 DM (368.4mm)
Jr AAA @ 157 DM (39.6mm)
AA @ 165 DM 
AA (fixed) @ 5.579%
A @ 190 DM
Sr BBB @ 285 DM (36mm)
Jr BBB @ 420 DM (7.5mm)
BB @ S+5.45%","JPMorgan","5NC2","Reset","Priced","6/6/2024","6/21/2024","ohacp14_reset","BSL",
"False","False","ICG US CLO 2021-1","div&lt;div&gt;divSr AAA @ 127a (244mm)
br&lt;br&gt;brJr AAA @ 155-160 DM (12mm)
br&lt;br&gt;brAA @ 170-175 DM
br&lt;br&gt;brA @ 220-230 DM/div&lt;/div&gt;/div","Sr AAA @ 127 DM (244mm)
Jr AAA @ 160 DM (12mm)
AA @ 185 DM
A @ 220 DM","Bank of America","1.75NC0.75","Refinancing","Priced","6/6/2024","6/18/2024","icg2021-1_refi","BSL",
"False","False","AIMCO CLO 18","div&lt;div&gt;divSr AAA @ 135a DM (320mm)
br&lt;br&gt;brJr AAA @ 150-155 DM (5mm)
br&lt;br&gt;brAA @ 160a DM
br&lt;br&gt;brA @ 190a DM
br&lt;br&gt;brSr BBB @ 285a DM (30mm)
br&lt;br&gt;brJr BBB @ 400a DM (5mm)
br&lt;br&gt;brBB @ 550a DM
br&lt;br&gt;brB retained/div&lt;/div&gt;/div","Sr AAA @ 136 DM (320mm)
Jr AAA @ 150 DM (5mm)
AA @ 160 DM
A @ 190 DM
Sr BBB @ 280 DM
Jr BBB @ 410 DM
BB @ 550 DM
B not offered","JPMorgan","5NC2","Reset","Priced","6/6/2024","6/18/2024","aimco18_reset","BSL",
"False","False","Elmwood CLO VI","div&lt;div&gt;divAAA @ 135-138 DM
br&lt;br&gt;brAA @ 165-170 DM
br&lt;br&gt;brA @ 200-210 DM
br&lt;br&gt;brSr BBB @ 300-310 DM (36mm)
br&lt;br&gt;brJr BBB @ 425-435 DM (6mm)
br&lt;br&gt;brBB @ 575-595 DM
br&lt;br&gt;brB @ 800-825 DM (98px)/div&lt;/div&gt;/div","AAA @ 138 DM
AA @ 170 DM
A @ 205 DM
Sr BBB @ 310 DM (36mm)
Jr BBB @ 435 DM (6mm)
BB @ 590 DM
B @ 830 DM","CIBC","5NC2","Reset","Priced","6/6/2024","6/17/2024","elm6_reset","BSL",
"False","False","Marble Point CLO XVII",,"X @ 125 DM
AAA @ 144 DM
AA @ 185 DM
A @ 247 DM
Sr BBB @ 365 DM (18mm)
Jr BBB @ 525 DM (8mm)
BB @ S+7.75%","Morgan Stanley","3NC1","Reset","Priced","6/5/2024","7/11/2024","mp17_reset","BSL",
"False","False","Regatta XI Funding",,"X @ 110 DM
AAA @ 140 DM
AA @ 175 DM
A @ 210 DM
Sr BBB @ 315 DM (25.66mm)
Jr BBB @ 440 DM (6.28mm)
BB @ 675 DM
B @ 950 DM","Nomura","5NC2","Reset","Priced","6/5/2024","6/28/2024","reg11_reset","BSL",
"False","False","Symphony CLO XX","div&lt;div&gt;divSr AAA call desk
br&lt;br&gt;brAA @ 145-155 DM
br&lt;br&gt;brA @ 190-195 DM
br&lt;br&gt;brBBB @ 285-295 DM/div&lt;/div&gt;/div","AAA @ 110 DM
AA @ 155 DM
A @ 195 DM
BBB @ 300 DM","Natixis","0NC0.5","Refinancing","Priced","6/4/2024","6/10/2024","symp20_refi","BSL",
"False","False","AGL CLO 32","div&lt;div&gt;divSr AAA @ 138 DM (256mm)
br&lt;br&gt;brJr AAA @ 150-155 DM (7mm)
br&lt;br&gt;brAA @ 165a DM
br&lt;br&gt;brA @ 190-200 DM
br&lt;br&gt;brSr BBB @ 290-300 DM (24mm)
br&lt;br&gt;brJr BBB @ 425-440 DM (4mm)
br&lt;br&gt;brBB @ 555-575 DM
br&lt;br&gt;brB call desk/div&lt;/div&gt;/div","Sr AAA @ 138 DM (256mm)
Jr AAA @ 155 DM (7mm)
AA @ 165 DM
A @ 190 DM
Sr BBB @ 290 DM (24mm)
Jr BBB @ 425 DM (4mm)
BB @ 575 DM
B @ 800 DM","Citigroup","5NC2","New Issue","Priced","6/4/2024","6/20/2024","agl32_newissue","BSL",
"False","True","HPS CX-2 Specialty Loan Financing CLO I","div&lt;div&gt;divAAA @ 175 DM/div&lt;/div&gt;/div","AAA @ 180 DM
AA @ 215 DM
A @ 270 DM
BBB @ 500 DM","Deutsche Bank","4NC2","New Issue","Priced","6/4/2024","8/16/2024","cx2-2024-1_newissue","MM",
"False","False","Tikehau US CLO VI","div&lt;div&gt;divSr AAA @ 145 DM (256mm)
br&lt;br&gt;brJr AAA @ 165 DM (8mm)
br&lt;br&gt;brAA @ 175 DM
br&lt;br&gt;brA @ 215 DM
br&lt;br&gt;brSr BBB @ 315 DM (24mm)
br&lt;br&gt;brJr BBB @ 450 DM (6mm)
br&lt;br&gt;brBB @ 615 DM/div&lt;/div&gt;/div","Sr AAA @ 145 DM (305mm)
Jr AAA @ 165 DM (25mm)
AA @ 185 DM
A @ 220 DM
Sr BBB @ 330 DM (30mm)
Jr BBB (fixed) @ 8.317% (+450 bps) (7.5mm)
BB @ 725 DM","Jefferies","5NC2","New Issue","Priced","6/3/2024","6/18/2024","tko6_newissue","BSL",
"False","False","Carlyle US CLO 2021-11","div&lt;div&gt;divAAA @ 141-142 DM
br&lt;br&gt;brAA @ 170-175 DM
br&lt;br&gt;brA @ 215a DM
br&lt;br&gt;brSr BBB @ 315-325 DM (27mm)
br&lt;br&gt;brJr BBB @ 425-435 DM (2.25mm)
br&lt;br&gt;brBB @ 625-635 DM/div&lt;/div&gt;/div","Sr AAA @ 141 DM (279mm)
Jr AAA @ 161 DM (13.5mm)
AA @ 170 DM
A @ 215 DM
A (fixed) @ 6.023%
Sr BBB @ 305 DM (22.5mm)
Jr BBB @ 415 DM (6.75mm)
BB @ 650 DM","Goldman Sachs","5NC2","Reset","Priced","6/3/2024","6/20/2024","cgms2021-11_reset","BSL",
"False","False","Neuberger Berman Loan Advisers CLO 25","div&lt;div&gt;divAAA IPT @ 140a DM/div&lt;/div&gt;/div","AAA @ 140 DM
AA @ 175 DM
A @ 210 DM
Sr BBB @ 310 DM (24.75mm)
Jr BBB @ 445 DM (4.5mm)
BB @ 650 DM","Bank of America","5NC2","Reset","Priced","6/3/2024","6/14/2024","neub25_reset","BSL",
"False","False","CarVal CLO X-C","div&lt;div&gt;divAAA @ 146 DM
br&lt;br&gt;brAA @ 175-180 DM
br&lt;br&gt;brA @ 200-210 DM
br&lt;br&gt;brSr BBB @ 300-310 DM (30mm)
br&lt;br&gt;brJr BBB @ 430-440 DM (5mm)
br&lt;br&gt;brBB @ 615-630 DM/div&lt;/div&gt;/div","AAA @ 146 DM
AA @ 180 DM
A @ 200 DM
Sr BBB @ 295 DM (30mm)
Jr BBB @ 440 DM (5mm)
BB @ 615 DM","JPMorgan","5NC2","New Issue","Priced","6/3/2024","6/13/2024","carvl2024-2_newissue","BSL",
"False","True","RR 21","div&lt;div&gt;divSr AAA @ 140-142 DM
br&lt;br&gt;brJr AAA @ 160 DM
br&lt;br&gt;brAA @ 170 DM
br&lt;br&gt;brA @ 200 DM
br&lt;br&gt;brBBB @ 300 DM
br&lt;br&gt;brBB @ 570 DM/div&lt;/div&gt;/div","Sr AAA @ 140 DM (320mm)
Jr AAA @ 160 DM (15mm)
AA @ 170 DM
A @ 200 DM
Sr BBB @ 285 DM (25mm)
Jr BBB @ 375 DM (5mm)
BB @ S+5.85%
B @ S+6.79%","Atlas","5NC2","Reset","Priced","5/31/2024","6/7/2024","rr21_reset","BSL",
"False","False","Voya 2024-3 CLO","div&lt;div&gt;divSr AAA call desk
br&lt;br&gt;brJr AAA @ 150-155 DM
br&lt;br&gt;brAA @ 170a DM
br&lt;br&gt;brA @ 200-210 DM
br&lt;br&gt;brBBB @ 305-315 DM
br&lt;br&gt;brBB not offered/div&lt;/div&gt;/div","Sr AAA @ 138 DM (256mm)
Jr AAA @ 158 DM (12mm)
AA @ 170 DM
A @ 200 DM
BBB @ 305 DM
BB @ 585 DM","Bank of America","5NC2","New Issue","Priced","5/31/2024","6/18/2024","voya2024-3_newissue","BSL",
"False","False","Bear Mountain Park CLO","div&lt;div&gt;divAAA preplaced
br&lt;br&gt;brAA @ 165-170 DM
br&lt;br&gt;brA @ 200-205 DM
br&lt;br&gt;brBBB @ 300-310 DM
br&lt;br&gt;brBB @ 565-575 DM/div&lt;/div&gt;/div","AAA @ 141 DM
AA @ 175 DM
A @ 200 DM
BBB @ 310 DM
BB @ 595 DM","Citigroup","5NC2","Reset","Priced","5/31/2024","6/14/2024","brmtn_reset","BSL",
"False","False","RAD CLO 3","div&lt;div&gt;divX @ 95-100 DM
br&lt;br&gt;brSr AAA @ 143 DM (265.3mm)
br&lt;br&gt;brJr AAA @ 160a DM
br&lt;br&gt;brAA @ 180a DM
br&lt;br&gt;brA @ 210-215 DM
br&lt;br&gt;brSr BBB @ 310-320 DM (24.87mm)
br&lt;br&gt;brJr BBB @ 450-460 DM (4.15mm)
br&lt;br&gt;brBB @ 625-650 DM/div&lt;/div&gt;/div","X @ 105 DM
Sr AAA @ 143 DM (265.3mm)
Jr AAA @ 165 DM (8.3mm)
AA @ 185 DM
A @ 215 DM
Sr BBB @ 310 DM (22.8mm)
Jr BBB (fixed) @ 8.308% (8.3mm)
BB @ 700 DM","JPMorgan","5NC2","Reset","Priced","5/30/2024","6/18/2024","rad3_reset","BSL",
"False","False","Fortress Credit BSL XV","div&lt;div&gt;divAAA call desk
br&lt;br&gt;brAA call desk
br&lt;br&gt;brA @ 250a DM
br&lt;br&gt;brBBB @ 450a DM
br&lt;br&gt;brBB not offered/div&lt;/div&gt;/div","AAA @ 140 DM
AA @ 200 DM
A @ 260 DM
BBB @ 475 DM
BB @ 845 DM","Natixis","1.5NC1","Refinancing","Priced","5/30/2024","6/7/2024","fcbsl15_refi","BSL",
"False","False","Apex Credit CLO 2018-II","div&lt;div&gt;divAAA @ 115 DM
br&lt;br&gt;brAA @ 175 DM
br&lt;br&gt;brA @ 235 DM/div&lt;/div&gt;/div","Sr AAA @ 124 DM (245.77mm)
Jr AAA @ 144 DM (12.01mm)
AA @ 190 DM
A @ 245 DM","Jefferies","0NC0.5","Refinancing","Priced","5/30/2024","6/24/2024","apexc2018-2_refi","BSL",
"False","False","OZLM VI",,"Sr AAA @ 113 DM (257mm)
Jr AAA @ 150 DM (41mm)
AA @ 200 DM
BBB @ 290 DM","Mizuho","0NC0.5","Refinancing","Priced","5/30/2024","6/3/2024","ozlm6_refi","BSL",
"False","False","CIFC Funding 2017-V",,"X @ 105 DM
AAA @ 141 DM
AA @ 170 DM
A @ 210 DM
BBB @ 305 Dm
BB @ 615 DM","Citigroup","5NC2","Reset","Priced","5/30/2024","6/24/2024","cifc2017-5_reset","BSL",
"False","False","Benefit Street Partners CLO XV",,"X @ 118 DM
Sr AAA @ 139 DM (256mm)
Jr AAA @ 159 DM (8mm)
AA @ 175 DM
A @ 200 DM
Sr BBB @ 305 DM (24mm)
Jr BBB @ 450 DM (4mm)
BB @ 645 DM
B retained","Bank of America","5NC2","Reset","Priced","5/30/2024","6/17/2024","bsp15_reset","BSL",
"False","False","Trinitas CLO VI","div&lt;div&gt;divAAA @ 133 DM/div&lt;/div&gt;/div",,"JPMorgan","1.5NC1","Refinancing","Priced","5/30/2024","5/31/2024","trnts6_refi","BSL",
"False","True","AMMC CLO 25","div&lt;div&gt;divSr AAA @ 135a DM (252mm)
br&lt;br&gt;brJr AAA @ 155a DM (8mm)
br&lt;br&gt;brAA @ 170-175 DM
br&lt;br&gt;brA @ 205-215 DM
br&lt;br&gt;brBBB @ 330-340 DM
br&lt;br&gt;brBB @ 675a DM/div&lt;/div&gt;/div","Sr AAA @ 135 DM (252mm)
Jr AAA @ 160 DM (8mm)
AA @ 175 DM
A @ 200 DM
BBB @ 325 DM
BB @ 675 DM","Scotia","3NC1","Refinancing","Priced","5/29/2024","6/10/2024","ammc25_refi","BSL",
"False","False","Crestline Denali CLO XVII",,"Sr AAA @ 113 DM (221.8mm)
Jr AAA @ 170 DM (50mm)
AA @ 210 DM","Citigroup","0NC0.5","Refinancing","Priced","5/29/2024","6/6/2024","den17_refi","BSL",
"False","False","Wellfleet CLO 2020-1",,"AAA @ 120 DM
AA @ 165 DM
A @ 235 DM","Morgan Stanley","0.75NC0.75","Reset","Priced","5/29/2024","6/7/2024","welf2020-1_reset","BSL",
"False","False","AGL Core CLO 31",,"AAA @ 140 DM
AA @ 168 DM
A @ 190 DM","Mizuho","5NC2","New Issue","Priced","5/28/2024","5/28/2024","agl31_newissue","BSL",
"False","True","Ares XXXIX CLO","div&lt;div&gt;divAAA @ 142 DM
br&lt;br&gt;brAA @ 175-180 DM/div&lt;/div&gt;/div","AAA @ 142 DM
AA @ 175 DM
A @ 220 DM
BBB @ 325 DM
BB @ 675 DM","Citigroup","5NC2","Reset","Priced","5/28/2024","6/7/2024","ares39_reset","BSL",
"False","False","Golub Capital Partners CLO 38(M)-R","div&lt;div&gt;divSr. AAA subject
br&lt;br&gt;brJr. AAA @ 180-185 DM
br&lt;br&gt;brAA @ 190-200 DM
br&lt;br&gt;brA @ 245-255 DM
br&lt;br&gt;brBBB @ 400-420 DM/div&lt;/div&gt;/div","Sr AAA @ 168 DM (545mm)
Jr AAA @ 185 DM (75mm)
AA @ 195 DM
A @ 250 DM
BBB @ 420 DM","BNP Paribas","4NC2","Reset","Priced","5/28/2024","6/7/2024","gocap38mr_reset","MM",
"False","False","Octagon 29","div&lt;div&gt;divSr AAA @ 140-142 DM (320mm)
br&lt;br&gt;brJr AAA @ 160-165 DM (10mm)
br&lt;br&gt;brAA @ 175-185 DM
br&lt;br&gt;brA @ 215-225 DM
br&lt;br&gt;brBBB @ 320-330 DM
br&lt;br&gt;brBB @ 625-640 DM/div&lt;/div&gt;/div","Sr AAA @ 142 DM (320mm)
Jr AAA @ 162 DM (10mm)
AA @ 185 DM
A @ 225 DM
BBB @ 330 DM
BB @ 725 DM","Barclays","5NC2","Reset","Priced","5/28/2024","6/14/2024","oct29_reset","BSL",
"False","False","Trestles CLO I","div&lt;div&gt;divX @ 100a DM
br&lt;br&gt;brAAA @ 143-144 DM
br&lt;br&gt;brAA @ 170-175 DM
br&lt;br&gt;brA @ 205-210 DM
br&lt;br&gt;brSr BBB @ 305-315 DM (30mm)
br&lt;br&gt;brJr BBB @ 440-450 DM (5mm)
br&lt;br&gt;brBB @ 595-610 DM
br&lt;br&gt;brB call desk/div&lt;/div&gt;/div","X @ 105 DM
Sr AAA @ 146 DM
Jr AAA @ 165 DM
AA @ 175 DM
A @ 210 DM
Sr BBB @ 315 DM (30mm)
Jr BBB @ 450 DM (5mm)
BB @ 595 DM
B @ retained","Scotia","5NC2","Reset","Priced","5/28/2024","6/11/2024","trest1_reset","BSL",
"False","False","ZAIS CLO 11","div&lt;div&gt;divSr AAA @ 118 DM (204mm)
br&lt;br&gt;brJr AAA @ 140 DM (16mm)
br&lt;br&gt;brAA @ 175 DM
br&lt;br&gt;brA @ 250 DM/div&lt;/div&gt;/div","Sr AAA @ 125 DM (204mm)
Jr AAA @ 140 DM (16mm)
AA @ 179 DM
A @ 245 DM","Santander","0NC0.5","Refinancing","Priced","5/28/2024","6/11/2024","zais11_refi","BSL",
"False","False","AIMCO CLO 16","div&lt;div&gt;divAAA @ 140-141 DM
br&lt;br&gt;brAA @ 165-170 DM
br&lt;br&gt;brA @ 195-200 DM
br&lt;br&gt;brSr BBB @ 290-300 DM (30mm)
br&lt;br&gt;brJr BBB @ 415-425 DM (6.25mm)
br&lt;br&gt;brBB @ 550-565 DM/div&lt;/div&gt;/div","AAA @ 140 DM
AA @ 165 DM
A @ 195 DM
Sr BBB @ 290 DM (30mm)
Jr BBB @ 420 DM (6.25mm)
BB @ 560 DM","Goldman Sachs","5NC2","Reset","Priced","5/28/2024","6/7/2024","aimco16_reset","BSL",
"False","False","Apidos CLO XXXII","div&lt;div&gt;divSr AAA @ 110-112 DM
br&lt;br&gt;brJr AAA @ 130a DM
br&lt;br&gt;brAA @ 150-155 DM
br&lt;br&gt;brA @ 190-195 DM
br&lt;br&gt;brBBB @ 285-290 DM
br&lt;br&gt;brBB @ 540-550 DM/div&lt;/div&gt;/div","Sr AAA @ 110 DM (248mm)
Jr AAA @ 130 DM (12mm)
AA @ 150 DM
A @ 180 DM
BBB @ 275 DM
BB @ 550 DM","JPMorgan","0.5NC0.5","Refinancing","Priced","5/28/2024","6/6/2024","apid32_refi","BSL",
"False","True","Wise CLO 2024-2","div&lt;div&gt;divAAA @ 146-148 DM
br&lt;br&gt;brAA @ 185a DM
br&lt;br&gt;brAA fixed @ N+185a
br&lt;br&gt;brA @ 220a DM/div&lt;/div&gt;/div","AAA @ 146 DM
AA @ 180 DM
A @ 220 DM","Wells Fargo","5NC2","New Issue","Priced","5/28/2024","6/20/2024","wise2024-2_newissue","BSL",
"False","False","Allegro CLO VII","div&lt;div&gt;divAAA @ 112-114 DM/div&lt;/div&gt;/div","AAA @ 113 DM
AA @ 160 DM
A @ 200 DM","Barclays","0NC0.5","Refinancing","Priced","5/28/2024","6/11/2024","alleg7_refi","BSL",
"False","True","Madison Park Funding XLIV (f/k/a Atrium XV)","div&lt;div&gt;divSr AAA call desk
br&lt;br&gt;brJr AAA @ 160-165 DM
br&lt;br&gt;brAA @ 180-185 DM
br&lt;br&gt;brAA (fixed) @ +185-190 bps
br&lt;br&gt;brA @ 220-225 DM
br&lt;br&gt;brSr BBB @ 325-335 DM
br&lt;br&gt;brJr BBB @ 435-450 DM
br&lt;br&gt;brBB @ 625-650 DM
br&lt;br&gt;brB call desk/div&lt;/div&gt;/div","Sr AAA @ 139 DM (546.75mm)
Jr AAA @ 159 DM (47.25mm)
AA @ 180 DM
AA (fixed) @ 5.76% (+190)
A @ 225 DM
Super Sr BBB @ 330 DM (49.5mm)
Sr BBB @ 390 DM (4.5mm)
Jr BBB @ 435 DM (9mm)
BB @ 650 DM
B @ 825 DM (S+790 w/ OID)","Bank of America","5NC2","Reset","Priced","5/28/2024","6/20/2024","atrm15_reset","BSL",
"False","False","Wind River 2022-2",,"Sr AAA @ 134 DM (240mm)
Jr AAA @ 160 DM (10mm)
AA @ 185 DM
A @ 235 DM","Bank of America","3NC1","Refinancing","Priced","5/24/2024","6/5/2024","windr2022-2_refi","BSL",
"False","False","Romark CLO II","div&lt;div&gt;divSr AAA @ 114 DM (229mm)
br&lt;br&gt;brJr AAA @ 165 DM (52.5mm)
br&lt;br&gt;brAA @ 210 DM
br&lt;br&gt;brA @ 310 DM/div&lt;/div&gt;/div","Sr AAA @ 114 DM (229.4mm)
Jr AAA @ 165 DM (52.5mm)
AA @ 200 DM
BBB @ 300 DM","CIBC","0NC0.5","Refinancing","Priced","5/23/2024","5/30/2024","rmrk2_refi","BSL",
"False","False","CIFC Funding 2021-I","div&lt;div&gt;divX @ 90-95 DM
br&lt;br&gt;brAAA @ 143a DM
br&lt;br&gt;brAA @ 175a DM
br&lt;br&gt;brA @ 210a DM
br&lt;br&gt;brSr BBB @ 315a DM (27mm)
br&lt;br&gt;brJr BBB @ 450a DM (4.5mm)
br&lt;br&gt;brBB @ 590-600 DM/div&lt;/div&gt;/div","X @ 102 DM
AAA @ 142 DM (188mm)
AA @ 175 DM (54mm)
A @ 210 DM
Sr BBB @ 315 DM (27mm)
Jr BBB @ 450 DM (4.5mm)
BB @ 600 DM","Bank of America","5NC2","Reset","Priced","5/23/2024","5/31/2024","cifc2021-1_reset","BSL",
"False","False","Whitebox CLO I","XR3 @ 95 DM
A1R3 (Sr AAA) @ 115 DM (254mm)
A2R3 (Jr AAA) call desk
BR3 (AA) @ 150-155 DM
CR3 (A) @ 170-175 DM
D1R3 (Sr BBB) @ 260-270 DM (24mm)
D2R3 (Jr BBB) @ 375 DM (4mm)
ER3 (BB) @ 500-525 DM","X @ 105 DM
Sr AAA @ 132 DM (249.5mm)
Jr AAA @ 159 DM (11.9mm)
AA @ 175 DM
A @ 200 DM
Sr BBB @ 310 DM (23.8mm)
Jr BBB @ 425 DM (4mm)
BB @ 575 DM","Goldman Sachs","3NC1","Reset","Priced","5/23/2024","6/7/2024","wbox2019-1_reset","BSL",
"False","False","Ares XXXVII CLO",,"AAA @ 180 DM
AA @ 140 DM
A @ 175 DM
BBB @ 275 Dm","Nomura","0NC0.5","Refinancing","Priced","5/23/2024","6/5/2024","ares37_refi","BSL",
"False","False","Elmwood CLO III","div&lt;div&gt;divX @ 100-105 DM
br&lt;br&gt;brSr AAA @ 140-141 DM (320mm)
br&lt;br&gt;brJr AAA @ 155-165 DM (10mm)
br&lt;br&gt;brAA @ 165-170 DM
br&lt;br&gt;brA @ 195-205 DM
br&lt;br&gt;brBBB @ 300-310 DM
br&lt;br&gt;brBB @ 565-575 DM
br&lt;br&gt;brBB @ 750-775 DM/div&lt;/div&gt;/div","X @ 115 DM
Sr AAA @ 138 DM (320mm)
Jr AAA @ 160 DM (10mm)
AA @ 170 DM
A @ 210 DM
BBB @ 310 DM
BB @ 595 DM
B @ 825 DM","Nomura","5NC2","Reset","Priced","5/22/2024","6/6/2024","elmw3_reset","BSL",
"False","False","OCP CLO 2022-25",,"Sr AAA @ 142 DM (240mm)
Jr AAA @ 162 DM (10mm)
AA @ 175 DM
AA (fixed) @ 5.75%
A @ 210 DM
Sr BBB @ 315 DM
Jr BBB retained
BB retained","Bank of America","5NC2","Reset","Priced","5/22/2024","6/6/2024","ocp25_reset","BSL",
"False","False","Battalion CLO XXIV",,"AAA @ 133 DM
AA @ 175 DM
A @ 225 DM
Sr BBB @ 350 DM (22.5mm)
Jr BBB (fixed) @ 8.41% (+450 bps)
BB @ 700 DM","Morgan Stanley","3NC1","Reset","Priced","5/22/2024","6/12/2024","batln24_reset","BSL",
"False","False","BBAM US CLO IV",,"Sr AAA @ 147 DM (248mm)
Jr AAA @ 165 DM (8mm)
AA @ 185 DM 
A @ 210 DM
BBB @ 320 DM
BB @ 625 DM","JPMorgan","5NC2","New Issue","Priced","5/22/2024","6/7/2024","bbam4_newissue","BSL",
"False","True","Neuberger Berman CLO XVII","div&lt;div&gt;divSr AAA @ 143a DM (252mm)
br&lt;br&gt;brJr AAA @ 160a DM (4mm)
br&lt;br&gt;brAA @ 175-180 DM
br&lt;br&gt;brA @ 215-225 DM
br&lt;br&gt;brSr BBB @ 315-325 DM (24mm)
br&lt;br&gt;brJr BBB @ 450a DM (2mm)
br&lt;br&gt;brBB @ 610-635 DM
br&lt;br&gt;br/div&lt;/div&gt;/div","AAA @ 140 DM
AA @ 170 DM
A @ 215 DM
Sr BBB @ 315 DM (22mm)
Jr BBB @ 450 DM (4mm)
BB @ 675 DM","Bank of America","5NC2","Reset","Priced","5/21/2024","6/4/2024","neub17_reset","BSL",
"False","False","ABPCI Direct Lending Fund CLO XVIII",,"Sr AAA @ 170 DM (203mm)
Jr AAA @ 185 DM (14mm)
AA @ 195 DM
A @ 250 DM
BBB @ 425 DM
BB retained","Societe Generale","4NC2","New Issue","Priced","5/21/2024","6/5/2024","abpci18_newissue","MM",
"False","False","Anchorage Capital CLO 11",,"X @ 110 DM
AAA @ 153 DM
AA @ 195 DM
A @ 240 DM
A (fixed) @ 6.5%
BBB @ 375 DM
BB @ 750 DM
B retained","Citigroup","5NC2","Reset","Priced","5/21/2024","6/7/2024","anchc11_reset","BSL",
"False","False","Regatta XIV Funding","div&lt;div&gt;divAAA @ 110-112 DM
br&lt;br&gt;brAA @ 150-155 DM
br&lt;br&gt;brA @ 195-200 DM
br&lt;br&gt;brBBB @ 290-300 DM/div&lt;/div&gt;/div","AAA @ 110 DM
AA @ 150 DM
A @ 180 DM
BBB @ 280 DM","Nomura","0NC0.5","Refinancing","Priced","5/20/2024","5/30/2024","reg14_refi","BSL",
"False","False","Birch Grove CLO IV","div&lt;div&gt;divSr AAA @ 148 DM (310mm)
br&lt;br&gt;brJr AAA @ 165-170 DM (10mm)
br&lt;br&gt;brAA @ 185a DM
br&lt;br&gt;brA @ 220-225 DM
br&lt;br&gt;brSr BBB @ 320-325 DM (30mm)
br&lt;br&gt;brJr BBB @ 450-460 DM (5mm)
br&lt;br&gt;brBB @ 625-640 DM
br&lt;br&gt;brB retained
br&lt;br&gt;br/div&lt;/div&gt;/div","Sr AAA @ 148 DM (310mm)
Jr AAA @ 165 DM (15mm)
AA @ 180 DM
A @ 210 DM
Sr BBB @ 320 DM (30mm)
Jr BBB @ 450 DM (5mm)
BB @ 650 DM
B not offered","JPMorgan","5NC2","Reset","Priced","5/20/2024","6/5/2024","bgclo4_reset","BSL",
"False","False","Churchill NCPCIF CLO-I","div&lt;div&gt;divAAA call desk
br&lt;br&gt;brAA @ 190-195 DM
br&lt;br&gt;brA @ 250-255 DM/div&lt;/div&gt;/div","AAA @ 170 DM
AA @ 195 DM
A @ 255 DM","Bank of America","4NC2","New Issue","Priced","5/20/2024","5/31/2024","ncpcif1_newissue","MM",
"False","False","Atlas Senior Loan Fund XXIII","div&lt;div&gt;divAAA @ 153 DM
br&lt;br&gt;brAA @ 190 DM/div&lt;/div&gt;/div","Sr AAA @ 153 DM (240mm)
Jr AAA @ 174 DM (20mm)
AA @ 200 DM
A @ 240 DM
Sr BBB @ 375 DM (21mm)
Sr BBB @ 7.739% (+375) (3mm)
Jr BBB @ 450 DM (6mm)
BB @ 750 DM","Jefferies","5NC2","New Issue","Priced","5/20/2024","5/31/2024","atlas23_newissue","BSL",
"False","False","Deerpath Capital CLO 2021-1","div&lt;div&gt;divSr AAA @ 180-185 DM (208.8mm)
br&lt;br&gt;brJr AAA @ 195-200 DM (10.8mm)
br&lt;br&gt;brAA @ 210-215 DM
br&lt;br&gt;brA @ 285-295 DM
br&lt;br&gt;brBBB @ 465-475 DM/div&lt;/div&gt;/div","Sr AAA @ 180 DM (232mm)
Jr AAA @ 195 DM (12mm)
AA @ 210 DM
A @ 285 DM
BBB @ 450 DM","GreensLedge","4NC2","Reset","Priced","5/17/2024","6/7/2024","dpath2021-1_reset","MM",
"False","False","Great Lakes VIII CLO","div&lt;div&gt;divX @ 120a DM
br&lt;br&gt;brAAA @ 180a DM
br&lt;br&gt;brAA @ 215-225 DM
br&lt;br&gt;brA @ 300-310 DM/div&lt;/div&gt;/div","X @ 120 DM
AAA @ 180 DM
AA @ 200 DM
A @ 275 DM","BMO","4NC2","New Issue","Priced","5/17/2024","6/7/2024","grtlk8_newissue","MM",
"False","False","1988 CLO 5","div&lt;div&gt;divSr. AAA @ 154 DM (252mm)
br&lt;br&gt;brJr. AAA @ 170 DM (12mm)
br&lt;br&gt;brAA @ 175-180 DM
br&lt;br&gt;brA @ 210-220 DM
br&lt;br&gt;brSr. BBB @ 315-325 DM (24mm)
br&lt;br&gt;brJr. BBB @ 435-450 DM (5mm)
br&lt;br&gt;brBB @ 595-615 DM/div&lt;/div&gt;/div","Sr AAA @ 154 DM (252mm)
Jr AAA @ 170 DM (12mm)
AA @ 180 DM
A @ 220 DM
Sr BBB @ 330 DM (24mm)
Jr BBB @ 455 DM (4mm)
BB @ 630 DM","BNP Paribas","5NC2","New Issue","Priced","5/16/2024","6/3/2024","muz5_newissue","BSL",
"False","False","Antares CLO 2024-2","div&lt;div&gt;divSr. AAA call desk
br&lt;br&gt;brJr. AAA @ 180a DM
br&lt;br&gt;brAA @ 190-195 DM
br&lt;br&gt;brA retained/div&lt;/div&gt;/div","AAA @ 168 DM
AA @ 195 DM
A not offered","Bank of America","4NC2","New Issue","Priced","5/16/2024","5/28/2024","antr2024-2_newissue","MM",
"False","False","Signal Peak CLO 11","div&lt;div&gt;divSr. AAA @ 145a DM (256mm)
br&lt;br&gt;brJr. AAA @ 20mm (20mm)
br&lt;br&gt;brAA @ 175-180 DM
br&lt;br&gt;brA @ 205-215 DM
br&lt;br&gt;brSr. BBB @ 305-325 DM
br&lt;br&gt;brJr. BBB @ 440-450 DM
br&lt;br&gt;brBB @ 585-610 DM/div&lt;/div&gt;/div","Sr AAA @ 145 DM (256mm)
Jr AAA @ 168 DM (20mm)
AA @ 185 DM
Sr A @ 200 DM (14mm)
Jr A @ 245 DM (10mm)
Sr BBB @ 310 DM (24mm)
Jr BBB @ 440 DM (4mm)
BB @ 600 DM","JPMorgan","5NC2","New Issue","Priced","5/16/2024","6/4/2024","speak11_newissue","BSL",
"False","False","Pikes Peak CLO 16","div&lt;div&gt;divSr AAA @ 145-147 DM
br&lt;br&gt;brJr AAA @ 165a DM
br&lt;br&gt;brAA @ 180-185 DM
br&lt;br&gt;brA @ 215-225 DM
br&lt;br&gt;brSr BBB @ 315-325 DM
br&lt;br&gt;brJr BBB @ 450a DM
br&lt;br&gt;brBB @ 600-610 DM/div&lt;/div&gt;/div","Sr AAA @ 146 DM (256mm)
Jr AAA @ 165 DM (8mm)
AA @ 180 DM
A @ 210 DM
Sr BBB @ 320 DM (24mm)
Jr BBB @ 450 DM (4mm)
BB @ 600 DM","JPMorgan","5NC2","New Issue","Priced","5/16/2024","5/31/2024","pipk16_newissue","BSL",
"False","False","Barings CLO 2024-II","div&lt;div&gt;divSr AAA @ 143 DM
br&lt;br&gt;brJr AAA @ 160 DM
br&lt;br&gt;brAA @ 170-175 DM
br&lt;br&gt;brA @ 200-205 DM
br&lt;br&gt;brBBB @ 300-310 DM
br&lt;br&gt;brBB @ 560-575 DM/div&lt;/div&gt;/div","Sr AAA @ 143 DM (252mm)
Jr AAA @ 160 DM (16mm)
AA @ 170 DM
A @ 200 DM
BBB @ 315 DM
BB @ 590 DM","Barclays","5NC2","New Issue","Priced","5/16/2024","5/31/2024","babsn2024-2_newissue","BSL",
"False","False","OHA Credit Funding 19","div&lt;div&gt;divSr AAA preplaced
br&lt;br&gt;brJr AAA @ 160a DM
br&lt;br&gt;brAA @ 170a DM
br&lt;br&gt;brAA (fixed) @ 170a
br&lt;br&gt;brA @ 205a DM
br&lt;br&gt;brSr BBB @ 300a DM
br&lt;br&gt;brJr BBB @ 425a DM
br&lt;br&gt;brBB @ 550-560 DM/div&lt;/div&gt;/div","Sr AAA @ 142 DM (276.75mm)
Jr AAA @ 152 DM (24.75mm)
AA @ 170 DM
AA (fixed) @ 5.92%
A @ 200 DM
Sr BBB @ 290 DM (27mm)
Jr BBB @ 425 DM (4.5mm)
BB @ 560 DM","Bank of America","5NC2","New Issue","Priced","5/16/2024","5/31/2024","oakc19_newissue","BSL",
"False","False","Allegro CLO V-S","div&lt;div&gt;divSr AAA @ 150a DM/div&lt;/div&gt;/div","X @ 120 DM
Sr AAA @ 150 DM (248mm)
Jr AAA @ 170 DM (8mm)
Sr AA @ 190 DM (32mm)
Jr AA @ 215 DM (16mm)
A @ 245 DM
A (fixed) @ 6.48% (245 DM)
Sr BBB @ 350 DM
Jr BBB (fixed) @ 8.53% (450 DM)
BB @ 750 DM
B retained","Natixis","5NC2","Re-Issue","Priced","5/16/2024","6/11/2024","alleg5s_reissue","BSL",
"False","False","HPS Loan Management 13-2018","div&lt;div&gt;divSr. AAA @ 113 DM ($266.02mm)
br&lt;br&gt;brJr. AAA @ 135-140 DM ($28.5mm)
br&lt;br&gt;brAA @ 155-160 DM
br&lt;br&gt;brA @ 200-210 DM
br&lt;br&gt;brBBB @ 305-315 DM/div&lt;/div&gt;/div","Sr AAA @ 113 DM (266.02mm)
Jr AAA @ 140 DM (28.5mm)
AA @ 160 DM
A @ 215 DM
BBB @ 295 DM","Deutsche Bank","0NC0.5","Refinancing","Priced","5/15/2024","5/22/2024","hlm13_refi","BSL",
"False","False","Fortress Credit BSL XXV","div&lt;div&gt;divAAA @ 160 DM
br&lt;br&gt;brAA @ 205-210 DM
br&lt;br&gt;brA @ 260-270 DM
br&lt;br&gt;brBBB @ 400-430 DM
br&lt;br&gt;brBB @ 725-750 DM/div&lt;/div&gt;/div","AAA @ 160 DM
AA @ 210 DM
A @ 270 DM
Sr BBB @ 430 DM
Sr BBB (fixed) 8.217%
Jr BBB @ 550 DM
BB @ S+716 bps","JPMorgan","5NC2","New Issue","Priced","5/15/2024","5/16/2024","fcbsl25_newissue","BSL",
"False","False","Palmer Square CLO 2024-2","div&lt;div&gt;divAAA call desk
br&lt;br&gt;brJr. AAA @ 163-165 DM
br&lt;br&gt;brAA @ 170-175 DM
br&lt;br&gt;brA @ 205-215 DM
br&lt;br&gt;brBBB @ 305-315 DM
br&lt;br&gt;brBB @ 570-580 DM/div&lt;/div&gt;/div","Sr AAA @ 140 DM (384mm)
Jr AAA @ 160 DM (6mm)
AA @ 165 DM
A @ 195 DM
Sr BBB @ 295 DM (36mm)
Jr BBB @ 435 DM (6mm)
BB @ 570 DM","Morgan Stanley","5NC2","New Issue","Priced","5/15/2024","5/30/2024","plmrs2024-2_newissue","BSL",
"False","False","HalseyPoint CLO II","div&lt;div&gt;divAAA @ 156 DM
br&lt;br&gt;brAA @ 190-195 DM
br&lt;br&gt;brA @ 245-250 DM
br&lt;br&gt;brBBB @ 370-375 DM
br&lt;br&gt;brBB @ 690-700 DM/div&lt;/div&gt;/div","AAA @ 152 DM
AA @ 195 DM
A @ 255 DM
A (fixed) @ 6.5%
Sr BBB @ 360 DM (14.4mm)
Jr BBB @ 500 DM (7.2mm)
BB @ 750 DM","GreensLedge","5NC2","Reset","Priced","5/15/2024","6/24/2024","hlsy2_reset","BSL",
"False","False","Bridge Street CLO I","div&lt;div&gt;divAAA call desk
br&lt;br&gt;brAA @ 185-190 DM
br&lt;br&gt;brA @ 220-230 DM
br&lt;br&gt;brBBB @ 325-340 DM
br&lt;br&gt;brBB @ LM600s DM/div&lt;/div&gt;/div","AAA @ 155 DM
AA @ 195 DM
A @ 220 DM
Sr BBB @ 340 DM (17.5mm)
Jr BBB @ 480 DM (7mm)
BB @ 705 DM ","JPMorgan","5NC2","Reset","Priced","5/15/2024","6/7/2024","bridgs1_reset","BSL",
"False","False","Octagon 69","div&lt;div&gt;divSr. AAA @ 146 DM ($320mm)
br&lt;br&gt;brJr. AAA @ 161-166 DM ($10mm)
br&lt;br&gt;brAA @ 175-180 DM
br&lt;br&gt;brA @ 215-220 DM
br&lt;br&gt;brBBB @ 315-325 DM
br&lt;br&gt;brBB @ 590-600 DM/div&lt;/div&gt;/div","Sr AAA @ 146 DM (320mm)
Jr AAA @ 166 DM (10mm)
AA @ 180 DM
A @ 215 DM
BBB @ 320 DM
BB @ 590 DM","Citigroup","5NC2","New Issue","Priced","5/14/2024","5/23/2024","oct69_newissue","BSL",
"False","False","PPM CLO 7","div&lt;div&gt;divAAA @ 147 DM
br&lt;br&gt;brAA @ 180-185 DM
br&lt;br&gt;brA @ 215-220 DM
br&lt;br&gt;brSr. BBB @ 315-330 DM
br&lt;br&gt;brJr. BBB @ 450a DM
br&lt;br&gt;brBB @ 600-625 DM
br&lt;br&gt;brB retained/div&lt;/div&gt;/div","Sr AAA @ 147 DM (356mm)
Jr AAA @ 165 DM (16mm)
AA @ 180 DM
A @ 225 DM
A (fixed) @ 6.431%
Sr BBB @ 360 DM (20mm)
Sr BBB (fixed) @ 7.775%
Jr BBB @ 8.673% (4mm)
BB @ 675 DM
B retained","JPMorgan","5NC2","New Issue","Priced","5/14/2024","5/28/2024","ppm7_newissue","BSL",
"False","False","Oaktree CLO 2019-4","div&lt;div&gt;divX @ 100-105 DM
br&lt;br&gt;brAAA call desk
br&lt;br&gt;brAA @ 180-185 DM
br&lt;br&gt;brA @ 215-220 DM
br&lt;br&gt;brSr. BBB @ 310-320 DM
br&lt;br&gt;brJr. BBB @ 445-455 DM
br&lt;br&gt;brBB @ 600-615 DM/div&lt;/div&gt;/div","X @ 105 DM
AAA @ 151 DM
AA @ 192 DM
A @ 227 DM
Sr BBB @ 340 DM (37.5mm)
Jr BBB @ 470 DM (11.25mm)
BB @ 675 DM","Nomura","5NC2","Reset","Priced","5/14/2024","5/29/2024","oakcl2019-4_reset","BSL",
"False","False","Madison Park Funding XXXI","div&lt;div&gt;divX @ 100-105 DM
br&lt;br&gt;brSr. AAA preplaced
br&lt;br&gt;brJr. AAA @ 165-170 DM
br&lt;br&gt;brAA @ 180-185 DM
br&lt;br&gt;brAA (fixed) @ T+180-185 bps
br&lt;br&gt;brA @ 220-225 DM
br&lt;br&gt;brSr. BBB @ 320-330 DM
br&lt;br&gt;brJr. BBB @ 435-450 DM
br&lt;br&gt;brBB @ 600-625 DM/div&lt;/div&gt;/div","X @ 100 DM
Sr AAA @ 145 DM (490.8mm)
Jr AAA @ 160 DM (37.2mm)
AA @ 180 DM
AA (fixed) @ 6.09% / +190
A @ 225 DM
Sr BBB @ 330 DM
Jr BBB @ 450 DM
Jr BBB (fixed) @ 8.68% / +450
BB @ 640 DM
B @ 825 DM (w/OID)","Bank of America","5NC2","Reset","Priced","5/14/2024","5/30/2024","mdpk31_reset","BSL",
"False","False","RIN VIII","div&lt;div&gt;divAAA @ 165-170 DM/div&lt;/div&gt;/div","Sr AAA @ 160 DM (320mm)
Jr AAA @ 185 DM (5mm)
AA @ 190 DM
A @ 220 DM
BBB @ 340 DM
BB @ 670 DM","JPMorgan","5NC2","New Issue","Priced","5/14/2024","6/10/2024","rin8_newissue","Infra",
"False","False","Dryden 42 Senior Loan Fund","X @ 120-125 DM
Sr. AAA engaged
Jr. AAA @ 160-165 DM
AA @ 170-180 DM
A @ 210-220 DM
Sr. BBB @ 320-335 DM
Jr. BBB @ 435-450 Dm
BB @ 625-650 DM
B @ 925-950 (wOID)","X @ 120 DM
Sr AAA @ 145 DM (213.5mm)
Jr AAA @ 165 DM (12.25mm)
AA @ 185 DM
A @ 235 DM
Super Sr BBB @ 330 DM (17.5mm)
Sr BBB @ 450 DM (3.5mm)
Jr BBB @ 510 DM (2.625mm)
BB @ 650 DM
B @ S+804 bps","BNP Paribas","5NC2","Reset","Priced","5/14/2024","5/24/2024","drslf42_reset","BSL",
"False","False","GoldenTree Loan Management US CLO 21","div&lt;div&gt;divX @ 85a DM
br&lt;br&gt;brSr. AAA call desk (142 DM)
br&lt;br&gt;brJr. AAA @ 160a DM
br&lt;br&gt;brAA @ 170a DM
br&lt;br&gt;brA @ 200-205 DM
br&lt;br&gt;brSr. BBB @ 295-305 DM
br&lt;br&gt;brJr. BBB @ 425a DM
br&lt;br&gt;brBB @ 560-570 DM
br&lt;br&gt;brB @ 775a Dm/div&lt;/div&gt;/div","X @ 85 DM
Sr AAA @ 142 DM (320mm)
Jr AAA @ 162 DM (15mm)
AA @ 170 DM
AA (fixed) @ 5.993%
A @ 210 DM
Sr BBB @ 305 DM (30mm)
Jr BBB @ 425 DM (5mm)
BB @ 570 DM
B @ 800 DM","Wells Fargo","5NC2","New Issue","Priced","5/13/2024","5/28/2024","glm21_newissue","BSL",
"False","False","Owl Rock CLO XVIII",,"AAA @ 170 DM
AA @ 195 DM","SMBC","5NC2","New Issue","Priced","5/13/2024","6/18/2024","or18_newissue","MM",
"False","False","Crown Point CLO 7","div&lt;div&gt;divAAA @ 118-120 DM
br&lt;br&gt;brAA @ 165-170 DM
br&lt;br&gt;brA @ 215-220 DM/div&lt;/div&gt;/div","AAA @ 123 DM","JPMorgan","0NC0.5","Refinancing","Priced","5/13/2024","5/20/2024","crnpt7_refi","BSL",
"False","False","Carlyle Direct Lending CLO 2015-1","div&lt;div&gt;divSr. AAA @ 185a DM
br&lt;br&gt;brJr. AAA @ 205a DM
br&lt;br&gt;brAA @ 225-235 DM
br&lt;br&gt;brA @ 285-305 DM
br&lt;br&gt;brBBB call desk
br&lt;br&gt;br/div&lt;/div&gt;/div","Sr AAA @ 180 DM (290mm)
Jr AAA @ 200 DM (20mm)
AA @ 215 DM 
A @ 275 DM
BBB retained","Citigroup","4NC2","Reset","Priced","5/13/2024","5/30/2024","cgfm2015-1_reset","MM",
"False","False","Carlyle US CLO 2024-4","div&lt;div&gt;divSr. AAA preplaced
br&lt;br&gt;brJr. AAA @ 165a DM
br&lt;br&gt;brAA @ 175a DM
br&lt;br&gt;brA @ 205-215 DM
br&lt;br&gt;brBBB @ 305-315 DM
br&lt;br&gt;brBB call desk/div&lt;/div&gt;/div","Sr AAA @ 143 DM (300mm)
Jr AAA @ 163 DM (30mm)
AA @ 175 DM
A @ 215 DM
BBB @ 320 DM
BB retained","Bank of America","5NC2","New Issue","Priced","5/13/2024","5/30/2024","cgms2024-4_newissue","BSL",
"False","False","Galaxy XXVI",,"AAA @ 117 DM
AA @ 160 DM
A @ 210 DM
BBB @ 295 DM","Barclays","0NC0.5","Refinancing","Priced","5/13/2024","5/13/2024","galxy26_refi","BSL",
"False","False","Regatta X Funding","div&lt;div&gt;divX @ 90-100 DM
br&lt;br&gt;brAAA @ 148 DM
br&lt;br&gt;brAA @ 175-180 DM
br&lt;br&gt;brA @ 210-220 DM
br&lt;br&gt;brBBB @ 320-335 DM
br&lt;br&gt;brBB @ 625-640 DM/div&lt;/div&gt;/div","X @ 100 DM
AAA @ 148 DM
AA @ 188 DM
A @ 220 DM
Sr BBB @ 320 DM (22.05mm)
Jr BBB @ 450 DM (9mm)
BB @ 660 DM
B @ 925 DM","BNP Paribas","5NC2","Reset","Priced","5/10/2024","5/22/2024","reg10_reset","BSL",
"False","False","Lodi Park CLO","div&lt;div&gt;divSr. AAA call desk
br&lt;br&gt;brJr. AAA @ 155-160 DM
br&lt;br&gt;brAA @ 170-175 DM
br&lt;br&gt;brAA (fixed) @ 170-175 bps
br&lt;br&gt;brA @ 200-205 DM
br&lt;br&gt;brSr. BBB @ 300-305 DM
br&lt;br&gt;brJr. BBB @ 425a DM
br&lt;br&gt;brBB @ 550-565 DM/div&lt;/div&gt;/div","Sr AAA @ 141 DM (369mm)
Jr AAA @ 158 DM (33mm)
AA @ 165 DM
AA (fixed) @ 5.597%
A @ 200 DM
Sr BBB @ 300 DM
Jr BBB @ 420 DM
BB @ 565 DM","Goldman Sachs","5NC2","New Issue","Priced","5/10/2024","6/6/2024","lodi_newissue","BSL",
"False","False","AGL Core CLO 2","div&lt;div&gt;divX @ 90-100 DM
br&lt;br&gt;brSr. AAA @ 146 DM
br&lt;br&gt;brJr. AAA @ 160-165 DM
br&lt;br&gt;brAA @ 175-180 DM/div&lt;/div&gt;/div","AAA @ 146 DM","BNP Paribas","5NC2","Reset","Priced","5/10/2024","5/16/2024","agl-core2_reset","BSL",
"False","False","Audax Senior Debt CLO 10","div&lt;div&gt;divAAA @ 182 DM
br&lt;br&gt;brAA @ 205-210 DM
br&lt;br&gt;brA @ 275a DM/div&lt;/div&gt;/div","AAA @ 182 DM
AA @ 210 DM
A @ 275 DM","Bank of America","4NC2","New Issue","Priced","5/10/2024","5/20/2024","audax10_newissue","MM",
"False","False","Benefit Street Partners CLO V-B","div&lt;div&gt;divX @ 100a DM
br&lt;br&gt;brSr. AAA call desk
br&lt;br&gt;brJr. AAA @ 170a
br&lt;br&gt;brAA @ 180a DM
br&lt;br&gt;brA @ 215a DM
br&lt;br&gt;brBBB @ 320a DM
br&lt;br&gt;brBB @ 600a DM
br&lt;br&gt;brB preplaced/div&lt;/div&gt;/div","X @ 100 DM
Sr AAA @ 153 DM (315mm)
Jr AAA @ 170 DM (15mm)
AA @ 180 DM
A @ 215 DM
Sr BBB @ 320 DM (27.5mm)
Jr BBB @ 8.5% (fixed)
BB @ S+630
B preplaced","Wells Fargo","5NC2","Reset","Priced","5/10/2024","5/24/2024","bsp5b_reset","BSL",
"False","False","Golub Capital Partners CLO 60(B)","div&lt;div&gt;divAAA @ 132 DM
br&lt;br&gt;brAA @ 160-165 Dm
br&lt;br&gt;brA @ 205a DM
br&lt;br&gt;brBBB @ 310a DM
br&lt;br&gt;brBB @ 600a DM/div&lt;/div&gt;/div","AAA @ 131 DM
AA @ 160 DM
A @ 205 DM
BBB @ 295 DM
BB @ 600 DM","Bank of America","2NC1","Refinancing","Priced","5/10/2024","5/24/2024","gcbsl60_refi","BSL",
"False","False","AIMCO CLO 10","div&lt;div&gt;divAAA @ 143-145 DM
br&lt;br&gt;brAA @ 175-180 DM
br&lt;br&gt;brA @ 205-210 DM
br&lt;br&gt;brSr. BBB @ 300-310 DM
br&lt;br&gt;brJr. BBB @ 425-435 DM
br&lt;br&gt;brBB @ 575-585 DM
br&lt;br&gt;br/div&lt;/div&gt;/div","AAA @ 141 DM
AA @ 175 DM
A @ 205 DM
Sr BBB @ 300 DM (27mm)
Jr BBB @ 425 DM (4.5mm)
BB @ 565 DM","Nomura","5NC2","Reset","Priced","5/9/2024","5/23/2024","aimco10_reset","BSL",
"False","False","KKR CLO 40","div&lt;div&gt;divAAA call desk
br&lt;br&gt;brAA @ 170-180 DM
br&lt;br&gt;brA @ 220-230 DM
br&lt;br&gt;brBBB @ 330-340 DM
br&lt;br&gt;brBB @ 625-650 DM/div&lt;/div&gt;/div","AAA @ 130 DM
AA @ 170 DM
A @ 220 DM
BBB @ 335 DM
BB @ 725 DM","Bank of America","2NC1","Refinancing","Priced","5/9/2024","5/28/2024","kkr40_refi","BSL",
"False","False","Saratoga Investment Corp. CLO 2013-1","div&lt;div&gt;divSr. AAA @ 130 DM
br&lt;br&gt;brJr. AAA @ 170a DM/div&lt;/div&gt;/div","Sr AAA @ 130 DM (357.5mm)
Jr AAA @ 176 DM (65mm)
","Goldman Sachs","0NC0.5","Refinancing","Priced","5/9/2024","5/17/2024","sarat2013-1_refi","BSL",
"False","False","Diameter Capital CLO 7","div&lt;div&gt;divSr. AAA call desk
br&lt;br&gt;brJr. AAA engaged
br&lt;br&gt;brAA @ 185-195 DM
br&lt;br&gt;brA @ 220-230 DM
br&lt;br&gt;brBBB @ 320-340 DM
br&lt;br&gt;brBB @ 620-640 DM
br&lt;br&gt;br/div&lt;/div&gt;/div","Sr AAA @ 148 DM (341mm)
Jr AAA @ 168 DM (11mm)
AA @ 185 DM
A @ 220 DM
BBB @ 320 DM
BB @ 610 DM","Morgan Stanley","5NC2","New Issue","Priced","5/8/2024","5/21/2024","dclo7_newissue","BSL",
"False","False","CIFC Funding 2019-VI","div&lt;div&gt;divX @ 90-95
br&lt;br&gt;brSr. AAA @ 146-147 DM
br&lt;br&gt;brJr. AAA @ 165a DM
br&lt;br&gt;brAA @ 180-185 DM
br&lt;br&gt;brA @ 220-225 DM
br&lt;br&gt;brSr. BBB @ 315-325 DM
br&lt;br&gt;brJr. BBB @ 465a DM
br&lt;br&gt;brBB @ 625-650 DM/div&lt;/div&gt;/div","X @ 100 DM
Sr AAA @ 145 DM (256mm)
Jr AAA @ 170 DM (16mm)
AA @ 180 DM
A @ 220 DM
Sr BBB @ 330 DM (24mm)
Jr BBB @ 465 DM (4mm)
BB @ 625 DM","JPMorgan","5NC2","Reset","Priced","5/8/2024","5/22/2024","cifc2019-6_reset","BSL",
"False","False","Trinitas XXIX CLO","div&lt;div&gt;divSr. AAA @ 149 DM
br&lt;br&gt;brJr. AAA @ 169 DM
br&lt;br&gt;brAA @ 190 DM
br&lt;br&gt;brA @ 235 DM
br&lt;br&gt;brBBB @ 325 DM
br&lt;br&gt;brBB @ 625-640 DM/div&lt;/div&gt;/div","Sr AAA @ 149 DM (310mm)
Jr AAA @ 170 DM (15mm)
AA @ 190 DM
AA (fixed) @ 5.975%
A @ 235 DM
Sr BBB @ 340 DM (27.5mm)
Jr BBB @ 450 DM (6.25mm)
BB @ 650 DM","CIBC","5NC2","New Issue","Priced","5/8/2024","5/17/2024","trnts29_newissue","BSL",
"False","False","Golub Capital Partners Short Duration 2022-1","div&lt;div&gt;divAAA @ 150 DM
br&lt;br&gt;brAA @ 210 DM
br&lt;br&gt;brA @ 275 DM
br&lt;br&gt;brBBB @ 460 DM/div&lt;/div&gt;/div","AAA @ 145 DM
AA @ 200 DM
A @ 275 DM
BBB @ 460 DM","GreensLedge",,"Reset","Priced","5/8/2024","6/7/2024","gshor22-1_reset","MM",
"False","False","Man US CLO 2024-1","div&lt;div&gt;divAAA @ 155-157 DM
br&lt;br&gt;brAA @ 200-210 DM
br&lt;br&gt;brA @ 255-265 DM
br&lt;br&gt;brSr. BBB @ 375-400 DM
br&lt;br&gt;brJr. BBB @ 520-540 DM
br&lt;br&gt;brBB @ 700-725 DM
br&lt;br&gt;br/div&lt;/div&gt;/div","AAA @ 155 DM
AA @ 210 DM
AA (fixed) @ 6.072%
A @ 2.65%
Sr BBB @ 395 DM (24mm)
Jr BBB @ 520 DM (4mm)
BB @ 12mm","JPMorgan","5NC2","New Issue","Priced","5/8/2024","6/4/2024","glgu2024-1_newissue","BSL",
"False","False","OZLM XV","div&lt;div&gt;divAAA @ 122 DM
br&lt;br&gt;brAA @ 190 DM
br&lt;br&gt;brA @ 240 DM/div&lt;/div&gt;/div",,"CIBC","1NC0.5","Refinancing","Priced","5/8/2024","5/10/2024","ozlm15_refi","BSL",
"False","False","Park Blue CLO 2024-V","div&lt;div&gt;divSr. AAA @ 150-152 DM
br&lt;br&gt;brJr. AAA @ 170 DM
br&lt;br&gt;brAA @ 190 DM/div&lt;/div&gt;/div","Sr AAA @ 148 DM (248mm)
Jr AAA (fixed) @ +170
AA @ 180 DM
A @ 220 DM
BBB @ 320 DM
BB @ 620 DM","Jefferies","5NC2","New Issue","Priced","5/8/2024","5/23/2024","pkblu5_newissue","BSL",
"False","False","Jamestown CLO XV","div&lt;div&gt;divX @ 100-105
br&lt;br&gt;brSr. AAA @ 136-138 DM
br&lt;br&gt;brJr. AAA @ 165 DM
br&lt;br&gt;brAA @ 185-190 DM
br&lt;br&gt;brA @ 240-245 DM
br&lt;br&gt;brBBB @ 375-385 DM
br&lt;br&gt;brBB @ 700-725 DM/div&lt;/div&gt;/div","X @ 105 DM
Sr AAA @ 137 DM (263.5mm)
Jr AAA @ 170 DM (12.75mm)
Sr AA @ 185 DM (31.875mm)
Jr AA @ 215 DM (14.875mm)
A @ 245 DM
BBB @ 385 DM
BB @ 725 DM","Barclays","3NC1","Reset","Priced","5/8/2024","5/28/2024","jtwn15_reset","BSL",
"False","False","Buttermilk Park CLO","div&lt;div&gt;divSr. AAA @ 108-110 DM ($273.36mm)
br&lt;br&gt;brJr. AAA @ 130-135 DM ($18.75mm)
br&lt;br&gt;brAA @ 160-165 DM
br&lt;br&gt;brA @ 195-200 DM
br&lt;br&gt;brBBB @ 300-310 DM
br&lt;br&gt;brBB call desk/div&lt;/div&gt;/div","Sr AAA @ 108 DM (273.36mm)
Jr AAA @ 137 DM (18.75mm)
AA @ 160 DM
A @ 195 DM
BBB @ 295 DM","Goldman Sachs","0NC0.5","Refinancing","Priced","5/8/2024","5/17/2024","bmilk_refi","BSL",
"False","False","Ares Loan Funding VI","div&lt;div&gt;divSr. AAA call desk
br&lt;br&gt;brJr. AAA @ 160-170 DM
br&lt;br&gt;brAA @ 180-190 DM
br&lt;br&gt;brA @ 220-230 DM
br&lt;br&gt;brBBB @ 320-340 DM
br&lt;br&gt;brBB @ 610-630 DM/div&lt;/div&gt;/div","Sr AAA @ 147 DM (320mm)
Jr AAA @ 167 DM (10mm)
AA @ 175 DM
A @ 215 DM
BBB @ 315 DM
BB @ 640 DM","Morgan Stanley","5NC2","New Issue","Priced","5/7/2024","5/24/2024","areslf6_newissue","BSL",
"False","False","Voya CLO 2016-3","div&lt;div&gt;divSr. AAA @ 115 DM
br&lt;br&gt;brJr. AAA @ 135-140 DM/div&lt;/div&gt;/div","Sr. AAA @ 115 DM ($300.5mm)
Jr. AAA @ 135 DM
AA @ 170 DM
A @ 225 DM","RBC","0NC0.5","Refinancing","Priced","5/7/2024","5/14/2024","voya2016-3_refi","BSL",
"False","False","Sound Point CLO XXI","div&lt;div&gt;divAAA @ 130 DM/div&lt;/div&gt;/div",,"Barclays",,"Refinancing","Priced","5/7/2024","5/7/2024","sndpt21_refi","BSL",
"False","False","Apidos CLO XLVIII","div&lt;div&gt;divSr. AAA @ 144-146 DM
br&lt;br&gt;brJr. AAA subject
br&lt;br&gt;brAA @ 175-180 DM
br&lt;br&gt;brA @ 215-220 DM
br&lt;br&gt;brSr. BBB @ 300-310 DM
br&lt;br&gt;brJr. BBB @ 425-435 DM
br&lt;br&gt;brBB @ 565-575 DM/div&lt;/div&gt;/div","Sr AAA @ 144 DM (320mm)
Jr AAA @ 164 DM (10mm)
AA @ 170 DM
A @ 205 DM
Sr BBB @ 300 DM (30mm)
Jr BBB @ 430 DM (5mm)
BB @ 575 DM
B retained","Barclays","5NC2","New Issue","Priced","5/6/2024","5/20/2024","apid48_newissue","BSL",
"False","False","Silver Point SCF CLO III","div&lt;div&gt;divAAA preplaced
br&lt;br&gt;brAA @ 220a DM
br&lt;br&gt;brA retained/div&lt;/div&gt;/div","AAA @ 193 DM
AA @ 220 DM
A retained","Bank of America","4NC2","New Issue","Priced","5/6/2024","5/15/2024","sp3_newissue","MM",
"False","False","Sound Point CLO 39","div&lt;div&gt;divSr. AAA call desk
br&lt;br&gt;brJr. AAA @ 175 DM
br&lt;br&gt;brAA @ 195 DM (preplaced)
br&lt;br&gt;brA @ 245 DM (preplaced)
br&lt;br&gt;brBBB @ 340 DM
br&lt;br&gt;brBB @ 650 DM
br&lt;br&gt;br/div&lt;/div&gt;/div","Sr. AAA @ 154 DM
Jr. AAA @ 175 DM
AA @ 195 DM
A @ 245 DM
Sr. BBB @ 350 DM
Jr. BBB @ 475 DM
BB @ 650 DM","Barclays","5NC2","New Issue","Priced","5/6/2024","5/13/2024","sndpt39_newissue","BSL",
"False","False","Regatta XV Funding","div&lt;div&gt;divSr. AAA @ 120 DM
br&lt;br&gt;brJr. AAA @ 165-170 DM
br&lt;br&gt;brAA @ 205-210 DM/div&lt;/div&gt;/div",,"Citigroup","0NC0.5","Refinancing","Priced","5/6/2024","5/9/2024","reg15_refi","BSL",
"False","False","OFSI BSL IX CLO","div&lt;div&gt;divAAA @ 119 DM
br&lt;br&gt;brAA @ 175-180 DM/div&lt;/div&gt;/div","AAA @ S+119 bps
AA @ S+180 bps
AA fixed @ 6.2568%","Goldman Sachs","0NC0.5","Refinancing","Priced","5/6/2024","5/13/2024","ofsbs9_refi","BSL",
"False","False","Cerberus Loan Funding XLVII","div&lt;div&gt;divAAA @ 180-185 DM/div&lt;/div&gt;/div","AAA @ 175 DM
AA @ 195 DM
A @ 255 DM
BBB @ 435 DM","Bank of America","4NC2","New Issue","Priced","5/6/2024","5/23/2024","cerb47_newissue","MM",
"False","False","OHA Loan Funding 2016-1","div&lt;div&gt;divAAA call desk
br&lt;br&gt;brJr. AAA @ 165 DM
br&lt;br&gt;brAA @ 175-180 DM
br&lt;br&gt;brA @ 215a DM
br&lt;br&gt;brSr. BBB @ 300-310 DM
br&lt;br&gt;brJr. BBB @ 425-435 DM
br&lt;br&gt;brBB @ 560-575 DM/div&lt;/div&gt;/div","Sr AAA @ 146 DM (372mm)
Jr AAA @ 165 DM (30mm)
AA @ 170 DM
AA (fixed) @ 5.79%
A @ 210 DM
Sr BBB @ 305 DM (36mm)
Jr BBB @ 435 DM (6mm)
BB @ 570 DM","Bank of America","5NC2","Reset","Priced","5/6/2024","5/20/2024","ohalf2016-1_reset","BSL",
"False","False","RAD CLO 25","div&lt;div&gt;divSr. AAA @ 148-150 DM
br&lt;br&gt;brJr. AAA @ 165-170 DM
br&lt;br&gt;brAA @ 180-185 DM
br&lt;br&gt;brA @ 220-225 DM
br&lt;br&gt;brSr. BBB @ 315-325 DM
br&lt;br&gt;brJr. BBB @ 435-445 DM
br&lt;br&gt;brBB @ 600-615 DM/div&lt;/div&gt;/div","Sr. AAA @ 146 DM (256mm)
Jr. AAA @ 166 DM (8mm)
AA @ 180 DM
A @ 205 DM
Sr. BBB @ 315 DM
Jr. BBB @ 445 Dm
BB @ 600 DM","Nomura","5NC2","New Issue","Priced","5/6/2024","5/16/2024","rad25_newissue","BSL",
"False","False","Symphony CLO 44","div&lt;div&gt;divAAA @ 148-149 DM/div&lt;/div&gt;/div","AAA @ 148 DM
AA @ 180 DM
Sr A @ 220 DM (17mm)
Jr A @ 255 DM (7mm)
BBB @ 320 DM
BB @ 615 DM","BNP Paribas","5NC2","New Issue","Priced","5/3/2024","5/20/2024","symp44_newissue","BSL",
"False","False","HPS Loan Management 2024-20","div&lt;div&gt;divAAA preplaced
br&lt;br&gt;brAA @ 185-190 DM
br&lt;br&gt;brA @ 220-225 DM
br&lt;br&gt;brSr. BBB @ 320-330 DM
br&lt;br&gt;brJr. BBB @ 450a DM
br&lt;br&gt;brBB @ 600-620 DM/div&lt;/div&gt;/div","Sr. AAA @ 155 DM ($252mm)
Jr. AAA @ 168 DM ($4mm)
AA @185 DM
AA (fixed) @ 5.792%
A @ 220 DM
Sr. BBB @ 330 DM
Jr. BBB @ 450 DM
BB @ S+620 bps","JPMorgan","5NC2","New Issue","Priced","5/3/2024","5/15/2024","hlm20_newissue","BSL",
"False","False","Black Diamond CLO 2019-2","div&lt;div&gt;divSr AAA @ 132 DM (310mm)
br&lt;br&gt;brJr AAA @ 170 DM (15mm)
br&lt;br&gt;brAA @ 220 DM
br&lt;br&gt;brA @ 275 DM
br&lt;br&gt;brBBB @ 395 DM/div&lt;/div&gt;/div",,"Mizuho","1.5NC0.5","Refinancing","Priced","5/3/2024","5/16/2024","black2019-2_refi","BSL",
"False","False","Vibrant CLO XII","A1ARR (Sr AAA) @ 115 DM ($288mm)
A1BRR (Jr AAA) @ 145-150 ($9mm)
A2RR (AA) @ 160-165 DM
BRR (A) @ 185-190 DM
CRR (BBB) @ 315-325 DM
DRR (BB) @ 575-590 DM","Sr. AAA @ 142 DM ($288mm)
Jr. AAA @ 178 DM ($9mm)
Sr. AA @ 190 DM ($31.5mm)
Jr. AA @ 225 DM ($13.5mm)
A @ 250 DM
Sr. BBB @ 375 DM
Jr. BBB @ 500 DM
BB @ 725 DM","BNP Paribas","2NC1","Refinancing","Priced","5/2/2024","5/16/2024","vibr12_refi","BSL",
"False","False","Madison Park Funding XXIV",,"AAA @ 112 DM
AA @ 155 DM
A @ 205 DM
BBB @ 295 DM
BB @ 705 DM","JPMorgan","0NC0.5","Refinancing","Priced","5/2/2024","5/14/2024","mdpk24_refi","BSL",
"False","False","Neuberger Berman Loan Advisers CLO 56",,"Sr AAA @ 145 DM
Jr AAA @ 165 DM
AA @ 175 DM
A @ 210 DM
BBB @ 310 DM
BB @ 575 Dm","Citigroup","5NC2","New Issue","Priced","5/2/2024","5/17/2024","neub56_newissue","BSL",
"False","False","Sixth Street CLO XXV","div&lt;div&gt;divAAA @ 148 DM
br&lt;br&gt;brAA @ 185-190 DM
br&lt;br&gt;brA @ 215 DM/div&lt;/div&gt;/div","AAA @ 148 DM
AA @ 180 DM
A @ 215 DM
Sr. BBB @ 315 DM
Jr. BBB @ 450 DM
BB @ 600 DM","Citigroup","5NC2","New Issue","Priced","5/2/2024","5/15/2024","sixst25_newissue","BSL",
"False","False","Golub Capital Partners CLO 74(B)","div&lt;div&gt;divAAA @ 150 DM
br&lt;br&gt;brAA @ 185 DM
br&lt;br&gt;brA @ 220-225 DM
br&lt;br&gt;brSr. BBB @ 320-325 DM
br&lt;br&gt;brJr. BBB @ 450 DM
br&lt;br&gt;brBB @ 600-610 DM/div&lt;/div&gt;/div","AAA @ 150 DM
AA @ 185 DM
A @ 220 DM
Sr BBB @ 320 DM (36mm)
Jr BBB @ 450 DM (4.5mm)
BB @ 610 DM","Mitsubishi","5NC2","New Issue","Priced","5/2/2024","5/20/2024","gcbsl74_newissue","BSL",
"False","False","Generate CLO 16",,"Sr AAA @ 154 DM (270mm)
Jr AAA @ 170 DM (22.5mm)
AA @ 185 DM
A @ 215 DM
Sr BBB @ 325 DM
Jr BBB @ 450 DM
BB @ 615 DM","Bank of America","5NC2","New Issue","Priced","5/2/2024","5/17/2024","gnrt16_newissue","BSL",
"False","False","Crown City CLO VI",,"X @ 105 DM
Sr AAA @ 150 DM (248mm)
Jr AAA @ 170 DM (16mm)
AA @ 185 DM
A @ 230 DM
BBB @ 350 DM
BBB (fixed) @ 8.676%
BB @ 650 DM","Morgan Stanley","5NC2","New Issue","Priced","5/2/2024","5/30/2024","ccty6_newissue","BSL",
"False","False","Anchorage Capital CLO 7","div&lt;div&gt;divAAA @ 156 DM
br&lt;br&gt;brAA @ 210 DM
br&lt;br&gt;brA @ 250 DM
br&lt;br&gt;brBBB @ 370-380 DM
br&lt;br&gt;brBB @ 685-700 DM/div&lt;/div&gt;/div","X @ 135 DM
AAA @ 156 DM
AA @ 205 DM
A @ 245 DM
BBB @ 380 DM
BB @ 700 DM","Jefferies","5NC2","Reset","Priced","5/2/2024","5/16/2024","anchc7_reset","BSL",
"False","False","Voya 2024-2 CLO","div&lt;div&gt;divSr. AAA: preplaced
br&lt;br&gt;brJr. AAA: 170 DM
br&lt;br&gt;brAA: 185-190 DM
br&lt;br&gt;brA: 225-250 DM
br&lt;br&gt;brBBB: 330-335 DM
br&lt;br&gt;brBB: 600-610 DM/div&lt;/div&gt;/div","Sr AAA @ 146 DM (320mm)
Jr AAA @ 170 DM (15mm)
AA @ 180 DM
A @ 225 DM
BBB @ 320 DM
BB @ 605 DM","Scotia","5NC2","New Issue","Priced","5/1/2024","5/21/2024","voya2024-2_newissue","BSL",
"False","False","MidOcean Credit CLO XV",,,"Goldman Sachs","5NC2","New Issue","Priced","5/1/2024","5/10/2024","mido15_newissue","BSL",
"False","False","Elmwood CLO 30","div&lt;div&gt;divAAA @ 143 DM
br&lt;br&gt;brAA @ 175 DM
br&lt;br&gt;brA @ 205-210 DM
br&lt;br&gt;brSr. BBB @ 300-310 DM
br&lt;br&gt;brJr. BBB @ 425a DM
br&lt;br&gt;brBB call desk/div&lt;/div&gt;/div","AAA @ 143 DM
AA @ 175 DM
A @ 210 DM
Sr BBB @ 310 DM (33mm)
Jr BBB @ 425 DM (5.5mm)
BB retained
B retained","Goldman Sachs","5NC2","New Issue","Priced","5/1/2024","5/23/2024","elm30_newissue","BSL",
"False","False","ZAIS CLO 14","div&lt;div&gt;divSr. AAA @ 115 DM
br&lt;br&gt;brJr. AAA @ 130 DM
br&lt;br&gt;brAA @ 150 DM
br&lt;br&gt;brA @ 200 DM
br&lt;br&gt;brBBB @ 300 DM/div&lt;/div&gt;/div",,"Santander",,"Refinancing","Priced","5/1/2024","5/7/2024","zais14_refi","BSL",
"False","False","Carlyle US CLO 2017-2","div&lt;div&gt;divX @ 100 DM
br&lt;br&gt;brAAA @ 149-150 DM
br&lt;br&gt;brAA @ 190-195 DM
br&lt;br&gt;brA @ 240-245 DM
br&lt;br&gt;brBBB @ 350-370 DM
br&lt;br&gt;brBB @ 675-690/div&lt;/div&gt;/div","X @ S+100 bps
AAA @ S+149 bps
AA @ S+190 bps
A @ S+240 bps
Sr. BBB @ S+355 bps
Jr. BBB @ S+475 bps
BB @ S+756 bps","Citigroup","5NC2","Reset","Priced","5/1/2024","5/13/2024","cgms2017-2_reset","BSL",
"False","False","Balboa Bay Loan Funding 2024-1","div&lt;div&gt;divSr. AAA call desk
br&lt;br&gt;brJr. AAA @ 170a DM
br&lt;br&gt;brAA @ 185-190 DM
br&lt;br&gt;brA @ 225-235 DM
br&lt;br&gt;brBBB @ 355-370 DM
br&lt;br&gt;brBB @ 625-650 DM
br&lt;br&gt;br/div&lt;/div&gt;/div","Sr AAA @ 151 DM (244mm)
Jr AAA @ 170 DM (16mm)
AA @ 185 DM
AA (fixed) @ 5.926%
Sr A @ 210 DM (16mm)
Jr A @ 255 DM (8mm)
Sr BBB @ 320 DM (21mm)
Jr BBB @ 475 DM (7mm)
BB @ S+625 bps","JPMorgan","5NC2","New Issue","Priced","5/1/2024","5/17/2024","boba2024-1_newissue","BSL",
"False","False","Apex Credit CLO 2020-1","div&lt;div&gt;divX @ 115 DM
br&lt;br&gt;brSr. AAA @ 145 DM
br&lt;br&gt;brJr. AAA @ 165 DM
br&lt;br&gt;brAA @ 200 DM
br&lt;br&gt;brA @ 250 DM
br&lt;br&gt;brBBB @ 400 DM
br&lt;br&gt;brBB @ 750 DM/div&lt;/div&gt;/div","X @ 115 DM
Sr AAA @ 145 DM (198.39mm)
Jr AAA @ 175 DM (6.4mm)
AA @ 210 DM
A @ 265 DM
BBB @ 432 DM
BB @ S+7.31%","Jefferies","3NC1","Reset","Priced","5/1/2024","5/24/2024","apexc2020-1_reset","BSL",
"False","False","Symphony CLO XVI",,,"Mizuho",,"Refinancing","Priced","4/30/2024","5/6/2024","symp16_refi","BSL",
"False","False","Magnetite XL","div&lt;div&gt;divSr. AAA @ 145-147 DM
br&lt;br&gt;brJr. AAA @ 165 DM
br&lt;br&gt;brAA Floater @ 175-180 DM
br&lt;br&gt;brAA Fixed @ 175-180
br&lt;br&gt;brA @ 220-225 DM
br&lt;br&gt;brBBB @ 315a
br&lt;br&gt;brBB @ 590a/div&lt;/div&gt;/div",,"Citigroup","5NC2","New Issue","Priced","4/29/2024","5/10/2024","magne40_newissue","BSL",
"False","False","Madison Park Funding LIX","div&lt;div&gt;divSr. AAA @ 150 DM
br&lt;br&gt;brJr. AAA @ 165-170 DM
br&lt;br&gt;brAA @ 192 DM
br&lt;br&gt;brA @ 220-230 DM
br&lt;br&gt;brSr. BBB @ 325-335 DM
br&lt;br&gt;brJr. BBB @ 450-460 DM
br&lt;br&gt;brBB @ 600-625 DM/div&lt;/div&gt;/div","Sr. AAA @ 150 DM ($441mm)
Jr. AAA @ 170 DM ($21mm)
AA @ 192 DM
A @ 225 DM
Sr. BBB @ 330 DM
Sr. BBB (fixed) @ 7.284%
Jr. BBB (fixed) @ 8.482%
BB @ S+640 bps
B retained","JPMorgan","5NC2","Reset","Priced","4/29/2024","5/15/2024","mdpk59_reset","BSL",
"False","False","Northwoods Capital XIV-B",,,"Nomura",,"Refinancing","Priced","4/29/2024","5/6/2024","woods14b_refi","BSL",
"False","False","Barings CLO 2019-IV","div&lt;div&gt;divAAA @ 149-150 DM
br&lt;br&gt;brAA @ 185-190 DM
br&lt;br&gt;brA @ 220-230 DM
br&lt;br&gt;brSr. BBB @ 330a DM
br&lt;br&gt;brJr. BBB @ 450a DM
br&lt;br&gt;brBB @ 600-625 DM/div&lt;/div&gt;/div","AAA @ 147 DM
AA @ 185 DM
A @ 220 DM
Sr. BBB @ 330 DM
Jr. BBB @ 460 DM
BB @ 800 DM","JPMorgan","5NC2","Reset","Priced","4/29/2024","5/13/2024","babsn2019-4_reset","BSL",
"False","False","OCP CLO 2024-33",,,"JPMorgan","5NC2","New Issue","Priced","4/29/2024","5/10/2024","ocp33_newissue","BSL",
"False","False","Eaton Vance CLO 2019-1",,,"Bank of America","5NC2","Reset","Priced","4/26/2024","5/9/2024","eaton2019-1_reset","BSL",
"False","False","RR 8",,,"Goldman Sachs",,"Reset","Priced","4/26/2024","5/3/2024","rr8_reset","BSL",
"False","False","Dryden 40 Senior Loan Fund",,,"JPMorgan",,"Refinancing","Priced","4/26/2024","5/3/2024","drslf40_refi","BSL",
"False","False","Benefit Street Partners CLO XIX","div&lt;div&gt;divAAA @ 120 DM
br&lt;br&gt;brAA @ 170 DM
br&lt;br&gt;brA @ 210 DM
br&lt;br&gt;brBBB @ 310 DM
br&lt;br&gt;brBB @ 575 DM/div&lt;/div&gt;/div",,"JPMorgan","0.75NC0.5","Refinancing","Priced","4/26/2024","5/9/2024","bsp19_refi","BSL",
"False","True","AMMC CLO 28",,"Sr. AAA @ 155 DM ($235.5mm)
Sr. AAA (fixed) @ 5.703% ($12.5mm)
Jr. AAA @ 173 DM ($16mm)
AA @ 195 DM
A @ 240 DM
Sr. BBB @ 350 DM
Jr. BBB @ 450 DM
BB @ 670 DM","Jefferies","5NC2","New Issue","Priced","4/25/2024","5/14/2024","ammc28_newissue","BSL",
"False","False","Ares XXVIII CLO",,,"CIBC",,"Refinancing","Priced","4/25/2024","5/3/2024","ares28_refi","BSL",
"False","False","Orion CLO 2024-3",,,"JPMorgan",,"New Issue","Priced","4/25/2024","5/3/2024","antor3_newissue","BSL",
"False","False","Elmwood CLO IV",,,"BNP Paribas",,"Reset","Priced","4/25/2024","5/6/2024","elm4_reset","BSL",
"False","False","Nassau 2024-1",,"X @ 115 DM
Sr AAA @ 160 DM (240mm)
Jr AAA @ 180 DM (12mm)
AA @ 210 DM
A @ 265 DM
Sr BBB @ 420 DM
Sr BBB (fixed) @ 8.24%
Jr BBB @ 500 DM
BB @ S+873 bps
B retained","Jefferies","5NC2","New Issue","Priced","4/25/2024","5/17/2024","ncc2024-1_newissue","BSL",
"False","False","Mountain View CLO XV",,,"Mitsubishi","5NC2","Reset","Priced","4/23/2024","5/9/2024","mvew15_reset","BSL",
"False","False","Trinitas CLO XIV",,,"Citigroup","1.75NC0.75","Refinancing","Priced","4/23/2024","5/10/2024","trnts14_refi","BSL",
"False","False","CBAM 2018-8",,,"Morgan Stanley","5NC2","Reset","Priced","4/23/2024","5/10/2024","cbam8_reset","BSL",
"False","False","Hayfin US XV","div&lt;div&gt;divSr. AAA: Preplaced
br&lt;br&gt;brJr. AAA: 170-180 DM
br&lt;br&gt;brAA: Preplaced
br&lt;br&gt;brA: 255-265 DM
br&lt;br&gt;brSr. BBB: 380-400 DM
br&lt;br&gt;brJr. BBB: 500-525 DM
br&lt;br&gt;brBB: 700a @ 99a/div&lt;/div&gt;/div",,"Morgan Stanley","5NC2","New Issue","Priced","4/22/2024","5/10/2024","hayfn15_newissue","BSL",
"False","False","Palmer Square Loan Funding 2024-3",,,"Citigroup",,"New Issue","Priced","4/22/2024","5/3/2024","pstat2024-3_newissue","BSL",
"False","True","Bain Capital Credit CLO 2024-3","div&lt;div&gt;divAAA: 147-150 DM
br&lt;br&gt;brAA: 180-190 DM/div&lt;/div&gt;/div","Sr. AAA @ 148 DM ($320mm)
Jr. AAA @ 170 DM ($15mm)
AA @ 185 DM
A @ 205 DM
Sr. BBB @ 320 DM
Jr. BBB @ 440 DM
BB @ 625 DM","Jefferies","5NC2","New Issue","Priced","4/22/2024","5/16/2024","bcc2024-3_newissue","BSL",
"False","True","OHA Credit Partners XI","div&lt;div&gt;divSr. AAA @ 147a DM
br&lt;br&gt;brJr. AAA @ 167a DM
br&lt;br&gt;brAA @ 180-185 DM
br&lt;br&gt;brAA (fixed) @ T+180-185 bps
br&lt;br&gt;brA @ 220-225 DM
br&lt;br&gt;brSr. BBB @ 310-320 DM
br&lt;br&gt;brJr. BBB @ 425-435 DM
br&lt;br&gt;brBB @ 575-590 DM/div&lt;/div&gt;/div","Sr. AAA @ 146 DM ($252mm)
Jr. AAA @ 170 DM ($18mm)
AA @ 180 DM
AA (fixed) @ 5.920%
A @ 220 DM
Sr. BBB @ 310 DM ($24mm)
Jr. BBB @ 435 DM ($4mm)
BB @ 585 DM","CIBC","5NC2","Reset","Priced","4/22/2024","5/6/2024","ohacp11_reset","BSL",
"False","False","RAD CLO 16",,,"Goldman Sachs",,"Reset","Priced","4/22/2024","5/3/2024","rad16_reset","BSL",
"False","False","Wind River 2020-1",,,"Morgan Stanley","5NC2","Reset","Priced","4/22/2024","5/10/2024","windr2020-1_reset","BSL",
"False","False","PennantPark CLO II",,,"Capital One",,"Reset","Priced","4/18/2024","5/7/2024","pntpk2_reset","MM",
"False","False","ABPCI Direct Lending Fund CLO XVII",,,"GreensLedge",,"New Issue","Priced","4/16/2024","5/2/2024","abpci17_newissue","MM",
"False","True","720 East CLO V","div&lt;div&gt;divSr. AAA @ 153-155 DM
br&lt;br&gt;brJr. AAA @ 170-175 DM
br&lt;br&gt;brAA @ 195a DM
br&lt;br&gt;brA @ 230-240 DM
br&lt;br&gt;brBBB @ 365-375 DM
br&lt;br&gt;brBB @ 615-640 DM/div&lt;/div&gt;/div","Sr. AAA @ 153 DM ($283.5mm)
Jr. AAA @ 173 DM ($31.5mm)
AA @ 185 DM
A @ 220 DM
BBB @ 350 DM
BB @ 630 DM","Bank of America","5NC2","New Issue","Priced","4/16/2024","5/2/2024","nwml2024-2_newissue","BSL",
"False","False","Generate CLO 5",,"X @ 105 DM
AAA @ 158 DM
AA @ 200 DM
A @ 250 DM
Sr. BBB @ 370 DM
Jr. BBB @ 510 DM
BB @ 665 DM","Goldman Sachs","5NC2","Reset","Priced","4/15/2024","5/2/2024","gnrt5_reset","BSL",
"False","False","CIFC Funding 2024-III",,,"Barclays",,"New Issue","Priced","4/15/2024","5/7/2024","cifc2024-3_newissue","BSL",
"False","False","Invesco U.S. CLO 2024-3",,,"Bank of America",,"New Issue","Priced","4/9/2024","5/2/2024","invco2024-3_newissue","BSL",
"False","False","Octagon 63",,"Sr AAA @ 151 DM (240mm)
Jr AAA @ 171 DM (20mm)
AA @ 200 DM
A @ 245 DM
BBB @ 375 DM
BB @ 650 DM
B retained","RBC","5NC2","New Issue","Priced","3/28/2024","4/10/2024","oct63_newissue","BSL",
"False","False","Jefferson Mill 2015-1",,"AAA @ 123 DM
AA @ 200 DM
A @ 255 DM","CIBC","0NC1","Refinancing","Priced","3/20/2024","3/28/2024","jeffm2015-1_refi","BSL",
"False","False","Wellfleet CLO 2024-1",,,"Citigroup",,"New Issue","Priced","3/18/2024","5/8/2024","welf2024-1_newissue","BSL",
"False","False","Fortress Credit BSL XXI",,"AAA @ 160 DM
AA @ 225 DM
A @ 280 DM
BBB @ 475 DM
BB @ 800 DM","BNP Paribas","5NC2","New Issue","Priced","3/14/2024","3/27/2024","fcbsl21_newissue","BSL",
"False","False","Allegro CLO XI",,"Sr AAA @ 125 DM (228.2mm)
Jr AAA @ 145 DM (4mm)
AA @ 190 DM
A @ 253 DM
BBB @ 370 DM
BB @ 650 DM","Natixis","0.75NC0.5","Refinancing","Priced","3/13/2024","3/28/2024","alleg11_refi","BSL",
"False","False","Golub Capital Partners CLO 46(M)",,"AAA @ 181 DM
AAA (fixed) @ 5.779% (N+181 bps)
AA @ 230 DM
A @ 305 DM
BBB @ 495 DM","Wells Fargo","4NC2","Reset","Priced","2/13/2024","3/28/2024","gocap46_reset","MM",
"False","True","Bain Capital Credit CLO 2024-2",,"Sr. AAA @ 152 DM ($256mm)
Jr. AAA @ 170 DM ($12mm)
AA @ 200 DM
A @ 250 DM
Sr. BBB @ 370 DM
Jr. BBB @ 500 DM
BB @ 680 DM","Goldman Sachs","5NC2","New Issue","Priced","2/9/2024","3/28/2024","bcc2024-2_newissue","BSL",
"False","False","Dryden 76 CLO",,"X @ 70 DM
Sr AAA @ 115 DM (248mm)
Jr AAA @ 140 DM (8mm)
AA @ 160 DM
A @ 200 DM
BBB @ 330 DM
BB @ 650 DM","BNP Paribas","5NC2","Reset","Priced","10/6/2021","10/15/2021","drslf76_reset","BSL",
"False","False","Anchorage Capital CLO 7",,,"Morgan Stanley",,"New Issue","Priced","5/6/2015","8/17/2015","anchc7_newissue","BSL",
"False","False","Empower CLO 2024-2",,"Sr AAA @ 152 DM (256mm)
Jr AAA @ 170 DM (8mm)
AA @ 180 DM
A @ 210 DM
BBB @ 320 DM
BB @ 605 Dm","Mizuho","5NC2","New Issue","Priced",,"5/24/2024","empwr2024-2_newissue","BSL",
"False","False","Bain Capital Credit CLO 2017-2",,"Sr AAA @ 140 DM (321.15mm)
Jr AAA @ 160 DM (15.04mm)
AA @ 175 DM
A @ 220 DM
Sr BBB @ 350 DM (30.14mm)
Jr BBB @ 445 DM (5.02mm)
BB @ 750 DM","Nomura","5NC2","Reset","Priced",,"6/24/2024","bcc2017-2_reset","BSL",
"False","False","Dryden 85 CLO","div&lt;div&gt;divAAA @ H130s DM/div&lt;/div&gt;/div","Sr AAA @ 138 DM (288mm)
Jr AAA @ 158 DM
AA @ 180 DM
A @ 210 DM
Sr BBB @ 310 DM (20.25mm)
Jr BBB @ 495 DM (11.25mm)
BB @ 700 DM","JPMorgan","5NC2","Reset","Priced",,"6/24/2024","drslf85_reset","BSL",
"False","False","Rockford Tower CLO 2022-3",,"AAA @ 144 DM
AA @ 180 DM
A @ 215 DM
Sr BBB @ 335 DM
Jr BBB @ 510 DM
BB @ S+7.42%","Mizuho","5NC2","Reset","Priced",,"7/10/2024","rockt2022-3_reset","BSL",
"False","False","TIAA CLO IV",,"Sr AAA @ 114 DM (246.85mm)
Jr AAA @ 135 DM (28mm)
AA @ 175 DM
A @ 215 DM
BBB @ 315 DM","Mizuho","0NC0.5","Refinancing","Priced",,"6/28/2024","tiaa4_refi","BSL",
"False","False","Anchorage Capital CLO 10",,"Sr AAA @ 110 DM
Jr AAA @ 130 DM
AA @ 170 DM
A @ 205 DM
BBB @ 295 DM
BB @ 575 DM","Mizuho","0NC0.5","Refinancing","Priced",,"6/27/2024","anchc10_refi","BSL",
"False","False","Venture 37 CLO",,"Sr AAA @ 125 DM (306.25mm)
Jr AAA @ 150 DM (18.75mm)
AA @ 175 DM
A @ 235 DM","Jefferies","1NC0.75","Refinancing","Priced",,"5/30/2024","ventr37_refi","BSL",
"False","False","Bain Capital Credit CLO 2024-1",,"Sr AAA @ 175 DM (250.75mm)
Jr AAA @ 195 DM (12.75mm)
AA @ 205 DM
A @ 275 DM
BBB @ 450 DM
BB retained","Natixis","4NC2","New Issue","Priced",,"5/30/2024","bcc2024-1_newissue","BSL",
"False","False","Golub Capital Partners CLO 28(M)-R2",,"Sr AAA @ 160 DM (323.9mm)
Jr AAA @ 175 DM (19.35mm)
AA @ 185 DM
A @ 235 DM
BBB @ 395 DM","Wells Fargo","5NC2","Reset","Priced",,"8/9/2024","gocap28m-r2_reset","MM",
"False","False","Neuberger Berman Loan Advisers CLO 24",,"AAA @ 136 DM
AA @ 175 DM
A @ 210 DM
Sr BBB @ 300 DM (24mm)
Jr BBB @ 415 DM (4mm)
BB @ 700 DM","Wells Fargo","5NC2","Reset","Priced",,"8/8/2024","neub24_reset","BSL",
"False","False","Fortress Credit Opportunities VI CLO",,"Sr AAA @ 170 DM (161mm)
Jr AAA @ 185 DM (9mm)
AA @ 205 DM
A @ 265 DM
BBB @ 465 DM
BB @ 825 DM","Natixis","4NC2","Reset","Priced",,"8/13/2024","fco6_reset","MM",
"False","False","Barings Middle Market Loan Partners 2",,"X @ 120 DM
AAA @ 167 DM
AA @ 205 DM
A @ 250 DM
BBB @ 425 DM
BB @ 800 DM","Bank of America","2NC1","New Issue","Priced",,"8/16/2024","bmmlp2_newissue","MM",
"False","False","Barings Middle Market Loan Partners 1",,"X @ 120 DM
AAA @ 165 DM
AA @ 200 DM
A @ 245 DM
BBB @ 425 DM
BB @ 800 DM","Natixis",,"New Issue","Priced",,"8/16/2024","bmmlp1_newissue","MM",
"False","False","Diameter Capital CLO 8","div&lt;div&gt;divSr AAA @ 140 DM (270mm)
br&lt;br&gt;brJr AAA @ 160 DM (18mm)
br&lt;br&gt;brAA @ 180 DM
br&lt;br&gt;brA @ 210 DM
br&lt;br&gt;brBBB @ 325 DM
br&lt;br&gt;brBB @ 615 DM/div&lt;/div&gt;/div",,"JPMorgan","5NC2","New Issue","Priced",,"8/15/2024","dclo8_newissue","BSL",
"False","False","Twin Brook CLO 2024-2","div&lt;div&gt;divAAA @ 168 DM
br&lt;br&gt;brAA @ 190-200 DM
br&lt;br&gt;brA @ 240-250 DM
br&lt;br&gt;brBBB @ 400-415 DM/div&lt;/div&gt;/div","AAA @ 168 DM
AA @ 210 DM
A @ 260 DM
BBB @ 425 DM","Deutsche Bank","2NC1","New Issue","Priced",,"9/9/2024","twbrk2_newissue","MM",
"False","False","Bain Capital Credit CLO 2020-2",,"AAA @ 124 DM
AA @ 165 DM
A @ 195 DM","Mizuho","2NC1","Refinancing","Priced",,"8/26/2024","bcc2020-2_refi","BSL",
"False","False","ADS CLO 1","div&lt;div&gt;divAAA @ 135 DM
br&lt;br&gt;brAA @ 180 DM
br&lt;br&gt;brA @ 215 DM
br&lt;br&gt;brBBB @ 335 DM/div&lt;/div&gt;/div",,"Morgan Stanley","5NC2","New Issue","Priced",,"8/21/2024","ads1_newissue","BSL",
"False","False","KKR CLO 20",,"AAA @ 105 DM
AA @ 145 DM
A @ 180 DM
BBB @ 290 DM","Deutsche Bank","0NC0.5","Refinancing","Priced",,"8/29/2024","kkr20_refi","BSL",
"False","False","Flatiron CLO 21",,"Sr AAA @ 136 DM (320mm)
Jr AAA @ 158 DM (10mm)
AA @ 170 DM
A @ 200 DM
Sr BBB @ 310 DM (30mm)
Jr BBB @ 7.67% (5mm)
BB @ 590 DM","Mizuho","5NC2","Reset","Priced",,"8/29/2024","flat21_reset","BSL",
"False","False","Woodmont 2023-12",,"Sr AAA @ 140 DM (420mm)
Jr AAA @ 175 DM (14mm)
AA @ 185 DM
A @ 235 DM
BBB @ 395 DM","Bank of America","0NC1","Reset","Priced",,"9/11/2024","wdmnt12_reset","MM",
"False","False","OCP CLO 2016-12","div&lt;div&gt;divX @ 120 DM
br&lt;br&gt;brSr AAA @ 137 DM (352mm)
br&lt;br&gt;brJr AAA @ 159 DM (8.25mm)
br&lt;br&gt;brSr AA @ 168 DM (27mm)
br&lt;br&gt;brJr AA @ 185 DM (16.75mm)
br&lt;br&gt;brJr AA (fixed) @ 4.94%
br&lt;br&gt;brA @ 200 DM
br&lt;br&gt;brSr BBB @ 310 DM (33mm)
br&lt;br&gt;brJr BBB @ 425 DM (4mm)
br&lt;br&gt;brBB @ 600 DM
br&lt;br&gt;br B @ 750 DM/div&lt;/div&gt;/div",,"Mizuho","5NC2","Reset","Priced",,"9/16/2024","ocp12_reset","BSL",
"False","False","Starwood 2024-SIF4",,"AAA @ 170 DM
AA @ 210 DM
A @ 250 DM
BBB @ 400 DM","Deutsche Bank","3NC1.5","New Issue","Priced",,"9/27/2024","stwd2024-sif4_newissue","Infra",
"False","False","OCP CLO 2024-37",,"Sr AAA @ 136 DM (416mm)
Jr AAA @ 150 DM (13mm)
AA @ 168 DM
AA (fixed) @ 4.936%
A @ 190 DM
Sr BBB @ 295 DM (39mm)
Jr BBB (fixed) @ 7.342% (6.5mm)
BB @ 550 DM","BNP Paribas","5NC2","New Issue","Priced",,"9/27/2024","ocp37_newissue","BSL",
"False","False","Wellfleet CLO 2018-2",,"Sr AAA @ 108 DM (177mm)
Jr AAA @ 135 DM (54mm)
AA @ 185 DM
A @ 285 DM","Santander","0NC0.5","Refinancing","Priced",,"10/1/2024","welf2018-2_refi","BSL",
"False","False","Comvest Credit 2024-2 CLO",,"AAA @ 173 DM
AA @ 200 DM
A not offered","Deutsche Bank","4NC2","New Issue","Priced",,,"covst2024-2_newissue","MM",
"False","False","Carlyle US CLO 2024-6",,"Sr AAA @ 134 DM (360mm)
Jr AAA @ 160 DM (30mm)
AA @ 170 DM
A @ 200 DM
Sr BBB @ 300 DM (36mm)
Jr BBB (fixed) @ 7.548% (6mm)
BB @ 575 DM","Nomura","5NC2","New Issue","Priced",,"10/10/2024","cgms2024-6_newissue","BSL",
"False","False","Elmwood CLO 34",,"Sr AAA @ 137 DM (615mm)
Jr AAA @ 157 DM (45mm)
AA @ 170 DM
A @ 195 DM
Sr BBB @ 295 DM (60mm)
Jr BBB @ 425 DM (10mm)
BB @ 535 DM","Citigroup","5NC2","New Issue","Priced",,"10/11/2024","elm34_newisuse","BSL",
"False","False","KKR CLO 53",,"Sr AAA @ 137 DM (248mm)
Jr AAA @ 160 DM (16mm)
AA @ 180 DM
A @ 200 DM
Sr BBB @ 315 DM (24mm)
Jr BBB (fixed) @ 7.615% (4mm; +400bps)
BB @ 650 DM
B retained","Scotia","5NC2","New Issue","Priced",,"10/18/2024","kkr53_newissue","BSL",
"False","False","Magnetite XLVII",,"AAA @ 133 DM
AA @ 165 DM
A @ 185 DM
Sr BBB @ 285 DM (45.5mm)
Jr BBB @ 400 DM (3.5mm)
BB @ 525 DM
B @ S+7.22%","Nomura","5NC2","New Issue","Priced",,"10/17/2024","magne47_newissue","BSL",
"False","False","Bryant Park Funding 2021-17R (fka Marathon CLO 2021-17)",,"X @ 110 DM
Sr AAA @ 140 DM (267.75mm)
Jr AAA @ 162 DM (10.5mm)
AA @ 180 DM
A @ 210 DM
Sr BBB @ 325 DM (23.375mm)
Jr BBB (fixed) @ 7.783% (6.375mm)
BB @ 725 DM","Citigroup","5NC2","Reset","Priced",,"10/15/2024","brypk2021-17r_reset","BSL",
"False","False","OFSI BSL X CLO",,"AAA @ 127 DM
AA @ 183 DM","Jefferies","1.5NC1","Refinancing","Priced",,,"ofsbs10_refi","BSL",
"False","False","Golub Capital Partners CLO 44(M)-R",,"Sr AAA @ 157 DM
Jr AAA @ 175 DM
AA @ 185 DM
A @ 230 DM
BBB @ 385 DM","Societe Generale","5NC2","Reset","Priced",,"10/25/2024","gocap44_reset","MM",
"False","False","Benefit Street Partners CLO XXXVI",,"Sr AAA @ 136 DM (320mm)
Jr AAA @ 156 DM (10mm)
AA @ 165 DM
A @ 190 DM
Sr BBB @ 295 DM (30mm)
Jr BBB @ 400 DM (5mm)
BB @ 550 DM
B retained","Mizuho","5NC2","New Issue","Priced",,"10/23/2024","bsp36_newissue","BSL",
"False","False","Ares Direct Lending CLO 4",,"A @ 154 DM
B @ 183 DM","RBC","4NC2","New Issue","Priced",,"10/29/2024","aresdl4_newissue","MM",
"False","False","Palmer Square Loan Funding 2024-2",,"AAA @ 100 DM
AA @ 145 DM
A @ 170 DM
BBB @ 250 DM
BB @ 470 DM","Citigroup","0NC1","New Issue","Priced",,"10/30/2024","pstat2024-2_newissue","BSL",
"False","False","Audax CLO I",,"Sr AAA @ 162 DM (290mm)
Jr AAA @ 180 DM (10mm)
AA @ 185 DM
A @ 235 DM
BBB @ 390 DM","Wells Fargo","4NC2","Reset","Priced",,"11/1/2024","audax1_reset","MM",
"False","False","Ares XXVII CLO",,"X @ 100 DM
AAA @ 115 DM
AA @ 165 DM
A @ 185 DM
BBB @ 300 DM
BB @ 675 DM","BNP Paribas","2NC1","Refinancing","Priced",,"11/5/2024","ares27_refi","BSL",
"False","False","RAD CLO 17",,"Sr AAA @ 138 DM (315mm)
Jr AAA @ 160 DM (15mm)
AA @ 175 DM
A @ 200 DM
Sr BBB @ 295 DM (25mm)
Jr BBB (fixed) @ 7.859% (10mm)
BB @ 625 DM","Mitsubishi","5NC2","Reset","Priced",,"11/5/2024","rad17_reset","BSL",
"False","False","Sycamore Tree CLO 2021-1",,"X @ 112 DM
AAA @ 139 DM
AA @ 180 DM
A @ 205 DM
Sr BBB @ 320 DM (25mm)
Jr BBB (fixed) @ 7.969%
BB @ 700 DM","Citigroup","5NC2","Reset","Priced",,"11/4/2024","stcp2021-1_reset","BSL",
"False","False","AGL Core CLO 8",,"Sr AAA @ 133 DM (448mm)
Jr AAA @ 150 DM (14mm)
AA @ 170 DM","Mizuho","5NC2","Reset","Priced",,"11/15/2024","agl8_reset","BSL",
"False","False","Trimaran CAVU 2024-1",,"AAA @ 138 DM
AA @ 175 DM
A @ 205 DM
Sr BBB @ 315 DM (24mm)
Jr BBB @ 420 DM (4mm)
BB @ 625 DM","CIBC","5NC2","New Issue","Priced",,"11/14/2024","cavu2024-1_newissue","BSL",
"False","False","Fortress Credit Opportunities XXV CLO",,"Sr AAA @ 159 DM
Jr AAA @ 175 DM
AA @ 190 DM
A @ 240 DM
BBB @ 395 DM
BB @ 750 DM","Scotia","4NC2","New Issue","Priced",,"11/12/2024","fco25_newissue","MM",
"False","False","Bain Capital Credit CLO 2021-5",,"Sr AAA @ 115 DM (252mm)
Jr AAA @ 140 DM (15mm)
AA @ 165 DM
A @ 190 DM
BBB @ 318 DM","Mizuho","2NC1","Refinancing","Priced",,"11/12/2024","bcc2021-5_refi","BSL",
"False","False","Owl Rock CLO IX",,"AAA @ 157 DM
AA @ 185 DM
A @ 230 DM","Societe Generale","4NC2","Reset","Priced",,"11/12/2024","or9_reset","MM",
"False","False","Monroe Capital 1M 2023-1",,"A @ 235 DM
BBB (fixed) @ 8.81%
BB (fixed0 @ 11.95%","Jefferies","2NC1","Reset","Priced",,"11/12/2024","mcip2023-1_reset","MM",
"False","False","Whitebox CLO II",,"Sr AAA @ 138 DM (256mm)
Jr AAA @ 160 DM (8mm)
AA @ 175 DM
A @ 195 DM
Sr BBB @ 290 DM (24mm)
Jr BBB @ 425 DM (4mm)
BB @ 575 DM","Mizuho","5NC2","Reset","Priced",,"11/8/2024","wbox2_reset","BSL",
"False","False","OCP CLO 2024-38",,"AAA @ 133 DM
AA @ 160 DM
A @ 185 DM
Sr BBB @ 280 DM (30mm)
Jr BBB @ 395 DM (7.5mm)
BB @ 515 DM","Mizuho","5NC2","New Issue","Priced",,"11/19/2024","ocp38_newissue","BSL",
"False","False","Ares XLIII CLO",,"Sr AAA @ 135 DM (448mm)
Jr AAA @ 160 DM (14mm)
AA @ 170 DM
A @ 195 DM
Sr BBB @ 300 DM (42mm)
Jr BBB @ 410 DM (7mm)
BB @ 600 DM
B @ 900 DM","BNP Paribas","5NC2","Reset","Priced",,"11/22/2024","ares43_reset","BSL",
"False","False","BXSL CLO 2024-1",,"AAA @ 151 DM
AA @ 178 DM
A retained","RBC","4NC2","New Issue","Priced",,"11/1/2024","bxsl2024-1_newissue","MM",
"False","False","Golub Capital BDC CLO 8",,"Sr AAA @ 156 DM (1192.4mm)
Jr AAA @ 175 DM (171.6mm)","Deutsche Bank","4NC2","Reset","Priced",,"10/31/2024","gcbdc8_reset","MM",
"False","False","Carlyle US CLO 2022-2",,"Sr AAA @ 136 DM (320mm)
Jr AAA @ 156 DM (7mm)
AA @ 175 DM
A @ 200 DM
Sr BBB @ 310 DM (25mm)
Jr BBB (fixed) @ 7.786% (8.5mm)
BB @ 695 DM","Nomura","5NC2","Reset","Priced",,,"cgms2022-2_reset","BSL",
"False","False","Antares CLO 2024-6",,"Sr AAA @ 156 DM (560mm)
Jr AAA @ 175 DM (50mm)
AA @ 185 DM
A @ 230 DM 
BBB @ 380 DM
BB not offered","Deutsche Bank","4NC2","New Issue","Priced",,"10/31/2024","antr2024-6_newissue","MM",
"False","False","Madison Park Funding LXVI",,"Sr AAA @ 134 DM (430.5mm)
Jr AAA @ 158 DM (28mm)
AA @ 170 DM
A @ 195 DM
Sr BBB @ 300 DM (42mm)
Jr BBB (fixed) @ 7.784% (7mm)
BB @ 550 DM
B not offered","Nomura","5NC2","New Issue","Priced",,"10/31/2024","mdpk66_newissue","BSL",
"False","False","CarVal CLO II",,"AAA @ 102 DM
AA @ 155 DM
A @ 180 DM
Sr BBB @ 270 DM
BB @ 650 DM","Deutsche Bank","0NC0.5","Refinancing","Priced",,"11/26/2024","carvl2019-1_refi","BSL",
"False","False","Carlyle Global Market Strategies CLO 2016-3",,"X @ 90 DM
AAA @ 109 DM
AA @ 160 DM
A @ 180 DM
BBB @ 285 DM","CIBC","1.5NC1","Refinancing","Priced",,"11/27/2024","cgms2016-3_refi","BSL",
"False","False","Lake Shore MM CLO V",,"AAA @ 125 DM
A @ 187.5 DM
BBB @ 415 DM
BB @ 831 DM","Wells Fargo","4NC2","Reset","Priced",,"11/27/2024","lshr5_reset","MM",
"False","False","Ares XLV CLO",,"Sr AAA @ 100 DM (114mm)
AAA @ 125 DM (53.8mm)
Jr AAA @ 150 DM (27.6mm)
A @ 210 DM
BB @ 525 DM ","Natixis","0NC0.5","Refinancing","Priced",,"11/27/2024","ares45_refi","BSL",
"False","False","Woodmont 2017-2 Trust",,"Sr AAA @ 158 DM (580mm)
Jr AAA @ 175 DM (40mm)
AA @ 190 DM
A @ 235 DM
BBB @ 390 DM
BB @ 715 DM","Citigroup","4NC2","Reset","Priced",,"11/27/2024","wdmnt2017-2_reset","MM",
"False","False","Madison Park Funding LXVIII",,"Sr AAA @ 129 DM (307.5mm)
Jr AAA @ 150 DM (22.5mm)
AA @ 165 DM
A @ 180 DM
Sr BBB @ 270 DM (30mm)
Jr BBB @ 400 DM (5mm)
BB @ 510 DM
B @ 830 DM","BNP Paribas","5NC2","New Issue","Priced",,"12/4/2024","mdpk68_newissue","BSL",
"False","False","OCP CLO 2015-10",,"AAA @ 131 DM
AA @ 165 DM
AA (fixed) @ 5.42% (+170)
A @ 190 DM
Sr BBB @ 285 DM (24mm)
Jr BBB (fixed) @ 7.68% (4mm; +395)
BB @ 535 DM","Mizuho","5NC2","Reset","Priced",,"12/4/2024","ocp2015-10_reset","BSL",
"False","False","RAD CLO 28",,"AAA @ 129 DM
AA @ 170 DM
AA (fixed) @ 5.64% (+175)
A @ 185 DM
Sr BBB @ 280 DM (24mm)
Jr BBB @ 390 DM (4mm)
BB @ 525 DM","Mizuho","5NC2","New Issue","Priced",,"12/17/2024","rad28_newissue","BSL",
"False","False","Neuberger Berman Loan Advisers CLO 30",,"Sr AAA @ 124 DM (288mm)
Jr AAA @ 150 DM (9mm)
AA @ 160 DM
A @ 175 DM
Sr BBB @ 280 DM (27mm)
Jr BBB (fixed) @ 7.74% (4.5mm; +365)
BB @ 515 DM","Mizuho","5NC2","Reset","Priced",,"12/23/2024","neub30_reset","BSL",
"False","False","Crestline Direct Lending CLO I",,"AAA @ 165 DM
AA @ 175 DM
A @ 230 DM
BBB @ 385 DM","GreensLedge","0.25NC1","New Issue","Priced",,"12/20/2024","clclo2024-1_newissue","MM",
"False","False","Ares Loan Funding VIII",,"Sr AAA @ 125 DM (384mm)
Jr AAA @ 150 DM (12mm)
AA @ 170 DM
A @ 185 DM
Sr BBB @ 265 DM (36mm)
Jr BBB (fixed) @ 7.895% (6mm)
BB @ 525 DM","Nomura","5NC2","New Issue","Priced",,"12/19/2024","aresalfa8_newissue","BSL",
"False","False","Voya CLO 2020-3",,"AAA @ 125 DM
AA @ 160 DM
A @ 180 DM
Sr BBB @ 270 DM (24mm)
Jr BBB @ 385 DM (3.5mm)
BB @ 510 DM","Mizuho","5NC2","Reset","Priced",,"1/13/2025","voya2020-3_reset","BSL",
"False","False","Woodmont 2022-10 Trust",,"Sr AAA @ 152 DM (645.25mm)
Jr AAA @ 165 DM (44mm)
AA @ 175 DM
A @ 210 DM
BBB @ 355 DM
BB retained","Wells Fargo","4NC2","Reset","Priced",,"1/28/2025","wdmnt10_reset","MM",
"False","False","Anchorage Capital CLO 21",,"AAA @ 105 DM
AA @ 150 DM
A @ 190 DM
BBB @ 300 DM
BB @ S+625","Deutsche Bank","1.75NC1","Refinancing","Priced",,"1/14/2025","anchc21_refi","BSL",
"False","False","Palmer Square CLO 2025-1",,"Sr AAA @ 116 DM (320mm)
Jr AAA @ 140 DM (7.5mm)
AA @ 145 DM
A @ 170 DM
Sr BBB @ 245 DM (30mm)
Jr BBB @ 355 DM (5mm)
BB @ 450 DM","Bank of America","5NC2","New Issue","Priced",,"1/24/2025","plmrs2025-1_newissue","BSL",
"False","False","Rockford Tower CLO 2025-1",,"Sr AAA @ 121 DM (244mm)
Jr AAA @ 145 DM (20mm)
AA @ 160 DM
A @ 190 DM
Sr BBB @ 295 DM (24mm)
Jr BBB @ 395 DM (4mm)
BB @ 560 DM","Mizuho","5NC2","New Issue","Priced",,"2/3/2025","rockt2025-1_newissue","BSL",
"False","False","CIFC Funding 2025-I",,"AAA @ 115 DM
AA @ 150 DM
A @ 170 DM
Sr BBB @ 250 DM (30mm)
Jr BBB @ 355 DM (5mm)
BB @ 450 DM","Bank of America","5NC2","New Issue","Priced",,"1/31/2025","cifc2025-1_newissue","BSL",
"False","False","Trinitas CLO XXI",,"AAA @ 118 DM
AA @ 160 DM
A @ 195 DM
A (fixed) @ 5.85% (+180)
Sr BBB @ 290 DM (30mm)
Jr BBB @ 390 DM (5mm)
BB @ 550 DM","Mizuho","5NC2","Reset","Priced",,"1/31/2025","trnts21_reset","BSL",
"False","False","Battalion CLO XV",,"Sr AAA @ 98 DM (248mm)
Jr AAA @ 130 DM (10mm)
AA @ 150 DM
A @ 190 DM
BBB @ 325 DM","Mizuho","0NC0.5","Refinancing","Priced",,"1/31/2025","batln15_refi","BSL",
"False","False","Benefit Street Partners CLO XXXIX",,"Sr AAA @ 120 DM (307.5mm)
Jr AAA @ 140 DM (12.5mm)
AA @ 150 DM
A @ 170 DM
Sr BBB @ 255 DM (30mm)
Jr BBB @ 365 DM (5mm)
BB @ 450 DM","Mizuho","5NC2","New Issue","Priced",,"1/31/2025","bsp39_newissue","BSL",
"False","False","HPS Loan Managment 2025-24",,"Sr AAA @ 115 DM (288mm)
Jr AAA @ 135 DM (9mm)
AA @ 145 DM
A @ 175 DM
Sr BBB @ 255 DM (27mm)
Jr BBB @ 370 DM (3.825mm)
BB @ 465 DM","Morgan Stanley","5NC2","New Issue","Priced",,"2/11/2025","hlm24_newissue","BSL",
"False","False","Octagon 74",,"Sr AAA @ 113 DM (256mm)
Jr AAA @ 140 DM (8mm)
AA @ 153 DM
A @ 175 DM
BBB @ 260 DM (19mm)
BBB (fixed) @ 6.55% (5mm)
Sr BB (fixed) @ 7.72% (+365)
Jr BBB @ 510 DM","Mizuho","5NC2","New Issue","Priced",,"2/14/2025","oct74_newissue","BSL",
"False","False","Battalion CLO XII","div&lt;div&gt;divAAA @ 93 DM
br&lt;br&gt;brAA @ 120 DM
br&lt;br&gt;brA @ 155 DM
br&lt;br&gt;brBBB @ 260 DM/div&lt;/div&gt;/div",,"Mizuho","0NC0.5","Refinancing","Priced",,"2/14/2025","batln12_refi","BSL",
"False","False","Ballyrock CLO 16",,"AAA @ 115 DM
AA @ 153 DM
A @ 175 DM
Sr BBB @ 275 DM (27mm)
Jr BBB @ 375 DM (4.5mm)
BB @ 515 DM","Citigroup","5NC2","Reset","Priced",,"2/19/2025","bally16_reset","BSL",
"False","False","H.I.G. Whitehorse Trinity CLO",,"AAA @ 146 DM","JPMorgan","3NC1","Reset","Priced",,"2/19/2025","whclo2024-1_reset","MM",
"False","False","Bowling Green Park CLO (fka Clover CLO 2019-1)",,"AAA @ 100 DM
AA @ 145 DM
A @ 175 DM
BBB @ 260 DM
BB @ 450 DM","Wells Fargo","2NC0.75","Refinancing","Priced",,"2/21/2025","clvr2019-1_refi","BSL",
"False","False","Golub Capital Partners CLO 59(M)-R",,"Sr AAA @ 136 DM (1345mm)
Jr AAA @ 160 DM (205mm)
AA @ 170 DM
A @ 200 DM
BBB @ 320 DM","Wells Fargo","4NC2","Reset","Priced",,"2/21/2025","gocap59m_reset","MM",
"False","False","KKR CLO 25",,"AAA @ 95 DM
AA @ 158 DM
A @ 190 DM
BBB @ 300 DM
BB @ 550 DM","BNP Paribas","1.25NC1","Refinancing","Priced",,"2/21/2025","kkr25_refi","BSL",
"False","False","Elmwood CLO I",,"X @ 100 DM
Sr AAA @ 152 DM (308.75mm)
Jr AAA @ 172 DM (8.75mm)
AA @ 200 DM
A @ 240 DM
BBB @ 375 DM
BB @ 640 DM","Citigroup","4NC1","Reset","Priced",,"2/28/2025","elmw1_reset","BSL",
"False","False","Bain Capital Credit CLO 2019-2",,"AAA @ 92 DM
AA @ 145 DM
A @ 177 DM
BBB @ 280 DM
BB @ 590 DM","Mizuho","0NC0.5","Refinancing","Priced",,"3/5/2025","bcc2019-2_refi","BSL",
"False","False","Voya CLO 2017-3",,"AAA @ 106 DM
AA @ 160 DM
A @ 205 DM
BBB @ 310 DM
BB @ 580 DM","Mizuho","1NC0.5","Refinancing","Priced",,"3/7/2025","voya2017-3_refi","BSL",
"False","False","Apex Credit CLO 2018-1",,"AAA @ 98 DM
AA @ 141 DM
A @ 200 DM","Jefferies","0NC0.5","Refinancing","Priced",,"3/7/2025","apexc2018-1_refi","BSL",
"False","False","Neuberger Berman CLO XVI-S",,"X @ 95 DM
Sr AAA @ 118 DM (288mm)
Jr AAA @ 140 DM (9mm)
AA @ 160 DM
A @ 180 DM
Sr BBB @ 270 DM (27mm)
Jr BBB @ 385 DM (4.5mm)
BB @ 490 DM","Mizuho","5NC2","Reset","Priced",,"3/11/2025","neub16s_reset","BSL",
"False","False","Owl Rock CLO X",,"AAA @ 139 DM
AA @ 170 DM","Deutsche Bank","4NC2","Reset","Priced",,"3/14/2025","or10_reset","MM",
"False","False","Comvest Credit 2025-1 CLO",,"AAA @ 140 DM
AA @ 170 DM","Barclays","2NC1","New Issue","Priced",,"3/14/2025","covst2025-1_newissue","MM",
"False","False","Golub Capital Partners CLO 65(M)",,"Sr AAA @ 148 DM
Jr AAA @ 180 DM
AA @ 190 DM
A @ 240 DM
BBB @ 390 DM","Morgan Stanley","4NC2","Reset","Priced",,"3/27/2025","golub65mm_reset","MM",
"False","False","Woodmont 2023-11 Trust",,"Sr AAA @ 159 DM (522mm)
Jr AAA @ 185 DM (36mm)
AA @ 195 DM
A @ 250 DM
Sr BBB @ 420 DM
BB retained","Wells Fargo","4NC2","Reset","Priced",,"3/31/2025","wdmt2023-11_reset","MM",
"False","False","Woodmont 2018-4 Trust",,"Sr AAA @ 159 DM (580mm)
Jr AAA @ 185 DM (40mm)
AA @ 195 DM
A @ 250 DM
BBB @ 420 DM
BB @ 650 DM","Deutsche Bank","4NC2","Reset","Priced",,"3/28/2025","wdmnt2018-4_reset","MM",
"False","False","Elmwood CLO 40",,"AAA @ 124 DM
AA @ 165 DM
A @ 185 DM
Sr BBB @ 290 DM (60mm)
Jr BBB @ 400 DM (5mm)
BB @ 525 DM","Wells Fargo","5NC2","New Issue","Priced",,"3/21/2025","elm40_newissue","BSL",
"False","False","Vibrant CLO XV",,"Sr AAA @ 120 DM
A @ 195 DM
BBB @ 340 DM
BB @ 525 DM","Mizuho","1.75NC1","Refinancing","Priced",,"3/20/2025","vibr15_refi","BSL",
"False","False","Audax Senior Debt CLO 7",,"AA @ 195 DM
A @ 295 DM
BBB @ 465 DM","BNP Paribas","2NC1","Refinancing","Priced",,"4/8/2025","audax7_refi","MM",
"False","False","Empower CLO 2025-1",,"AAA @ 131 DM
AA @ 180 DM
A @ 200 DM
Sr BBB @ 295 DM (24mm)
Jr BBB @ 450 DM (4mm)
BB @ 590 DM","Mizuho","5NC2","New Issue","Priced",,"4/3/2025","empwr2025-1_newissue","BSL",
"False","False","Ares LX CLO",,"AAA @ 118 DM","SMBC","1.25NC0.5","Refinancing","Priced",,"4/2/2025","ares60_refi","BSL",
"False","False","AGL CLO 41",,"Sr AAA @ 125 DM (504mm)
Jr AAA @ 170 DM (24mm)
AA @ 185 DM
A @ 210 DM
Sr BBB @ 365 DM (48mm)
Jr BBB @ 485 DM (8mm)
BB @ 750 DM
B retained","Mizuho","5NC2","New Issue","Priced",,"4/10/2025","agl41_newissue","BSL",
"False","False","Oaktree CLO 2025-30",,"AAA @ 150 DM
AA @ 210 DM
A @ 225 DM
Sr BBB @ 365 DM (25mm)
Jr BBB @ 395 DM (7.5mm)
BB @ 775 DM","Scotia","5NC2","New Issue","Priced",,"4/17/2025","oakcl2025-30_newissue","BSL",
"False","False","RAD CLO 18",,"Sr AAA @ 140 DM (248mm)
Jr AAA @ 170 DM (20mm)
AA @ 190 DM
A @ 210 DM
Sr BBB @ 330 DM (19mm)
Jr BBB @ 450 DM (9mm)
BB @ 650 DM","Scotia","3NC1","New Issue","Priced",,"5/16/2025","rad18_newissue","BSL",
"False","False","Silver Point CLO 10",,"Sr AAA @ 145 DM (305mm)
Jr AAA @ 165 DM (20mm)
AA @ 180 DM
A @ 205 DM
Sr BBB @ 310 DM (30mm)
Jr BBB @ 425 DM (5mm)
BB @ 580 DM
B retained","Bank of America","5NC2","New Issue","Priced",,"5/20/2025","spclo10_newissue","BSL",
"False","False","Venture 47 CLO","div&lt;div&gt;divSr AAA @ 150 DM (240mm)
br&lt;br&gt;brJr AAA @ 175 DM (20mm)
br&lt;br&gt;brAA @ 205 DM
br&lt;br&gt;brA @ 255 DM
br&lt;br&gt;brBBB @ 490 DM/div&lt;/div&gt;/div",,"Jefferies","3NC1","New Issue","Priced",,"5/21/2025","ventr47_newissue","BSL",
"False","False","Madison Park Funding LXXII",,"Sr AAA @ 142 DM (378mm)
Jr AAA @ 158 DM (12mm)
AA @ 170 DM
A @ 200 DM
Sr BBB @ 305 DM (36mm)
Jr BBB (fixed) @ 8.345% (3mm)
BB @ 525 DM
B @ 717 DM","Nomura","5NC2","New Issue","Priced",,"5/21/2025","mdpk72_newissue","BSL",
"False","False","Golub Capital Partners CLO 16(M)-R3","div&lt;div&gt;divSr AAA @ 163 DM (435mm)
br&lt;br&gt;brJr AAA @ 175 DM (30mm)
br&lt;br&gt;brAA @ 195 DM
br&lt;br&gt;brA @ 260 DM
br&lt;br&gt;brBBB retained/div&lt;/div&gt;/div","Sr AAA @ 163 DM (435mm)
Jr AAA @ 175 DM (30mm)
AA @ 195 DM
A @ 260 DM
BBB retained","Natixis","5NC2","Reset","Priced",,"5/23/2025","gocap16m_reset","MM",
"False","False","Orion CLO 2025-5",,"AAA @ 133 DM
AA @ 180 DM
A @ 200 DM
Sr BBB @ 305 DM (22mm)
Jr BBB @ 425 DM (4mm)
BB @ 595 DM","Morgan Stanley","5NC2","New Issue","Priced",,"5/23/2025","antor2025-5_newissue","BSL",
"False","False","Trestles CLO VIII",,"X @ 110 DM
Sr AAA @ 133 DM (248mm)
Jr AAA @ 160 DM (24mm)
AA @ 165 DM
A @ 185 DM
Sr BBB @ 300 DM (24mm)
Jr BBB @ 430 DM (4mm)
BB @ 550 DM
B @ 825 DM","Mizuho","2NC1","New Issue","Priced",,"5/23/2025","trest8_newissue","BSL",
"False","False","OCP CLO 2025-44",,"AAA @ 130 DM
AA @ 165 DM
A @ 185 DM
Sr BBB @ 275 Dm
Jr BBB 1 @ 295
Jr BBB 2 @ 405 DM
BB @ 480 DM","Mizuho","5NC2","New Issue","Priced",,"7/11/2025","ocp44_newissue","BSL",
"False","False","Marble Point CLO XXII",,"AAA @ 122 DM
AA @ 170 DM
A @ 205 DM","CIBC","1NC1","Refinancing","Priced",,"7/10/2025","mp22_refi","BSL",
"False","False","HLEND CLO 2025-4",,"AAA @ 154 DM
AA @ 185 DM","Natixis","4NC2","New Issue","Priced",,"7/10/2025","hlend2025-4","MM",
"False","False","ADS CLO 2",,"AAA @ 130 DM
AA @ 170 DM
A Retained
BBB Retained","Bank of America","5NC2","New Issue","Priced",,"7/2/2025","ads2_newissue","BSL",
"False","False","Audax Senior Debt CLO 13",,"Sr AAA @ 160 DM
Jr AAA @ 175 DM
AA @ 195 DM
A @ 245 DM
BBB @ 340 DM","BNP Paribas","4NC2","New Issue","Priced",,"6/30/2025","audax13_newissue","MM",
"False","False","RIN VI",,"Sr AAA @ 145 DM
Jr AAA @ 170 DM
AA @ 180 DM
A @ 210 DM
BBB @ 315 DM
BB @ 640 DM","Mizuho","5NC2","Reset","Priced",,"6/30/2025","rin6_reset","Infra",
"False","False","Comvest Credit 2025-2 CLO",,"Sr AAA @ 167 DM
Jr AAA @ 185 DM
AA @ 195 DM","Deutsche Bank","4NC2","New Issue","Priced",,"7/16/2025","covst2025-1_newissue","MM",
"False","False","Allegro CLO XIII",,"X @ 110 DM
Sr AAA @ 134 DM (310mm)
Jr AAA @ 165 DM (10mm)
AA @ 180 DM
A @ 210 DM
Sr BBB @ 315 DM (27.5mm)
Jr BBB @ 445 DM (6.5mm)
BB @ 630 DM
B retained","Natixis","5NC2","Reset","Priced",,"7/14/2025","alleg13_reset","BSL",
"False","False","Voya CLO 2025-4",,"Sr AAA @ 129 DM (384mm)
Jr AAA @ 157.5 DM (18mm0
AA @ 170 DM
A @ 190 DM
Sr BBB @ 275 DM (27mm)
BBB @ 295 DM (9mm)
Jr BBB @ 405 DM (6mm)
BB @ 510 DM","Scotia","5NC2","New Issue","Priced",,"7/15/2025","voya2025-4_newissue","BSL",
"False","False","Barings Middle Market CLO 2023-II",,"AAA @ 148 DM
AA @ 195 DM
A @ 260 DM
BBB @ 395 DM
BB @ 700 DM
B @ 970 DM","Wells Fargo","1NC1","Reset","Priced",,"7/16/2025","bmm2023-2_reset","MM",
"False","False","Rockford Tower CLO 2025-2",,"Sr AAA @ 140 DM (240mm)
Jr AAA @ 165 DM (24mm)
AA @ 180 DM
A @ 200 DM
Sr BBB @ 335 DM (24mm)
Jr BBB @ 450 DM (4mm)
BB @ 635 DM","Deutsche Bank","5NC2","New Issue","Priced",,"7/17/2025","rockt2025-2_newissue","BSL",
"False","False","Cerberus Loan Funding 51",,"AAA @ 152 DM
AA @ 185 DM
A @ 235 DM
BBB @ 350 DM","GreensLedge","4NC2","New Issue","Priced",,"7/23/2025","cerb51_newissue","MM",
"False","False","Benefit Street Partners CLO 42",,"AAA @ 130 DM
AA @ 170 DM
A @ 185 DM
Sr BBB @ 270 DM (36mm)
Jr BBB @ 395 DM (6mm)
BB @ 485 DM","Mizuho","5NC2","New Issue","Priced",,"7/24/2025","bsp42_newissue","BSL",
"False","False","Dryden 87 CLO",,"X @ 100 DM
Sr AAA @ 131 DM (384mm)
Jr AAA @ 160 DM (12mm)
AA @ 175 DM
A @ 195 DM
Sr BBB @ 315 DM (36mm)
Jr BBB @ 435 DM (3.5mm)
BB @ 635 DM","Nomura","5NC2","Reset","Priced",,"7/25/2025","drslf87_reset","BSL",
"False","False","AGL CLO 13",,"SR AAA @ 110 DM
AA @ 165 DM
A @ 180 DM
Sr BBB @ 290 DM
Jr BBB @ 410 DM","Mizuho","1.2NC0.5","Refinancing","Priced",,"7/30/2025","agl13_refi","BSL",
"False","False","Voya 2015-3 CLO",,"Sr AAA @ 96 DM (194.6mm)
Jr AAA @ 125 DM (35.9mm)
AA @ 145 DM
A @ 180 DM
BBB @ 290 DM","Scotia","0NC0.75","Refinancing","Priced",,"8/1/2025","voya2015-3_refi","BSL",
"False","False","Battalion CLO VIII","div&lt;div&gt;divSr AAA @ 90 DM (41.3mm)
br&lt;br&gt;brJr AAA @ 100 DM (45mm)
br&lt;br&gt;brAA @ 125 DM (27.9mm)/div&lt;/div&gt;/div","Sr AAA @ 90 DM (41.3mm)
Jr AAA @ 100 DM (45mm)
AA @ 125 DM (27.9mm)","Scotia","0NC0.5","Refinancing","Priced",,"8/6/2025","batln8_refi","BSL",
"False","False","Benefit Street Partners CLO XX","div&lt;div&gt;divAAA @ 129 DM
br&lt;br&gt;brAA @ 160 DM
br&lt;br&gt;brA @ 185 DM
br&lt;br&gt;brSr BBB @ 270 DM (33mm)
br&lt;br&gt;brJr BBB @ 290 DM (5.5mm)
br&lt;br&gt;brBB @ 490 DM/div&lt;/div&gt;/div","AAA @ 129 DM
AA @ 160 DM
A @ 185 DM
Sr BBB @ 270 DM (33mm)
Jr BBB @ 290 DM (5.5mm)
BB @ 490 DM","Mizuho","5NC2","Reset","Priced",,"8/7/2025","bsp20_reset","BSL",
"False","False","Owl Rock CLO XXIII","div&lt;div&gt;divAAA @ 150 DM
br&lt;br&gt;brAA @ 185 DM
br&lt;br&gt;brA @ 230 DM/div&lt;/div&gt;/div","AAA @ 150 DM
AA @ 185 DM
A @ 230 DM","Scotia","5NC2","New Issue","Priced",,"8/8/2025","or23_newissue","MM",
"False","False","OZLM XV",,"A1AR3 (Sr AAA) @ 105 DM
A2AR3 (AA) @ 150 DM
BR3 (A) @ 185 DM
CR2 (BBB) @ 320 DM","Deutsche Bank","0NC0.5","Refinancing","Priced",,"8/12/2025","ozlm15_refi2","BSL",
"False","False","RAD CLO 30",,"A1A (Sr AAA) @ 130 DM (378mm)
A1B (Jr AAA) @ 155 DM (18mm)
A2 (AA) @ 165 DM
B (A) @ 185 DM
C1 (Sr BBB) @ 270 DM (34.5mm)
C2 (Jr BBB) @ 400 DM (7.5mm)
D (BB) @ 510 DM","JPMorgan","5NC2","New Issue","Priced",,"8/14/2025","rad30_newissue","BSL",
"False","False","Owl Rock CLO XXII",,"A (AAA) @ 147 DM
B (AA) @ 180 DM
C (A) @ 220 DM","SMBC","4NC2","New Issue","Priced",,"8/15/2025","or22_newissue","MM",
"False","False","Whitehorse CCSSG CLO",,"A1 (Sr AAA) @ 155 DM (232mm)
A2 (Jr AAA) @ 175 DM (16mm)
B (AA) @ 190 DM
C (A) @ 250 DM","JPMorgan","4NC2","New Issue","Priced",,"8/20/2025","whclo2025-2_newissue","MM",
"False","False","Voya CLO 2020-1",,"ARR (AAA) @ 108 DM
BRR (AA) @ 155 DM
CRR (A) @ 185 DM
DRR (BBB) @ 295 DM","Mizuho","1NC0.5","Refinancing","Priced",,"8/21/2025","voya2020-1_refi","BSL",
"False","False","Trinitas CLO XIV",,"A1R2 (Sr AAA) @ 110 DM (330mm)
A2R2 (Jr AAA) @ 145 DM (27.5mm)
BR2 (AA) @ 170 DM
CR2 (A) @ 210 DM
DR2 (BBB) @ 315 DM
ER2 (BB) @ 675 DM","BMO","0.25NC0.5","Refinancing","Priced",,"8/21/2025","trnst14_refi2","BSL",
"False","False","Churchill MA CLO 2025-1",,"A (AAA) @ 51.16 DM
B (AA) @ 76.16 DM
C (A) @ 240 DM","Bank of America","5nc2","New Issue","Priced",,"8/22/2025","churchill-ma-2025-1_newissue","MM",
"False","False","Cerberus Loan Funding 52",,"A (AAA) @ 152 DM
B (AA) @ 180 DM
C (A) @ 220 DM
D (BBB) @ 340 DM","Natixis","4nc2","New Issue","Priced",,"8/26/2025","cerb52_newissue","MM",
"False","False","Golub Capital Private Credit Fund CLO 2",,"A1 (Sr AAA) @ 147 DM (500mm)
A2 (Jr AAA) @ 165 DM (34.44mm)
B (AA) @ 180 DM
C (A) retained","Societe Generale","5nc2","New Issue","Priced",,"8/27/2025","gcred2_newissue","MM",
"False","False","Ares LXVI CLO",,"X @ 120 DM
A-1RR (Sr AAA) @ 127 DM
A-2RR (Jr AAA) @ 155 DM
B-RR (AA) @ 170 DM
C-RR (A) @ 190 DM
D-1RR (Sr BBB) @ 290 DM
D-2RR (Jr BBB) @ 400 DM
E-RR (BB) @ 590 DM","Mizuho","5NC2","Reset","Priced",,"9/2/2025","ares66_reset","BSL",
"False","False","Ares LXVI CLO",,"XRR @ 120 DM
A1RR (Sr AAA) @ 127 DM
A2RR (Jr AAA) @ 155 DM
BRR (AA) @ 170 DM
CRR (A) @ 190 DM
D1RR (Sr BBB) @ 290 DM
D2RR (Jr BBB) @ 400 DM
ERR (BB) @ 590 DM","Mizuho","5nc2","Reset","Priced",,"9/2/2025","ares66_reset","BSL",
"False","False","Wellfleet CLO 2019-1",,"A1RR (AAA) @ 97 DM
A2RR (AA) @ 150 DM
BRR (A) @ 170 DM
CRR (BBB) @ 280 DM","Wells Fargo","0nc0.5","Refinancing","Priced",,"9/8/2025","welf2019-1_refi","BSL",
"False","False","Madison Park Funding XLII (fka Atrium XIII)",,"A-R-2 (AAA) @ 92 DM
B-R-2 (AA) @ 130 DM
C-R-2 (A) @ 170 DM
D-R-2 (BBB) @ 260 DM
E-R-2 (B) @ 595 DM","BMO","0NC0.75","Refinancing","Priced",,"9/17/2025","mdpk42_refi","BSL",
"False","False","Rockford Tower CLO 2023-1","div&lt;div&gt;divA-1-R (Sr AAA) Preplaced
br&lt;br&gt;brA-2-R (Jr AAA) Preplaced
br&lt;br&gt;brB-R (AA) Preplaced
br&lt;br&gt;brC-R (AA) 200a DM
br&lt;br&gt;brD-1-R (Sr BBB) @ 300a DM
br&lt;br&gt;brD-2-R (Jr BBB) @ 400a DM
br&lt;br&gt;brE-R (BB) @ 600a DM/div&lt;/div&gt;/div","A1R (Sr AAA) @ 130 DM
A2R (Jr AAA) @ 160 DM
BR (AA) @ 170 DM
CR (A) @ 205 DM
D1R (Sr BBB) @ 315 DM
D2R (Jr BBB) @ 435 DM
ER (BB) @ 695 DM","Citigroup","5NC2","Reset","Priced",,"10/1/2025","rockt2023-1_reset","BSL",
"False","False","New Mountain CLO 8",,"A-1 (Sr AAA) @ 127 DM
A-2 (Jr AAA) @ 150 DM
B-1 (AA) @ 160 DM
C (A) @ 180 DM
D-1 (Sr BBB) @ 270 DM
D-2 (Jr BBB) @ 380 DM
E (BB) @ 485 DM","CIBC","5NC2","New Issue","Priced",,"9/16/2025"," New Mountain CLO 8","BSL",
"False","False","Athena CLO V",,"A (AAA) @ 173 DM
B (AA) @ 225 DM
C (A) @ 270 DM","Mitsubishi","5NC2","New Issue","Priced",,"9/12/2025","aowl5_newissue","MM",
"False","False","Trinitas CLO XVI",,"A-1-R (AAA) @ 113 DM
B-1-R (AA) @ 170 DM
C-1-R (A) @ 200 DM
D-R (BBB) @ 315 DM","BMO",".75NC.5","Refinancing","Priced",,"9/12/2025","trnts16_refi","BSL",
"False","False","Deerpath Capital CLO 2025-1",,"A1 (Sr AAA) @ 155 DM (373.75mm)
A2 (Jr AAA) @ 175 DM (22.75mm)
B (AA) @ 190 DM
C (A) @ 245 DM
D (BBB) @ 350 DM","GreensLedge","4nc2","New Issue","Priced",,"9/11/2025","dpath2025-1_newissue","MM",
"False","False","Invesco CLO 2021-3",,"A1R (Sr AAA) @ 108 DM (310mm)
A2R (Jr AAA) @ 130 DM (10mm)
BR (AA) @ 150 DM
CR (A) @ 185 DM
DR (BBB) @ 310 DM","Mizuho","1NC0.5","Refinancing","Priced",,"9/12/2025","invco2021-3_refi","BSL",
"False","False","Madison Park Funding XLII (fka Atrium XIII)",,"AR2 (AAA) @ 92 DM
BR2 (AA) @ 130 DM
CR2 (A) @ 170 DM
DR2 (BBB) @ 260 DM
ER2 (BB) @ 585 DM","BMO","0nc0.75","Refinancing","Priced",,"9/17/2025","atrm13_refi","BSL",
"False","False","Regatta VII Funding",,"A1R3 (Sr AAA) @ 107 DM (244mm)
A2R3 (Jr AAA) @ 130 DM (8mm)
BR3 (AA) @ 145 DM
CR3 (A) @ 175 DM
DR3 (BBB) @ 265 DM
ER3 (BB) @ 640 DM","Mizuho","0.75nc0.5","Refinancing","Priced",,"9/19/2025","regt7_refi","BSL",
"False","False","Octagon 55",,"XR @ 95 DM
A1R (Sr AAA) @ 126 DM (310mm)
A2R (Jr AAA) @ 150 DM (15mm)
BR (AA) @ 165 DM
CR (A) @ 165 DM
D1R (Sr BBB) @ 275 DM (25mm)
D2R (Jr BBB) @ 390 DM (7.5mm)
ER (BB) @ 600 DM","Goldman Sachs","5nc2","Reset","Priced",,"9/19/2025","oct55_reset","BSL",
"False","False","Antares CLO 2021-1",,"A1R (Sr AAA) @ 142 DM (870mm)
A2R (Jr AAA) @ 170 DM (60mm)
BR (AA) @ 180 DM
CR (A) @ 220 DM
DR (BBB) @ 320 DM
ER (BB) @ 650 DM","Deutsche Bank","5nc2","Reset","Priced",,"9/19/2025","antr2021-1_reset","MM",
"False","False","Ares Loan Funding II",,"A1R (Sr AAA) @ 125 DM (256mm)
A2R (Jr AAA) @ 145 DM (8mm)
BR (AA) @ 160 DM
CR (A) @ 185 DM
D1R (Sr BBB) @ 285 DM (20mm)
D2R (Jr BBB; fixed) @ 7.708% (8mm)
ER (BB) @ S+625 bps","JPMorgan","5nc2","Reset","Priced",,"9/19/2025","areslf2_reset","BSL",
"False","False","Juniper Valley Park CLO",,"ARR (AAA) @ 108 DM
BRR (AA) @ 145 DM
CRR (A) @ 160 DM
DRR (BBB) @ 255 DM
ERR (BB) @ 475 DM","Wells Fargo","2NC0.75","Refinancing","Priced",,"9/22/2025","jnppk_refi","BSL",
"False","False","Wellfleet CLO 2020-1",,"A1RR (AAA) @ 99 DM (246.8mm)
A2RR (AA) @ 145 DM
BRR (A) @ 180 DM
CRR (BBB) @ 310 DM
DRR (BB) @ 700 DM
ERR not refi'd","Jefferies","0nc0.5","Refinancing","Priced",,"9/23/2025","welf2020-1_refi","BSL",
"False","False","Golub Capital Partners Long Duration 2025-1",,"A (AAA) @ 175 DM
B (AA) @ 212.5 DM
C (A) @ 270 DM","Societe Generale","10nc8","New Issue","Priced",,"9/24/2025","glong2025-1_newissue","MM",
"False","False","Trinitas CLO VI",,"A-R-4 (AAA) @ 111 DM
B-1-R-4 (AA) @ 165 DM
C-1-R-4 (A) @ 200 DM
D-1-R-4 (BBB) @ 330 DM","BMO","0.25NC1","Refinancing","Priced",,"9/30/2025","trnts6_refi","BSL",
"False","False","Windhill CLO 4","div&lt;div&gt;divA (AAA) @ 150 DM
br&lt;br&gt;brB (AA) @ 180 DM
br&lt;br&gt;brC (A) @ 220 DM
br&lt;br&gt;brD (BBB) @ 340 DM
br&lt;br&gt;brE (BB) @ 700 DM/div&lt;/div&gt;/div","A (AAA) @ 150 DM
B (AA) @ 180 DM
C (A) @ 220 DM
D (BBB) @ 340 DM
E (BB) @ 700 DM","Natixis","4nc2","New Issue","Priced",,"9/26/2025","wndhl4_newissue","MM",
"False","False","Trinitas CLO VI",,"AR4 (AAA) @ 111 DM
B1R4 (AA) @ 165 DM
C1R4 (A) @ 200 DM
D1R4 (BBB) @ 330 DM","BMO","0.25nc0.75","Refinancing","Priced",,"9/30/2025","trnts6_refi","BSL",
"False","False","Barings CLO 2021-II",,"A1R (AAA) @ 107 DM
BR (AA) @ 150 DM
CR (A) @ 175 DM
DR (BBB) @ 290 DM
ER (BB) @ 630 DM","Mizuho","0.75nc0.75","Refinancing","Priced",,"10/1/2025","babsn2021-2_refi","BSL",
"False","False","AGL CLO 45",,"A (AAA) @ 120 DM
B (AA) @ 155 DM
C (A) @ 170 DM
D1 (Sr BBB) @ 250 DM
D2 (Jr BBB) @ 360 DM
E (BB) @ 465 DM","Deutsche Bank","5nc2","New Issue","Priced",,"10/3/2025","agl45_newissue","BSL",
"False","False","AGL CLO 45",,"A (AAA) @ 120 DM
B (AA) @ 155 DM
C (A) @ 170 DM
D1 (Sr BBB) @ 250 DM (30mm)
D2 (Jr BBB) @ 360 DM (5mm)
E (BB) @ 465 DM","Deutsche Bank","5nc2","New Issue","Priced",,"10/3/2025","agl45_newissue","BSL",
"False","False","Trestles CLO IX",,"X @ 90 DM
A1 (Sr AAA) @ 126 DM (320mm)
A2 (Jr AAA) @ 150 DM (10mm)
B (AA) @ 158 DM
C (A) @ 180 DM
D1 (Sr BBB) @ 265 DM (30mm)
D2 (Jr BBB) @ 365 DM (5mm)
E (BB) @ 495 DM
F (B) @ 732 DM","Scotia","5nc2","New Issue","Priced",,"10/3/2025","trest9_newissue","BSL",
"False","False","CIFC Funding 2021-III","A-1-R (Sr AAA) @ 123 DM
A-2-R (Jr AAA) @ 140-145 DM
B-R (AA) @ 150-155 DM
C-R (A) @ 175-180 DM
D-1-R (Sr BBB) @ 250-260 DM
D-2-R (Jr BBB) @ 365-375 DM
E-R (BB) @ 475-485 DM","A1R (Sr AAA) @ 123 DM (384mm)
A2R (Jr AAA) @ 145 DM (12mm)
BR (AA) @ 155 DM
CR (A) @ 180 DM
D1R (Sr BBB) @ 260 DM (36mm)
D2R (Jr BBB) @ 370 DM (6mm)
ER (BB) @ 485 DM","Citigroup","5nc2","Reset","Priced",,"10/6/2025","cifc2021-3_reset","BSL",
"False","False","Marble Point CLO XXV",,"XRR @ 90 DM
A1RR (Sr AAA) @ 119 DM (240mm)
A2RR (Jr AAA) @ 155 DM (14mm)
BRR (AA) @ 165 DM
CRR (A) @ 190 DM
DRR (BBB) @ 325 DM
ERR (BB) @ 660 DM","Deutsche Bank","3nc1.5","Refinancing","Priced",,"10/7/2025","mp25_refi","BSL",
"False","False","Carlyle Global Market Strategies CLO 2015-5","A1-R4 (AAA) @ 88a DM
A2R4 (AA) @ 115a DM
BR4 (A) @ 135a DM
CR4 (BBB) @ 245a DM",,"Citigroup",,"Refinancing","Upcoming",,,"car2015-5_refi2025","BSL",
"False","False","CIFC Funding 2020-III",,"A1RR (Sr AAA) @ 121 DM (320mm)
A2RR (Jr AAA) @ 144 DM (10mm)
BRR (AA) @ 155 DM
CRR (A) @ 175 DM
D1RR (Sr BBB) @ 260 DM (30mm)
D2RR (Jr BBB) @ 365 DM (5mm)
ERR (BB) @ 480 DM","Citigroup","5nc2","Reset","Priced",,"10/15/2025","cifc2020-3_reset","BSL",
"False","False","Antares CLO 2018-2",,"A1RR (Sr AAA) @ 140 DM (648mm)
A2RR (Jr AAA) @ 165 DM (96mm)
BRR (AA) @ 175 DM
CRR (A) @ 210 DM
DRR (BBB) @ 310 DM
ERR (BB) @ 625 DM","Deutsche Bank","4nc2","Reset","Priced",,"10/16/2025","antr2018-2_reset","MM",
"False","False","Diameter Capital CLO 5",,"A1R (AAA) @ 124 DM
A2R (AA) @ 160 DM
BR (A) @ 180 DM
C1R (Sr BBB) @ 275 DM (33mm)
C2R (Jr BBB) @ 360 DM (5.5mm)
DR (BB) @ 485 DM","Mizuho","5nc2","Reset","Priced",,"10/16/2025","dclo5_reset","BSL",
"False","False","CQS CLO US 2025-5",,"A1 (Sr AAA) @ 129 DM (240mm)
A2 (Jr AAA) @ 152 DM (24mm)
B (AA) @ 165 DM
C (A) @ 205 DM
D1 (Sr BBB) @ 315 DM (20mm)
D2 (Jr BBB) @ 7.741% (8mm)
E (BB) @ 580 DM","CIBC","5nc2","New Issue","Priced",,"10/16/2025","cqs2025-5_newissue","BSL",
"False","False","Trinitas CLO XV",,"A1R (AAA) @ 112 DM
B1R (AA) @ 165 DM
CR (A) @ 205 DM","BMO","0nc0.5","Refinancing","Priced",,"10/17/2025","trnts15_refi","BSL",
"False","False","KKR CLO 28",,"XR2 @ 90 DM
AR2 (AAA) @ 112 DM
BR2 (AA) @ 165 DM
CR2 (A) @ 190 DM
DR2 (BBB) @ 340 DM
ER2 (BB) @ 672 DM ","Mizuho","1.25nc1","Refinancing","Priced",,"10/17/2025","kkr28_refi","BSL",
"False","False","Twin Brook CLO 2025-3",,"A1 (Sr AAA) @ 148 DM
A2 (Jr AAA) @ 165 DM
B (AA) @ 180 DM
C (A) @ 220 DM
D (BBB) @ 320 DM","Wells Fargo","4nc2","New Issue","Priced",,"10/17/2025","twbrk2025-3_newissue","MM",
"False","False","Dryden 120 CLO",,"A1 (Sr AAA) @ 122 DM
A2 (Jr AAA) @ 145 DM
B (AA) @ 160 DM
C (A) @ 180 DM
D1 (Sr BBB) @ 255 DM
D3 (Jr BBB) @ 415 DM
E (BB) @ 545 DM","Nomura","5nc2","New Issue","Priced",,"11/20/2025","dry120_newissue","BSL",
"False","False","Ballyrock CLO 32",,"A1a (Sr AAA) @ 121 DM
A1b (Jr AAA) @ 144 DM
A2 (AA) @ 160 DM
B (A) @ 180 DM
C1 (Sr BBB) @ 260 DM
C2 (Jr BBB) @ 360 DM
D (BB) @ 475 DM","RBC","5nc2","New Issue","Priced",,"11/20/2025","bally32_newissue","BSL",
"False","False","Carlyle US CLO 2025-6",,"A1 (Sr AAA) @ 122 DM
A2 (Jr AAA) @ 145 DM
B (AA) @ 155 DM
C1 (Sr A) @ 180 DM
D (BBB) @ 255 DM
E (BB) @ 475 DM","Deutsche Bank","5nc2","New Issue","Priced",,"11/18/2025","carlyle2025-6_newissue","BSL",
"False","False","Carlyle US CLO 2025-7",,"A1 (Sr AAA) @ 121 DM
A2 (Jr AAA) @ 144 DM
B (AA) @ 155 DM
C (A) @ 180 DM
D1 (Sr BBB) @ 255 DM
D2 (Jr BBB) @ 365 DM
E (BB) @ 485 DM","Citigroup","5nc2","New Issue","Priced",,"11/20/2025","carlyle2025-7_newissue","BSL",
"False","False","Ocean Trails CLO 8","A (AAA) @ 100 DM B (AA) @ 200 DM C (A) @ 300 DM D (BBB) @ 400 DM E (BB) @ 500 DM","A1 (Sr AAA) @ 128 DM
A2 (Jr AAA) @ 157 DM
 B (AA) @ 165 DM
 C (A) @ 210 DM
D1 (Sr BBB) @ 340 DM
E (BB) @ 775 DM","Societe Generale","5nc2","Reset","Priced",,"11/21/2025","octr8_reset","BSL",
"False","False","Mountain View CLO XVI","div&lt;div&gt;A (AAA) @ 100 DM B (AA) @ 200 DM C (A) @ 300 DM D (BBB) @ 400 DM E (BB) @ 500 DM&lt;/div&gt;/div","A1RR  (Sr AAA) @ 133 DM
A2RR (Jr AAA) @ 155 DM
BRR (AA) @ 175 DM
CRR (A) @ 215 DM
D1RR (Sr BBB) @ 380 DM
D2RR (Jr BBB) @ 475 DM
ERR (BB) @ 675 DM","BMO","5nc2","Reset","Priced",,"11/21/2025","mtnv16_reset","BSL",
"False","False","KKR CLO 16","div&lt;div&gt;A (AAA) @ 100 DM B (AA) @ 200 DM C (A) @ 300 DM D (BBB) @ 400 DM E (BB) @ 500 DM&lt;/div&gt;/div","A1R3 (AAA) @ 114 DM
A2R3 (AA) @ 160 DM
BR3 (A) @ 205 DM","Citigroup","1nc1","Refinancing","Priced",,"11/21/2025","kkr16_refi","BSL",
"False","False","CIFC Funding 2021-II","A (AAA) @ 100 DM B (AA) @ 200 DM C (A) @ 300 DM D (BBB) @ 400 DM E (BB) @ 500 DM","A1R (Sr AAA) @ 120 DM
A2R (Jr AAA) @ 143 DM
BR (AA) @ 155 DM
CR (A) @ 180 DM
D1R (Sr BBB) @ 260 DM
D2R (Jr BBB) @ 370 DM
ER (BB) @ 500 DM","Nomura","5nc2","Reset","Priced",,"11/21/2025","cifc2021-II_reset","BSL",
"False","False","Athena CLO II","A (AAA) @ 100 DM B (AA) @ 200 DM C (A) @ 300 DM D (BBB) @ 400 DM E (BB) @ 500 DM","AR (AAA) @ 170 DM
BR (AA) @ 200 DM
CR (A) @ 240 DM
","Societe Generale","5nc2","Reset","Priced",,"11/21/2025","athena2_reset","PC",
"False","False","Marble Point CLO XXI",,"A1R (Sr AAA) @ 105 DM (240mm)
A2R (Jr AAA) @ 140 DM (20mm)
BR (AA) @ 150 DM
CR (A) @ 175 DM
D1R (BBB) @ 275 DM (18mm)
D2R (BB) @ 475 DM (8mm) ","Citigroup","0.75nc0.75","Refinancing","Priced",,"1/21/2026","mp21_refi","BSL",
"False","False","BlackRock DLF IX-L CLO 2026 Static",,"AL (AAA) @ 125 DM","Morgan Stanley","0nc1","New Issue","Priced",,"1/29/2026","brdlfixl_newissue","MM",
"False","False","Anchorage Capital CLO 2026-22 (f/k/a 610 Debt Funding CLO 2)",,"X @ 95 DM
AR4 (AAA) @ 123 DM
BR4 (AA) @ 155 DM
CR4 (A) @ 180 DM
D1R4 (Sr BBB) @ 275 DM (23mm)
D2R4 (Jr BBB) @ 390 DM (5mm)
ER4 (BB) @ 550 DM","Deutsche Bank","5nc2","Reset","Priced",,"1/30/2026","anchc22_reset","BSL",
"False","False","Madison Park Funding XXXV",,"XR @ 90 DM
A1R2 (Sr AAA) @ 122 DM (416mm)
A2R2 (Jr AAA) @ 140 DM (13mm)
BR2 (AA) @ 145 DM
CR2 (A) @ 180 DM
D1R2 (Sr BBB) @ 280 DM (39mm)
D2R2 (Jr BBB) @ 400 DM (6.5mm)
ER2 (BB) @ 600 DM
FR (B) @ S+750 bps","Bank of America","5nc2","Reset","Priced",,"1/30/2026","mdpk35_reset","BSL",
"False","False","OCP CLO 2026-49",,"A (AAA) @ 115 DM
B1 (AA) @ 140 DM (60mm)
B2 (AA; fixed) @ 5.12% (5mm)
C (A) @ 165 DM
D1 (Sr BBB) @ 230 DM (30mm)
D2 (Jr BBB) @ 335 DM (5mm)
E (BB) @ 425 DM","Bank of America","5nc2","New Issue","Priced",,"2/4/2026","ocp49_newissue","BSL",
"False","False","Ares LX CLO",,"AR2 (AAA) @ 96 DM
BR2 (AA) @ 130 DM
CR (A) @ 175 DM
DR (BBB) @ 285 DM","SMBC","0.5nc0.5","Refinancing","Priced",,"2/6/2026","ares60_refi2","BSL",
"False","False","Wise CLO 2023-2",,"A1 (Sr AAA) @ 110 DM (240mm)
A2 (Jr AAA) @ 137 DM (16mm)
B (AA) @ 155 DM
C (A) @ 190 DM
D (BB) retained","Mizuho","5nc2","Reset","Priced",,"2/6/2026","wise2023-2_reset","BSL",
"False","False","RR 44",,"A1A (Sr AAA) @ 117 DM (320mm)
A1B (Jr AAA) @ 135 DM (7.5mm)
A2 (AA) @ 140 DM
B1 (A) @ 170 DM (20mm)
B2 (A; fixed) @ 5.355%
C1 (Sr BBB) @ 240 DM (30mm)
C2 (Jr BBB) @ 340 DM (5mm)
D (BB) @ 450 DM","Scotia","5nc2","New Issue","Priced",,"2/5/2026","rr44_newissue","BSL",
"False","False","Sculptor CLO XXVII",,"X @ 100 DM
A1RR (Sr AAA) @ 115 DM (250mm)
A2RR (Jr AAA) @ 145 DM (12mm)
BRR (AA) @ 150 DM
CRR (A) @ 175 DM
D1ARR (Sr BBB; fixed) @ 7.02% (10.45mm)
D1BRR (Sr BBB) @ 335 DM (13.55mm)
D2RR (Jr BBB) @ 455 DM (4mm)
ERR (BB) @ S+7.43%","Deutsche Bank","3nc1","Reset","Priced",,"2/5/2026","sculptor27_reset","BSL",
